path	size_bytes	classification	placeholder
SCIZOR/images/scizor.png	2290640	large generated artifact	SCIZOR/images/scizor.png.placeholder.md
SCIZOR/octo/tests/debug_dataset/bridge_dataset/1.0.0/bridge_dataset-train.tfrecord-00000-of-00001	3475142	large generated artifact	SCIZOR/octo/tests/debug_dataset/bridge_dataset/1.0.0/bridge_dataset-train.tfrecord-00000-of-00001.placeholder.md
SCIZOR/octo/tests/debug_dataset/bridge_dataset/1.0.0/bridge_dataset-val.tfrecord-00000-of-00001	3475142	large generated artifact	SCIZOR/octo/tests/debug_dataset/bridge_dataset/1.0.0/bridge_dataset-val.tfrecord-00000-of-00001.placeholder.md
SCIZOR/robomimic/docs/images/can_paired.png	3681388	large generated artifact	SCIZOR/robomimic/docs/images/can_paired.png.placeholder.md
SCIZOR/robomimic/docs/images/can_real.jpg	2109362	large generated artifact	SCIZOR/robomimic/docs/images/can_real.jpg.placeholder.md
SCIZOR/robomimic/docs/images/lift_real.jpg	2031095	large generated artifact	SCIZOR/robomimic/docs/images/lift_real.jpg.placeholder.md
SCIZOR/robomimic/docs/images/momart_table_cleanup_to_dishwasher_overview.png	1393163	large generated artifact	SCIZOR/robomimic/docs/images/momart_table_cleanup_to_dishwasher_overview.png.placeholder.md
SCIZOR/robomimic/docs/images/momart_table_cleanup_to_sink_overview.png	1481818	large generated artifact	SCIZOR/robomimic/docs/images/momart_table_cleanup_to_sink_overview.png.placeholder.md
SCIZOR/robomimic/docs/images/momart_table_setup_from_dishwasher_overview.png	1322384	large generated artifact	SCIZOR/robomimic/docs/images/momart_table_setup_from_dishwasher_overview.png.placeholder.md
SCIZOR/robomimic/docs/images/momart_table_setup_from_dresser_overview.png	1354012	large generated artifact	SCIZOR/robomimic/docs/images/momart_table_setup_from_dresser_overview.png.placeholder.md
SCIZOR/robomimic/docs/images/momart_unload_dishwasher_to_dresser_overview.png	1339912	large generated artifact	SCIZOR/robomimic/docs/images/momart_unload_dishwasher_to_dresser_overview.png.placeholder.md
SCIZOR/robomimic/docs/images/task_can.gif	4747022	large generated artifact	SCIZOR/robomimic/docs/images/task_can.gif.placeholder.md
SCIZOR/robomimic/docs/images/task_lift.gif	3806544	large generated artifact	SCIZOR/robomimic/docs/images/task_lift.gif.placeholder.md
SCIZOR/robomimic/docs/images/task_square.gif	2673190	large generated artifact	SCIZOR/robomimic/docs/images/task_square.gif.placeholder.md
SCIZOR/robomimic/docs/images/task_tool_hang.gif	3507384	large generated artifact	SCIZOR/robomimic/docs/images/task_tool_hang.gif.placeholder.md
SCIZOR/robomimic/docs/images/task_tool_hang_real.gif	3796608	large generated artifact	SCIZOR/robomimic/docs/images/task_tool_hang_real.gif.placeholder.md
SCIZOR/robomimic/docs/images/task_transport.gif	3659852	large generated artifact	SCIZOR/robomimic/docs/images/task_transport.gif.placeholder.md
SCIZOR/robomimic/docs/images/tool_hang_real.jpg	2104221	large generated artifact	SCIZOR/robomimic/docs/images/tool_hang_real.jpg.placeholder.md
experiments/cr_scizor/stage1/baseline/smoke/model_20.pth	441096144	model checkpoint	experiments/cr_scizor/stage1/baseline/smoke/model_20.pth.placeholder.md
experiments/cr_scizor/stage1/baseline/seed_0/model_2000.pth	441097670	model checkpoint	experiments/cr_scizor/stage1/baseline/seed_0/model_2000.pth.placeholder.md
experiments/cr_scizor/stage1/baseline/seed_0/model_4000.pth	441097670	model checkpoint	experiments/cr_scizor/stage1/baseline/seed_0/model_4000.pth.placeholder.md
experiments/cr_scizor/stage1/baseline/seed_0/model_6000.pth	441097670	model checkpoint	experiments/cr_scizor/stage1/baseline/seed_0/model_6000.pth.placeholder.md
experiments/cr_scizor/stage1/baseline/seed_0/model_8000.pth	441097670	model checkpoint	experiments/cr_scizor/stage1/baseline/seed_0/model_8000.pth.placeholder.md
experiments/cr_scizor/stage1/baseline/seed_0/model_10000.pth	441097985	model checkpoint	experiments/cr_scizor/stage1/baseline/seed_0/model_10000.pth.placeholder.md
experiments/cr_scizor/stage1/baseline/seed_1/model_2000.pth	441097670	model checkpoint	experiments/cr_scizor/stage1/baseline/seed_1/model_2000.pth.placeholder.md
experiments/cr_scizor/stage1/baseline/seed_1/model_4000.pth	441097670	model checkpoint	experiments/cr_scizor/stage1/baseline/seed_1/model_4000.pth.placeholder.md
experiments/cr_scizor/stage1/baseline/seed_1/model_6000.pth	441097670	model checkpoint	experiments/cr_scizor/stage1/baseline/seed_1/model_6000.pth.placeholder.md
experiments/cr_scizor/stage1/baseline/seed_1/model_8000.pth	441097670	model checkpoint	experiments/cr_scizor/stage1/baseline/seed_1/model_8000.pth.placeholder.md
experiments/cr_scizor/stage1/baseline/seed_1/model_10000.pth	441097985	model checkpoint	experiments/cr_scizor/stage1/baseline/seed_1/model_10000.pth.placeholder.md
experiments/cr_scizor/stage1/baseline/seed_2/model_2000.pth	441097670	model checkpoint	experiments/cr_scizor/stage1/baseline/seed_2/model_2000.pth.placeholder.md
experiments/cr_scizor/stage1/baseline/seed_2/model_4000.pth	441097670	model checkpoint	experiments/cr_scizor/stage1/baseline/seed_2/model_4000.pth.placeholder.md
experiments/cr_scizor/stage1/baseline/seed_2/model_6000.pth	441097670	model checkpoint	experiments/cr_scizor/stage1/baseline/seed_2/model_6000.pth.placeholder.md
experiments/cr_scizor/stage1/baseline/seed_2/model_8000.pth	441097670	model checkpoint	experiments/cr_scizor/stage1/baseline/seed_2/model_8000.pth.placeholder.md
experiments/cr_scizor/stage1/baseline/seed_2/model_10000.pth	441097985	model checkpoint	experiments/cr_scizor/stage1/baseline/seed_2/model_10000.pth.placeholder.md
experiments/cr_scizor/stage1/baseline/frozen/model_10000.pth	441097985	model checkpoint	experiments/cr_scizor/stage1/baseline/frozen/model_10000.pth.placeholder.md
experiments/cr_scizor/stage1/baseline/score_exports/original_transition_scores.parquet	970843	dataset, feature, index, or evaluation table artifact	experiments/cr_scizor/stage1/baseline/score_exports/original_transition_scores.parquet.placeholder.md
experiments/cr_scizor/stage1/baseline/score_exports/chunk_evidence_interface_smoke.parquet	21049	dataset, feature, index, or evaluation table artifact	experiments/cr_scizor/stage1/baseline/score_exports/chunk_evidence_interface_smoke.parquet.placeholder.md
experiments/cr_scizor/stage1/baseline/scoring_input/can_image.hdf5	2011306144	dataset, feature, index, or evaluation table artifact	experiments/cr_scizor/stage1/baseline/scoring_input/can_image.hdf5.placeholder.md
experiments/cr_scizor/stage1/baseline/scoring_input/square_image.hdf5	2604071760	dataset, feature, index, or evaluation table artifact	experiments/cr_scizor/stage1/baseline/scoring_input/square_image.hdf5.placeholder.md
experiments/cr_scizor/stage1/benchmark/smoke/can_open_loop.mp4	18341	video artifact	experiments/cr_scizor/stage1/benchmark/smoke/can_open_loop.mp4.placeholder.md
experiments/cr_scizor/stage1/benchmark/smoke/square_open_loop.mp4	24407	video artifact	experiments/cr_scizor/stage1/benchmark/smoke/square_open_loop.mp4.placeholder.md
experiments/cr_scizor/stage1/benchmark/calibration/square_calibration_pairs.hdf5	6144	dataset, feature, index, or evaluation table artifact	experiments/cr_scizor/stage1/benchmark/calibration/square_calibration_pairs.hdf5.placeholder.md
experiments/cr_scizor/stage1/benchmark/calibration/can_calibration_pairs.hdf5	45205383	dataset, feature, index, or evaluation table artifact	experiments/cr_scizor/stage1/benchmark/calibration/can_calibration_pairs.hdf5.placeholder.md
experiments/cr_scizor/stage1/benchmark/calibration/calibration_pairs.hdf5	40381814	dataset, feature, index, or evaluation table artifact	experiments/cr_scizor/stage1/benchmark/calibration/calibration_pairs.hdf5.placeholder.md
experiments/cr_scizor/stage1/benchmark/calibration/can_m1_calibration_pairs.hdf5	7606786	dataset, feature, index, or evaluation table artifact	experiments/cr_scizor/stage1/benchmark/calibration/can_m1_calibration_pairs.hdf5.placeholder.md
experiments/cr_scizor/stage1/benchmark/benchmark_v0.1.hdf5.interrupted.20260902T090111	86062425	large generated artifact	experiments/cr_scizor/stage1/benchmark/benchmark_v0.1.hdf5.interrupted.20260902T090111.placeholder.md
experiments/cr_scizor/stage1/benchmark/parts_v0.1/can_2.hdf5	71925930	dataset, feature, index, or evaluation table artifact	experiments/cr_scizor/stage1/benchmark/parts_v0.1/can_2.hdf5.placeholder.md
experiments/cr_scizor/stage1/benchmark/parts_v0.1/square_3.hdf5	99004929	dataset, feature, index, or evaluation table artifact	experiments/cr_scizor/stage1/benchmark/parts_v0.1/square_3.hdf5.placeholder.md
experiments/cr_scizor/stage1/benchmark/parts_v0.1/square_1.hdf5	89384893	dataset, feature, index, or evaluation table artifact	experiments/cr_scizor/stage1/benchmark/parts_v0.1/square_1.hdf5.placeholder.md
experiments/cr_scizor/stage1/benchmark/parts_v0.1/square_0.hdf5	90286211	dataset, feature, index, or evaluation table artifact	experiments/cr_scizor/stage1/benchmark/parts_v0.1/square_0.hdf5.placeholder.md
experiments/cr_scizor/stage1/benchmark/parts_v0.1/can_1.hdf5	71268415	dataset, feature, index, or evaluation table artifact	experiments/cr_scizor/stage1/benchmark/parts_v0.1/can_1.hdf5.placeholder.md
experiments/cr_scizor/stage1/benchmark/parts_v0.1/can_0.hdf5	59474004	dataset, feature, index, or evaluation table artifact	experiments/cr_scizor/stage1/benchmark/parts_v0.1/can_0.hdf5.placeholder.md
experiments/cr_scizor/stage1/benchmark/parts_v0.1/can_3.hdf5	65637050	dataset, feature, index, or evaluation table artifact	experiments/cr_scizor/stage1/benchmark/parts_v0.1/can_3.hdf5.placeholder.md
experiments/cr_scizor/stage1/benchmark/parts_v0.1/square_2.hdf5	97774769	dataset, feature, index, or evaluation table artifact	experiments/cr_scizor/stage1/benchmark/parts_v0.1/square_2.hdf5.placeholder.md
experiments/cr_scizor/stage1/benchmark/parts_v0.1/can_extra.hdf5	68167547	dataset, feature, index, or evaluation table artifact	experiments/cr_scizor/stage1/benchmark/parts_v0.1/can_extra.hdf5.placeholder.md
experiments/cr_scizor/stage1/benchmark/parts_v0.1/square_extra.hdf5	92248329	dataset, feature, index, or evaluation table artifact	experiments/cr_scizor/stage1/benchmark/parts_v0.1/square_extra.hdf5.placeholder.md
experiments/cr_scizor/stage1/benchmark/benchmark_v0.1.inprogress.hdf5.interrupted.20260902T091006	45203298	large generated artifact	experiments/cr_scizor/stage1/benchmark/benchmark_v0.1.inprogress.hdf5.interrupted.20260902T091006.placeholder.md
experiments/cr_scizor/stage1/benchmark/benchmark_v0.1.inprogress.hdf5	6224	dataset, feature, index, or evaluation table artifact	experiments/cr_scizor/stage1/benchmark/benchmark_v0.1.inprogress.hdf5.placeholder.md
experiments/cr_scizor/stage1/benchmark/benchmark_v0.1.incomplete_merge.20260902	640135580	large generated artifact	experiments/cr_scizor/stage1/benchmark/benchmark_v0.1.incomplete_merge.20260902.placeholder.md
experiments/cr_scizor/stage1/benchmark/benchmark_v0.1.hdf5	704242486	dataset, feature, index, or evaluation table artifact	experiments/cr_scizor/stage1/benchmark/benchmark_v0.1.hdf5.placeholder.md
experiments/cr_scizor/stage1/benchmark/pair_metadata.jsonl	1441170	large line-delimited oracle or metadata artifact	experiments/cr_scizor/stage1/benchmark/pair_metadata.jsonl.placeholder.md
experiments/cr_scizor/stage1/benchmark/pair_metadata.stage1b_original.jsonl	1319489	large line-delimited oracle or metadata artifact	experiments/cr_scizor/stage1/benchmark/pair_metadata.stage1b_original.jsonl.placeholder.md
experiments/cr_scizor/stage1/benchmark/stage1c_review_videos/can_demo_11_flip_gripper_t74_m1_00.mp4	353116	video artifact	experiments/cr_scizor/stage1/benchmark/stage1c_review_videos/can_demo_11_flip_gripper_t74_m1_00.mp4.placeholder.md
experiments/cr_scizor/stage1/benchmark/stage1c_review_videos/can_demo_109_flip_gripper_t108_m1_00.mp4	461435	video artifact	experiments/cr_scizor/stage1/benchmark/stage1c_review_videos/can_demo_109_flip_gripper_t108_m1_00.mp4.placeholder.md
experiments/cr_scizor/stage1/benchmark/stage1c_review_videos/can_demo_128_zero_motion_t59_m1_00.mp4	388964	video artifact	experiments/cr_scizor/stage1/benchmark/stage1c_review_videos/can_demo_128_zero_motion_t59_m1_00.mp4.placeholder.md
experiments/cr_scizor/stage1/benchmark/stage1c_review_videos/can_demo_128_zero_motion_t69_m1_00.mp4	382991	video artifact	experiments/cr_scizor/stage1/benchmark/stage1c_review_videos/can_demo_128_zero_motion_t69_m1_00.mp4.placeholder.md
experiments/cr_scizor/stage1/benchmark/stage1c_review_videos/can_demo_131_reverse_motion_t80_m1_00.mp4	449267	video artifact	experiments/cr_scizor/stage1/benchmark/stage1c_review_videos/can_demo_131_reverse_motion_t80_m1_00.mp4.placeholder.md
experiments/cr_scizor/stage1/benchmark/stage1c_review_videos/can_demo_131_flip_gripper_t116_m1_00.mp4	449037	video artifact	experiments/cr_scizor/stage1/benchmark/stage1c_review_videos/can_demo_131_flip_gripper_t116_m1_00.mp4.placeholder.md
experiments/cr_scizor/stage1/benchmark/stage1c_review_videos/can_demo_132_flip_gripper_t106_m1_00.mp4	411154	video artifact	experiments/cr_scizor/stage1/benchmark/stage1c_review_videos/can_demo_132_flip_gripper_t106_m1_00.mp4.placeholder.md
experiments/cr_scizor/stage1/benchmark/stage1c_review_videos/can_demo_134_flip_gripper_t130_m1_00.mp4	518386	video artifact	experiments/cr_scizor/stage1/benchmark/stage1c_review_videos/can_demo_134_flip_gripper_t130_m1_00.mp4.placeholder.md
experiments/cr_scizor/stage1/benchmark/stage1c_review_videos/can_demo_135_reverse_motion_t60_m1_00.mp4	436433	video artifact	experiments/cr_scizor/stage1/benchmark/stage1c_review_videos/can_demo_135_reverse_motion_t60_m1_00.mp4.placeholder.md
experiments/cr_scizor/stage1/benchmark/stage1c_review_videos/square_demo_115_axis_impulse_t75_m0_25.mp4	675850	video artifact	experiments/cr_scizor/stage1/benchmark/stage1c_review_videos/square_demo_115_axis_impulse_t75_m0_25.mp4.placeholder.md
experiments/cr_scizor/stage1/benchmark/stage1c_review_videos/square_demo_120_flip_gripper_t92_m0_50.mp4	724691	video artifact	experiments/cr_scizor/stage1/benchmark/stage1c_review_videos/square_demo_120_flip_gripper_t92_m0_50.mp4.placeholder.md
experiments/cr_scizor/stage1/benchmark/stage1c_review_videos/square_demo_120_reverse_motion_t92_m0_25.mp4	727544	video artifact	experiments/cr_scizor/stage1/benchmark/stage1c_review_videos/square_demo_120_reverse_motion_t92_m0_25.mp4.placeholder.md
experiments/cr_scizor/stage1/benchmark/stage1c_review_videos/square_demo_123_reverse_motion_t41_m0_25.mp4	651115	video artifact	experiments/cr_scizor/stage1/benchmark/stage1c_review_videos/square_demo_123_reverse_motion_t41_m0_25.mp4.placeholder.md
experiments/cr_scizor/stage1/benchmark/stage1c_review_videos/square_demo_127_axis_impulse_t101_m0_25.mp4	743908	video artifact	experiments/cr_scizor/stage1/benchmark/stage1c_review_videos/square_demo_127_axis_impulse_t101_m0_25.mp4.placeholder.md
experiments/cr_scizor/stage1/benchmark/stage1c_review_videos/square_demo_132_flip_gripper_t142_m0_50.mp4	554614	video artifact	experiments/cr_scizor/stage1/benchmark/stage1c_review_videos/square_demo_132_flip_gripper_t142_m0_50.mp4.placeholder.md
experiments/cr_scizor/stage1/benchmark/transition_labels.parquet	311839	dataset, feature, index, or evaluation table artifact	experiments/cr_scizor/stage1/benchmark/transition_labels.parquet.placeholder.md
experiments/cr_scizor/stage1/benchmark/transition_labels.pre_split.parquet	308411	dataset, feature, index, or evaluation table artifact	experiments/cr_scizor/stage1/benchmark/transition_labels.pre_split.parquet.placeholder.md
experiments/cr_scizor/stage1/benchmark/review_videos/direct_failure__can_demo_110_axis_impulse_t117_m1_00.mp4	510064	video artifact	experiments/cr_scizor/stage1/benchmark/review_videos/direct_failure__can_demo_110_axis_impulse_t117_m1_00.mp4.placeholder.md
experiments/cr_scizor/stage1/benchmark/review_videos/direct_failure__can_demo_135_axis_impulse_t117_m1_00.mp4	429525	video artifact	experiments/cr_scizor/stage1/benchmark/review_videos/direct_failure__can_demo_135_axis_impulse_t117_m1_00.mp4.placeholder.md
experiments/cr_scizor/stage1/benchmark/review_videos/direct_failure__can_demo_135_flip_gripper_t117_m1_00.mp4	436759	video artifact	experiments/cr_scizor/stage1/benchmark/review_videos/direct_failure__can_demo_135_flip_gripper_t117_m1_00.mp4.placeholder.md
experiments/cr_scizor/stage1/benchmark/review_videos/direct_failure__square_demo_130_reverse_motion_t129_m0_25.mp4	655419	video artifact	experiments/cr_scizor/stage1/benchmark/review_videos/direct_failure__square_demo_130_reverse_motion_t129_m0_25.mp4.placeholder.md
experiments/cr_scizor/stage1/benchmark/review_videos/direct_failure__square_demo_135_flip_gripper_t129_m0_50.mp4	796401	video artifact	experiments/cr_scizor/stage1/benchmark/review_videos/direct_failure__square_demo_135_flip_gripper_t129_m0_50.mp4.placeholder.md
experiments/cr_scizor/stage1/benchmark/review_videos/delayed_failure__can_demo_109_axis_impulse_t62_m1_00.mp4	454971	video artifact	experiments/cr_scizor/stage1/benchmark/review_videos/delayed_failure__can_demo_109_axis_impulse_t62_m1_00.mp4.placeholder.md
experiments/cr_scizor/stage1/benchmark/review_videos/delayed_failure__can_demo_109_reverse_motion_t80_m1_00.mp4	458033	video artifact	experiments/cr_scizor/stage1/benchmark/review_videos/delayed_failure__can_demo_109_reverse_motion_t80_m1_00.mp4.placeholder.md
experiments/cr_scizor/stage1/benchmark/review_videos/delayed_failure__can_demo_109_reverse_motion_t97_m1_00.mp4	459708	video artifact	experiments/cr_scizor/stage1/benchmark/review_videos/delayed_failure__can_demo_109_reverse_motion_t97_m1_00.mp4.placeholder.md
experiments/cr_scizor/stage1/benchmark/review_videos/delayed_failure__can_demo_109_zero_motion_t62_m1_00.mp4	455708	video artifact	experiments/cr_scizor/stage1/benchmark/review_videos/delayed_failure__can_demo_109_zero_motion_t62_m1_00.mp4.placeholder.md
experiments/cr_scizor/stage1/benchmark/review_videos/delayed_failure__can_demo_109_zero_motion_t80_m1_00.mp4	456688	video artifact	experiments/cr_scizor/stage1/benchmark/review_videos/delayed_failure__can_demo_109_zero_motion_t80_m1_00.mp4.placeholder.md
experiments/cr_scizor/stage1/benchmark/review_videos/recovery_success__can_demo_102_reverse_motion_t67_m1_00.mp4	405412	video artifact	experiments/cr_scizor/stage1/benchmark/review_videos/recovery_success__can_demo_102_reverse_motion_t67_m1_00.mp4.placeholder.md
experiments/cr_scizor/stage1/benchmark/review_videos/recovery_success__can_demo_103_axis_impulse_t46_m1_00.mp4	362859	video artifact	experiments/cr_scizor/stage1/benchmark/review_videos/recovery_success__can_demo_103_axis_impulse_t46_m1_00.mp4.placeholder.md
experiments/cr_scizor/stage1/benchmark/review_videos/recovery_success__can_demo_103_reverse_motion_t46_m1_00.mp4	363671	video artifact	experiments/cr_scizor/stage1/benchmark/review_videos/recovery_success__can_demo_103_reverse_motion_t46_m1_00.mp4.placeholder.md
experiments/cr_scizor/stage1/benchmark/review_videos/recovery_success__can_demo_107_axis_impulse_t70_m1_00.mp4	445949	video artifact	experiments/cr_scizor/stage1/benchmark/review_videos/recovery_success__can_demo_107_axis_impulse_t70_m1_00.mp4.placeholder.md
experiments/cr_scizor/stage1/benchmark/review_videos/recovery_success__can_demo_107_reverse_motion_t70_m1_00.mp4	448315	video artifact	experiments/cr_scizor/stage1/benchmark/review_videos/recovery_success__can_demo_107_reverse_motion_t70_m1_00.mp4.placeholder.md
experiments/cr_scizor/stage1/benchmark/review_videos/recovery_failure__can_demo_100_reverse_motion_t13_m1_00.mp4	433770	video artifact	experiments/cr_scizor/stage1/benchmark/review_videos/recovery_failure__can_demo_100_reverse_motion_t13_m1_00.mp4.placeholder.md
experiments/cr_scizor/stage1/benchmark/review_videos/recovery_failure__can_demo_100_zero_motion_t13_m1_00.mp4	436375	video artifact	experiments/cr_scizor/stage1/benchmark/review_videos/recovery_failure__can_demo_100_zero_motion_t13_m1_00.mp4.placeholder.md
experiments/cr_scizor/stage1/benchmark/review_videos/recovery_failure__can_demo_106_reverse_motion_t5_m1_00.mp4	477560	video artifact	experiments/cr_scizor/stage1/benchmark/review_videos/recovery_failure__can_demo_106_reverse_motion_t5_m1_00.mp4.placeholder.md
experiments/cr_scizor/stage1/benchmark/review_videos/recovery_failure__can_demo_106_zero_motion_t5_m1_00.mp4	484814	video artifact	experiments/cr_scizor/stage1/benchmark/review_videos/recovery_failure__can_demo_106_zero_motion_t5_m1_00.mp4.placeholder.md
experiments/cr_scizor/stage1/benchmark/review_videos/recovery_failure__can_demo_109_axis_impulse_t80_m1_00.mp4	455940	video artifact	experiments/cr_scizor/stage1/benchmark/review_videos/recovery_failure__can_demo_109_axis_impulse_t80_m1_00.mp4.placeholder.md
experiments/cr_scizor/stage1/benchmark/review_videos/no_effect__can_demo_0_axis_impulse_t102_m1_00.mp4	448670	video artifact	experiments/cr_scizor/stage1/benchmark/review_videos/no_effect__can_demo_0_axis_impulse_t102_m1_00.mp4.placeholder.md
experiments/cr_scizor/stage1/benchmark/review_videos/no_effect__can_demo_0_axis_impulse_t112_m1_00.mp4	448175	video artifact	experiments/cr_scizor/stage1/benchmark/review_videos/no_effect__can_demo_0_axis_impulse_t112_m1_00.mp4.placeholder.md
experiments/cr_scizor/stage1/benchmark/review_videos/no_effect__can_demo_0_axis_impulse_t52_m1_00.mp4	448278	video artifact	experiments/cr_scizor/stage1/benchmark/review_videos/no_effect__can_demo_0_axis_impulse_t52_m1_00.mp4.placeholder.md
experiments/cr_scizor/stage1/benchmark/review_videos/no_effect__can_demo_0_axis_impulse_t62_m1_00.mp4	447672	video artifact	experiments/cr_scizor/stage1/benchmark/review_videos/no_effect__can_demo_0_axis_impulse_t62_m1_00.mp4.placeholder.md
experiments/cr_scizor/stage1/benchmark/review_videos/no_effect__can_demo_0_flip_gripper_t102_m1_00.mp4	447748	video artifact	experiments/cr_scizor/stage1/benchmark/review_videos/no_effect__can_demo_0_flip_gripper_t102_m1_00.mp4.placeholder.md
experiments/cr_scizor/stage1/evaluation/scoring_input/benchmark_v0.1.hdf5	704242486	dataset, feature, index, or evaluation table artifact	experiments/cr_scizor/stage1/evaluation/scoring_input/benchmark_v0.1.hdf5.placeholder.md
experiments/cr_scizor/stage1/evaluation/predictions/original_scizor_scores.parquet	1558735	dataset, feature, index, or evaluation table artifact	experiments/cr_scizor/stage1/evaluation/predictions/original_scizor_scores.parquet.placeholder.md
experiments/cr_scizor/stage1/evaluation/predictions/chunk_evidence_shards/shard_0.parquet	872836	dataset, feature, index, or evaluation table artifact	experiments/cr_scizor/stage1/evaluation/predictions/chunk_evidence_shards/shard_0.parquet.placeholder.md
experiments/cr_scizor/stage1/evaluation/predictions/chunk_evidence_shards/shard_1.parquet	879667	dataset, feature, index, or evaluation table artifact	experiments/cr_scizor/stage1/evaluation/predictions/chunk_evidence_shards/shard_1.parquet.placeholder.md
experiments/cr_scizor/stage1/evaluation/predictions/chunk_evidence_shards/shard_2.parquet	1128993	dataset, feature, index, or evaluation table artifact	experiments/cr_scizor/stage1/evaluation/predictions/chunk_evidence_shards/shard_2.parquet.placeholder.md
experiments/cr_scizor/stage1/evaluation/predictions/chunk_evidence_shards/shard_3.parquet	1149857	dataset, feature, index, or evaluation table artifact	experiments/cr_scizor/stage1/evaluation/predictions/chunk_evidence_shards/shard_3.parquet.placeholder.md
experiments/cr_scizor/stage1/evaluation/predictions/chunk_evidence.parquet	3812715	dataset, feature, index, or evaluation table artifact	experiments/cr_scizor/stage1/evaluation/predictions/chunk_evidence.parquet.placeholder.md
experiments/cr_scizor/stage1/evaluation/predictions/uniform_scores.parquet	1683969	dataset, feature, index, or evaluation table artifact	experiments/cr_scizor/stage1/evaluation/predictions/uniform_scores.parquet.placeholder.md
experiments/cr_scizor/stage1/evaluation/predictions/future_discount_scores.parquet	1711709	dataset, feature, index, or evaluation table artifact	experiments/cr_scizor/stage1/evaluation/predictions/future_discount_scores.parquet.placeholder.md
experiments/cr_scizor/stage1/evaluation/predictions/all_predictions.parquet	4314881	dataset, feature, index, or evaluation table artifact	experiments/cr_scizor/stage1/evaluation/predictions/all_predictions.parquet.placeholder.md
experiments/cr_scizor/stage1/evaluation/original_scoring_input/benchmark_v0.1.hdf5	708259638	dataset, feature, index, or evaluation table artifact	experiments/cr_scizor/stage1/evaluation/original_scoring_input/benchmark_v0.1.hdf5.placeholder.md
experiments/cr_scizor/stage1/evaluation/cases/future_discount__accurate__square_demo_115_axis_impulse_t139_m0_25.mp4	657165	video artifact	experiments/cr_scizor/stage1/evaluation/cases/future_discount__accurate__square_demo_115_axis_impulse_t139_m0_25.mp4.placeholder.md
experiments/cr_scizor/stage1/evaluation/cases/future_discount__accurate__can_demo_128_axis_impulse_t94_m1_00.mp4	383484	video artifact	experiments/cr_scizor/stage1/evaluation/cases/future_discount__accurate__can_demo_128_axis_impulse_t94_m1_00.mp4.placeholder.md
experiments/cr_scizor/stage1/evaluation/cases/future_discount__accurate__square_demo_115_reverse_motion_t139_m0_25.mp4	659489	video artifact	experiments/cr_scizor/stage1/evaluation/cases/future_discount__accurate__square_demo_115_reverse_motion_t139_m0_25.mp4.placeholder.md
experiments/cr_scizor/stage1/evaluation/cases/future_discount__accurate__can_demo_128_reverse_motion_t94_m1_00.mp4	383750	video artifact	experiments/cr_scizor/stage1/evaluation/cases/future_discount__accurate__can_demo_128_reverse_motion_t94_m1_00.mp4.placeholder.md
experiments/cr_scizor/stage1/evaluation/cases/future_discount__accurate__can_demo_128_flip_gripper_t94_m1_00.mp4	383610	video artifact	experiments/cr_scizor/stage1/evaluation/cases/future_discount__accurate__can_demo_128_flip_gripper_t94_m1_00.mp4.placeholder.md
experiments/cr_scizor/stage1/evaluation/cases/future_discount__responsible_miss__square_demo_102_zero_motion_t43_m0_50.mp4	881826	video artifact	experiments/cr_scizor/stage1/evaluation/cases/future_discount__responsible_miss__square_demo_102_zero_motion_t43_m0_50.mp4.placeholder.md
experiments/cr_scizor/stage1/evaluation/cases/future_discount__responsible_miss__square_demo_102_axis_impulse_t43_m0_25.mp4	871809	video artifact	experiments/cr_scizor/stage1/evaluation/cases/future_discount__responsible_miss__square_demo_102_axis_impulse_t43_m0_25.mp4.placeholder.md
experiments/cr_scizor/stage1/evaluation/cases/future_discount__responsible_miss__can_demo_125_flip_gripper_t121_m1_00.mp4	482996	video artifact	experiments/cr_scizor/stage1/evaluation/cases/future_discount__responsible_miss__can_demo_125_flip_gripper_t121_m1_00.mp4.placeholder.md
experiments/cr_scizor/stage1/evaluation/cases/future_discount__responsible_miss__square_demo_102_zero_motion_t63_m0_50.mp4	831962	video artifact	experiments/cr_scizor/stage1/evaluation/cases/future_discount__responsible_miss__square_demo_102_zero_motion_t63_m0_50.mp4.placeholder.md
experiments/cr_scizor/stage1/evaluation/cases/future_discount__responsible_miss__square_demo_102_axis_impulse_t63_m0_25.mp4	869480	video artifact	experiments/cr_scizor/stage1/evaluation/cases/future_discount__responsible_miss__square_demo_102_axis_impulse_t63_m0_25.mp4.placeholder.md
experiments/cr_scizor/stage1/evaluation/cases/future_discount__recovery_false_delete__square_demo_115_zero_motion_t75_m0_50.mp4	658997	video artifact	experiments/cr_scizor/stage1/evaluation/cases/future_discount__recovery_false_delete__square_demo_115_zero_motion_t75_m0_50.mp4.placeholder.md
experiments/cr_scizor/stage1/evaluation/cases/future_discount__recovery_false_delete__square_demo_115_flip_gripper_t75_m0_50.mp4	657747	video artifact	experiments/cr_scizor/stage1/evaluation/cases/future_discount__recovery_false_delete__square_demo_115_flip_gripper_t75_m0_50.mp4.placeholder.md
experiments/cr_scizor/stage1/evaluation/cases/future_discount__recovery_false_delete__square_demo_115_reverse_motion_t85_m0_25.mp4	659907	video artifact	experiments/cr_scizor/stage1/evaluation/cases/future_discount__recovery_false_delete__square_demo_115_reverse_motion_t85_m0_25.mp4.placeholder.md
experiments/cr_scizor/stage1/evaluation/cases/future_discount__recovery_false_delete__can_demo_128_reverse_motion_t59_m1_00.mp4	385869	video artifact	experiments/cr_scizor/stage1/evaluation/cases/future_discount__recovery_false_delete__can_demo_128_reverse_motion_t59_m1_00.mp4.placeholder.md
experiments/cr_scizor/stage1/evaluation/cases/future_discount__recovery_false_delete__square_demo_115_axis_impulse_t120_m0_25.mp4	658918	video artifact	experiments/cr_scizor/stage1/evaluation/cases/future_discount__recovery_false_delete__square_demo_115_axis_impulse_t120_m0_25.mp4.placeholder.md
experiments/cr_scizor/stage1/evaluation/cases/future_discount__innocent_false_delete__square_demo_126_axis_impulse_t5_m0_25.mp4	676382	video artifact	experiments/cr_scizor/stage1/evaluation/cases/future_discount__innocent_false_delete__square_demo_126_axis_impulse_t5_m0_25.mp4.placeholder.md
experiments/cr_scizor/stage1/evaluation/cases/future_discount__innocent_false_delete__square_demo_126_flip_gripper_t5_m0_50.mp4	671213	video artifact	experiments/cr_scizor/stage1/evaluation/cases/future_discount__innocent_false_delete__square_demo_126_flip_gripper_t5_m0_50.mp4.placeholder.md
experiments/cr_scizor/stage1/evaluation/cases/future_discount__innocent_false_delete__square_demo_126_reverse_motion_t5_m0_25.mp4	668506	video artifact	experiments/cr_scizor/stage1/evaluation/cases/future_discount__innocent_false_delete__square_demo_126_reverse_motion_t5_m0_25.mp4.placeholder.md
experiments/cr_scizor/stage1/evaluation/cases/future_discount__innocent_false_delete__square_demo_126_zero_motion_t5_m0_50.mp4	663870	video artifact	experiments/cr_scizor/stage1/evaluation/cases/future_discount__innocent_false_delete__square_demo_126_zero_motion_t5_m0_50.mp4.placeholder.md
experiments/cr_scizor/stage1/evaluation/cases/future_discount__innocent_false_delete__square_demo_102_axis_impulse_t63_m0_25.mp4	869480	video artifact	experiments/cr_scizor/stage1/evaluation/cases/future_discount__innocent_false_delete__square_demo_102_axis_impulse_t63_m0_25.mp4.placeholder.md
experiments/cr_scizor/stage1/evaluation/cases/original_scizor__accurate__can_demo_128_axis_impulse_t69_m1_00.mp4	381341	video artifact	experiments/cr_scizor/stage1/evaluation/cases/original_scizor__accurate__can_demo_128_axis_impulse_t69_m1_00.mp4.placeholder.md
experiments/cr_scizor/stage1/evaluation/cases/original_scizor__accurate__square_demo_102_reverse_motion_t134_m0_25.mp4	885634	video artifact	experiments/cr_scizor/stage1/evaluation/cases/original_scizor__accurate__square_demo_102_reverse_motion_t134_m0_25.mp4.placeholder.md
experiments/cr_scizor/stage1/evaluation/cases/original_scizor__accurate__square_demo_102_zero_motion_t134_m0_50.mp4	864151	video artifact	experiments/cr_scizor/stage1/evaluation/cases/original_scizor__accurate__square_demo_102_zero_motion_t134_m0_50.mp4.placeholder.md
experiments/cr_scizor/stage1/evaluation/cases/original_scizor__accurate__can_demo_12_reverse_motion_t64_m1_00.mp4	443512	video artifact	experiments/cr_scizor/stage1/evaluation/cases/original_scizor__accurate__can_demo_12_reverse_motion_t64_m1_00.mp4.placeholder.md
experiments/cr_scizor/stage1/evaluation/cases/original_scizor__accurate__can_demo_128_flip_gripper_t94_m1_00.mp4	383610	video artifact	experiments/cr_scizor/stage1/evaluation/cases/original_scizor__accurate__can_demo_128_flip_gripper_t94_m1_00.mp4.placeholder.md
experiments/cr_scizor/stage1/evaluation/cases/original_scizor__responsible_miss__can_demo_125_flip_gripper_t121_m1_00.mp4	482996	video artifact	experiments/cr_scizor/stage1/evaluation/cases/original_scizor__responsible_miss__can_demo_125_flip_gripper_t121_m1_00.mp4.placeholder.md
experiments/cr_scizor/stage1/evaluation/cases/original_scizor__responsible_miss__square_demo_130_reverse_motion_t129_m0_25.mp4	655419	video artifact	experiments/cr_scizor/stage1/evaluation/cases/original_scizor__responsible_miss__square_demo_130_reverse_motion_t129_m0_25.mp4.placeholder.md
experiments/cr_scizor/stage1/evaluation/cases/original_scizor__responsible_miss__can_demo_109_reverse_motion_t108_m1_00.mp4	460425	video artifact	experiments/cr_scizor/stage1/evaluation/cases/original_scizor__responsible_miss__can_demo_109_reverse_motion_t108_m1_00.mp4.placeholder.md
experiments/cr_scizor/stage1/evaluation/cases/original_scizor__responsible_miss__square_demo_102_reverse_motion_t43_m0_25.mp4	879883	video artifact	experiments/cr_scizor/stage1/evaluation/cases/original_scizor__responsible_miss__square_demo_102_reverse_motion_t43_m0_25.mp4.placeholder.md
experiments/cr_scizor/stage1/evaluation/cases/original_scizor__responsible_miss__square_demo_115_zero_motion_t139_m0_50.mp4	674050	video artifact	experiments/cr_scizor/stage1/evaluation/cases/original_scizor__responsible_miss__square_demo_115_zero_motion_t139_m0_50.mp4.placeholder.md
experiments/cr_scizor/stage1/evaluation/cases/original_scizor__recovery_false_delete__square_demo_115_zero_motion_t75_m0_50.mp4	658997	video artifact	experiments/cr_scizor/stage1/evaluation/cases/original_scizor__recovery_false_delete__square_demo_115_zero_motion_t75_m0_50.mp4.placeholder.md
experiments/cr_scizor/stage1/evaluation/cases/original_scizor__recovery_false_delete__square_demo_115_flip_gripper_t75_m0_50.mp4	657747	video artifact	experiments/cr_scizor/stage1/evaluation/cases/original_scizor__recovery_false_delete__square_demo_115_flip_gripper_t75_m0_50.mp4.placeholder.md
experiments/cr_scizor/stage1/evaluation/cases/original_scizor__recovery_false_delete__square_demo_115_reverse_motion_t85_m0_25.mp4	659907	video artifact	experiments/cr_scizor/stage1/evaluation/cases/original_scizor__recovery_false_delete__square_demo_115_reverse_motion_t85_m0_25.mp4.placeholder.md
experiments/cr_scizor/stage1/evaluation/cases/original_scizor__recovery_false_delete__can_demo_128_reverse_motion_t49_m1_00.mp4	385466	video artifact	experiments/cr_scizor/stage1/evaluation/cases/original_scizor__recovery_false_delete__can_demo_128_reverse_motion_t49_m1_00.mp4.placeholder.md
experiments/cr_scizor/stage1/evaluation/cases/original_scizor__recovery_false_delete__can_demo_128_reverse_motion_t59_m1_00.mp4	385869	video artifact	experiments/cr_scizor/stage1/evaluation/cases/original_scizor__recovery_false_delete__can_demo_128_reverse_motion_t59_m1_00.mp4.placeholder.md
experiments/cr_scizor/stage1/evaluation/cases/original_scizor__innocent_false_delete__square_demo_102_axis_impulse_t63_m0_25.mp4	869480	video artifact	experiments/cr_scizor/stage1/evaluation/cases/original_scizor__innocent_false_delete__square_demo_102_axis_impulse_t63_m0_25.mp4.placeholder.md
experiments/cr_scizor/stage1/evaluation/cases/original_scizor__innocent_false_delete__square_demo_102_flip_gripper_t43_m0_50.mp4	876167	video artifact	experiments/cr_scizor/stage1/evaluation/cases/original_scizor__innocent_false_delete__square_demo_102_flip_gripper_t43_m0_50.mp4.placeholder.md
experiments/cr_scizor/stage1/evaluation/cases/original_scizor__innocent_false_delete__square_demo_102_reverse_motion_t63_m0_25.mp4	873527	video artifact	experiments/cr_scizor/stage1/evaluation/cases/original_scizor__innocent_false_delete__square_demo_102_reverse_motion_t63_m0_25.mp4.placeholder.md
experiments/cr_scizor/stage1/evaluation/cases/original_scizor__innocent_false_delete__square_demo_102_reverse_motion_t43_m0_25.mp4	879883	video artifact	experiments/cr_scizor/stage1/evaluation/cases/original_scizor__innocent_false_delete__square_demo_102_reverse_motion_t43_m0_25.mp4.placeholder.md
experiments/cr_scizor/stage1/evaluation/cases/original_scizor__innocent_false_delete__square_demo_102_zero_motion_t43_m0_50.mp4	881826	video artifact	experiments/cr_scizor/stage1/evaluation/cases/original_scizor__innocent_false_delete__square_demo_102_zero_motion_t43_m0_50.mp4.placeholder.md
experiments/cr_scizor/stage1/evaluation/cases/uniform__accurate__square_demo_115_zero_motion_t139_m0_50.mp4	674050	video artifact	experiments/cr_scizor/stage1/evaluation/cases/uniform__accurate__square_demo_115_zero_motion_t139_m0_50.mp4.placeholder.md
experiments/cr_scizor/stage1/evaluation/cases/uniform__accurate__can_demo_128_axis_impulse_t94_m1_00.mp4	383484	video artifact	experiments/cr_scizor/stage1/evaluation/cases/uniform__accurate__can_demo_128_axis_impulse_t94_m1_00.mp4.placeholder.md
experiments/cr_scizor/stage1/evaluation/cases/uniform__accurate__can_demo_109_reverse_motion_t108_m1_00.mp4	460425	video artifact	experiments/cr_scizor/stage1/evaluation/cases/uniform__accurate__can_demo_109_reverse_motion_t108_m1_00.mp4.placeholder.md
experiments/cr_scizor/stage1/evaluation/cases/uniform__accurate__can_demo_128_flip_gripper_t94_m1_00.mp4	383610	video artifact	experiments/cr_scizor/stage1/evaluation/cases/uniform__accurate__can_demo_128_flip_gripper_t94_m1_00.mp4.placeholder.md
experiments/cr_scizor/stage1/evaluation/cases/uniform__accurate__square_demo_115_axis_impulse_t139_m0_25.mp4	657165	video artifact	experiments/cr_scizor/stage1/evaluation/cases/uniform__accurate__square_demo_115_axis_impulse_t139_m0_25.mp4.placeholder.md
experiments/cr_scizor/stage1/evaluation/cases/uniform__responsible_miss__square_demo_102_zero_motion_t43_m0_50.mp4	881826	video artifact	experiments/cr_scizor/stage1/evaluation/cases/uniform__responsible_miss__square_demo_102_zero_motion_t43_m0_50.mp4.placeholder.md
experiments/cr_scizor/stage1/evaluation/cases/uniform__responsible_miss__can_demo_125_flip_gripper_t121_m1_00.mp4	482996	video artifact	experiments/cr_scizor/stage1/evaluation/cases/uniform__responsible_miss__can_demo_125_flip_gripper_t121_m1_00.mp4.placeholder.md
experiments/cr_scizor/stage1/evaluation/cases/uniform__responsible_miss__square_demo_102_axis_impulse_t43_m0_25.mp4	871809	video artifact	experiments/cr_scizor/stage1/evaluation/cases/uniform__responsible_miss__square_demo_102_axis_impulse_t43_m0_25.mp4.placeholder.md
experiments/cr_scizor/stage1/evaluation/cases/uniform__responsible_miss__square_demo_102_axis_impulse_t63_m0_25.mp4	869480	video artifact	experiments/cr_scizor/stage1/evaluation/cases/uniform__responsible_miss__square_demo_102_axis_impulse_t63_m0_25.mp4.placeholder.md
experiments/cr_scizor/stage1/evaluation/cases/uniform__responsible_miss__square_demo_102_reverse_motion_t63_m0_25.mp4	873527	video artifact	experiments/cr_scizor/stage1/evaluation/cases/uniform__responsible_miss__square_demo_102_reverse_motion_t63_m0_25.mp4.placeholder.md
experiments/cr_scizor/stage1/evaluation/cases/uniform__recovery_false_delete__square_demo_115_zero_motion_t75_m0_50.mp4	658997	video artifact	experiments/cr_scizor/stage1/evaluation/cases/uniform__recovery_false_delete__square_demo_115_zero_motion_t75_m0_50.mp4.placeholder.md
experiments/cr_scizor/stage1/evaluation/cases/uniform__recovery_false_delete__square_demo_115_flip_gripper_t75_m0_50.mp4	657747	video artifact	experiments/cr_scizor/stage1/evaluation/cases/uniform__recovery_false_delete__square_demo_115_flip_gripper_t75_m0_50.mp4.placeholder.md
experiments/cr_scizor/stage1/evaluation/cases/uniform__recovery_false_delete__square_demo_115_reverse_motion_t85_m0_25.mp4	659907	video artifact	experiments/cr_scizor/stage1/evaluation/cases/uniform__recovery_false_delete__square_demo_115_reverse_motion_t85_m0_25.mp4.placeholder.md
experiments/cr_scizor/stage1/evaluation/cases/uniform__recovery_false_delete__can_demo_128_reverse_motion_t59_m1_00.mp4	385869	video artifact	experiments/cr_scizor/stage1/evaluation/cases/uniform__recovery_false_delete__can_demo_128_reverse_motion_t59_m1_00.mp4.placeholder.md
experiments/cr_scizor/stage1/evaluation/cases/uniform__recovery_false_delete__can_demo_128_reverse_motion_t49_m1_00.mp4	385466	video artifact	experiments/cr_scizor/stage1/evaluation/cases/uniform__recovery_false_delete__can_demo_128_reverse_motion_t49_m1_00.mp4.placeholder.md
experiments/cr_scizor/stage1/evaluation/cases/uniform__innocent_false_delete__square_demo_126_axis_impulse_t5_m0_25.mp4	676382	video artifact	experiments/cr_scizor/stage1/evaluation/cases/uniform__innocent_false_delete__square_demo_126_axis_impulse_t5_m0_25.mp4.placeholder.md
experiments/cr_scizor/stage1/evaluation/cases/uniform__innocent_false_delete__square_demo_126_flip_gripper_t5_m0_50.mp4	671213	video artifact	experiments/cr_scizor/stage1/evaluation/cases/uniform__innocent_false_delete__square_demo_126_flip_gripper_t5_m0_50.mp4.placeholder.md
experiments/cr_scizor/stage1/evaluation/cases/uniform__innocent_false_delete__square_demo_126_zero_motion_t5_m0_50.mp4	663870	video artifact	experiments/cr_scizor/stage1/evaluation/cases/uniform__innocent_false_delete__square_demo_126_zero_motion_t5_m0_50.mp4.placeholder.md
experiments/cr_scizor/stage1/evaluation/cases/uniform__innocent_false_delete__square_demo_126_reverse_motion_t5_m0_25.mp4	668506	video artifact	experiments/cr_scizor/stage1/evaluation/cases/uniform__innocent_false_delete__square_demo_126_reverse_motion_t5_m0_25.mp4.placeholder.md
experiments/cr_scizor/stage1/evaluation/cases/uniform__innocent_false_delete__square_demo_102_axis_impulse_t63_m0_25.mp4	869480	video artifact	experiments/cr_scizor/stage1/evaluation/cases/uniform__innocent_false_delete__square_demo_102_axis_impulse_t63_m0_25.mp4.placeholder.md
experiments/cr_scizor/stage1/artifacts/stage1A_results_lightweight.zip	1064520	archive artifact	experiments/cr_scizor/stage1/artifacts/stage1A_results_lightweight.zip.placeholder.md
experiments/cr_scizor/stage1/artifacts/stage1B_benchmark_v0.1_lightweight.zip	115945	archive artifact	experiments/cr_scizor/stage1/artifacts/stage1B_benchmark_v0.1_lightweight.zip.placeholder.md
experiments/cr_scizor/stage1/artifacts/stage1C_results_lightweight.zip	20137879	archive artifact	experiments/cr_scizor/stage1/artifacts/stage1C_results_lightweight.zip.placeholder.md
experiments/cr_scizor/stage1/artifacts/stage1D_results_lightweight.zip	49849890	archive artifact	experiments/cr_scizor/stage1/artifacts/stage1D_results_lightweight.zip.placeholder.md
experiments/cr_scizor/stage2/features/cache/can/can_demo_0_axis_impulse_t52_m1.00.npz	219161	dataset, feature, index, or evaluation table artifact	experiments/cr_scizor/stage2/features/cache/can/can_demo_0_axis_impulse_t52_m1.00.npz.placeholder.md
experiments/cr_scizor/stage2/features/cache/can/can_demo_0_axis_impulse_t112_m1.00.npz	219161	dataset, feature, index, or evaluation table artifact	experiments/cr_scizor/stage2/features/cache/can/can_demo_0_axis_impulse_t112_m1.00.npz.placeholder.md
experiments/cr_scizor/stage2/features/cache/can/can_demo_0_flip_gripper_t112_m1.00.npz	219161	dataset, feature, index, or evaluation table artifact	experiments/cr_scizor/stage2/features/cache/can/can_demo_0_flip_gripper_t112_m1.00.npz.placeholder.md
experiments/cr_scizor/stage2/features/cache/can/can_demo_0_axis_impulse_t62_m1.00.npz	219161	dataset, feature, index, or evaluation table artifact	experiments/cr_scizor/stage2/features/cache/can/can_demo_0_axis_impulse_t62_m1.00.npz.placeholder.md
experiments/cr_scizor/stage2/features/cache/can/can_demo_0_flip_gripper_t102_m1.00.npz	219161	dataset, feature, index, or evaluation table artifact	experiments/cr_scizor/stage2/features/cache/can/can_demo_0_flip_gripper_t102_m1.00.npz.placeholder.md
experiments/cr_scizor/stage2/features/cache/can/can_demo_0_axis_impulse_t102_m1.00.npz	219161	dataset, feature, index, or evaluation table artifact	experiments/cr_scizor/stage2/features/cache/can/can_demo_0_axis_impulse_t102_m1.00.npz.placeholder.md
experiments/cr_scizor/stage2/features/cache/can/can_demo_0_reverse_motion_t112_m1.00.npz	219161	dataset, feature, index, or evaluation table artifact	experiments/cr_scizor/stage2/features/cache/can/can_demo_0_reverse_motion_t112_m1.00.npz.placeholder.md
experiments/cr_scizor/stage2/features/cache/can/can_demo_0_flip_gripper_t52_m1.00.npz	219161	dataset, feature, index, or evaluation table artifact	experiments/cr_scizor/stage2/features/cache/can/can_demo_0_flip_gripper_t52_m1.00.npz.placeholder.md
experiments/cr_scizor/stage2/features/cache/can/can_demo_0_reverse_motion_t102_m1.00.npz	219161	dataset, feature, index, or evaluation table artifact	experiments/cr_scizor/stage2/features/cache/can/can_demo_0_reverse_motion_t102_m1.00.npz.placeholder.md
experiments/cr_scizor/stage2/features/cache/can/can_demo_0_clean.npz	219161	dataset, feature, index, or evaluation table artifact	experiments/cr_scizor/stage2/features/cache/can/can_demo_0_clean.npz.placeholder.md
experiments/cr_scizor/stage2/features/cache/can/can_demo_0_zero_motion_t112_m1.00.npz	219161	dataset, feature, index, or evaluation table artifact	experiments/cr_scizor/stage2/features/cache/can/can_demo_0_zero_motion_t112_m1.00.npz.placeholder.md
experiments/cr_scizor/stage2/features/cache/can/can_demo_0_reverse_motion_t52_m1.00.npz	219161	dataset, feature, index, or evaluation table artifact	experiments/cr_scizor/stage2/features/cache/can/can_demo_0_reverse_motion_t52_m1.00.npz.placeholder.md
experiments/cr_scizor/stage2/features/cache/can/can_demo_0_zero_motion_t102_m1.00.npz	219161	dataset, feature, index, or evaluation table artifact	experiments/cr_scizor/stage2/features/cache/can/can_demo_0_zero_motion_t102_m1.00.npz.placeholder.md
experiments/cr_scizor/stage2/features/cache/can/can_demo_0_flip_gripper_t62_m1.00.npz	219161	dataset, feature, index, or evaluation table artifact	experiments/cr_scizor/stage2/features/cache/can/can_demo_0_flip_gripper_t62_m1.00.npz.placeholder.md
experiments/cr_scizor/stage2/features/cache/can/can_demo_100_axis_impulse_t13_m1.00.npz	219161	dataset, feature, index, or evaluation table artifact	experiments/cr_scizor/stage2/features/cache/can/can_demo_100_axis_impulse_t13_m1.00.npz.placeholder.md
experiments/cr_scizor/stage2/features/cache/can/can_demo_0_zero_motion_t52_m1.00.npz	219161	dataset, feature, index, or evaluation table artifact	experiments/cr_scizor/stage2/features/cache/can/can_demo_0_zero_motion_t52_m1.00.npz.placeholder.md
experiments/cr_scizor/stage2/features/cache/can/can_demo_100_axis_impulse_t105_m1.00.npz	219161	dataset, feature, index, or evaluation table artifact	experiments/cr_scizor/stage2/features/cache/can/can_demo_100_axis_impulse_t105_m1.00.npz.placeholder.md
experiments/cr_scizor/stage2/features/cache/can/can_demo_0_reverse_motion_t62_m1.00.npz	219161	dataset, feature, index, or evaluation table artifact	experiments/cr_scizor/stage2/features/cache/can/can_demo_0_reverse_motion_t62_m1.00.npz.placeholder.md
experiments/cr_scizor/stage2/features/cache/can/can_demo_100_flip_gripper_t105_m1.00.npz	219161	dataset, feature, index, or evaluation table artifact	experiments/cr_scizor/stage2/features/cache/can/can_demo_100_flip_gripper_t105_m1.00.npz.placeholder.md
experiments/cr_scizor/stage2/features/cache/can/can_demo_100_axis_impulse_t37_m1.00.npz	219161	dataset, feature, index, or evaluation table artifact	experiments/cr_scizor/stage2/features/cache/can/can_demo_100_axis_impulse_t37_m1.00.npz.placeholder.md
experiments/cr_scizor/stage2/features/cache/can/can_demo_100_clean.npz	219161	dataset, feature, index, or evaluation table artifact	experiments/cr_scizor/stage2/features/cache/can/can_demo_100_clean.npz.placeholder.md
experiments/cr_scizor/stage2/features/cache/can/can_demo_0_zero_motion_t62_m1.00.npz	219161	dataset, feature, index, or evaluation table artifact	experiments/cr_scizor/stage2/features/cache/can/can_demo_0_zero_motion_t62_m1.00.npz.placeholder.md
experiments/cr_scizor/stage2/features/cache/can/can_demo_100_reverse_motion_t105_m1.00.npz	219161	dataset, feature, index, or evaluation table artifact	experiments/cr_scizor/stage2/features/cache/can/can_demo_100_reverse_motion_t105_m1.00.npz.placeholder.md
experiments/cr_scizor/stage2/features/cache/can/can_demo_100_flip_gripper_t13_m1.00.npz	219161	dataset, feature, index, or evaluation table artifact	experiments/cr_scizor/stage2/features/cache/can/can_demo_100_flip_gripper_t13_m1.00.npz.placeholder.md
experiments/cr_scizor/stage2/features/cache/can/can_demo_100_flip_gripper_t59_m1.00.npz	219161	dataset, feature, index, or evaluation table artifact	experiments/cr_scizor/stage2/features/cache/can/can_demo_100_flip_gripper_t59_m1.00.npz.placeholder.md
experiments/cr_scizor/stage2/features/cache/can/can_demo_100_axis_impulse_t59_m1.00.npz	219161	dataset, feature, index, or evaluation table artifact	experiments/cr_scizor/stage2/features/cache/can/can_demo_100_axis_impulse_t59_m1.00.npz.placeholder.md
experiments/cr_scizor/stage2/features/cache/can/can_demo_100_zero_motion_t105_m1.00.npz	219161	dataset, feature, index, or evaluation table artifact	experiments/cr_scizor/stage2/features/cache/can/can_demo_100_zero_motion_t105_m1.00.npz.placeholder.md
experiments/cr_scizor/stage2/features/cache/can/can_demo_100_reverse_motion_t13_m1.00.npz	219161	dataset, feature, index, or evaluation table artifact	experiments/cr_scizor/stage2/features/cache/can/can_demo_100_reverse_motion_t13_m1.00.npz.placeholder.md
experiments/cr_scizor/stage2/features/cache/can/can_demo_100_reverse_motion_t59_m1.00.npz	219161	dataset, feature, index, or evaluation table artifact	experiments/cr_scizor/stage2/features/cache/can/can_demo_100_reverse_motion_t59_m1.00.npz.placeholder.md
experiments/cr_scizor/stage2/features/cache/can/can_demo_100_flip_gripper_t37_m1.00.npz	219161	dataset, feature, index, or evaluation table artifact	experiments/cr_scizor/stage2/features/cache/can/can_demo_100_flip_gripper_t37_m1.00.npz.placeholder.md
experiments/cr_scizor/stage2/features/cache/can/can_demo_100_zero_motion_t13_m1.00.npz	219161	dataset, feature, index, or evaluation table artifact	experiments/cr_scizor/stage2/features/cache/can/can_demo_100_zero_motion_t13_m1.00.npz.placeholder.md
experiments/cr_scizor/stage2/features/cache/can/can_demo_100_zero_motion_t59_m1.00.npz	219161	dataset, feature, index, or evaluation table artifact	experiments/cr_scizor/stage2/features/cache/can/can_demo_100_zero_motion_t59_m1.00.npz.placeholder.md
experiments/cr_scizor/stage2/features/cache/can/can_demo_101_axis_impulse_t124_m1.00.npz	243185	dataset, feature, index, or evaluation table artifact	experiments/cr_scizor/stage2/features/cache/can/can_demo_101_axis_impulse_t124_m1.00.npz.placeholder.md
experiments/cr_scizor/stage2/features/cache/can/can_demo_100_reverse_motion_t37_m1.00.npz	219161	dataset, feature, index, or evaluation table artifact	experiments/cr_scizor/stage2/features/cache/can/can_demo_100_reverse_motion_t37_m1.00.npz.placeholder.md
experiments/cr_scizor/stage2/features/cache/can/can_demo_101_axis_impulse_t49_m1.00.npz	243185	dataset, feature, index, or evaluation table artifact	experiments/cr_scizor/stage2/features/cache/can/can_demo_101_axis_impulse_t49_m1.00.npz.placeholder.md
experiments/cr_scizor/stage2/features/cache/can/can_demo_101_axis_impulse_t77_m1.00.npz	243185	dataset, feature, index, or evaluation table artifact	experiments/cr_scizor/stage2/features/cache/can/can_demo_101_axis_impulse_t77_m1.00.npz.placeholder.md
experiments/cr_scizor/stage2/features/cache/can/can_demo_100_zero_motion_t37_m1.00.npz	219161	dataset, feature, index, or evaluation table artifact	experiments/cr_scizor/stage2/features/cache/can/can_demo_100_zero_motion_t37_m1.00.npz.placeholder.md
experiments/cr_scizor/stage2/features/cache/can/can_demo_101_clean.npz	243185	dataset, feature, index, or evaluation table artifact	experiments/cr_scizor/stage2/features/cache/can/can_demo_101_clean.npz.placeholder.md
experiments/cr_scizor/stage2/features/cache/can/can_demo_101_flip_gripper_t124_m1.00.npz	243185	dataset, feature, index, or evaluation table artifact	experiments/cr_scizor/stage2/features/cache/can/can_demo_101_flip_gripper_t124_m1.00.npz.placeholder.md
experiments/cr_scizor/stage2/features/cache/can/can_demo_101_flip_gripper_t59_m1.00.npz	243185	dataset, feature, index, or evaluation table artifact	experiments/cr_scizor/stage2/features/cache/can/can_demo_101_flip_gripper_t59_m1.00.npz.placeholder.md
experiments/cr_scizor/stage2/features/cache/can/can_demo_101_axis_impulse_t59_m1.00.npz	243185	dataset, feature, index, or evaluation table artifact	experiments/cr_scizor/stage2/features/cache/can/can_demo_101_axis_impulse_t59_m1.00.npz.placeholder.md
experiments/cr_scizor/stage2/features/cache/can/can_demo_101_flip_gripper_t77_m1.00.npz	243185	dataset, feature, index, or evaluation table artifact	experiments/cr_scizor/stage2/features/cache/can/can_demo_101_flip_gripper_t77_m1.00.npz.placeholder.md
experiments/cr_scizor/stage2/features/cache/can/can_demo_101_reverse_motion_t124_m1.00.npz	243185	dataset, feature, index, or evaluation table artifact	experiments/cr_scizor/stage2/features/cache/can/can_demo_101_reverse_motion_t124_m1.00.npz.placeholder.md
experiments/cr_scizor/stage2/features/cache/can/can_demo_101_reverse_motion_t59_m1.00.npz	243185	dataset, feature, index, or evaluation table artifact	experiments/cr_scizor/stage2/features/cache/can/can_demo_101_reverse_motion_t59_m1.00.npz.placeholder.md
experiments/cr_scizor/stage2/features/cache/can/can_demo_101_flip_gripper_t49_m1.00.npz	243185	dataset, feature, index, or evaluation table artifact	experiments/cr_scizor/stage2/features/cache/can/can_demo_101_flip_gripper_t49_m1.00.npz.placeholder.md
experiments/cr_scizor/stage2/features/cache/can/can_demo_101_zero_motion_t124_m1.00.npz	243185	dataset, feature, index, or evaluation table artifact	experiments/cr_scizor/stage2/features/cache/can/can_demo_101_zero_motion_t124_m1.00.npz.placeholder.md
experiments/cr_scizor/stage2/features/cache/can/can_demo_101_zero_motion_t59_m1.00.npz	243185	dataset, feature, index, or evaluation table artifact	experiments/cr_scizor/stage2/features/cache/can/can_demo_101_zero_motion_t59_m1.00.npz.placeholder.md
experiments/cr_scizor/stage2/features/cache/can/can_demo_101_reverse_motion_t77_m1.00.npz	243185	dataset, feature, index, or evaluation table artifact	experiments/cr_scizor/stage2/features/cache/can/can_demo_101_reverse_motion_t77_m1.00.npz.placeholder.md
experiments/cr_scizor/stage2/features/cache/can/can_demo_102_axis_impulse_t44_m1.00.npz	195137	dataset, feature, index, or evaluation table artifact	experiments/cr_scizor/stage2/features/cache/can/can_demo_102_axis_impulse_t44_m1.00.npz.placeholder.md
experiments/cr_scizor/stage2/features/cache/can/can_demo_102_axis_impulse_t67_m1.00.npz	195137	dataset, feature, index, or evaluation table artifact	experiments/cr_scizor/stage2/features/cache/can/can_demo_102_axis_impulse_t67_m1.00.npz.placeholder.md
experiments/cr_scizor/stage2/features/cache/can/can_demo_101_zero_motion_t77_m1.00.npz	243185	dataset, feature, index, or evaluation table artifact	experiments/cr_scizor/stage2/features/cache/can/can_demo_101_zero_motion_t77_m1.00.npz.placeholder.md
experiments/cr_scizor/stage2/features/cache/can/can_demo_101_reverse_motion_t49_m1.00.npz	243185	dataset, feature, index, or evaluation table artifact	experiments/cr_scizor/stage2/features/cache/can/can_demo_101_reverse_motion_t49_m1.00.npz.placeholder.md
experiments/cr_scizor/stage2/features/cache/can/can_demo_102_clean.npz	195137	dataset, feature, index, or evaluation table artifact	experiments/cr_scizor/stage2/features/cache/can/can_demo_102_clean.npz.placeholder.md
experiments/cr_scizor/stage2/features/cache/can/can_demo_102_flip_gripper_t54_m1.00.npz	195137	dataset, feature, index, or evaluation table artifact	experiments/cr_scizor/stage2/features/cache/can/can_demo_102_flip_gripper_t54_m1.00.npz.placeholder.md
experiments/cr_scizor/stage2/features/cache/can/can_demo_102_axis_impulse_t98_m1.00.npz	195137	dataset, feature, index, or evaluation table artifact	experiments/cr_scizor/stage2/features/cache/can/can_demo_102_axis_impulse_t98_m1.00.npz.placeholder.md
experiments/cr_scizor/stage2/features/cache/can/can_demo_102_flip_gripper_t98_m1.00.npz	195137	dataset, feature, index, or evaluation table artifact	experiments/cr_scizor/stage2/features/cache/can/can_demo_102_flip_gripper_t98_m1.00.npz.placeholder.md
experiments/cr_scizor/stage2/features/cache/can/can_demo_102_reverse_motion_t54_m1.00.npz	195137	dataset, feature, index, or evaluation table artifact	experiments/cr_scizor/stage2/features/cache/can/can_demo_102_reverse_motion_t54_m1.00.npz.placeholder.md
experiments/cr_scizor/stage2/features/cache/can/can_demo_102_flip_gripper_t67_m1.00.npz	195137	dataset, feature, index, or evaluation table artifact	experiments/cr_scizor/stage2/features/cache/can/can_demo_102_flip_gripper_t67_m1.00.npz.placeholder.md
experiments/cr_scizor/stage2/features/cache/can/can_demo_101_zero_motion_t49_m1.00.npz	243185	dataset, feature, index, or evaluation table artifact	experiments/cr_scizor/stage2/features/cache/can/can_demo_101_zero_motion_t49_m1.00.npz.placeholder.md
experiments/cr_scizor/stage2/features/cache/can/can_demo_102_reverse_motion_t98_m1.00.npz	195137	dataset, feature, index, or evaluation table artifact	experiments/cr_scizor/stage2/features/cache/can/can_demo_102_reverse_motion_t98_m1.00.npz.placeholder.md
experiments/cr_scizor/stage2/features/cache/can/can_demo_102_zero_motion_t54_m1.00.npz	195137	dataset, feature, index, or evaluation table artifact	experiments/cr_scizor/stage2/features/cache/can/can_demo_102_zero_motion_t54_m1.00.npz.placeholder.md
experiments/cr_scizor/stage2/features/cache/can/can_demo_102_reverse_motion_t67_m1.00.npz	195137	dataset, feature, index, or evaluation table artifact	experiments/cr_scizor/stage2/features/cache/can/can_demo_102_reverse_motion_t67_m1.00.npz.placeholder.md
experiments/cr_scizor/stage2/features/cache/can/can_demo_102_zero_motion_t98_m1.00.npz	195137	dataset, feature, index, or evaluation table artifact	experiments/cr_scizor/stage2/features/cache/can/can_demo_102_zero_motion_t98_m1.00.npz.placeholder.md
experiments/cr_scizor/stage2/features/cache/can/can_demo_102_axis_impulse_t54_m1.00.npz	195137	dataset, feature, index, or evaluation table artifact	experiments/cr_scizor/stage2/features/cache/can/can_demo_102_axis_impulse_t54_m1.00.npz.placeholder.md
experiments/cr_scizor/stage2/features/cache/can/can_demo_103_axis_impulse_t46_m1.00.npz	178505	dataset, feature, index, or evaluation table artifact	experiments/cr_scizor/stage2/features/cache/can/can_demo_103_axis_impulse_t46_m1.00.npz.placeholder.md
experiments/cr_scizor/stage2/features/cache/can/can_demo_102_zero_motion_t67_m1.00.npz	195137	dataset, feature, index, or evaluation table artifact	experiments/cr_scizor/stage2/features/cache/can/can_demo_102_zero_motion_t67_m1.00.npz.placeholder.md
experiments/cr_scizor/stage2/features/cache/can/can_demo_103_axis_impulse_t90_m1.00.npz	178505	dataset, feature, index, or evaluation table artifact	experiments/cr_scizor/stage2/features/cache/can/can_demo_103_axis_impulse_t90_m1.00.npz.placeholder.md
experiments/cr_scizor/stage2/features/cache/can/can_demo_102_flip_gripper_t44_m1.00.npz	195137	dataset, feature, index, or evaluation table artifact	experiments/cr_scizor/stage2/features/cache/can/can_demo_102_flip_gripper_t44_m1.00.npz.placeholder.md
experiments/cr_scizor/stage2/features/cache/can/can_demo_103_flip_gripper_t32_m1.00.npz	178505	dataset, feature, index, or evaluation table artifact	experiments/cr_scizor/stage2/features/cache/can/can_demo_103_flip_gripper_t32_m1.00.npz.placeholder.md
experiments/cr_scizor/stage2/features/cache/can/can_demo_103_axis_impulse_t56_m1.00.npz	178505	dataset, feature, index, or evaluation table artifact	experiments/cr_scizor/stage2/features/cache/can/can_demo_103_axis_impulse_t56_m1.00.npz.placeholder.md
experiments/cr_scizor/stage2/features/cache/can/can_demo_103_flip_gripper_t56_m1.00.npz	178505	dataset, feature, index, or evaluation table artifact	experiments/cr_scizor/stage2/features/cache/can/can_demo_103_flip_gripper_t56_m1.00.npz.placeholder.md
experiments/cr_scizor/stage2/features/cache/can/can_demo_102_reverse_motion_t44_m1.00.npz	195137	dataset, feature, index, or evaluation table artifact	experiments/cr_scizor/stage2/features/cache/can/can_demo_102_reverse_motion_t44_m1.00.npz.placeholder.md
experiments/cr_scizor/stage2/features/cache/can/can_demo_103_reverse_motion_t32_m1.00.npz	178505	dataset, feature, index, or evaluation table artifact	experiments/cr_scizor/stage2/features/cache/can/can_demo_103_reverse_motion_t32_m1.00.npz.placeholder.md
experiments/cr_scizor/stage2/features/cache/can/can_demo_103_flip_gripper_t46_m1.00.npz	178505	dataset, feature, index, or evaluation table artifact	experiments/cr_scizor/stage2/features/cache/can/can_demo_103_flip_gripper_t46_m1.00.npz.placeholder.md
experiments/cr_scizor/stage2/features/cache/can/can_demo_103_reverse_motion_t56_m1.00.npz	178505	dataset, feature, index, or evaluation table artifact	experiments/cr_scizor/stage2/features/cache/can/can_demo_103_reverse_motion_t56_m1.00.npz.placeholder.md
experiments/cr_scizor/stage2/features/cache/can/can_demo_102_zero_motion_t44_m1.00.npz	195137	dataset, feature, index, or evaluation table artifact	experiments/cr_scizor/stage2/features/cache/can/can_demo_102_zero_motion_t44_m1.00.npz.placeholder.md
experiments/cr_scizor/stage2/features/cache/can/can_demo_103_zero_motion_t32_m1.00.npz	178505	dataset, feature, index, or evaluation table artifact	experiments/cr_scizor/stage2/features/cache/can/can_demo_103_zero_motion_t32_m1.00.npz.placeholder.md
experiments/cr_scizor/stage2/features/cache/can/can_demo_103_reverse_motion_t46_m1.00.npz	178505	dataset, feature, index, or evaluation table artifact	experiments/cr_scizor/stage2/features/cache/can/can_demo_103_reverse_motion_t46_m1.00.npz.placeholder.md
experiments/cr_scizor/stage2/features/cache/can/can_demo_103_axis_impulse_t32_m1.00.npz	178505	dataset, feature, index, or evaluation table artifact	experiments/cr_scizor/stage2/features/cache/can/can_demo_103_axis_impulse_t32_m1.00.npz.placeholder.md
experiments/cr_scizor/stage2/features/cache/can/can_demo_103_zero_motion_t56_m1.00.npz	178505	dataset, feature, index, or evaluation table artifact	experiments/cr_scizor/stage2/features/cache/can/can_demo_103_zero_motion_t56_m1.00.npz.placeholder.md
experiments/cr_scizor/stage2/features/cache/can/can_demo_103_zero_motion_t46_m1.00.npz	178505	dataset, feature, index, or evaluation table artifact	experiments/cr_scizor/stage2/features/cache/can/can_demo_103_zero_motion_t46_m1.00.npz.placeholder.md
experiments/cr_scizor/stage2/features/cache/can/can_demo_106_axis_impulse_t107_m1.00.npz	224705	dataset, feature, index, or evaluation table artifact	experiments/cr_scizor/stage2/features/cache/can/can_demo_106_axis_impulse_t107_m1.00.npz.placeholder.md
experiments/cr_scizor/stage2/features/cache/can/can_demo_103_clean.npz	178505	dataset, feature, index, or evaluation table artifact	experiments/cr_scizor/stage2/features/cache/can/can_demo_103_clean.npz.placeholder.md
experiments/cr_scizor/stage2/features/cache/can/can_demo_106_axis_impulse_t60_m1.00.npz	224705	dataset, feature, index, or evaluation table artifact	experiments/cr_scizor/stage2/features/cache/can/can_demo_106_axis_impulse_t60_m1.00.npz.placeholder.md
experiments/cr_scizor/stage2/features/cache/can/can_demo_106_axis_impulse_t5_m1.00.npz	224705	dataset, feature, index, or evaluation table artifact	experiments/cr_scizor/stage2/features/cache/can/can_demo_106_axis_impulse_t5_m1.00.npz.placeholder.md
experiments/cr_scizor/stage2/features/cache/can/can_demo_106_clean.npz	224705	dataset, feature, index, or evaluation table artifact	experiments/cr_scizor/stage2/features/cache/can/can_demo_106_clean.npz.placeholder.md
experiments/cr_scizor/stage2/features/cache/can/can_demo_103_flip_gripper_t90_m1.00.npz	178505	dataset, feature, index, or evaluation table artifact	experiments/cr_scizor/stage2/features/cache/can/can_demo_103_flip_gripper_t90_m1.00.npz.placeholder.md
experiments/cr_scizor/stage2/features/cache/can/can_demo_106_flip_gripper_t5_m1.00.npz	224705	dataset, feature, index, or evaluation table artifact	experiments/cr_scizor/stage2/features/cache/can/can_demo_106_flip_gripper_t5_m1.00.npz.placeholder.md
experiments/cr_scizor/stage2/features/cache/can/can_demo_106_flip_gripper_t107_m1.00.npz	224705	dataset, feature, index, or evaluation table artifact	experiments/cr_scizor/stage2/features/cache/can/can_demo_106_flip_gripper_t107_m1.00.npz.placeholder.md
experiments/cr_scizor/stage2/features/cache/can/can_demo_103_reverse_motion_t90_m1.00.npz	178505	dataset, feature, index, or evaluation table artifact	experiments/cr_scizor/stage2/features/cache/can/can_demo_103_reverse_motion_t90_m1.00.npz.placeholder.md
experiments/cr_scizor/stage2/features/cache/can/can_demo_106_flip_gripper_t97_m1.00.npz	224705	dataset, feature, index, or evaluation table artifact	experiments/cr_scizor/stage2/features/cache/can/can_demo_106_flip_gripper_t97_m1.00.npz.placeholder.md
experiments/cr_scizor/stage2/features/cache/can/can_demo_106_reverse_motion_t5_m1.00.npz	224705	dataset, feature, index, or evaluation table artifact	experiments/cr_scizor/stage2/features/cache/can/can_demo_106_reverse_motion_t5_m1.00.npz.placeholder.md
experiments/cr_scizor/stage2/features/cache/can/can_demo_103_zero_motion_t90_m1.00.npz	178505	dataset, feature, index, or evaluation table artifact	experiments/cr_scizor/stage2/features/cache/can/can_demo_103_zero_motion_t90_m1.00.npz.placeholder.md
experiments/cr_scizor/stage2/features/cache/can/can_demo_106_reverse_motion_t107_m1.00.npz	224705	dataset, feature, index, or evaluation table artifact	experiments/cr_scizor/stage2/features/cache/can/can_demo_106_reverse_motion_t107_m1.00.npz.placeholder.md
experiments/cr_scizor/stage2/features/cache/can/can_demo_106_reverse_motion_t97_m1.00.npz	224705	dataset, feature, index, or evaluation table artifact	experiments/cr_scizor/stage2/features/cache/can/can_demo_106_reverse_motion_t97_m1.00.npz.placeholder.md
experiments/cr_scizor/stage2/features/cache/can/can_demo_106_zero_motion_t5_m1.00.npz	224705	dataset, feature, index, or evaluation table artifact	experiments/cr_scizor/stage2/features/cache/can/can_demo_106_zero_motion_t5_m1.00.npz.placeholder.md
experiments/cr_scizor/stage2/features/cache/can/can_demo_106_axis_impulse_t97_m1.00.npz	224705	dataset, feature, index, or evaluation table artifact	experiments/cr_scizor/stage2/features/cache/can/can_demo_106_axis_impulse_t97_m1.00.npz.placeholder.md
experiments/cr_scizor/stage2/features/cache/can/can_demo_106_zero_motion_t107_m1.00.npz	224705	dataset, feature, index, or evaluation table artifact	experiments/cr_scizor/stage2/features/cache/can/can_demo_106_zero_motion_t107_m1.00.npz.placeholder.md
experiments/cr_scizor/stage2/features/cache/can/can_demo_106_zero_motion_t97_m1.00.npz	224705	dataset, feature, index, or evaluation table artifact	experiments/cr_scizor/stage2/features/cache/can/can_demo_106_zero_motion_t97_m1.00.npz.placeholder.md
experiments/cr_scizor/stage2/features/cache/can/can_demo_107_axis_impulse_t49_m1.00.npz	209921	dataset, feature, index, or evaluation table artifact	experiments/cr_scizor/stage2/features/cache/can/can_demo_107_axis_impulse_t49_m1.00.npz.placeholder.md
experiments/cr_scizor/stage2/features/cache/can/can_demo_106_flip_gripper_t60_m1.00.npz	224705	dataset, feature, index, or evaluation table artifact	experiments/cr_scizor/stage2/features/cache/can/can_demo_106_flip_gripper_t60_m1.00.npz.placeholder.md
experiments/cr_scizor/stage2/features/cache/can/can_demo_107_axis_impulse_t107_m1.00.npz	209921	dataset, feature, index, or evaluation table artifact	experiments/cr_scizor/stage2/features/cache/can/can_demo_107_axis_impulse_t107_m1.00.npz.placeholder.md
experiments/cr_scizor/stage2/features/cache/can/can_demo_107_axis_impulse_t70_m1.00.npz	209921	dataset, feature, index, or evaluation table artifact	experiments/cr_scizor/stage2/features/cache/can/can_demo_107_axis_impulse_t70_m1.00.npz.placeholder.md
experiments/cr_scizor/stage2/features/cache/can/can_demo_107_flip_gripper_t107_m1.00.npz	209921	dataset, feature, index, or evaluation table artifact	experiments/cr_scizor/stage2/features/cache/can/can_demo_107_flip_gripper_t107_m1.00.npz.placeholder.md
experiments/cr_scizor/stage2/features/cache/can/can_demo_106_reverse_motion_t60_m1.00.npz	224705	dataset, feature, index, or evaluation table artifact	experiments/cr_scizor/stage2/features/cache/can/can_demo_106_reverse_motion_t60_m1.00.npz.placeholder.md
experiments/cr_scizor/stage2/features/cache/can/can_demo_107_clean.npz	209921	dataset, feature, index, or evaluation table artifact	experiments/cr_scizor/stage2/features/cache/can/can_demo_107_clean.npz.placeholder.md
experiments/cr_scizor/stage2/features/cache/can/can_demo_107_flip_gripper_t59_m1.00.npz	209921	dataset, feature, index, or evaluation table artifact	experiments/cr_scizor/stage2/features/cache/can/can_demo_107_flip_gripper_t59_m1.00.npz.placeholder.md
experiments/cr_scizor/stage2/features/cache/can/can_demo_107_reverse_motion_t107_m1.00.npz	209921	dataset, feature, index, or evaluation table artifact	experiments/cr_scizor/stage2/features/cache/can/can_demo_107_reverse_motion_t107_m1.00.npz.placeholder.md
experiments/cr_scizor/stage2/features/cache/can/can_demo_106_zero_motion_t60_m1.00.npz	224705	dataset, feature, index, or evaluation table artifact	experiments/cr_scizor/stage2/features/cache/can/can_demo_106_zero_motion_t60_m1.00.npz.placeholder.md
experiments/cr_scizor/stage2/features/cache/can/can_demo_107_flip_gripper_t70_m1.00.npz	209921	dataset, feature, index, or evaluation table artifact	experiments/cr_scizor/stage2/features/cache/can/can_demo_107_flip_gripper_t70_m1.00.npz.placeholder.md
experiments/cr_scizor/stage2/features/cache/can/can_demo_107_reverse_motion_t59_m1.00.npz	209921	dataset, feature, index, or evaluation table artifact	experiments/cr_scizor/stage2/features/cache/can/can_demo_107_reverse_motion_t59_m1.00.npz.placeholder.md
experiments/cr_scizor/stage2/features/cache/can/can_demo_107_reverse_motion_t70_m1.00.npz	209921	dataset, feature, index, or evaluation table artifact	experiments/cr_scizor/stage2/features/cache/can/can_demo_107_reverse_motion_t70_m1.00.npz.placeholder.md
experiments/cr_scizor/stage2/features/cache/can/can_demo_107_axis_impulse_t59_m1.00.npz	209921	dataset, feature, index, or evaluation table artifact	experiments/cr_scizor/stage2/features/cache/can/can_demo_107_axis_impulse_t59_m1.00.npz.placeholder.md
experiments/cr_scizor/stage2/features/cache/can/can_demo_107_zero_motion_t107_m1.00.npz	209921	dataset, feature, index, or evaluation table artifact	experiments/cr_scizor/stage2/features/cache/can/can_demo_107_zero_motion_t107_m1.00.npz.placeholder.md
experiments/cr_scizor/stage2/features/cache/can/can_demo_107_zero_motion_t59_m1.00.npz	209921	dataset, feature, index, or evaluation table artifact	experiments/cr_scizor/stage2/features/cache/can/can_demo_107_zero_motion_t59_m1.00.npz.placeholder.md
experiments/cr_scizor/stage2/features/cache/can/can_demo_107_zero_motion_t70_m1.00.npz	209921	dataset, feature, index, or evaluation table artifact	experiments/cr_scizor/stage2/features/cache/can/can_demo_107_zero_motion_t70_m1.00.npz.placeholder.md
experiments/cr_scizor/stage2/features/cache/can/can_demo_108_axis_impulse_t39_m1.00.npz	174809	dataset, feature, index, or evaluation table artifact	experiments/cr_scizor/stage2/features/cache/can/can_demo_108_axis_impulse_t39_m1.00.npz.placeholder.md
experiments/cr_scizor/stage2/features/cache/can/can_demo_108_axis_impulse_t60_m1.00.npz	174809	dataset, feature, index, or evaluation table artifact	experiments/cr_scizor/stage2/features/cache/can/can_demo_108_axis_impulse_t60_m1.00.npz.placeholder.md
experiments/cr_scizor/stage2/features/cache/can/can_demo_107_flip_gripper_t49_m1.00.npz	209921	dataset, feature, index, or evaluation table artifact	experiments/cr_scizor/stage2/features/cache/can/can_demo_107_flip_gripper_t49_m1.00.npz.placeholder.md
experiments/cr_scizor/stage2/features/cache/can/can_demo_108_axis_impulse_t87_m1.00.npz	174809	dataset, feature, index, or evaluation table artifact	experiments/cr_scizor/stage2/features/cache/can/can_demo_108_axis_impulse_t87_m1.00.npz.placeholder.md
experiments/cr_scizor/stage2/features/cache/can/can_demo_108_clean.npz	174809	dataset, feature, index, or evaluation table artifact	experiments/cr_scizor/stage2/features/cache/can/can_demo_108_clean.npz.placeholder.md
experiments/cr_scizor/stage2/features/cache/can/can_demo_108_flip_gripper_t50_m1.00.npz	174809	dataset, feature, index, or evaluation table artifact	experiments/cr_scizor/stage2/features/cache/can/can_demo_108_flip_gripper_t50_m1.00.npz.placeholder.md
experiments/cr_scizor/stage2/features/cache/can/can_demo_107_reverse_motion_t49_m1.00.npz	209921	dataset, feature, index, or evaluation table artifact	experiments/cr_scizor/stage2/features/cache/can/can_demo_107_reverse_motion_t49_m1.00.npz.placeholder.md
experiments/cr_scizor/stage2/features/cache/can/can_demo_108_flip_gripper_t60_m1.00.npz	174809	dataset, feature, index, or evaluation table artifact	experiments/cr_scizor/stage2/features/cache/can/can_demo_108_flip_gripper_t60_m1.00.npz.placeholder.md
experiments/cr_scizor/stage2/features/cache/can/can_demo_108_flip_gripper_t87_m1.00.npz	174809	dataset, feature, index, or evaluation table artifact	experiments/cr_scizor/stage2/features/cache/can/can_demo_108_flip_gripper_t87_m1.00.npz.placeholder.md
experiments/cr_scizor/stage2/features/cache/can/can_demo_108_reverse_motion_t50_m1.00.npz	174809	dataset, feature, index, or evaluation table artifact	experiments/cr_scizor/stage2/features/cache/can/can_demo_108_reverse_motion_t50_m1.00.npz.placeholder.md
experiments/cr_scizor/stage2/features/cache/can/can_demo_107_zero_motion_t49_m1.00.npz	209921	dataset, feature, index, or evaluation table artifact	experiments/cr_scizor/stage2/features/cache/can/can_demo_107_zero_motion_t49_m1.00.npz.placeholder.md
experiments/cr_scizor/stage2/features/cache/can/can_demo_108_reverse_motion_t60_m1.00.npz	174809	dataset, feature, index, or evaluation table artifact	experiments/cr_scizor/stage2/features/cache/can/can_demo_108_reverse_motion_t60_m1.00.npz.placeholder.md
experiments/cr_scizor/stage2/features/cache/can/can_demo_108_reverse_motion_t87_m1.00.npz	174809	dataset, feature, index, or evaluation table artifact	experiments/cr_scizor/stage2/features/cache/can/can_demo_108_reverse_motion_t87_m1.00.npz.placeholder.md
experiments/cr_scizor/stage2/features/cache/can/can_demo_108_zero_motion_t50_m1.00.npz	174809	dataset, feature, index, or evaluation table artifact	experiments/cr_scizor/stage2/features/cache/can/can_demo_108_zero_motion_t50_m1.00.npz.placeholder.md
experiments/cr_scizor/stage2/features/cache/can/can_demo_108_axis_impulse_t50_m1.00.npz	174809	dataset, feature, index, or evaluation table artifact	experiments/cr_scizor/stage2/features/cache/can/can_demo_108_axis_impulse_t50_m1.00.npz.placeholder.md
experiments/cr_scizor/stage2/features/cache/can/can_demo_108_zero_motion_t60_m1.00.npz	174809	dataset, feature, index, or evaluation table artifact	experiments/cr_scizor/stage2/features/cache/can/can_demo_108_zero_motion_t60_m1.00.npz.placeholder.md
experiments/cr_scizor/stage2/features/cache/can/can_demo_108_zero_motion_t87_m1.00.npz	174809	dataset, feature, index, or evaluation table artifact	experiments/cr_scizor/stage2/features/cache/can/can_demo_108_zero_motion_t87_m1.00.npz.placeholder.md
experiments/cr_scizor/stage2/features/cache/can/can_demo_108_flip_gripper_t39_m1.00.npz	174809	dataset, feature, index, or evaluation table artifact	experiments/cr_scizor/stage2/features/cache/can/can_demo_108_flip_gripper_t39_m1.00.npz.placeholder.md
experiments/cr_scizor/stage2/features/cache/can/can_demo_109_axis_impulse_t62_m1.00.npz	228401	dataset, feature, index, or evaluation table artifact	experiments/cr_scizor/stage2/features/cache/can/can_demo_109_axis_impulse_t62_m1.00.npz.placeholder.md
experiments/cr_scizor/stage2/features/cache/can/can_demo_109_axis_impulse_t80_m1.00.npz	228401	dataset, feature, index, or evaluation table artifact	experiments/cr_scizor/stage2/features/cache/can/can_demo_109_axis_impulse_t80_m1.00.npz.placeholder.md
experiments/cr_scizor/stage2/features/cache/can/can_demo_109_axis_impulse_t97_m1.00.npz	228401	dataset, feature, index, or evaluation table artifact	experiments/cr_scizor/stage2/features/cache/can/can_demo_109_axis_impulse_t97_m1.00.npz.placeholder.md
experiments/cr_scizor/stage2/features/cache/can/can_demo_109_flip_gripper_t108_m1.00.npz	228401	dataset, feature, index, or evaluation table artifact	experiments/cr_scizor/stage2/features/cache/can/can_demo_109_flip_gripper_t108_m1.00.npz.placeholder.md
experiments/cr_scizor/stage2/features/cache/can/can_demo_108_reverse_motion_t39_m1.00.npz	174809	dataset, feature, index, or evaluation table artifact	experiments/cr_scizor/stage2/features/cache/can/can_demo_108_reverse_motion_t39_m1.00.npz.placeholder.md
experiments/cr_scizor/stage2/features/cache/can/can_demo_109_flip_gripper_t62_m1.00.npz	228401	dataset, feature, index, or evaluation table artifact	experiments/cr_scizor/stage2/features/cache/can/can_demo_109_flip_gripper_t62_m1.00.npz.placeholder.md
experiments/cr_scizor/stage2/features/cache/can/can_demo_109_flip_gripper_t80_m1.00.npz	228401	dataset, feature, index, or evaluation table artifact	experiments/cr_scizor/stage2/features/cache/can/can_demo_109_flip_gripper_t80_m1.00.npz.placeholder.md
experiments/cr_scizor/stage2/features/cache/can/can_demo_108_zero_motion_t39_m1.00.npz	174809	dataset, feature, index, or evaluation table artifact	experiments/cr_scizor/stage2/features/cache/can/can_demo_108_zero_motion_t39_m1.00.npz.placeholder.md
experiments/cr_scizor/stage2/features/cache/can/can_demo_109_reverse_motion_t108_m1.00.npz	228401	dataset, feature, index, or evaluation table artifact	experiments/cr_scizor/stage2/features/cache/can/can_demo_109_reverse_motion_t108_m1.00.npz.placeholder.md
experiments/cr_scizor/stage2/features/cache/can/can_demo_109_reverse_motion_t80_m1.00.npz	228401	dataset, feature, index, or evaluation table artifact	experiments/cr_scizor/stage2/features/cache/can/can_demo_109_reverse_motion_t80_m1.00.npz.placeholder.md
experiments/cr_scizor/stage2/features/cache/can/can_demo_109_reverse_motion_t62_m1.00.npz	228401	dataset, feature, index, or evaluation table artifact	experiments/cr_scizor/stage2/features/cache/can/can_demo_109_reverse_motion_t62_m1.00.npz.placeholder.md
experiments/cr_scizor/stage2/features/cache/can/can_demo_109_zero_motion_t108_m1.00.npz	228401	dataset, feature, index, or evaluation table artifact	experiments/cr_scizor/stage2/features/cache/can/can_demo_109_zero_motion_t108_m1.00.npz.placeholder.md
experiments/cr_scizor/stage2/features/cache/can/can_demo_109_axis_impulse_t108_m1.00.npz	228401	dataset, feature, index, or evaluation table artifact	experiments/cr_scizor/stage2/features/cache/can/can_demo_109_axis_impulse_t108_m1.00.npz.placeholder.md
experiments/cr_scizor/stage2/features/cache/can/can_demo_109_zero_motion_t80_m1.00.npz	228401	dataset, feature, index, or evaluation table artifact	experiments/cr_scizor/stage2/features/cache/can/can_demo_109_zero_motion_t80_m1.00.npz.placeholder.md
experiments/cr_scizor/stage2/features/cache/can/can_demo_109_zero_motion_t62_m1.00.npz	228401	dataset, feature, index, or evaluation table artifact	experiments/cr_scizor/stage2/features/cache/can/can_demo_109_zero_motion_t62_m1.00.npz.placeholder.md
experiments/cr_scizor/stage2/features/cache/can/can_demo_109_clean.npz	228401	dataset, feature, index, or evaluation table artifact	experiments/cr_scizor/stage2/features/cache/can/can_demo_109_clean.npz.placeholder.md
experiments/cr_scizor/stage2/features/cache/can/can_demo_10_axis_impulse_t70_m1.00.npz	239489	dataset, feature, index, or evaluation table artifact	experiments/cr_scizor/stage2/features/cache/can/can_demo_10_axis_impulse_t70_m1.00.npz.placeholder.md
experiments/cr_scizor/stage2/features/cache/can/can_demo_10_axis_impulse_t60_m1.00.npz	239489	dataset, feature, index, or evaluation table artifact	experiments/cr_scizor/stage2/features/cache/can/can_demo_10_axis_impulse_t60_m1.00.npz.placeholder.md
experiments/cr_scizor/stage2/features/cache/can/can_demo_10_axis_impulse_t118_m1.00.npz	239489	dataset, feature, index, or evaluation table artifact	experiments/cr_scizor/stage2/features/cache/can/can_demo_10_axis_impulse_t118_m1.00.npz.placeholder.md
experiments/cr_scizor/stage2/features/cache/can/can_demo_109_flip_gripper_t97_m1.00.npz	228401	dataset, feature, index, or evaluation table artifact	experiments/cr_scizor/stage2/features/cache/can/can_demo_109_flip_gripper_t97_m1.00.npz.placeholder.md
experiments/cr_scizor/stage2/features/cache/can/can_demo_10_flip_gripper_t60_m1.00.npz	239489	dataset, feature, index, or evaluation table artifact	experiments/cr_scizor/stage2/features/cache/can/can_demo_10_flip_gripper_t60_m1.00.npz.placeholder.md
experiments/cr_scizor/stage2/features/cache/can/can_demo_10_flip_gripper_t118_m1.00.npz	239489	dataset, feature, index, or evaluation table artifact	experiments/cr_scizor/stage2/features/cache/can/can_demo_10_flip_gripper_t118_m1.00.npz.placeholder.md
experiments/cr_scizor/stage2/features/cache/can/can_demo_10_clean.npz	239489	dataset, feature, index, or evaluation table artifact	experiments/cr_scizor/stage2/features/cache/can/can_demo_10_clean.npz.placeholder.md
experiments/cr_scizor/stage2/features/cache/can/can_demo_109_reverse_motion_t97_m1.00.npz	228401	dataset, feature, index, or evaluation table artifact	experiments/cr_scizor/stage2/features/cache/can/can_demo_109_reverse_motion_t97_m1.00.npz.placeholder.md
experiments/cr_scizor/stage2/features/cache/can/can_demo_10_reverse_motion_t60_m1.00.npz	239489	dataset, feature, index, or evaluation table artifact	experiments/cr_scizor/stage2/features/cache/can/can_demo_10_reverse_motion_t60_m1.00.npz.placeholder.md
experiments/cr_scizor/stage2/features/cache/can/can_demo_10_reverse_motion_t118_m1.00.npz	239489	dataset, feature, index, or evaluation table artifact	experiments/cr_scizor/stage2/features/cache/can/can_demo_10_reverse_motion_t118_m1.00.npz.placeholder.md
experiments/cr_scizor/stage2/features/cache/can/can_demo_10_flip_gripper_t83_m1.00.npz	239489	dataset, feature, index, or evaluation table artifact	experiments/cr_scizor/stage2/features/cache/can/can_demo_10_flip_gripper_t83_m1.00.npz.placeholder.md
experiments/cr_scizor/stage2/features/cache/can/can_demo_109_zero_motion_t97_m1.00.npz	228401	dataset, feature, index, or evaluation table artifact	experiments/cr_scizor/stage2/features/cache/can/can_demo_109_zero_motion_t97_m1.00.npz.placeholder.md
experiments/cr_scizor/stage2/features/cache/can/can_demo_10_zero_motion_t60_m1.00.npz	239489	dataset, feature, index, or evaluation table artifact	experiments/cr_scizor/stage2/features/cache/can/can_demo_10_zero_motion_t60_m1.00.npz.placeholder.md
experiments/cr_scizor/stage2/features/cache/can/can_demo_10_zero_motion_t118_m1.00.npz	239489	dataset, feature, index, or evaluation table artifact	experiments/cr_scizor/stage2/features/cache/can/can_demo_10_zero_motion_t118_m1.00.npz.placeholder.md
experiments/cr_scizor/stage2/features/cache/can/can_demo_10_reverse_motion_t83_m1.00.npz	239489	dataset, feature, index, or evaluation table artifact	experiments/cr_scizor/stage2/features/cache/can/can_demo_10_reverse_motion_t83_m1.00.npz.placeholder.md
experiments/cr_scizor/stage2/features/cache/can/can_demo_10_axis_impulse_t83_m1.00.npz	239489	dataset, feature, index, or evaluation table artifact	experiments/cr_scizor/stage2/features/cache/can/can_demo_10_axis_impulse_t83_m1.00.npz.placeholder.md
experiments/cr_scizor/stage2/features/cache/can/can_demo_110_axis_impulse_t43_m1.00.npz	230249	dataset, feature, index, or evaluation table artifact	experiments/cr_scizor/stage2/features/cache/can/can_demo_110_axis_impulse_t43_m1.00.npz.placeholder.md
experiments/cr_scizor/stage2/features/cache/can/can_demo_110_axis_impulse_t117_m1.00.npz	230249	dataset, feature, index, or evaluation table artifact	experiments/cr_scizor/stage2/features/cache/can/can_demo_110_axis_impulse_t117_m1.00.npz.placeholder.md
experiments/cr_scizor/stage2/features/cache/can/can_demo_10_zero_motion_t83_m1.00.npz	239489	dataset, feature, index, or evaluation table artifact	experiments/cr_scizor/stage2/features/cache/can/can_demo_10_zero_motion_t83_m1.00.npz.placeholder.md
experiments/cr_scizor/stage2/features/cache/can/can_demo_10_flip_gripper_t70_m1.00.npz	239489	dataset, feature, index, or evaluation table artifact	experiments/cr_scizor/stage2/features/cache/can/can_demo_10_flip_gripper_t70_m1.00.npz.placeholder.md
experiments/cr_scizor/stage2/features/cache/can/can_demo_110_flip_gripper_t117_m1.00.npz	230249	dataset, feature, index, or evaluation table artifact	experiments/cr_scizor/stage2/features/cache/can/can_demo_110_flip_gripper_t117_m1.00.npz.placeholder.md
experiments/cr_scizor/stage2/features/cache/can/can_demo_110_clean.npz	230249	dataset, feature, index, or evaluation table artifact	experiments/cr_scizor/stage2/features/cache/can/can_demo_110_clean.npz.placeholder.md
experiments/cr_scizor/stage2/features/cache/can/can_demo_110_axis_impulse_t71_m1.00.npz	230249	dataset, feature, index, or evaluation table artifact	experiments/cr_scizor/stage2/features/cache/can/can_demo_110_axis_impulse_t71_m1.00.npz.placeholder.md
experiments/cr_scizor/stage2/features/cache/can/can_demo_10_reverse_motion_t70_m1.00.npz	239489	dataset, feature, index, or evaluation table artifact	experiments/cr_scizor/stage2/features/cache/can/can_demo_10_reverse_motion_t70_m1.00.npz.placeholder.md
experiments/cr_scizor/stage2/features/cache/can/can_demo_110_reverse_motion_t117_m1.00.npz	230249	dataset, feature, index, or evaluation table artifact	experiments/cr_scizor/stage2/features/cache/can/can_demo_110_reverse_motion_t117_m1.00.npz.placeholder.md
experiments/cr_scizor/stage2/features/cache/can/can_demo_110_flip_gripper_t71_m1.00.npz	230249	dataset, feature, index, or evaluation table artifact	experiments/cr_scizor/stage2/features/cache/can/can_demo_110_flip_gripper_t71_m1.00.npz.placeholder.md
experiments/cr_scizor/stage2/features/cache/can/can_demo_110_flip_gripper_t53_m1.00.npz	230249	dataset, feature, index, or evaluation table artifact	experiments/cr_scizor/stage2/features/cache/can/can_demo_110_flip_gripper_t53_m1.00.npz.placeholder.md
experiments/cr_scizor/stage2/features/cache/can/can_demo_10_zero_motion_t70_m1.00.npz	239489	dataset, feature, index, or evaluation table artifact	experiments/cr_scizor/stage2/features/cache/can/can_demo_10_zero_motion_t70_m1.00.npz.placeholder.md
experiments/cr_scizor/stage2/features/cache/can/can_demo_110_zero_motion_t117_m1.00.npz	230249	dataset, feature, index, or evaluation table artifact	experiments/cr_scizor/stage2/features/cache/can/can_demo_110_zero_motion_t117_m1.00.npz.placeholder.md
experiments/cr_scizor/stage2/features/cache/can/can_demo_110_reverse_motion_t71_m1.00.npz	230249	dataset, feature, index, or evaluation table artifact	experiments/cr_scizor/stage2/features/cache/can/can_demo_110_reverse_motion_t71_m1.00.npz.placeholder.md
experiments/cr_scizor/stage2/features/cache/can/can_demo_110_reverse_motion_t53_m1.00.npz	230249	dataset, feature, index, or evaluation table artifact	experiments/cr_scizor/stage2/features/cache/can/can_demo_110_reverse_motion_t53_m1.00.npz.placeholder.md
experiments/cr_scizor/stage2/features/cache/can/can_demo_110_axis_impulse_t53_m1.00.npz	230249	dataset, feature, index, or evaluation table artifact	experiments/cr_scizor/stage2/features/cache/can/can_demo_110_axis_impulse_t53_m1.00.npz.placeholder.md
experiments/cr_scizor/stage2/features/cache/can/can_demo_111_axis_impulse_t47_m1.00.npz	196985	dataset, feature, index, or evaluation table artifact	experiments/cr_scizor/stage2/features/cache/can/can_demo_111_axis_impulse_t47_m1.00.npz.placeholder.md
experiments/cr_scizor/stage2/features/cache/can/can_demo_110_zero_motion_t71_m1.00.npz	230249	dataset, feature, index, or evaluation table artifact	experiments/cr_scizor/stage2/features/cache/can/can_demo_110_zero_motion_t71_m1.00.npz.placeholder.md
experiments/cr_scizor/stage2/features/cache/can/can_demo_110_zero_motion_t53_m1.00.npz	230249	dataset, feature, index, or evaluation table artifact	experiments/cr_scizor/stage2/features/cache/can/can_demo_110_zero_motion_t53_m1.00.npz.placeholder.md
experiments/cr_scizor/stage2/features/cache/can/can_demo_110_flip_gripper_t43_m1.00.npz	230249	dataset, feature, index, or evaluation table artifact	experiments/cr_scizor/stage2/features/cache/can/can_demo_110_flip_gripper_t43_m1.00.npz.placeholder.md
experiments/cr_scizor/stage2/features/cache/can/can_demo_111_axis_impulse_t93_m1.00.npz	196985	dataset, feature, index, or evaluation table artifact	experiments/cr_scizor/stage2/features/cache/can/can_demo_111_axis_impulse_t93_m1.00.npz.placeholder.md
experiments/cr_scizor/stage2/features/cache/can/can_demo_111_clean.npz	196985	dataset, feature, index, or evaluation table artifact	experiments/cr_scizor/stage2/features/cache/can/can_demo_111_clean.npz.placeholder.md
experiments/cr_scizor/stage2/features/cache/can/can_demo_111_axis_impulse_t77_m1.00.npz	196985	dataset, feature, index, or evaluation table artifact	experiments/cr_scizor/stage2/features/cache/can/can_demo_111_axis_impulse_t77_m1.00.npz.placeholder.md
experiments/cr_scizor/stage2/features/cache/can/can_demo_110_reverse_motion_t43_m1.00.npz	230249	dataset, feature, index, or evaluation table artifact	experiments/cr_scizor/stage2/features/cache/can/can_demo_110_reverse_motion_t43_m1.00.npz.placeholder.md
experiments/cr_scizor/stage2/features/cache/can/can_demo_111_flip_gripper_t77_m1.00.npz	196985	dataset, feature, index, or evaluation table artifact	experiments/cr_scizor/stage2/features/cache/can/can_demo_111_flip_gripper_t77_m1.00.npz.placeholder.md
experiments/cr_scizor/stage2/features/cache/can/can_demo_111_flip_gripper_t93_m1.00.npz	196985	dataset, feature, index, or evaluation table artifact	experiments/cr_scizor/stage2/features/cache/can/can_demo_111_flip_gripper_t93_m1.00.npz.placeholder.md
experiments/cr_scizor/stage2/features/cache/can/can_demo_111_flip_gripper_t57_m1.00.npz	196985	dataset, feature, index, or evaluation table artifact	experiments/cr_scizor/stage2/features/cache/can/can_demo_111_flip_gripper_t57_m1.00.npz.placeholder.md
experiments/cr_scizor/stage2/features/cache/can/can_demo_110_zero_motion_t43_m1.00.npz	230249	dataset, feature, index, or evaluation table artifact	experiments/cr_scizor/stage2/features/cache/can/can_demo_110_zero_motion_t43_m1.00.npz.placeholder.md
experiments/cr_scizor/stage2/features/cache/can/can_demo_111_reverse_motion_t77_m1.00.npz	196985	dataset, feature, index, or evaluation table artifact	experiments/cr_scizor/stage2/features/cache/can/can_demo_111_reverse_motion_t77_m1.00.npz.placeholder.md
experiments/cr_scizor/stage2/features/cache/can/can_demo_111_reverse_motion_t93_m1.00.npz	196985	dataset, feature, index, or evaluation table artifact	experiments/cr_scizor/stage2/features/cache/can/can_demo_111_reverse_motion_t93_m1.00.npz.placeholder.md
experiments/cr_scizor/stage2/features/cache/can/can_demo_111_reverse_motion_t57_m1.00.npz	196985	dataset, feature, index, or evaluation table artifact	experiments/cr_scizor/stage2/features/cache/can/can_demo_111_reverse_motion_t57_m1.00.npz.placeholder.md
experiments/cr_scizor/stage2/features/cache/can/can_demo_111_axis_impulse_t57_m1.00.npz	196985	dataset, feature, index, or evaluation table artifact	experiments/cr_scizor/stage2/features/cache/can/can_demo_111_axis_impulse_t57_m1.00.npz.placeholder.md
experiments/cr_scizor/stage2/features/cache/can/can_demo_111_zero_motion_t77_m1.00.npz	196985	dataset, feature, index, or evaluation table artifact	experiments/cr_scizor/stage2/features/cache/can/can_demo_111_zero_motion_t77_m1.00.npz.placeholder.md
experiments/cr_scizor/stage2/features/cache/can/can_demo_111_zero_motion_t93_m1.00.npz	196985	dataset, feature, index, or evaluation table artifact	experiments/cr_scizor/stage2/features/cache/can/can_demo_111_zero_motion_t93_m1.00.npz.placeholder.md
experiments/cr_scizor/stage2/features/cache/can/can_demo_111_zero_motion_t57_m1.00.npz	196985	dataset, feature, index, or evaluation table artifact	experiments/cr_scizor/stage2/features/cache/can/can_demo_111_zero_motion_t57_m1.00.npz.placeholder.md
experiments/cr_scizor/stage2/features/cache/can/can_demo_111_flip_gripper_t47_m1.00.npz	196985	dataset, feature, index, or evaluation table artifact	experiments/cr_scizor/stage2/features/cache/can/can_demo_111_flip_gripper_t47_m1.00.npz.placeholder.md
experiments/cr_scizor/stage2/features/cache/can/can_demo_112_axis_impulse_t60_m1.00.npz	198833	dataset, feature, index, or evaluation table artifact	experiments/cr_scizor/stage2/features/cache/can/can_demo_112_axis_impulse_t60_m1.00.npz.placeholder.md
experiments/cr_scizor/stage2/features/cache/can/can_demo_112_axis_impulse_t70_m1.00.npz	198833	dataset, feature, index, or evaluation table artifact	experiments/cr_scizor/stage2/features/cache/can/can_demo_112_axis_impulse_t70_m1.00.npz.placeholder.md
experiments/cr_scizor/stage2/features/cache/can/can_demo_112_axis_impulse_t41_m1.00.npz	198833	dataset, feature, index, or evaluation table artifact	experiments/cr_scizor/stage2/features/cache/can/can_demo_112_axis_impulse_t41_m1.00.npz.placeholder.md
experiments/cr_scizor/stage2/features/cache/can/can_demo_111_reverse_motion_t47_m1.00.npz	196985	dataset, feature, index, or evaluation table artifact	experiments/cr_scizor/stage2/features/cache/can/can_demo_111_reverse_motion_t47_m1.00.npz.placeholder.md
experiments/cr_scizor/stage2/features/cache/can/can_demo_112_flip_gripper_t41_m1.00.npz	198833	dataset, feature, index, or evaluation table artifact	experiments/cr_scizor/stage2/features/cache/can/can_demo_112_flip_gripper_t41_m1.00.npz.placeholder.md
experiments/cr_scizor/stage2/features/cache/can/can_demo_112_flip_gripper_t60_m1.00.npz	198833	dataset, feature, index, or evaluation table artifact	experiments/cr_scizor/stage2/features/cache/can/can_demo_112_flip_gripper_t60_m1.00.npz.placeholder.md
experiments/cr_scizor/stage2/features/cache/can/can_demo_112_flip_gripper_t101_m1.00.npz	198833	dataset, feature, index, or evaluation table artifact	experiments/cr_scizor/stage2/features/cache/can/can_demo_112_flip_gripper_t101_m1.00.npz.placeholder.md
experiments/cr_scizor/stage2/features/cache/can/can_demo_111_zero_motion_t47_m1.00.npz	196985	dataset, feature, index, or evaluation table artifact	experiments/cr_scizor/stage2/features/cache/can/can_demo_111_zero_motion_t47_m1.00.npz.placeholder.md
experiments/cr_scizor/stage2/features/cache/can/can_demo_112_reverse_motion_t41_m1.00.npz	198833	dataset, feature, index, or evaluation table artifact	experiments/cr_scizor/stage2/features/cache/can/can_demo_112_reverse_motion_t41_m1.00.npz.placeholder.md
experiments/cr_scizor/stage2/features/cache/can/can_demo_112_reverse_motion_t60_m1.00.npz	198833	dataset, feature, index, or evaluation table artifact	experiments/cr_scizor/stage2/features/cache/can/can_demo_112_reverse_motion_t60_m1.00.npz.placeholder.md
experiments/cr_scizor/stage2/features/cache/can/can_demo_112_reverse_motion_t101_m1.00.npz	198833	dataset, feature, index, or evaluation table artifact	experiments/cr_scizor/stage2/features/cache/can/can_demo_112_reverse_motion_t101_m1.00.npz.placeholder.md
experiments/cr_scizor/stage2/features/cache/can/can_demo_112_axis_impulse_t101_m1.00.npz	198833	dataset, feature, index, or evaluation table artifact	experiments/cr_scizor/stage2/features/cache/can/can_demo_112_axis_impulse_t101_m1.00.npz.placeholder.md
experiments/cr_scizor/stage2/features/cache/can/can_demo_112_zero_motion_t60_m1.00.npz	198833	dataset, feature, index, or evaluation table artifact	experiments/cr_scizor/stage2/features/cache/can/can_demo_112_zero_motion_t60_m1.00.npz.placeholder.md
experiments/cr_scizor/stage2/features/cache/can/can_demo_112_zero_motion_t41_m1.00.npz	198833	dataset, feature, index, or evaluation table artifact	experiments/cr_scizor/stage2/features/cache/can/can_demo_112_zero_motion_t41_m1.00.npz.placeholder.md
experiments/cr_scizor/stage2/features/cache/can/can_demo_112_zero_motion_t101_m1.00.npz	198833	dataset, feature, index, or evaluation table artifact	experiments/cr_scizor/stage2/features/cache/can/can_demo_112_zero_motion_t101_m1.00.npz.placeholder.md
experiments/cr_scizor/stage2/features/cache/can/can_demo_112_clean.npz	198833	dataset, feature, index, or evaluation table artifact	experiments/cr_scizor/stage2/features/cache/can/can_demo_112_clean.npz.placeholder.md
experiments/cr_scizor/stage2/features/cache/can/can_demo_113_axis_impulse_t58_m1.00.npz	213617	dataset, feature, index, or evaluation table artifact	experiments/cr_scizor/stage2/features/cache/can/can_demo_113_axis_impulse_t58_m1.00.npz.placeholder.md
experiments/cr_scizor/stage2/features/cache/can/can_demo_113_axis_impulse_t10_m1.00.npz	213617	dataset, feature, index, or evaluation table artifact	experiments/cr_scizor/stage2/features/cache/can/can_demo_113_axis_impulse_t10_m1.00.npz.placeholder.md
experiments/cr_scizor/stage2/features/cache/can/can_demo_113_axis_impulse_t101_m1.00.npz	213617	dataset, feature, index, or evaluation table artifact	experiments/cr_scizor/stage2/features/cache/can/can_demo_113_axis_impulse_t101_m1.00.npz.placeholder.md
experiments/cr_scizor/stage2/features/cache/can/can_demo_112_flip_gripper_t70_m1.00.npz	198833	dataset, feature, index, or evaluation table artifact	experiments/cr_scizor/stage2/features/cache/can/can_demo_112_flip_gripper_t70_m1.00.npz.placeholder.md
experiments/cr_scizor/stage2/features/cache/can/can_demo_113_flip_gripper_t101_m1.00.npz	213617	dataset, feature, index, or evaluation table artifact	experiments/cr_scizor/stage2/features/cache/can/can_demo_113_flip_gripper_t101_m1.00.npz.placeholder.md
experiments/cr_scizor/stage2/features/cache/can/can_demo_113_flip_gripper_t10_m1.00.npz	213617	dataset, feature, index, or evaluation table artifact	experiments/cr_scizor/stage2/features/cache/can/can_demo_113_flip_gripper_t10_m1.00.npz.placeholder.md
experiments/cr_scizor/stage2/features/cache/can/can_demo_113_clean.npz	213617	dataset, feature, index, or evaluation table artifact	experiments/cr_scizor/stage2/features/cache/can/can_demo_113_clean.npz.placeholder.md
experiments/cr_scizor/stage2/features/cache/can/can_demo_112_reverse_motion_t70_m1.00.npz	198833	dataset, feature, index, or evaluation table artifact	experiments/cr_scizor/stage2/features/cache/can/can_demo_112_reverse_motion_t70_m1.00.npz.placeholder.md
experiments/cr_scizor/stage2/features/cache/can/can_demo_113_reverse_motion_t101_m1.00.npz	213617	dataset, feature, index, or evaluation table artifact	experiments/cr_scizor/stage2/features/cache/can/can_demo_113_reverse_motion_t101_m1.00.npz.placeholder.md
experiments/cr_scizor/stage2/features/cache/can/can_demo_113_reverse_motion_t10_m1.00.npz	213617	dataset, feature, index, or evaluation table artifact	experiments/cr_scizor/stage2/features/cache/can/can_demo_113_reverse_motion_t10_m1.00.npz.placeholder.md
experiments/cr_scizor/stage2/features/cache/can/can_demo_113_flip_gripper_t85_m1.00.npz	213617	dataset, feature, index, or evaluation table artifact	experiments/cr_scizor/stage2/features/cache/can/can_demo_113_flip_gripper_t85_m1.00.npz.placeholder.md
experiments/cr_scizor/stage2/features/cache/can/can_demo_112_zero_motion_t70_m1.00.npz	198833	dataset, feature, index, or evaluation table artifact	experiments/cr_scizor/stage2/features/cache/can/can_demo_112_zero_motion_t70_m1.00.npz.placeholder.md
experiments/cr_scizor/stage2/features/cache/can/can_demo_113_zero_motion_t10_m1.00.npz	213617	dataset, feature, index, or evaluation table artifact	experiments/cr_scizor/stage2/features/cache/can/can_demo_113_zero_motion_t10_m1.00.npz.placeholder.md
experiments/cr_scizor/stage2/features/cache/can/can_demo_113_zero_motion_t101_m1.00.npz	213617	dataset, feature, index, or evaluation table artifact	experiments/cr_scizor/stage2/features/cache/can/can_demo_113_zero_motion_t101_m1.00.npz.placeholder.md
experiments/cr_scizor/stage2/features/cache/can/can_demo_113_reverse_motion_t85_m1.00.npz	213617	dataset, feature, index, or evaluation table artifact	experiments/cr_scizor/stage2/features/cache/can/can_demo_113_reverse_motion_t85_m1.00.npz.placeholder.md
experiments/cr_scizor/stage2/features/cache/can/can_demo_113_axis_impulse_t85_m1.00.npz	213617	dataset, feature, index, or evaluation table artifact	experiments/cr_scizor/stage2/features/cache/can/can_demo_113_axis_impulse_t85_m1.00.npz.placeholder.md
experiments/cr_scizor/stage2/features/cache/can/can_demo_114_axis_impulse_t59_m1.00.npz	230249	dataset, feature, index, or evaluation table artifact	experiments/cr_scizor/stage2/features/cache/can/can_demo_114_axis_impulse_t59_m1.00.npz.placeholder.md
experiments/cr_scizor/stage2/features/cache/can/can_demo_114_axis_impulse_t110_m1.00.npz	230249	dataset, feature, index, or evaluation table artifact	experiments/cr_scizor/stage2/features/cache/can/can_demo_114_axis_impulse_t110_m1.00.npz.placeholder.md
experiments/cr_scizor/stage2/features/cache/can/can_demo_113_zero_motion_t85_m1.00.npz	213617	dataset, feature, index, or evaluation table artifact	experiments/cr_scizor/stage2/features/cache/can/can_demo_113_zero_motion_t85_m1.00.npz.placeholder.md
experiments/cr_scizor/stage2/features/cache/can/can_demo_113_flip_gripper_t58_m1.00.npz	213617	dataset, feature, index, or evaluation table artifact	experiments/cr_scizor/stage2/features/cache/can/can_demo_113_flip_gripper_t58_m1.00.npz.placeholder.md
experiments/cr_scizor/stage2/features/cache/can/can_demo_114_flip_gripper_t110_m1.00.npz	230249	dataset, feature, index, or evaluation table artifact	experiments/cr_scizor/stage2/features/cache/can/can_demo_114_flip_gripper_t110_m1.00.npz.placeholder.md
experiments/cr_scizor/stage2/features/cache/can/can_demo_114_clean.npz	230249	dataset, feature, index, or evaluation table artifact	experiments/cr_scizor/stage2/features/cache/can/can_demo_114_clean.npz.placeholder.md
experiments/cr_scizor/stage2/features/cache/can/can_demo_114_axis_impulse_t99_m1.00.npz	230249	dataset, feature, index, or evaluation table artifact	experiments/cr_scizor/stage2/features/cache/can/can_demo_114_axis_impulse_t99_m1.00.npz.placeholder.md
experiments/cr_scizor/stage2/features/cache/can/can_demo_113_reverse_motion_t58_m1.00.npz	213617	dataset, feature, index, or evaluation table artifact	experiments/cr_scizor/stage2/features/cache/can/can_demo_113_reverse_motion_t58_m1.00.npz.placeholder.md
experiments/cr_scizor/stage2/features/cache/can/can_demo_114_reverse_motion_t110_m1.00.npz	230249	dataset, feature, index, or evaluation table artifact	experiments/cr_scizor/stage2/features/cache/can/can_demo_114_reverse_motion_t110_m1.00.npz.placeholder.md
experiments/cr_scizor/stage2/features/cache/can/can_demo_114_flip_gripper_t99_m1.00.npz	230249	dataset, feature, index, or evaluation table artifact	experiments/cr_scizor/stage2/features/cache/can/can_demo_114_flip_gripper_t99_m1.00.npz.placeholder.md
experiments/cr_scizor/stage2/features/cache/can/can_demo_114_flip_gripper_t69_m1.00.npz	230249	dataset, feature, index, or evaluation table artifact	experiments/cr_scizor/stage2/features/cache/can/can_demo_114_flip_gripper_t69_m1.00.npz.placeholder.md
experiments/cr_scizor/stage2/features/cache/can/can_demo_113_zero_motion_t58_m1.00.npz	213617	dataset, feature, index, or evaluation table artifact	experiments/cr_scizor/stage2/features/cache/can/can_demo_113_zero_motion_t58_m1.00.npz.placeholder.md
experiments/cr_scizor/stage2/features/cache/can/can_demo_114_zero_motion_t110_m1.00.npz	230249	dataset, feature, index, or evaluation table artifact	experiments/cr_scizor/stage2/features/cache/can/can_demo_114_zero_motion_t110_m1.00.npz.placeholder.md
experiments/cr_scizor/stage2/features/cache/can/can_demo_114_reverse_motion_t99_m1.00.npz	230249	dataset, feature, index, or evaluation table artifact	experiments/cr_scizor/stage2/features/cache/can/can_demo_114_reverse_motion_t99_m1.00.npz.placeholder.md
experiments/cr_scizor/stage2/features/cache/can/can_demo_114_reverse_motion_t69_m1.00.npz	230249	dataset, feature, index, or evaluation table artifact	experiments/cr_scizor/stage2/features/cache/can/can_demo_114_reverse_motion_t69_m1.00.npz.placeholder.md
experiments/cr_scizor/stage2/features/cache/can/can_demo_114_axis_impulse_t69_m1.00.npz	230249	dataset, feature, index, or evaluation table artifact	experiments/cr_scizor/stage2/features/cache/can/can_demo_114_axis_impulse_t69_m1.00.npz.placeholder.md
experiments/cr_scizor/stage2/features/cache/can/can_demo_115_axis_impulse_t44_m1.00.npz	195137	dataset, feature, index, or evaluation table artifact	experiments/cr_scizor/stage2/features/cache/can/can_demo_115_axis_impulse_t44_m1.00.npz.placeholder.md
experiments/cr_scizor/stage2/features/cache/can/can_demo_114_zero_motion_t99_m1.00.npz	230249	dataset, feature, index, or evaluation table artifact	experiments/cr_scizor/stage2/features/cache/can/can_demo_114_zero_motion_t99_m1.00.npz.placeholder.md
experiments/cr_scizor/stage2/features/cache/can/can_demo_114_zero_motion_t69_m1.00.npz	230249	dataset, feature, index, or evaluation table artifact	experiments/cr_scizor/stage2/features/cache/can/can_demo_114_zero_motion_t69_m1.00.npz.placeholder.md
experiments/cr_scizor/stage2/features/cache/can/can_demo_114_flip_gripper_t59_m1.00.npz	230249	dataset, feature, index, or evaluation table artifact	experiments/cr_scizor/stage2/features/cache/can/can_demo_114_flip_gripper_t59_m1.00.npz.placeholder.md
experiments/cr_scizor/stage2/features/cache/can/can_demo_115_clean.npz	195137	dataset, feature, index, or evaluation table artifact	experiments/cr_scizor/stage2/features/cache/can/can_demo_115_clean.npz.placeholder.md
experiments/cr_scizor/stage2/features/cache/can/can_demo_115_axis_impulse_t91_m1.00.npz	195137	dataset, feature, index, or evaluation table artifact	experiments/cr_scizor/stage2/features/cache/can/can_demo_115_axis_impulse_t91_m1.00.npz.placeholder.md
experiments/cr_scizor/stage2/features/cache/can/can_demo_115_axis_impulse_t77_m1.00.npz	195137	dataset, feature, index, or evaluation table artifact	experiments/cr_scizor/stage2/features/cache/can/can_demo_115_axis_impulse_t77_m1.00.npz.placeholder.md
experiments/cr_scizor/stage2/features/cache/can/can_demo_114_reverse_motion_t59_m1.00.npz	230249	dataset, feature, index, or evaluation table artifact	experiments/cr_scizor/stage2/features/cache/can/can_demo_114_reverse_motion_t59_m1.00.npz.placeholder.md
experiments/cr_scizor/stage2/features/cache/can/can_demo_115_flip_gripper_t91_m1.00.npz	195137	dataset, feature, index, or evaluation table artifact	experiments/cr_scizor/stage2/features/cache/can/can_demo_115_flip_gripper_t91_m1.00.npz.placeholder.md
experiments/cr_scizor/stage2/features/cache/can/can_demo_115_flip_gripper_t77_m1.00.npz	195137	dataset, feature, index, or evaluation table artifact	experiments/cr_scizor/stage2/features/cache/can/can_demo_115_flip_gripper_t77_m1.00.npz.placeholder.md
experiments/cr_scizor/stage2/features/cache/can/can_demo_115_flip_gripper_t54_m1.00.npz	195137	dataset, feature, index, or evaluation table artifact	experiments/cr_scizor/stage2/features/cache/can/can_demo_115_flip_gripper_t54_m1.00.npz.placeholder.md
experiments/cr_scizor/stage2/features/cache/can/can_demo_114_zero_motion_t59_m1.00.npz	230249	dataset, feature, index, or evaluation table artifact	experiments/cr_scizor/stage2/features/cache/can/can_demo_114_zero_motion_t59_m1.00.npz.placeholder.md
experiments/cr_scizor/stage2/features/cache/can/can_demo_115_reverse_motion_t91_m1.00.npz	195137	dataset, feature, index, or evaluation table artifact	experiments/cr_scizor/stage2/features/cache/can/can_demo_115_reverse_motion_t91_m1.00.npz.placeholder.md
experiments/cr_scizor/stage2/features/cache/can/can_demo_115_reverse_motion_t77_m1.00.npz	195137	dataset, feature, index, or evaluation table artifact	experiments/cr_scizor/stage2/features/cache/can/can_demo_115_reverse_motion_t77_m1.00.npz.placeholder.md
experiments/cr_scizor/stage2/features/cache/can/can_demo_115_reverse_motion_t54_m1.00.npz	195137	dataset, feature, index, or evaluation table artifact	experiments/cr_scizor/stage2/features/cache/can/can_demo_115_reverse_motion_t54_m1.00.npz.placeholder.md
experiments/cr_scizor/stage2/features/cache/can/can_demo_115_axis_impulse_t54_m1.00.npz	195137	dataset, feature, index, or evaluation table artifact	experiments/cr_scizor/stage2/features/cache/can/can_demo_115_axis_impulse_t54_m1.00.npz.placeholder.md
experiments/cr_scizor/stage2/features/cache/can/can_demo_115_zero_motion_t91_m1.00.npz	195137	dataset, feature, index, or evaluation table artifact	experiments/cr_scizor/stage2/features/cache/can/can_demo_115_zero_motion_t91_m1.00.npz.placeholder.md
experiments/cr_scizor/stage2/features/cache/can/can_demo_115_zero_motion_t77_m1.00.npz	195137	dataset, feature, index, or evaluation table artifact	experiments/cr_scizor/stage2/features/cache/can/can_demo_115_zero_motion_t77_m1.00.npz.placeholder.md
experiments/cr_scizor/stage2/features/cache/can/can_demo_115_zero_motion_t54_m1.00.npz	195137	dataset, feature, index, or evaluation table artifact	experiments/cr_scizor/stage2/features/cache/can/can_demo_115_zero_motion_t54_m1.00.npz.placeholder.md
experiments/cr_scizor/stage2/features/cache/can/can_demo_116_axis_impulse_t76_m1.00.npz	152633	dataset, feature, index, or evaluation table artifact	experiments/cr_scizor/stage2/features/cache/can/can_demo_116_axis_impulse_t76_m1.00.npz.placeholder.md
experiments/cr_scizor/stage2/features/cache/can/can_demo_115_flip_gripper_t44_m1.00.npz	195137	dataset, feature, index, or evaluation table artifact	experiments/cr_scizor/stage2/features/cache/can/can_demo_115_flip_gripper_t44_m1.00.npz.placeholder.md
experiments/cr_scizor/stage2/features/cache/can/can_demo_116_axis_impulse_t57_m1.00.npz	152633	dataset, feature, index, or evaluation table artifact	experiments/cr_scizor/stage2/features/cache/can/can_demo_116_axis_impulse_t57_m1.00.npz.placeholder.md
experiments/cr_scizor/stage2/features/cache/can/can_demo_116_axis_impulse_t47_m1.00.npz	152633	dataset, feature, index, or evaluation table artifact	experiments/cr_scizor/stage2/features/cache/can/can_demo_116_axis_impulse_t47_m1.00.npz.placeholder.md
experiments/cr_scizor/stage2/features/cache/can/can_demo_116_flip_gripper_t57_m1.00.npz	152633	dataset, feature, index, or evaluation table artifact	experiments/cr_scizor/stage2/features/cache/can/can_demo_116_flip_gripper_t57_m1.00.npz.placeholder.md
experiments/cr_scizor/stage2/features/cache/can/can_demo_115_reverse_motion_t44_m1.00.npz	195137	dataset, feature, index, or evaluation table artifact	experiments/cr_scizor/stage2/features/cache/can/can_demo_115_reverse_motion_t44_m1.00.npz.placeholder.md
experiments/cr_scizor/stage2/features/cache/can/can_demo_116_flip_gripper_t47_m1.00.npz	152633	dataset, feature, index, or evaluation table artifact	experiments/cr_scizor/stage2/features/cache/can/can_demo_116_flip_gripper_t47_m1.00.npz.placeholder.md
experiments/cr_scizor/stage2/features/cache/can/can_demo_116_flip_gripper_t30_m1.00.npz	152633	dataset, feature, index, or evaluation table artifact	experiments/cr_scizor/stage2/features/cache/can/can_demo_116_flip_gripper_t30_m1.00.npz.placeholder.md
experiments/cr_scizor/stage2/features/cache/can/can_demo_116_reverse_motion_t57_m1.00.npz	152633	dataset, feature, index, or evaluation table artifact	experiments/cr_scizor/stage2/features/cache/can/can_demo_116_reverse_motion_t57_m1.00.npz.placeholder.md
experiments/cr_scizor/stage2/features/cache/can/can_demo_116_reverse_motion_t47_m1.00.npz	152633	dataset, feature, index, or evaluation table artifact	experiments/cr_scizor/stage2/features/cache/can/can_demo_116_reverse_motion_t47_m1.00.npz.placeholder.md
experiments/cr_scizor/stage2/features/cache/can/can_demo_116_reverse_motion_t30_m1.00.npz	152633	dataset, feature, index, or evaluation table artifact	experiments/cr_scizor/stage2/features/cache/can/can_demo_116_reverse_motion_t30_m1.00.npz.placeholder.md
experiments/cr_scizor/stage2/features/cache/can/can_demo_115_zero_motion_t44_m1.00.npz	195137	dataset, feature, index, or evaluation table artifact	experiments/cr_scizor/stage2/features/cache/can/can_demo_115_zero_motion_t44_m1.00.npz.placeholder.md
experiments/cr_scizor/stage2/features/cache/can/can_demo_116_zero_motion_t57_m1.00.npz	152633	dataset, feature, index, or evaluation table artifact	experiments/cr_scizor/stage2/features/cache/can/can_demo_116_zero_motion_t57_m1.00.npz.placeholder.md
experiments/cr_scizor/stage2/features/cache/can/can_demo_116_zero_motion_t47_m1.00.npz	152633	dataset, feature, index, or evaluation table artifact	experiments/cr_scizor/stage2/features/cache/can/can_demo_116_zero_motion_t47_m1.00.npz.placeholder.md
experiments/cr_scizor/stage2/features/cache/can/can_demo_116_zero_motion_t30_m1.00.npz	152633	dataset, feature, index, or evaluation table artifact	experiments/cr_scizor/stage2/features/cache/can/can_demo_116_zero_motion_t30_m1.00.npz.placeholder.md
experiments/cr_scizor/stage2/features/cache/can/can_demo_116_axis_impulse_t30_m1.00.npz	152633	dataset, feature, index, or evaluation table artifact	experiments/cr_scizor/stage2/features/cache/can/can_demo_116_axis_impulse_t30_m1.00.npz.placeholder.md
experiments/cr_scizor/stage2/features/cache/can/can_demo_117_axis_impulse_t85_m1.00.npz	237641	dataset, feature, index, or evaluation table artifact	experiments/cr_scizor/stage2/features/cache/can/can_demo_117_axis_impulse_t85_m1.00.npz.placeholder.md
experiments/cr_scizor/stage2/features/cache/can/can_demo_116_clean.npz	152633	dataset, feature, index, or evaluation table artifact	experiments/cr_scizor/stage2/features/cache/can/can_demo_116_clean.npz.placeholder.md
experiments/cr_scizor/stage2/features/cache/can/can_demo_117_axis_impulse_t64_m1.00.npz	237641	dataset, feature, index, or evaluation table artifact	experiments/cr_scizor/stage2/features/cache/can/can_demo_117_axis_impulse_t64_m1.00.npz.placeholder.md
experiments/cr_scizor/stage2/features/cache/can/can_demo_117_axis_impulse_t115_m1.00.npz	237641	dataset, feature, index, or evaluation table artifact	experiments/cr_scizor/stage2/features/cache/can/can_demo_117_axis_impulse_t115_m1.00.npz.placeholder.md
experiments/cr_scizor/stage2/features/cache/can/can_demo_116_flip_gripper_t76_m1.00.npz	152633	dataset, feature, index, or evaluation table artifact	experiments/cr_scizor/stage2/features/cache/can/can_demo_116_flip_gripper_t76_m1.00.npz.placeholder.md
experiments/cr_scizor/stage2/features/cache/can/can_demo_117_flip_gripper_t115_m1.00.npz	237641	dataset, feature, index, or evaluation table artifact	experiments/cr_scizor/stage2/features/cache/can/can_demo_117_flip_gripper_t115_m1.00.npz.placeholder.md
experiments/cr_scizor/stage2/features/cache/can/can_demo_117_flip_gripper_t64_m1.00.npz	237641	dataset, feature, index, or evaluation table artifact	experiments/cr_scizor/stage2/features/cache/can/can_demo_117_flip_gripper_t64_m1.00.npz.placeholder.md
experiments/cr_scizor/stage2/features/cache/can/can_demo_117_clean.npz	237641	dataset, feature, index, or evaluation table artifact	experiments/cr_scizor/stage2/features/cache/can/can_demo_117_clean.npz.placeholder.md
experiments/cr_scizor/stage2/features/cache/can/can_demo_116_reverse_motion_t76_m1.00.npz	152633	dataset, feature, index, or evaluation table artifact	experiments/cr_scizor/stage2/features/cache/can/can_demo_116_reverse_motion_t76_m1.00.npz.placeholder.md
experiments/cr_scizor/stage2/features/cache/can/can_demo_117_reverse_motion_t115_m1.00.npz	237641	dataset, feature, index, or evaluation table artifact	experiments/cr_scizor/stage2/features/cache/can/can_demo_117_reverse_motion_t115_m1.00.npz.placeholder.md
experiments/cr_scizor/stage2/features/cache/can/can_demo_116_zero_motion_t76_m1.00.npz	152633	dataset, feature, index, or evaluation table artifact	experiments/cr_scizor/stage2/features/cache/can/can_demo_116_zero_motion_t76_m1.00.npz.placeholder.md
experiments/cr_scizor/stage2/features/cache/can/can_demo_117_flip_gripper_t95_m1.00.npz	237641	dataset, feature, index, or evaluation table artifact	experiments/cr_scizor/stage2/features/cache/can/can_demo_117_flip_gripper_t95_m1.00.npz.placeholder.md
experiments/cr_scizor/stage2/features/cache/can/can_demo_117_reverse_motion_t64_m1.00.npz	237641	dataset, feature, index, or evaluation table artifact	experiments/cr_scizor/stage2/features/cache/can/can_demo_117_reverse_motion_t64_m1.00.npz.placeholder.md
experiments/cr_scizor/stage2/features/cache/can/can_demo_117_zero_motion_t115_m1.00.npz	237641	dataset, feature, index, or evaluation table artifact	experiments/cr_scizor/stage2/features/cache/can/can_demo_117_zero_motion_t115_m1.00.npz.placeholder.md
experiments/cr_scizor/stage2/features/cache/can/can_demo_117_axis_impulse_t95_m1.00.npz	237641	dataset, feature, index, or evaluation table artifact	experiments/cr_scizor/stage2/features/cache/can/can_demo_117_axis_impulse_t95_m1.00.npz.placeholder.md
experiments/cr_scizor/stage2/features/cache/can/can_demo_117_reverse_motion_t95_m1.00.npz	237641	dataset, feature, index, or evaluation table artifact	experiments/cr_scizor/stage2/features/cache/can/can_demo_117_reverse_motion_t95_m1.00.npz.placeholder.md
experiments/cr_scizor/stage2/features/cache/can/can_demo_117_zero_motion_t64_m1.00.npz	237641	dataset, feature, index, or evaluation table artifact	experiments/cr_scizor/stage2/features/cache/can/can_demo_117_zero_motion_t64_m1.00.npz.placeholder.md
experiments/cr_scizor/stage2/features/cache/can/can_demo_118_axis_impulse_t32_m1.00.npz	158177	dataset, feature, index, or evaluation table artifact	experiments/cr_scizor/stage2/features/cache/can/can_demo_118_axis_impulse_t32_m1.00.npz.placeholder.md
experiments/cr_scizor/stage2/features/cache/can/can_demo_117_flip_gripper_t85_m1.00.npz	237641	dataset, feature, index, or evaluation table artifact	experiments/cr_scizor/stage2/features/cache/can/can_demo_117_flip_gripper_t85_m1.00.npz.placeholder.md
experiments/cr_scizor/stage2/features/cache/can/can_demo_118_clean.npz	158177	dataset, feature, index, or evaluation table artifact	experiments/cr_scizor/stage2/features/cache/can/can_demo_118_clean.npz.placeholder.md
experiments/cr_scizor/stage2/features/cache/can/can_demo_117_zero_motion_t95_m1.00.npz	237641	dataset, feature, index, or evaluation table artifact	experiments/cr_scizor/stage2/features/cache/can/can_demo_117_zero_motion_t95_m1.00.npz.placeholder.md
experiments/cr_scizor/stage2/features/cache/can/can_demo_118_axis_impulse_t42_m1.00.npz	158177	dataset, feature, index, or evaluation table artifact	experiments/cr_scizor/stage2/features/cache/can/can_demo_118_axis_impulse_t42_m1.00.npz.placeholder.md
experiments/cr_scizor/stage2/features/cache/can/can_demo_118_flip_gripper_t78_m1.00.npz	158177	dataset, feature, index, or evaluation table artifact	experiments/cr_scizor/stage2/features/cache/can/can_demo_118_flip_gripper_t78_m1.00.npz.placeholder.md
experiments/cr_scizor/stage2/features/cache/can/can_demo_117_reverse_motion_t85_m1.00.npz	237641	dataset, feature, index, or evaluation table artifact	experiments/cr_scizor/stage2/features/cache/can/can_demo_117_reverse_motion_t85_m1.00.npz.placeholder.md
experiments/cr_scizor/stage2/features/cache/can/can_demo_118_axis_impulse_t78_m1.00.npz	158177	dataset, feature, index, or evaluation table artifact	experiments/cr_scizor/stage2/features/cache/can/can_demo_118_axis_impulse_t78_m1.00.npz.placeholder.md
experiments/cr_scizor/stage2/features/cache/can/can_demo_118_reverse_motion_t78_m1.00.npz	158177	dataset, feature, index, or evaluation table artifact	experiments/cr_scizor/stage2/features/cache/can/can_demo_118_reverse_motion_t78_m1.00.npz.placeholder.md
experiments/cr_scizor/stage2/features/cache/can/can_demo_118_flip_gripper_t32_m1.00.npz	158177	dataset, feature, index, or evaluation table artifact	experiments/cr_scizor/stage2/features/cache/can/can_demo_118_flip_gripper_t32_m1.00.npz.placeholder.md
experiments/cr_scizor/stage2/features/cache/can/can_demo_118_flip_gripper_t53_m1.00.npz	158177	dataset, feature, index, or evaluation table artifact	experiments/cr_scizor/stage2/features/cache/can/can_demo_118_flip_gripper_t53_m1.00.npz.placeholder.md
experiments/cr_scizor/stage2/features/cache/can/can_demo_117_zero_motion_t85_m1.00.npz	237641	dataset, feature, index, or evaluation table artifact	experiments/cr_scizor/stage2/features/cache/can/can_demo_117_zero_motion_t85_m1.00.npz.placeholder.md
experiments/cr_scizor/stage2/features/cache/can/can_demo_118_zero_motion_t78_m1.00.npz	158177	dataset, feature, index, or evaluation table artifact	experiments/cr_scizor/stage2/features/cache/can/can_demo_118_zero_motion_t78_m1.00.npz.placeholder.md
experiments/cr_scizor/stage2/features/cache/can/can_demo_118_reverse_motion_t53_m1.00.npz	158177	dataset, feature, index, or evaluation table artifact	experiments/cr_scizor/stage2/features/cache/can/can_demo_118_reverse_motion_t53_m1.00.npz.placeholder.md
experiments/cr_scizor/stage2/features/cache/can/can_demo_118_reverse_motion_t32_m1.00.npz	158177	dataset, feature, index, or evaluation table artifact	experiments/cr_scizor/stage2/features/cache/can/can_demo_118_reverse_motion_t32_m1.00.npz.placeholder.md
experiments/cr_scizor/stage2/features/cache/can/can_demo_118_axis_impulse_t53_m1.00.npz	158177	dataset, feature, index, or evaluation table artifact	experiments/cr_scizor/stage2/features/cache/can/can_demo_118_axis_impulse_t53_m1.00.npz.placeholder.md
experiments/cr_scizor/stage2/features/cache/can/can_demo_118_zero_motion_t53_m1.00.npz	158177	dataset, feature, index, or evaluation table artifact	experiments/cr_scizor/stage2/features/cache/can/can_demo_118_zero_motion_t53_m1.00.npz.placeholder.md
experiments/cr_scizor/stage2/features/cache/can/can_demo_119_axis_impulse_t86_m1.00.npz	222857	dataset, feature, index, or evaluation table artifact	experiments/cr_scizor/stage2/features/cache/can/can_demo_119_axis_impulse_t86_m1.00.npz.placeholder.md
experiments/cr_scizor/stage2/features/cache/can/can_demo_118_flip_gripper_t42_m1.00.npz	158177	dataset, feature, index, or evaluation table artifact	experiments/cr_scizor/stage2/features/cache/can/can_demo_118_flip_gripper_t42_m1.00.npz.placeholder.md
experiments/cr_scizor/stage2/features/cache/can/can_demo_118_zero_motion_t32_m1.00.npz	158177	dataset, feature, index, or evaluation table artifact	experiments/cr_scizor/stage2/features/cache/can/can_demo_118_zero_motion_t32_m1.00.npz.placeholder.md
experiments/cr_scizor/stage2/features/cache/can/can_demo_119_axis_impulse_t64_m1.00.npz	222857	dataset, feature, index, or evaluation table artifact	experiments/cr_scizor/stage2/features/cache/can/can_demo_119_axis_impulse_t64_m1.00.npz.placeholder.md
experiments/cr_scizor/stage2/features/cache/can/can_demo_118_reverse_motion_t42_m1.00.npz	158177	dataset, feature, index, or evaluation table artifact	experiments/cr_scizor/stage2/features/cache/can/can_demo_118_reverse_motion_t42_m1.00.npz.placeholder.md
experiments/cr_scizor/stage2/features/cache/can/can_demo_119_flip_gripper_t64_m1.00.npz	222857	dataset, feature, index, or evaluation table artifact	experiments/cr_scizor/stage2/features/cache/can/can_demo_119_flip_gripper_t64_m1.00.npz.placeholder.md
experiments/cr_scizor/stage2/features/cache/can/can_demo_119_axis_impulse_t106_m1.00.npz	222857	dataset, feature, index, or evaluation table artifact	experiments/cr_scizor/stage2/features/cache/can/can_demo_119_axis_impulse_t106_m1.00.npz.placeholder.md
experiments/cr_scizor/stage2/features/cache/can/can_demo_118_zero_motion_t42_m1.00.npz	158177	dataset, feature, index, or evaluation table artifact	experiments/cr_scizor/stage2/features/cache/can/can_demo_118_zero_motion_t42_m1.00.npz.placeholder.md
experiments/cr_scizor/stage2/features/cache/can/can_demo_119_flip_gripper_t54_m1.00.npz	222857	dataset, feature, index, or evaluation table artifact	experiments/cr_scizor/stage2/features/cache/can/can_demo_119_flip_gripper_t54_m1.00.npz.placeholder.md
experiments/cr_scizor/stage2/features/cache/can/can_demo_119_reverse_motion_t64_m1.00.npz	222857	dataset, feature, index, or evaluation table artifact	experiments/cr_scizor/stage2/features/cache/can/can_demo_119_reverse_motion_t64_m1.00.npz.placeholder.md
experiments/cr_scizor/stage2/features/cache/can/can_demo_119_clean.npz	222857	dataset, feature, index, or evaluation table artifact	experiments/cr_scizor/stage2/features/cache/can/can_demo_119_clean.npz.placeholder.md
experiments/cr_scizor/stage2/features/cache/can/can_demo_119_axis_impulse_t54_m1.00.npz	222857	dataset, feature, index, or evaluation table artifact	experiments/cr_scizor/stage2/features/cache/can/can_demo_119_axis_impulse_t54_m1.00.npz.placeholder.md
experiments/cr_scizor/stage2/features/cache/can/can_demo_119_reverse_motion_t54_m1.00.npz	222857	dataset, feature, index, or evaluation table artifact	experiments/cr_scizor/stage2/features/cache/can/can_demo_119_reverse_motion_t54_m1.00.npz.placeholder.md
experiments/cr_scizor/stage2/features/cache/can/can_demo_119_zero_motion_t64_m1.00.npz	222857	dataset, feature, index, or evaluation table artifact	experiments/cr_scizor/stage2/features/cache/can/can_demo_119_zero_motion_t64_m1.00.npz.placeholder.md
experiments/cr_scizor/stage2/features/cache/can/can_demo_119_flip_gripper_t86_m1.00.npz	222857	dataset, feature, index, or evaluation table artifact	experiments/cr_scizor/stage2/features/cache/can/can_demo_119_flip_gripper_t86_m1.00.npz.placeholder.md
experiments/cr_scizor/stage2/features/cache/can/can_demo_119_flip_gripper_t106_m1.00.npz	222857	dataset, feature, index, or evaluation table artifact	experiments/cr_scizor/stage2/features/cache/can/can_demo_119_flip_gripper_t106_m1.00.npz.placeholder.md
experiments/cr_scizor/stage2/features/cache/can/can_demo_119_zero_motion_t54_m1.00.npz	222857	dataset, feature, index, or evaluation table artifact	experiments/cr_scizor/stage2/features/cache/can/can_demo_119_zero_motion_t54_m1.00.npz.placeholder.md
experiments/cr_scizor/stage2/features/cache/can/can_demo_11_axis_impulse_t74_m1.00.npz	174809	dataset, feature, index, or evaluation table artifact	experiments/cr_scizor/stage2/features/cache/can/can_demo_11_axis_impulse_t74_m1.00.npz.placeholder.md
experiments/cr_scizor/stage2/features/cache/can/can_demo_11_axis_impulse_t48_m1.00.npz	174809	dataset, feature, index, or evaluation table artifact	experiments/cr_scizor/stage2/features/cache/can/can_demo_11_axis_impulse_t48_m1.00.npz.placeholder.md
experiments/cr_scizor/stage2/features/cache/can/can_demo_119_reverse_motion_t106_m1.00.npz	222857	dataset, feature, index, or evaluation table artifact	experiments/cr_scizor/stage2/features/cache/can/can_demo_119_reverse_motion_t106_m1.00.npz.placeholder.md
experiments/cr_scizor/stage2/features/cache/can/can_demo_11_flip_gripper_t48_m1.00.npz	174809	dataset, feature, index, or evaluation table artifact	experiments/cr_scizor/stage2/features/cache/can/can_demo_11_flip_gripper_t48_m1.00.npz.placeholder.md
experiments/cr_scizor/stage2/features/cache/can/can_demo_119_reverse_motion_t86_m1.00.npz	222857	dataset, feature, index, or evaluation table artifact	experiments/cr_scizor/stage2/features/cache/can/can_demo_119_reverse_motion_t86_m1.00.npz.placeholder.md
experiments/cr_scizor/stage2/features/cache/can/can_demo_11_flip_gripper_t38_m1.00.npz	174809	dataset, feature, index, or evaluation table artifact	experiments/cr_scizor/stage2/features/cache/can/can_demo_11_flip_gripper_t38_m1.00.npz.placeholder.md
experiments/cr_scizor/stage2/features/cache/can/can_demo_11_reverse_motion_t48_m1.00.npz	174809	dataset, feature, index, or evaluation table artifact	experiments/cr_scizor/stage2/features/cache/can/can_demo_11_reverse_motion_t48_m1.00.npz.placeholder.md
experiments/cr_scizor/stage2/features/cache/can/can_demo_119_zero_motion_t106_m1.00.npz	222857	dataset, feature, index, or evaluation table artifact	experiments/cr_scizor/stage2/features/cache/can/can_demo_119_zero_motion_t106_m1.00.npz.placeholder.md
experiments/cr_scizor/stage2/features/cache/can/can_demo_11_reverse_motion_t38_m1.00.npz	174809	dataset, feature, index, or evaluation table artifact	experiments/cr_scizor/stage2/features/cache/can/can_demo_11_reverse_motion_t38_m1.00.npz.placeholder.md
experiments/cr_scizor/stage2/features/cache/can/can_demo_11_zero_motion_t48_m1.00.npz	174809	dataset, feature, index, or evaluation table artifact	experiments/cr_scizor/stage2/features/cache/can/can_demo_11_zero_motion_t48_m1.00.npz.placeholder.md
experiments/cr_scizor/stage2/features/cache/can/can_demo_11_axis_impulse_t38_m1.00.npz	174809	dataset, feature, index, or evaluation table artifact	experiments/cr_scizor/stage2/features/cache/can/can_demo_11_axis_impulse_t38_m1.00.npz.placeholder.md
experiments/cr_scizor/stage2/features/cache/can/can_demo_119_zero_motion_t86_m1.00.npz	222857	dataset, feature, index, or evaluation table artifact	experiments/cr_scizor/stage2/features/cache/can/can_demo_119_zero_motion_t86_m1.00.npz.placeholder.md
experiments/cr_scizor/stage2/features/cache/can/can_demo_11_zero_motion_t38_m1.00.npz	174809	dataset, feature, index, or evaluation table artifact	experiments/cr_scizor/stage2/features/cache/can/can_demo_11_zero_motion_t38_m1.00.npz.placeholder.md
experiments/cr_scizor/stage2/features/cache/can/can_demo_120_axis_impulse_t50_m1.00.npz	189593	dataset, feature, index, or evaluation table artifact	experiments/cr_scizor/stage2/features/cache/can/can_demo_120_axis_impulse_t50_m1.00.npz.placeholder.md
experiments/cr_scizor/stage2/features/cache/can/can_demo_11_clean.npz	174809	dataset, feature, index, or evaluation table artifact	experiments/cr_scizor/stage2/features/cache/can/can_demo_11_clean.npz.placeholder.md
experiments/cr_scizor/stage2/features/cache/can/can_demo_120_axis_impulse_t36_m1.00.npz	189593	dataset, feature, index, or evaluation table artifact	experiments/cr_scizor/stage2/features/cache/can/can_demo_120_axis_impulse_t36_m1.00.npz.placeholder.md
experiments/cr_scizor/stage2/features/cache/can/can_demo_120_flip_gripper_t36_m1.00.npz	189593	dataset, feature, index, or evaluation table artifact	experiments/cr_scizor/stage2/features/cache/can/can_demo_120_flip_gripper_t36_m1.00.npz.placeholder.md
experiments/cr_scizor/stage2/features/cache/can/can_demo_11_flip_gripper_t87_m1.00.npz	174809	dataset, feature, index, or evaluation table artifact	experiments/cr_scizor/stage2/features/cache/can/can_demo_11_flip_gripper_t87_m1.00.npz.placeholder.md
experiments/cr_scizor/stage2/features/cache/can/can_demo_11_axis_impulse_t87_m1.00.npz	174809	dataset, feature, index, or evaluation table artifact	experiments/cr_scizor/stage2/features/cache/can/can_demo_11_axis_impulse_t87_m1.00.npz.placeholder.md
experiments/cr_scizor/stage2/features/cache/can/can_demo_120_clean.npz	189593	dataset, feature, index, or evaluation table artifact	experiments/cr_scizor/stage2/features/cache/can/can_demo_120_clean.npz.placeholder.md
experiments/cr_scizor/stage2/features/cache/can/can_demo_120_reverse_motion_t36_m1.00.npz	189593	dataset, feature, index, or evaluation table artifact	experiments/cr_scizor/stage2/features/cache/can/can_demo_120_reverse_motion_t36_m1.00.npz.placeholder.md
experiments/cr_scizor/stage2/features/cache/can/can_demo_11_reverse_motion_t87_m1.00.npz	174809	dataset, feature, index, or evaluation table artifact	experiments/cr_scizor/stage2/features/cache/can/can_demo_11_reverse_motion_t87_m1.00.npz.placeholder.md
experiments/cr_scizor/stage2/features/cache/can/can_demo_11_flip_gripper_t74_m1.00.npz	174809	dataset, feature, index, or evaluation table artifact	experiments/cr_scizor/stage2/features/cache/can/can_demo_11_flip_gripper_t74_m1.00.npz.placeholder.md
experiments/cr_scizor/stage2/features/cache/can/can_demo_120_flip_gripper_t95_m1.00.npz	189593	dataset, feature, index, or evaluation table artifact	experiments/cr_scizor/stage2/features/cache/can/can_demo_120_flip_gripper_t95_m1.00.npz.placeholder.md
experiments/cr_scizor/stage2/features/cache/can/can_demo_11_zero_motion_t87_m1.00.npz	174809	dataset, feature, index, or evaluation table artifact	experiments/cr_scizor/stage2/features/cache/can/can_demo_11_zero_motion_t87_m1.00.npz.placeholder.md
experiments/cr_scizor/stage2/features/cache/can/can_demo_120_zero_motion_t36_m1.00.npz	189593	dataset, feature, index, or evaluation table artifact	experiments/cr_scizor/stage2/features/cache/can/can_demo_120_zero_motion_t36_m1.00.npz.placeholder.md
experiments/cr_scizor/stage2/features/cache/can/can_demo_120_reverse_motion_t95_m1.00.npz	189593	dataset, feature, index, or evaluation table artifact	experiments/cr_scizor/stage2/features/cache/can/can_demo_120_reverse_motion_t95_m1.00.npz.placeholder.md
experiments/cr_scizor/stage2/features/cache/can/can_demo_120_axis_impulse_t95_m1.00.npz	189593	dataset, feature, index, or evaluation table artifact	experiments/cr_scizor/stage2/features/cache/can/can_demo_120_axis_impulse_t95_m1.00.npz.placeholder.md
experiments/cr_scizor/stage2/features/cache/can/can_demo_121_axis_impulse_t48_m1.00.npz	178505	dataset, feature, index, or evaluation table artifact	experiments/cr_scizor/stage2/features/cache/can/can_demo_121_axis_impulse_t48_m1.00.npz.placeholder.md
experiments/cr_scizor/stage2/features/cache/can/can_demo_11_reverse_motion_t74_m1.00.npz	174809	dataset, feature, index, or evaluation table artifact	experiments/cr_scizor/stage2/features/cache/can/can_demo_11_reverse_motion_t74_m1.00.npz.placeholder.md
experiments/cr_scizor/stage2/features/cache/can/can_demo_120_zero_motion_t95_m1.00.npz	189593	dataset, feature, index, or evaluation table artifact	experiments/cr_scizor/stage2/features/cache/can/can_demo_120_zero_motion_t95_m1.00.npz.placeholder.md
experiments/cr_scizor/stage2/features/cache/can/can_demo_120_flip_gripper_t60_m1.00.npz	189593	dataset, feature, index, or evaluation table artifact	experiments/cr_scizor/stage2/features/cache/can/can_demo_120_flip_gripper_t60_m1.00.npz.placeholder.md
experiments/cr_scizor/stage2/features/cache/can/can_demo_121_clean.npz	178505	dataset, feature, index, or evaluation table artifact	experiments/cr_scizor/stage2/features/cache/can/can_demo_121_clean.npz.placeholder.md
experiments/cr_scizor/stage2/features/cache/can/can_demo_121_axis_impulse_t82_m1.00.npz	178505	dataset, feature, index, or evaluation table artifact	experiments/cr_scizor/stage2/features/cache/can/can_demo_121_axis_impulse_t82_m1.00.npz.placeholder.md
experiments/cr_scizor/stage2/features/cache/can/can_demo_11_zero_motion_t74_m1.00.npz	174809	dataset, feature, index, or evaluation table artifact	experiments/cr_scizor/stage2/features/cache/can/can_demo_11_zero_motion_t74_m1.00.npz.placeholder.md
experiments/cr_scizor/stage2/features/cache/can/can_demo_120_reverse_motion_t60_m1.00.npz	189593	dataset, feature, index, or evaluation table artifact	experiments/cr_scizor/stage2/features/cache/can/can_demo_120_reverse_motion_t60_m1.00.npz.placeholder.md
experiments/cr_scizor/stage2/features/cache/can/can_demo_121_flip_gripper_t82_m1.00.npz	178505	dataset, feature, index, or evaluation table artifact	experiments/cr_scizor/stage2/features/cache/can/can_demo_121_flip_gripper_t82_m1.00.npz.placeholder.md
experiments/cr_scizor/stage2/features/cache/can/can_demo_121_flip_gripper_t72_m1.00.npz	178505	dataset, feature, index, or evaluation table artifact	experiments/cr_scizor/stage2/features/cache/can/can_demo_121_flip_gripper_t72_m1.00.npz.placeholder.md
experiments/cr_scizor/stage2/features/cache/can/can_demo_120_axis_impulse_t60_m1.00.npz	189593	dataset, feature, index, or evaluation table artifact	experiments/cr_scizor/stage2/features/cache/can/can_demo_120_axis_impulse_t60_m1.00.npz.placeholder.md
experiments/cr_scizor/stage2/features/cache/can/can_demo_120_zero_motion_t60_m1.00.npz	189593	dataset, feature, index, or evaluation table artifact	experiments/cr_scizor/stage2/features/cache/can/can_demo_120_zero_motion_t60_m1.00.npz.placeholder.md
experiments/cr_scizor/stage2/features/cache/can/can_demo_121_reverse_motion_t82_m1.00.npz	178505	dataset, feature, index, or evaluation table artifact	experiments/cr_scizor/stage2/features/cache/can/can_demo_121_reverse_motion_t82_m1.00.npz.placeholder.md
experiments/cr_scizor/stage2/features/cache/can/can_demo_121_reverse_motion_t72_m1.00.npz	178505	dataset, feature, index, or evaluation table artifact	experiments/cr_scizor/stage2/features/cache/can/can_demo_121_reverse_motion_t72_m1.00.npz.placeholder.md
experiments/cr_scizor/stage2/features/cache/can/can_demo_120_flip_gripper_t50_m1.00.npz	189593	dataset, feature, index, or evaluation table artifact	experiments/cr_scizor/stage2/features/cache/can/can_demo_120_flip_gripper_t50_m1.00.npz.placeholder.md
experiments/cr_scizor/stage2/features/cache/can/can_demo_121_axis_impulse_t72_m1.00.npz	178505	dataset, feature, index, or evaluation table artifact	experiments/cr_scizor/stage2/features/cache/can/can_demo_121_axis_impulse_t72_m1.00.npz.placeholder.md
experiments/cr_scizor/stage2/features/cache/can/can_demo_121_zero_motion_t82_m1.00.npz	178505	dataset, feature, index, or evaluation table artifact	experiments/cr_scizor/stage2/features/cache/can/can_demo_121_zero_motion_t82_m1.00.npz.placeholder.md
experiments/cr_scizor/stage2/features/cache/can/can_demo_121_zero_motion_t72_m1.00.npz	178505	dataset, feature, index, or evaluation table artifact	experiments/cr_scizor/stage2/features/cache/can/can_demo_121_zero_motion_t72_m1.00.npz.placeholder.md
experiments/cr_scizor/stage2/features/cache/can/can_demo_121_flip_gripper_t62_m1.00.npz	178505	dataset, feature, index, or evaluation table artifact	experiments/cr_scizor/stage2/features/cache/can/can_demo_121_flip_gripper_t62_m1.00.npz.placeholder.md
experiments/cr_scizor/stage2/features/cache/can/can_demo_120_reverse_motion_t50_m1.00.npz	189593	dataset, feature, index, or evaluation table artifact	experiments/cr_scizor/stage2/features/cache/can/can_demo_120_reverse_motion_t50_m1.00.npz.placeholder.md
experiments/cr_scizor/stage2/features/cache/can/can_demo_122_axis_impulse_t76_m1.00.npz	233945	dataset, feature, index, or evaluation table artifact	experiments/cr_scizor/stage2/features/cache/can/can_demo_122_axis_impulse_t76_m1.00.npz.placeholder.md
experiments/cr_scizor/stage2/features/cache/can/can_demo_122_axis_impulse_t60_m1.00.npz	233945	dataset, feature, index, or evaluation table artifact	experiments/cr_scizor/stage2/features/cache/can/can_demo_122_axis_impulse_t60_m1.00.npz.placeholder.md
experiments/cr_scizor/stage2/features/cache/can/can_demo_121_reverse_motion_t62_m1.00.npz	178505	dataset, feature, index, or evaluation table artifact	experiments/cr_scizor/stage2/features/cache/can/can_demo_121_reverse_motion_t62_m1.00.npz.placeholder.md
experiments/cr_scizor/stage2/features/cache/can/can_demo_120_zero_motion_t50_m1.00.npz	189593	dataset, feature, index, or evaluation table artifact	experiments/cr_scizor/stage2/features/cache/can/can_demo_120_zero_motion_t50_m1.00.npz.placeholder.md
experiments/cr_scizor/stage2/features/cache/can/can_demo_121_zero_motion_t62_m1.00.npz	178505	dataset, feature, index, or evaluation table artifact	experiments/cr_scizor/stage2/features/cache/can/can_demo_121_zero_motion_t62_m1.00.npz.placeholder.md
experiments/cr_scizor/stage2/features/cache/can/can_demo_122_flip_gripper_t60_m1.00.npz	233945	dataset, feature, index, or evaluation table artifact	experiments/cr_scizor/stage2/features/cache/can/can_demo_122_flip_gripper_t60_m1.00.npz.placeholder.md
experiments/cr_scizor/stage2/features/cache/can/can_demo_121_axis_impulse_t62_m1.00.npz	178505	dataset, feature, index, or evaluation table artifact	experiments/cr_scizor/stage2/features/cache/can/can_demo_121_axis_impulse_t62_m1.00.npz.placeholder.md
experiments/cr_scizor/stage2/features/cache/can/can_demo_122_flip_gripper_t50_m1.00.npz	233945	dataset, feature, index, or evaluation table artifact	experiments/cr_scizor/stage2/features/cache/can/can_demo_122_flip_gripper_t50_m1.00.npz.placeholder.md
experiments/cr_scizor/stage2/features/cache/can/can_demo_121_flip_gripper_t48_m1.00.npz	178505	dataset, feature, index, or evaluation table artifact	experiments/cr_scizor/stage2/features/cache/can/can_demo_121_flip_gripper_t48_m1.00.npz.placeholder.md
experiments/cr_scizor/stage2/features/cache/can/can_demo_122_axis_impulse_t50_m1.00.npz	233945	dataset, feature, index, or evaluation table artifact	experiments/cr_scizor/stage2/features/cache/can/can_demo_122_axis_impulse_t50_m1.00.npz.placeholder.md
experiments/cr_scizor/stage2/features/cache/can/can_demo_122_reverse_motion_t60_m1.00.npz	233945	dataset, feature, index, or evaluation table artifact	experiments/cr_scizor/stage2/features/cache/can/can_demo_122_reverse_motion_t60_m1.00.npz.placeholder.md
experiments/cr_scizor/stage2/features/cache/can/can_demo_122_reverse_motion_t50_m1.00.npz	233945	dataset, feature, index, or evaluation table artifact	experiments/cr_scizor/stage2/features/cache/can/can_demo_122_reverse_motion_t50_m1.00.npz.placeholder.md
experiments/cr_scizor/stage2/features/cache/can/can_demo_121_reverse_motion_t48_m1.00.npz	178505	dataset, feature, index, or evaluation table artifact	experiments/cr_scizor/stage2/features/cache/can/can_demo_121_reverse_motion_t48_m1.00.npz.placeholder.md
experiments/cr_scizor/stage2/features/cache/can/can_demo_122_flip_gripper_t119_m1.00.npz	233945	dataset, feature, index, or evaluation table artifact	experiments/cr_scizor/stage2/features/cache/can/can_demo_122_flip_gripper_t119_m1.00.npz.placeholder.md
experiments/cr_scizor/stage2/features/cache/can/can_demo_122_zero_motion_t60_m1.00.npz	233945	dataset, feature, index, or evaluation table artifact	experiments/cr_scizor/stage2/features/cache/can/can_demo_122_zero_motion_t60_m1.00.npz.placeholder.md
experiments/cr_scizor/stage2/features/cache/can/can_demo_122_zero_motion_t50_m1.00.npz	233945	dataset, feature, index, or evaluation table artifact	experiments/cr_scizor/stage2/features/cache/can/can_demo_122_zero_motion_t50_m1.00.npz.placeholder.md
experiments/cr_scizor/stage2/features/cache/can/can_demo_121_zero_motion_t48_m1.00.npz	178505	dataset, feature, index, or evaluation table artifact	experiments/cr_scizor/stage2/features/cache/can/can_demo_121_zero_motion_t48_m1.00.npz.placeholder.md
experiments/cr_scizor/stage2/features/cache/can/can_demo_122_reverse_motion_t119_m1.00.npz	233945	dataset, feature, index, or evaluation table artifact	experiments/cr_scizor/stage2/features/cache/can/can_demo_122_reverse_motion_t119_m1.00.npz.placeholder.md
experiments/cr_scizor/stage2/features/cache/can/can_demo_123_axis_impulse_t78_m1.00.npz	270905	dataset, feature, index, or evaluation table artifact	experiments/cr_scizor/stage2/features/cache/can/can_demo_123_axis_impulse_t78_m1.00.npz.placeholder.md
experiments/cr_scizor/stage2/features/cache/can/can_demo_122_axis_impulse_t119_m1.00.npz	233945	dataset, feature, index, or evaluation table artifact	experiments/cr_scizor/stage2/features/cache/can/can_demo_122_axis_impulse_t119_m1.00.npz.placeholder.md
experiments/cr_scizor/stage2/features/cache/can/can_demo_123_axis_impulse_t68_m1.00.npz	270905	dataset, feature, index, or evaluation table artifact	experiments/cr_scizor/stage2/features/cache/can/can_demo_123_axis_impulse_t68_m1.00.npz.placeholder.md
experiments/cr_scizor/stage2/features/cache/can/can_demo_122_zero_motion_t119_m1.00.npz	233945	dataset, feature, index, or evaluation table artifact	experiments/cr_scizor/stage2/features/cache/can/can_demo_122_zero_motion_t119_m1.00.npz.placeholder.md
experiments/cr_scizor/stage2/features/cache/can/can_demo_122_clean.npz	233945	dataset, feature, index, or evaluation table artifact	experiments/cr_scizor/stage2/features/cache/can/can_demo_122_clean.npz.placeholder.md
experiments/cr_scizor/stage2/features/cache/can/can_demo_123_flip_gripper_t68_m1.00.npz	270905	dataset, feature, index, or evaluation table artifact	experiments/cr_scizor/stage2/features/cache/can/can_demo_123_flip_gripper_t68_m1.00.npz.placeholder.md
experiments/cr_scizor/stage2/features/cache/can/can_demo_123_flip_gripper_t138_m1.00.npz	270905	dataset, feature, index, or evaluation table artifact	experiments/cr_scizor/stage2/features/cache/can/can_demo_123_flip_gripper_t138_m1.00.npz.placeholder.md
experiments/cr_scizor/stage2/features/cache/can/can_demo_123_axis_impulse_t138_m1.00.npz	270905	dataset, feature, index, or evaluation table artifact	experiments/cr_scizor/stage2/features/cache/can/can_demo_123_axis_impulse_t138_m1.00.npz.placeholder.md
experiments/cr_scizor/stage2/features/cache/can/can_demo_122_flip_gripper_t76_m1.00.npz	233945	dataset, feature, index, or evaluation table artifact	experiments/cr_scizor/stage2/features/cache/can/can_demo_122_flip_gripper_t76_m1.00.npz.placeholder.md
experiments/cr_scizor/stage2/features/cache/can/can_demo_123_reverse_motion_t68_m1.00.npz	270905	dataset, feature, index, or evaluation table artifact	experiments/cr_scizor/stage2/features/cache/can/can_demo_123_reverse_motion_t68_m1.00.npz.placeholder.md
experiments/cr_scizor/stage2/features/cache/can/can_demo_123_reverse_motion_t138_m1.00.npz	270905	dataset, feature, index, or evaluation table artifact	experiments/cr_scizor/stage2/features/cache/can/can_demo_123_reverse_motion_t138_m1.00.npz.placeholder.md
experiments/cr_scizor/stage2/features/cache/can/can_demo_122_reverse_motion_t76_m1.00.npz	233945	dataset, feature, index, or evaluation table artifact	experiments/cr_scizor/stage2/features/cache/can/can_demo_122_reverse_motion_t76_m1.00.npz.placeholder.md
experiments/cr_scizor/stage2/features/cache/can/can_demo_123_clean.npz	270905	dataset, feature, index, or evaluation table artifact	experiments/cr_scizor/stage2/features/cache/can/can_demo_123_clean.npz.placeholder.md
experiments/cr_scizor/stage2/features/cache/can/can_demo_123_zero_motion_t68_m1.00.npz	270905	dataset, feature, index, or evaluation table artifact	experiments/cr_scizor/stage2/features/cache/can/can_demo_123_zero_motion_t68_m1.00.npz.placeholder.md
experiments/cr_scizor/stage2/features/cache/can/can_demo_123_zero_motion_t138_m1.00.npz	270905	dataset, feature, index, or evaluation table artifact	experiments/cr_scizor/stage2/features/cache/can/can_demo_123_zero_motion_t138_m1.00.npz.placeholder.md
experiments/cr_scizor/stage2/features/cache/can/can_demo_122_zero_motion_t76_m1.00.npz	233945	dataset, feature, index, or evaluation table artifact	experiments/cr_scizor/stage2/features/cache/can/can_demo_122_zero_motion_t76_m1.00.npz.placeholder.md
experiments/cr_scizor/stage2/features/cache/can/can_demo_123_flip_gripper_t92_m1.00.npz	270905	dataset, feature, index, or evaluation table artifact	experiments/cr_scizor/stage2/features/cache/can/can_demo_123_flip_gripper_t92_m1.00.npz.placeholder.md
experiments/cr_scizor/stage2/features/cache/can/can_demo_124_axis_impulse_t50_m1.00.npz	239489	dataset, feature, index, or evaluation table artifact	experiments/cr_scizor/stage2/features/cache/can/can_demo_124_axis_impulse_t50_m1.00.npz.placeholder.md
experiments/cr_scizor/stage2/features/cache/can/can_demo_124_axis_impulse_t119_m1.00.npz	239489	dataset, feature, index, or evaluation table artifact	experiments/cr_scizor/stage2/features/cache/can/can_demo_124_axis_impulse_t119_m1.00.npz.placeholder.md
experiments/cr_scizor/stage2/features/cache/can/can_demo_123_axis_impulse_t92_m1.00.npz	270905	dataset, feature, index, or evaluation table artifact	experiments/cr_scizor/stage2/features/cache/can/can_demo_123_axis_impulse_t92_m1.00.npz.placeholder.md
experiments/cr_scizor/stage2/features/cache/can/can_demo_123_reverse_motion_t92_m1.00.npz	270905	dataset, feature, index, or evaluation table artifact	experiments/cr_scizor/stage2/features/cache/can/can_demo_123_reverse_motion_t92_m1.00.npz.placeholder.md
experiments/cr_scizor/stage2/features/cache/can/can_demo_124_flip_gripper_t119_m1.00.npz	239489	dataset, feature, index, or evaluation table artifact	experiments/cr_scizor/stage2/features/cache/can/can_demo_124_flip_gripper_t119_m1.00.npz.placeholder.md
experiments/cr_scizor/stage2/features/cache/can/can_demo_124_clean.npz	239489	dataset, feature, index, or evaluation table artifact	experiments/cr_scizor/stage2/features/cache/can/can_demo_124_clean.npz.placeholder.md
experiments/cr_scizor/stage2/features/cache/can/can_demo_123_flip_gripper_t78_m1.00.npz	270905	dataset, feature, index, or evaluation table artifact	experiments/cr_scizor/stage2/features/cache/can/can_demo_123_flip_gripper_t78_m1.00.npz.placeholder.md
experiments/cr_scizor/stage2/features/cache/can/can_demo_123_zero_motion_t92_m1.00.npz	270905	dataset, feature, index, or evaluation table artifact	experiments/cr_scizor/stage2/features/cache/can/can_demo_123_zero_motion_t92_m1.00.npz.placeholder.md
experiments/cr_scizor/stage2/features/cache/can/can_demo_124_reverse_motion_t119_m1.00.npz	239489	dataset, feature, index, or evaluation table artifact	experiments/cr_scizor/stage2/features/cache/can/can_demo_124_reverse_motion_t119_m1.00.npz.placeholder.md
experiments/cr_scizor/stage2/features/cache/can/can_demo_124_flip_gripper_t75_m1.00.npz	239489	dataset, feature, index, or evaluation table artifact	experiments/cr_scizor/stage2/features/cache/can/can_demo_124_flip_gripper_t75_m1.00.npz.placeholder.md
experiments/cr_scizor/stage2/features/cache/can/can_demo_123_reverse_motion_t78_m1.00.npz	270905	dataset, feature, index, or evaluation table artifact	experiments/cr_scizor/stage2/features/cache/can/can_demo_123_reverse_motion_t78_m1.00.npz.placeholder.md
experiments/cr_scizor/stage2/features/cache/can/can_demo_124_axis_impulse_t75_m1.00.npz	239489	dataset, feature, index, or evaluation table artifact	experiments/cr_scizor/stage2/features/cache/can/can_demo_124_axis_impulse_t75_m1.00.npz.placeholder.md
experiments/cr_scizor/stage2/features/cache/can/can_demo_124_zero_motion_t119_m1.00.npz	239489	dataset, feature, index, or evaluation table artifact	experiments/cr_scizor/stage2/features/cache/can/can_demo_124_zero_motion_t119_m1.00.npz.placeholder.md
experiments/cr_scizor/stage2/features/cache/can/can_demo_124_reverse_motion_t75_m1.00.npz	239489	dataset, feature, index, or evaluation table artifact	experiments/cr_scizor/stage2/features/cache/can/can_demo_124_reverse_motion_t75_m1.00.npz.placeholder.md
experiments/cr_scizor/stage2/features/cache/can/can_demo_123_zero_motion_t78_m1.00.npz	270905	dataset, feature, index, or evaluation table artifact	experiments/cr_scizor/stage2/features/cache/can/can_demo_123_zero_motion_t78_m1.00.npz.placeholder.md
experiments/cr_scizor/stage2/features/cache/can/can_demo_124_flip_gripper_t60_m1.00.npz	239489	dataset, feature, index, or evaluation table artifact	experiments/cr_scizor/stage2/features/cache/can/can_demo_124_flip_gripper_t60_m1.00.npz.placeholder.md
experiments/cr_scizor/stage2/features/cache/can/can_demo_125_axis_impulse_t121_m1.00.npz	243185	dataset, feature, index, or evaluation table artifact	experiments/cr_scizor/stage2/features/cache/can/can_demo_125_axis_impulse_t121_m1.00.npz.placeholder.md
experiments/cr_scizor/stage2/features/cache/can/can_demo_124_zero_motion_t75_m1.00.npz	239489	dataset, feature, index, or evaluation table artifact	experiments/cr_scizor/stage2/features/cache/can/can_demo_124_zero_motion_t75_m1.00.npz.placeholder.md
experiments/cr_scizor/stage2/features/cache/can/can_demo_124_axis_impulse_t60_m1.00.npz	239489	dataset, feature, index, or evaluation table artifact	experiments/cr_scizor/stage2/features/cache/can/can_demo_124_axis_impulse_t60_m1.00.npz.placeholder.md
experiments/cr_scizor/stage2/features/cache/can/can_demo_124_reverse_motion_t60_m1.00.npz	239489	dataset, feature, index, or evaluation table artifact	experiments/cr_scizor/stage2/features/cache/can/can_demo_124_reverse_motion_t60_m1.00.npz.placeholder.md
experiments/cr_scizor/stage2/features/cache/can/can_demo_125_clean.npz	243185	dataset, feature, index, or evaluation table artifact	experiments/cr_scizor/stage2/features/cache/can/can_demo_125_clean.npz.placeholder.md
experiments/cr_scizor/stage2/features/cache/can/can_demo_125_axis_impulse_t80_m1.00.npz	243185	dataset, feature, index, or evaluation table artifact	experiments/cr_scizor/stage2/features/cache/can/can_demo_125_axis_impulse_t80_m1.00.npz.placeholder.md
experiments/cr_scizor/stage2/features/cache/can/can_demo_124_flip_gripper_t50_m1.00.npz	239489	dataset, feature, index, or evaluation table artifact	experiments/cr_scizor/stage2/features/cache/can/can_demo_124_flip_gripper_t50_m1.00.npz.placeholder.md
experiments/cr_scizor/stage2/features/cache/can/can_demo_124_zero_motion_t60_m1.00.npz	239489	dataset, feature, index, or evaluation table artifact	experiments/cr_scizor/stage2/features/cache/can/can_demo_124_zero_motion_t60_m1.00.npz.placeholder.md
experiments/cr_scizor/stage2/features/cache/can/can_demo_125_flip_gripper_t68_m1.00.npz	243185	dataset, feature, index, or evaluation table artifact	experiments/cr_scizor/stage2/features/cache/can/can_demo_125_flip_gripper_t68_m1.00.npz.placeholder.md
experiments/cr_scizor/stage2/features/cache/can/can_demo_125_flip_gripper_t80_m1.00.npz	243185	dataset, feature, index, or evaluation table artifact	experiments/cr_scizor/stage2/features/cache/can/can_demo_125_flip_gripper_t80_m1.00.npz.placeholder.md
experiments/cr_scizor/stage2/features/cache/can/can_demo_124_reverse_motion_t50_m1.00.npz	239489	dataset, feature, index, or evaluation table artifact	experiments/cr_scizor/stage2/features/cache/can/can_demo_124_reverse_motion_t50_m1.00.npz.placeholder.md
experiments/cr_scizor/stage2/features/cache/can/can_demo_125_reverse_motion_t68_m1.00.npz	243185	dataset, feature, index, or evaluation table artifact	experiments/cr_scizor/stage2/features/cache/can/can_demo_125_reverse_motion_t68_m1.00.npz.placeholder.md
experiments/cr_scizor/stage2/features/cache/can/can_demo_125_axis_impulse_t68_m1.00.npz	243185	dataset, feature, index, or evaluation table artifact	experiments/cr_scizor/stage2/features/cache/can/can_demo_125_axis_impulse_t68_m1.00.npz.placeholder.md
experiments/cr_scizor/stage2/features/cache/can/can_demo_125_reverse_motion_t80_m1.00.npz	243185	dataset, feature, index, or evaluation table artifact	experiments/cr_scizor/stage2/features/cache/can/can_demo_125_reverse_motion_t80_m1.00.npz.placeholder.md
experiments/cr_scizor/stage2/features/cache/can/can_demo_124_zero_motion_t50_m1.00.npz	239489	dataset, feature, index, or evaluation table artifact	experiments/cr_scizor/stage2/features/cache/can/can_demo_124_zero_motion_t50_m1.00.npz.placeholder.md
experiments/cr_scizor/stage2/features/cache/can/can_demo_125_zero_motion_t68_m1.00.npz	243185	dataset, feature, index, or evaluation table artifact	experiments/cr_scizor/stage2/features/cache/can/can_demo_125_zero_motion_t68_m1.00.npz.placeholder.md
experiments/cr_scizor/stage2/features/cache/can/can_demo_125_flip_gripper_t58_m1.00.npz	243185	dataset, feature, index, or evaluation table artifact	experiments/cr_scizor/stage2/features/cache/can/can_demo_125_flip_gripper_t58_m1.00.npz.placeholder.md
experiments/cr_scizor/stage2/features/cache/can/can_demo_125_zero_motion_t80_m1.00.npz	243185	dataset, feature, index, or evaluation table artifact	experiments/cr_scizor/stage2/features/cache/can/can_demo_125_zero_motion_t80_m1.00.npz.placeholder.md
experiments/cr_scizor/stage2/features/cache/can/can_demo_125_axis_impulse_t58_m1.00.npz	243185	dataset, feature, index, or evaluation table artifact	experiments/cr_scizor/stage2/features/cache/can/can_demo_125_axis_impulse_t58_m1.00.npz.placeholder.md
experiments/cr_scizor/stage2/features/cache/can/can_demo_126_axis_impulse_t63_m1.00.npz	217313	dataset, feature, index, or evaluation table artifact	experiments/cr_scizor/stage2/features/cache/can/can_demo_126_axis_impulse_t63_m1.00.npz.placeholder.md
experiments/cr_scizor/stage2/features/cache/can/can_demo_126_axis_impulse_t76_m1.00.npz	217313	dataset, feature, index, or evaluation table artifact	experiments/cr_scizor/stage2/features/cache/can/can_demo_126_axis_impulse_t76_m1.00.npz.placeholder.md
experiments/cr_scizor/stage2/features/cache/can/can_demo_125_reverse_motion_t58_m1.00.npz	243185	dataset, feature, index, or evaluation table artifact	experiments/cr_scizor/stage2/features/cache/can/can_demo_125_reverse_motion_t58_m1.00.npz.placeholder.md
experiments/cr_scizor/stage2/features/cache/can/can_demo_125_flip_gripper_t121_m1.00.npz	243185	dataset, feature, index, or evaluation table artifact	experiments/cr_scizor/stage2/features/cache/can/can_demo_125_flip_gripper_t121_m1.00.npz.placeholder.md
experiments/cr_scizor/stage2/features/cache/can/can_demo_126_flip_gripper_t53_m1.00.npz	217313	dataset, feature, index, or evaluation table artifact	experiments/cr_scizor/stage2/features/cache/can/can_demo_126_flip_gripper_t53_m1.00.npz.placeholder.md
experiments/cr_scizor/stage2/features/cache/can/can_demo_126_flip_gripper_t63_m1.00.npz	217313	dataset, feature, index, or evaluation table artifact	experiments/cr_scizor/stage2/features/cache/can/can_demo_126_flip_gripper_t63_m1.00.npz.placeholder.md
experiments/cr_scizor/stage2/features/cache/can/can_demo_125_zero_motion_t58_m1.00.npz	243185	dataset, feature, index, or evaluation table artifact	experiments/cr_scizor/stage2/features/cache/can/can_demo_125_zero_motion_t58_m1.00.npz.placeholder.md
experiments/cr_scizor/stage2/features/cache/can/can_demo_126_reverse_motion_t53_m1.00.npz	217313	dataset, feature, index, or evaluation table artifact	experiments/cr_scizor/stage2/features/cache/can/can_demo_126_reverse_motion_t53_m1.00.npz.placeholder.md
experiments/cr_scizor/stage2/features/cache/can/can_demo_125_reverse_motion_t121_m1.00.npz	243185	dataset, feature, index, or evaluation table artifact	experiments/cr_scizor/stage2/features/cache/can/can_demo_125_reverse_motion_t121_m1.00.npz.placeholder.md
experiments/cr_scizor/stage2/features/cache/can/can_demo_126_reverse_motion_t63_m1.00.npz	217313	dataset, feature, index, or evaluation table artifact	experiments/cr_scizor/stage2/features/cache/can/can_demo_126_reverse_motion_t63_m1.00.npz.placeholder.md
experiments/cr_scizor/stage2/features/cache/can/can_demo_126_axis_impulse_t53_m1.00.npz	217313	dataset, feature, index, or evaluation table artifact	experiments/cr_scizor/stage2/features/cache/can/can_demo_126_axis_impulse_t53_m1.00.npz.placeholder.md
experiments/cr_scizor/stage2/features/cache/can/can_demo_126_zero_motion_t53_m1.00.npz	217313	dataset, feature, index, or evaluation table artifact	experiments/cr_scizor/stage2/features/cache/can/can_demo_126_zero_motion_t53_m1.00.npz.placeholder.md
experiments/cr_scizor/stage2/features/cache/can/can_demo_126_zero_motion_t63_m1.00.npz	217313	dataset, feature, index, or evaluation table artifact	experiments/cr_scizor/stage2/features/cache/can/can_demo_126_zero_motion_t63_m1.00.npz.placeholder.md
experiments/cr_scizor/stage2/features/cache/can/can_demo_126_flip_gripper_t110_m1.00.npz	217313	dataset, feature, index, or evaluation table artifact	experiments/cr_scizor/stage2/features/cache/can/can_demo_126_flip_gripper_t110_m1.00.npz.placeholder.md
experiments/cr_scizor/stage2/features/cache/can/can_demo_127_axis_impulse_t62_m1.00.npz	191441	dataset, feature, index, or evaluation table artifact	experiments/cr_scizor/stage2/features/cache/can/can_demo_127_axis_impulse_t62_m1.00.npz.placeholder.md
experiments/cr_scizor/stage2/features/cache/can/can_demo_125_zero_motion_t121_m1.00.npz	243185	dataset, feature, index, or evaluation table artifact	experiments/cr_scizor/stage2/features/cache/can/can_demo_125_zero_motion_t121_m1.00.npz.placeholder.md
experiments/cr_scizor/stage2/features/cache/can/can_demo_127_axis_impulse_t78_m1.00.npz	191441	dataset, feature, index, or evaluation table artifact	experiments/cr_scizor/stage2/features/cache/can/can_demo_127_axis_impulse_t78_m1.00.npz.placeholder.md
experiments/cr_scizor/stage2/features/cache/can/can_demo_126_reverse_motion_t110_m1.00.npz	217313	dataset, feature, index, or evaluation table artifact	experiments/cr_scizor/stage2/features/cache/can/can_demo_126_reverse_motion_t110_m1.00.npz.placeholder.md
experiments/cr_scizor/stage2/features/cache/can/can_demo_127_flip_gripper_t52_m1.00.npz	191441	dataset, feature, index, or evaluation table artifact	experiments/cr_scizor/stage2/features/cache/can/can_demo_127_flip_gripper_t52_m1.00.npz.placeholder.md
experiments/cr_scizor/stage2/features/cache/can/can_demo_127_flip_gripper_t62_m1.00.npz	191441	dataset, feature, index, or evaluation table artifact	experiments/cr_scizor/stage2/features/cache/can/can_demo_127_flip_gripper_t62_m1.00.npz.placeholder.md
experiments/cr_scizor/stage2/features/cache/can/can_demo_126_zero_motion_t110_m1.00.npz	217313	dataset, feature, index, or evaluation table artifact	experiments/cr_scizor/stage2/features/cache/can/can_demo_126_zero_motion_t110_m1.00.npz.placeholder.md
experiments/cr_scizor/stage2/features/cache/can/can_demo_127_reverse_motion_t52_m1.00.npz	191441	dataset, feature, index, or evaluation table artifact	experiments/cr_scizor/stage2/features/cache/can/can_demo_127_reverse_motion_t52_m1.00.npz.placeholder.md
experiments/cr_scizor/stage2/features/cache/can/can_demo_126_axis_impulse_t110_m1.00.npz	217313	dataset, feature, index, or evaluation table artifact	experiments/cr_scizor/stage2/features/cache/can/can_demo_126_axis_impulse_t110_m1.00.npz.placeholder.md
experiments/cr_scizor/stage2/features/cache/can/can_demo_127_reverse_motion_t62_m1.00.npz	191441	dataset, feature, index, or evaluation table artifact	experiments/cr_scizor/stage2/features/cache/can/can_demo_127_reverse_motion_t62_m1.00.npz.placeholder.md
experiments/cr_scizor/stage2/features/cache/can/can_demo_127_axis_impulse_t52_m1.00.npz	191441	dataset, feature, index, or evaluation table artifact	experiments/cr_scizor/stage2/features/cache/can/can_demo_127_axis_impulse_t52_m1.00.npz.placeholder.md
experiments/cr_scizor/stage2/features/cache/can/can_demo_127_zero_motion_t52_m1.00.npz	191441	dataset, feature, index, or evaluation table artifact	experiments/cr_scizor/stage2/features/cache/can/can_demo_127_zero_motion_t52_m1.00.npz.placeholder.md
experiments/cr_scizor/stage2/features/cache/can/can_demo_127_zero_motion_t62_m1.00.npz	191441	dataset, feature, index, or evaluation table artifact	experiments/cr_scizor/stage2/features/cache/can/can_demo_127_zero_motion_t62_m1.00.npz.placeholder.md
experiments/cr_scizor/stage2/features/cache/can/can_demo_126_clean.npz	217313	dataset, feature, index, or evaluation table artifact	experiments/cr_scizor/stage2/features/cache/can/can_demo_126_clean.npz.placeholder.md
experiments/cr_scizor/stage2/features/cache/can/can_demo_127_clean.npz	191441	dataset, feature, index, or evaluation table artifact	experiments/cr_scizor/stage2/features/cache/can/can_demo_127_clean.npz.placeholder.md
experiments/cr_scizor/stage2/features/cache/can/can_demo_128_axis_impulse_t49_m1.00.npz	198833	dataset, feature, index, or evaluation table artifact	experiments/cr_scizor/stage2/features/cache/can/can_demo_128_axis_impulse_t49_m1.00.npz.placeholder.md
experiments/cr_scizor/stage2/features/cache/can/can_demo_128_axis_impulse_t59_m1.00.npz	198833	dataset, feature, index, or evaluation table artifact	experiments/cr_scizor/stage2/features/cache/can/can_demo_128_axis_impulse_t59_m1.00.npz.placeholder.md
experiments/cr_scizor/stage2/features/cache/can/can_demo_127_flip_gripper_t90_m1.00.npz	191441	dataset, feature, index, or evaluation table artifact	experiments/cr_scizor/stage2/features/cache/can/can_demo_127_flip_gripper_t90_m1.00.npz.placeholder.md
experiments/cr_scizor/stage2/features/cache/can/can_demo_128_clean.npz	198833	dataset, feature, index, or evaluation table artifact	experiments/cr_scizor/stage2/features/cache/can/can_demo_128_clean.npz.placeholder.md
experiments/cr_scizor/stage2/features/cache/can/can_demo_128_flip_gripper_t49_m1.00.npz	198833	dataset, feature, index, or evaluation table artifact	experiments/cr_scizor/stage2/features/cache/can/can_demo_128_flip_gripper_t49_m1.00.npz.placeholder.md
experiments/cr_scizor/stage2/features/cache/can/can_demo_126_flip_gripper_t76_m1.00.npz	217313	dataset, feature, index, or evaluation table artifact	experiments/cr_scizor/stage2/features/cache/can/can_demo_126_flip_gripper_t76_m1.00.npz.placeholder.md
experiments/cr_scizor/stage2/features/cache/can/can_demo_127_reverse_motion_t90_m1.00.npz	191441	dataset, feature, index, or evaluation table artifact	experiments/cr_scizor/stage2/features/cache/can/can_demo_127_reverse_motion_t90_m1.00.npz.placeholder.md
experiments/cr_scizor/stage2/features/cache/can/can_demo_128_flip_gripper_t94_m1.00.npz	198833	dataset, feature, index, or evaluation table artifact	experiments/cr_scizor/stage2/features/cache/can/can_demo_128_flip_gripper_t94_m1.00.npz.placeholder.md
experiments/cr_scizor/stage2/features/cache/can/can_demo_128_reverse_motion_t49_m1.00.npz	198833	dataset, feature, index, or evaluation table artifact	experiments/cr_scizor/stage2/features/cache/can/can_demo_128_reverse_motion_t49_m1.00.npz.placeholder.md
experiments/cr_scizor/stage2/features/cache/can/can_demo_127_zero_motion_t90_m1.00.npz	191441	dataset, feature, index, or evaluation table artifact	experiments/cr_scizor/stage2/features/cache/can/can_demo_127_zero_motion_t90_m1.00.npz.placeholder.md
experiments/cr_scizor/stage2/features/cache/can/can_demo_128_reverse_motion_t94_m1.00.npz	198833	dataset, feature, index, or evaluation table artifact	experiments/cr_scizor/stage2/features/cache/can/can_demo_128_reverse_motion_t94_m1.00.npz.placeholder.md
experiments/cr_scizor/stage2/features/cache/can/can_demo_126_reverse_motion_t76_m1.00.npz	217313	dataset, feature, index, or evaluation table artifact	experiments/cr_scizor/stage2/features/cache/can/can_demo_126_reverse_motion_t76_m1.00.npz.placeholder.md
experiments/cr_scizor/stage2/features/cache/can/can_demo_128_zero_motion_t49_m1.00.npz	198833	dataset, feature, index, or evaluation table artifact	experiments/cr_scizor/stage2/features/cache/can/can_demo_128_zero_motion_t49_m1.00.npz.placeholder.md
experiments/cr_scizor/stage2/features/cache/can/can_demo_128_axis_impulse_t94_m1.00.npz	198833	dataset, feature, index, or evaluation table artifact	experiments/cr_scizor/stage2/features/cache/can/can_demo_128_axis_impulse_t94_m1.00.npz.placeholder.md
experiments/cr_scizor/stage2/features/cache/can/can_demo_128_zero_motion_t94_m1.00.npz	198833	dataset, feature, index, or evaluation table artifact	experiments/cr_scizor/stage2/features/cache/can/can_demo_128_zero_motion_t94_m1.00.npz.placeholder.md
experiments/cr_scizor/stage2/features/cache/can/can_demo_129_axis_impulse_t108_m1.00.npz	211769	dataset, feature, index, or evaluation table artifact	experiments/cr_scizor/stage2/features/cache/can/can_demo_129_axis_impulse_t108_m1.00.npz.placeholder.md
experiments/cr_scizor/stage2/features/cache/can/can_demo_128_flip_gripper_t69_m1.00.npz	198833	dataset, feature, index, or evaluation table artifact	experiments/cr_scizor/stage2/features/cache/can/can_demo_128_flip_gripper_t69_m1.00.npz.placeholder.md
experiments/cr_scizor/stage2/features/cache/can/can_demo_126_zero_motion_t76_m1.00.npz	217313	dataset, feature, index, or evaluation table artifact	experiments/cr_scizor/stage2/features/cache/can/can_demo_126_zero_motion_t76_m1.00.npz.placeholder.md
experiments/cr_scizor/stage2/features/cache/can/can_demo_129_axis_impulse_t78_m1.00.npz	211769	dataset, feature, index, or evaluation table artifact	experiments/cr_scizor/stage2/features/cache/can/can_demo_129_axis_impulse_t78_m1.00.npz.placeholder.md
experiments/cr_scizor/stage2/features/cache/can/can_demo_129_clean.npz	211769	dataset, feature, index, or evaluation table artifact	experiments/cr_scizor/stage2/features/cache/can/can_demo_129_clean.npz.placeholder.md
experiments/cr_scizor/stage2/features/cache/can/can_demo_128_reverse_motion_t69_m1.00.npz	198833	dataset, feature, index, or evaluation table artifact	experiments/cr_scizor/stage2/features/cache/can/can_demo_128_reverse_motion_t69_m1.00.npz.placeholder.md
experiments/cr_scizor/stage2/features/cache/can/can_demo_129_flip_gripper_t60_m1.00.npz	211769	dataset, feature, index, or evaluation table artifact	experiments/cr_scizor/stage2/features/cache/can/can_demo_129_flip_gripper_t60_m1.00.npz.placeholder.md
experiments/cr_scizor/stage2/features/cache/can/can_demo_127_axis_impulse_t90_m1.00.npz	191441	dataset, feature, index, or evaluation table artifact	experiments/cr_scizor/stage2/features/cache/can/can_demo_127_axis_impulse_t90_m1.00.npz.placeholder.md
experiments/cr_scizor/stage2/features/cache/can/can_demo_129_flip_gripper_t78_m1.00.npz	211769	dataset, feature, index, or evaluation table artifact	experiments/cr_scizor/stage2/features/cache/can/can_demo_129_flip_gripper_t78_m1.00.npz.placeholder.md
experiments/cr_scizor/stage2/features/cache/can/can_demo_129_reverse_motion_t60_m1.00.npz	211769	dataset, feature, index, or evaluation table artifact	experiments/cr_scizor/stage2/features/cache/can/can_demo_129_reverse_motion_t60_m1.00.npz.placeholder.md
experiments/cr_scizor/stage2/features/cache/can/can_demo_128_zero_motion_t69_m1.00.npz	198833	dataset, feature, index, or evaluation table artifact	experiments/cr_scizor/stage2/features/cache/can/can_demo_128_zero_motion_t69_m1.00.npz.placeholder.md
experiments/cr_scizor/stage2/features/cache/can/can_demo_127_flip_gripper_t78_m1.00.npz	191441	dataset, feature, index, or evaluation table artifact	experiments/cr_scizor/stage2/features/cache/can/can_demo_127_flip_gripper_t78_m1.00.npz.placeholder.md
experiments/cr_scizor/stage2/features/cache/can/can_demo_129_reverse_motion_t78_m1.00.npz	211769	dataset, feature, index, or evaluation table artifact	experiments/cr_scizor/stage2/features/cache/can/can_demo_129_reverse_motion_t78_m1.00.npz.placeholder.md
experiments/cr_scizor/stage2/features/cache/can/can_demo_129_zero_motion_t60_m1.00.npz	211769	dataset, feature, index, or evaluation table artifact	experiments/cr_scizor/stage2/features/cache/can/can_demo_129_zero_motion_t60_m1.00.npz.placeholder.md
experiments/cr_scizor/stage2/features/cache/can/can_demo_129_axis_impulse_t60_m1.00.npz	211769	dataset, feature, index, or evaluation table artifact	experiments/cr_scizor/stage2/features/cache/can/can_demo_129_axis_impulse_t60_m1.00.npz.placeholder.md
experiments/cr_scizor/stage2/features/cache/can/can_demo_127_reverse_motion_t78_m1.00.npz	191441	dataset, feature, index, or evaluation table artifact	experiments/cr_scizor/stage2/features/cache/can/can_demo_127_reverse_motion_t78_m1.00.npz.placeholder.md
experiments/cr_scizor/stage2/features/cache/can/can_demo_129_zero_motion_t78_m1.00.npz	211769	dataset, feature, index, or evaluation table artifact	experiments/cr_scizor/stage2/features/cache/can/can_demo_129_zero_motion_t78_m1.00.npz.placeholder.md
experiments/cr_scizor/stage2/features/cache/can/can_demo_12_axis_impulse_t64_m1.00.npz	213617	dataset, feature, index, or evaluation table artifact	experiments/cr_scizor/stage2/features/cache/can/can_demo_12_axis_impulse_t64_m1.00.npz.placeholder.md
experiments/cr_scizor/stage2/features/cache/can/can_demo_129_flip_gripper_t50_m1.00.npz	211769	dataset, feature, index, or evaluation table artifact	experiments/cr_scizor/stage2/features/cache/can/can_demo_129_flip_gripper_t50_m1.00.npz.placeholder.md
experiments/cr_scizor/stage2/features/cache/can/can_demo_127_zero_motion_t78_m1.00.npz	191441	dataset, feature, index, or evaluation table artifact	experiments/cr_scizor/stage2/features/cache/can/can_demo_127_zero_motion_t78_m1.00.npz.placeholder.md
experiments/cr_scizor/stage2/features/cache/can/can_demo_12_axis_impulse_t75_m1.00.npz	213617	dataset, feature, index, or evaluation table artifact	experiments/cr_scizor/stage2/features/cache/can/can_demo_12_axis_impulse_t75_m1.00.npz.placeholder.md
experiments/cr_scizor/stage2/features/cache/can/can_demo_12_flip_gripper_t54_m1.00.npz	213617	dataset, feature, index, or evaluation table artifact	experiments/cr_scizor/stage2/features/cache/can/can_demo_12_flip_gripper_t54_m1.00.npz.placeholder.md
experiments/cr_scizor/stage2/features/cache/can/can_demo_128_axis_impulse_t69_m1.00.npz	198833	dataset, feature, index, or evaluation table artifact	experiments/cr_scizor/stage2/features/cache/can/can_demo_128_axis_impulse_t69_m1.00.npz.placeholder.md
experiments/cr_scizor/stage2/features/cache/can/can_demo_129_reverse_motion_t50_m1.00.npz	211769	dataset, feature, index, or evaluation table artifact	experiments/cr_scizor/stage2/features/cache/can/can_demo_129_reverse_motion_t50_m1.00.npz.placeholder.md
experiments/cr_scizor/stage2/features/cache/can/can_demo_12_flip_gripper_t64_m1.00.npz	213617	dataset, feature, index, or evaluation table artifact	experiments/cr_scizor/stage2/features/cache/can/can_demo_12_flip_gripper_t64_m1.00.npz.placeholder.md
experiments/cr_scizor/stage2/features/cache/can/can_demo_128_flip_gripper_t59_m1.00.npz	198833	dataset, feature, index, or evaluation table artifact	experiments/cr_scizor/stage2/features/cache/can/can_demo_128_flip_gripper_t59_m1.00.npz.placeholder.md
experiments/cr_scizor/stage2/features/cache/can/can_demo_12_reverse_motion_t54_m1.00.npz	213617	dataset, feature, index, or evaluation table artifact	experiments/cr_scizor/stage2/features/cache/can/can_demo_12_reverse_motion_t54_m1.00.npz.placeholder.md
experiments/cr_scizor/stage2/features/cache/can/can_demo_129_zero_motion_t50_m1.00.npz	211769	dataset, feature, index, or evaluation table artifact	experiments/cr_scizor/stage2/features/cache/can/can_demo_129_zero_motion_t50_m1.00.npz.placeholder.md
experiments/cr_scizor/stage2/features/cache/can/can_demo_12_reverse_motion_t64_m1.00.npz	213617	dataset, feature, index, or evaluation table artifact	experiments/cr_scizor/stage2/features/cache/can/can_demo_12_reverse_motion_t64_m1.00.npz.placeholder.md
experiments/cr_scizor/stage2/features/cache/can/can_demo_128_reverse_motion_t59_m1.00.npz	198833	dataset, feature, index, or evaluation table artifact	experiments/cr_scizor/stage2/features/cache/can/can_demo_128_reverse_motion_t59_m1.00.npz.placeholder.md
experiments/cr_scizor/stage2/features/cache/can/can_demo_12_zero_motion_t54_m1.00.npz	213617	dataset, feature, index, or evaluation table artifact	experiments/cr_scizor/stage2/features/cache/can/can_demo_12_zero_motion_t54_m1.00.npz.placeholder.md
experiments/cr_scizor/stage2/features/cache/can/can_demo_12_axis_impulse_t54_m1.00.npz	213617	dataset, feature, index, or evaluation table artifact	experiments/cr_scizor/stage2/features/cache/can/can_demo_12_axis_impulse_t54_m1.00.npz.placeholder.md
experiments/cr_scizor/stage2/features/cache/can/can_demo_12_zero_motion_t64_m1.00.npz	213617	dataset, feature, index, or evaluation table artifact	experiments/cr_scizor/stage2/features/cache/can/can_demo_12_zero_motion_t64_m1.00.npz.placeholder.md
experiments/cr_scizor/stage2/features/cache/can/can_demo_128_zero_motion_t59_m1.00.npz	198833	dataset, feature, index, or evaluation table artifact	experiments/cr_scizor/stage2/features/cache/can/can_demo_128_zero_motion_t59_m1.00.npz.placeholder.md
experiments/cr_scizor/stage2/features/cache/can/can_demo_131_axis_impulse_t51_m1.00.npz	233945	dataset, feature, index, or evaluation table artifact	experiments/cr_scizor/stage2/features/cache/can/can_demo_131_axis_impulse_t51_m1.00.npz.placeholder.md
experiments/cr_scizor/stage2/features/cache/can/can_demo_12_flip_gripper_t106_m1.00.npz	213617	dataset, feature, index, or evaluation table artifact	experiments/cr_scizor/stage2/features/cache/can/can_demo_12_flip_gripper_t106_m1.00.npz.placeholder.md
experiments/cr_scizor/stage2/features/cache/can/can_demo_131_axis_impulse_t61_m1.00.npz	233945	dataset, feature, index, or evaluation table artifact	experiments/cr_scizor/stage2/features/cache/can/can_demo_131_axis_impulse_t61_m1.00.npz.placeholder.md
experiments/cr_scizor/stage2/features/cache/can/can_demo_129_axis_impulse_t50_m1.00.npz	211769	dataset, feature, index, or evaluation table artifact	experiments/cr_scizor/stage2/features/cache/can/can_demo_129_axis_impulse_t50_m1.00.npz.placeholder.md
experiments/cr_scizor/stage2/features/cache/can/can_demo_12_reverse_motion_t106_m1.00.npz	213617	dataset, feature, index, or evaluation table artifact	experiments/cr_scizor/stage2/features/cache/can/can_demo_12_reverse_motion_t106_m1.00.npz.placeholder.md
experiments/cr_scizor/stage2/features/cache/can/can_demo_131_flip_gripper_t116_m1.00.npz	233945	dataset, feature, index, or evaluation table artifact	experiments/cr_scizor/stage2/features/cache/can/can_demo_131_flip_gripper_t116_m1.00.npz.placeholder.md
experiments/cr_scizor/stage2/features/cache/can/can_demo_131_flip_gripper_t51_m1.00.npz	233945	dataset, feature, index, or evaluation table artifact	experiments/cr_scizor/stage2/features/cache/can/can_demo_131_flip_gripper_t51_m1.00.npz.placeholder.md
experiments/cr_scizor/stage2/features/cache/can/can_demo_129_flip_gripper_t108_m1.00.npz	211769	dataset, feature, index, or evaluation table artifact	experiments/cr_scizor/stage2/features/cache/can/can_demo_129_flip_gripper_t108_m1.00.npz.placeholder.md
experiments/cr_scizor/stage2/features/cache/can/can_demo_12_zero_motion_t106_m1.00.npz	213617	dataset, feature, index, or evaluation table artifact	experiments/cr_scizor/stage2/features/cache/can/can_demo_12_zero_motion_t106_m1.00.npz.placeholder.md
experiments/cr_scizor/stage2/features/cache/can/can_demo_131_reverse_motion_t116_m1.00.npz	233945	dataset, feature, index, or evaluation table artifact	experiments/cr_scizor/stage2/features/cache/can/can_demo_131_reverse_motion_t116_m1.00.npz.placeholder.md
experiments/cr_scizor/stage2/features/cache/can/can_demo_131_reverse_motion_t51_m1.00.npz	233945	dataset, feature, index, or evaluation table artifact	experiments/cr_scizor/stage2/features/cache/can/can_demo_131_reverse_motion_t51_m1.00.npz.placeholder.md
experiments/cr_scizor/stage2/features/cache/can/can_demo_129_reverse_motion_t108_m1.00.npz	211769	dataset, feature, index, or evaluation table artifact	experiments/cr_scizor/stage2/features/cache/can/can_demo_129_reverse_motion_t108_m1.00.npz.placeholder.md
experiments/cr_scizor/stage2/features/cache/can/can_demo_131_axis_impulse_t116_m1.00.npz	233945	dataset, feature, index, or evaluation table artifact	experiments/cr_scizor/stage2/features/cache/can/can_demo_131_axis_impulse_t116_m1.00.npz.placeholder.md
experiments/cr_scizor/stage2/features/cache/can/can_demo_131_zero_motion_t116_m1.00.npz	233945	dataset, feature, index, or evaluation table artifact	experiments/cr_scizor/stage2/features/cache/can/can_demo_131_zero_motion_t116_m1.00.npz.placeholder.md
experiments/cr_scizor/stage2/features/cache/can/can_demo_131_zero_motion_t51_m1.00.npz	233945	dataset, feature, index, or evaluation table artifact	experiments/cr_scizor/stage2/features/cache/can/can_demo_131_zero_motion_t51_m1.00.npz.placeholder.md
experiments/cr_scizor/stage2/features/cache/can/can_demo_129_zero_motion_t108_m1.00.npz	211769	dataset, feature, index, or evaluation table artifact	experiments/cr_scizor/stage2/features/cache/can/can_demo_129_zero_motion_t108_m1.00.npz.placeholder.md
experiments/cr_scizor/stage2/features/cache/can/can_demo_131_clean.npz	233945	dataset, feature, index, or evaluation table artifact	experiments/cr_scizor/stage2/features/cache/can/can_demo_131_clean.npz.placeholder.md
experiments/cr_scizor/stage2/features/cache/can/can_demo_132_axis_impulse_t106_m1.00.npz	213617	dataset, feature, index, or evaluation table artifact	experiments/cr_scizor/stage2/features/cache/can/can_demo_132_axis_impulse_t106_m1.00.npz.placeholder.md
experiments/cr_scizor/stage2/features/cache/can/can_demo_132_axis_impulse_t43_m1.00.npz	213617	dataset, feature, index, or evaluation table artifact	experiments/cr_scizor/stage2/features/cache/can/can_demo_132_axis_impulse_t43_m1.00.npz.placeholder.md
experiments/cr_scizor/stage2/features/cache/can/can_demo_12_axis_impulse_t106_m1.00.npz	213617	dataset, feature, index, or evaluation table artifact	experiments/cr_scizor/stage2/features/cache/can/can_demo_12_axis_impulse_t106_m1.00.npz.placeholder.md
experiments/cr_scizor/stage2/features/cache/can/can_demo_132_clean.npz	213617	dataset, feature, index, or evaluation table artifact	experiments/cr_scizor/stage2/features/cache/can/can_demo_132_clean.npz.placeholder.md
experiments/cr_scizor/stage2/features/cache/can/can_demo_131_flip_gripper_t80_m1.00.npz	233945	dataset, feature, index, or evaluation table artifact	experiments/cr_scizor/stage2/features/cache/can/can_demo_131_flip_gripper_t80_m1.00.npz.placeholder.md
experiments/cr_scizor/stage2/features/cache/can/can_demo_132_flip_gripper_t106_m1.00.npz	213617	dataset, feature, index, or evaluation table artifact	experiments/cr_scizor/stage2/features/cache/can/can_demo_132_flip_gripper_t106_m1.00.npz.placeholder.md
experiments/cr_scizor/stage2/features/cache/can/can_demo_12_clean.npz	213617	dataset, feature, index, or evaluation table artifact	experiments/cr_scizor/stage2/features/cache/can/can_demo_12_clean.npz.placeholder.md
experiments/cr_scizor/stage2/features/cache/can/can_demo_132_flip_gripper_t68_m1.00.npz	213617	dataset, feature, index, or evaluation table artifact	experiments/cr_scizor/stage2/features/cache/can/can_demo_132_flip_gripper_t68_m1.00.npz.placeholder.md
experiments/cr_scizor/stage2/features/cache/can/can_demo_131_reverse_motion_t80_m1.00.npz	233945	dataset, feature, index, or evaluation table artifact	experiments/cr_scizor/stage2/features/cache/can/can_demo_131_reverse_motion_t80_m1.00.npz.placeholder.md
experiments/cr_scizor/stage2/features/cache/can/can_demo_132_reverse_motion_t106_m1.00.npz	213617	dataset, feature, index, or evaluation table artifact	experiments/cr_scizor/stage2/features/cache/can/can_demo_132_reverse_motion_t106_m1.00.npz.placeholder.md
experiments/cr_scizor/stage2/features/cache/can/can_demo_12_flip_gripper_t75_m1.00.npz	213617	dataset, feature, index, or evaluation table artifact	experiments/cr_scizor/stage2/features/cache/can/can_demo_12_flip_gripper_t75_m1.00.npz.placeholder.md
experiments/cr_scizor/stage2/features/cache/can/can_demo_132_reverse_motion_t68_m1.00.npz	213617	dataset, feature, index, or evaluation table artifact	experiments/cr_scizor/stage2/features/cache/can/can_demo_132_reverse_motion_t68_m1.00.npz.placeholder.md
experiments/cr_scizor/stage2/features/cache/can/can_demo_131_zero_motion_t80_m1.00.npz	233945	dataset, feature, index, or evaluation table artifact	experiments/cr_scizor/stage2/features/cache/can/can_demo_131_zero_motion_t80_m1.00.npz.placeholder.md
experiments/cr_scizor/stage2/features/cache/can/can_demo_132_zero_motion_t106_m1.00.npz	213617	dataset, feature, index, or evaluation table artifact	experiments/cr_scizor/stage2/features/cache/can/can_demo_132_zero_motion_t106_m1.00.npz.placeholder.md
experiments/cr_scizor/stage2/features/cache/can/can_demo_12_reverse_motion_t75_m1.00.npz	213617	dataset, feature, index, or evaluation table artifact	experiments/cr_scizor/stage2/features/cache/can/can_demo_12_reverse_motion_t75_m1.00.npz.placeholder.md
experiments/cr_scizor/stage2/features/cache/can/can_demo_132_zero_motion_t68_m1.00.npz	213617	dataset, feature, index, or evaluation table artifact	experiments/cr_scizor/stage2/features/cache/can/can_demo_132_zero_motion_t68_m1.00.npz.placeholder.md
experiments/cr_scizor/stage2/features/cache/can/can_demo_132_axis_impulse_t68_m1.00.npz	213617	dataset, feature, index, or evaluation table artifact	experiments/cr_scizor/stage2/features/cache/can/can_demo_132_axis_impulse_t68_m1.00.npz.placeholder.md
experiments/cr_scizor/stage2/features/cache/can/can_demo_133_axis_impulse_t46_m1.00.npz	189593	dataset, feature, index, or evaluation table artifact	experiments/cr_scizor/stage2/features/cache/can/can_demo_133_axis_impulse_t46_m1.00.npz.placeholder.md
experiments/cr_scizor/stage2/features/cache/can/can_demo_12_zero_motion_t75_m1.00.npz	213617	dataset, feature, index, or evaluation table artifact	experiments/cr_scizor/stage2/features/cache/can/can_demo_12_zero_motion_t75_m1.00.npz.placeholder.md
experiments/cr_scizor/stage2/features/cache/can/can_demo_133_axis_impulse_t95_m1.00.npz	189593	dataset, feature, index, or evaluation table artifact	experiments/cr_scizor/stage2/features/cache/can/can_demo_133_axis_impulse_t95_m1.00.npz.placeholder.md
experiments/cr_scizor/stage2/features/cache/can/can_demo_132_flip_gripper_t53_m1.00.npz	213617	dataset, feature, index, or evaluation table artifact	experiments/cr_scizor/stage2/features/cache/can/can_demo_132_flip_gripper_t53_m1.00.npz.placeholder.md
experiments/cr_scizor/stage2/features/cache/can/can_demo_133_clean.npz	189593	dataset, feature, index, or evaluation table artifact	experiments/cr_scizor/stage2/features/cache/can/can_demo_133_clean.npz.placeholder.md
experiments/cr_scizor/stage2/features/cache/can/can_demo_131_axis_impulse_t80_m1.00.npz	233945	dataset, feature, index, or evaluation table artifact	experiments/cr_scizor/stage2/features/cache/can/can_demo_131_axis_impulse_t80_m1.00.npz.placeholder.md
experiments/cr_scizor/stage2/features/cache/can/can_demo_133_flip_gripper_t67_m1.00.npz	189593	dataset, feature, index, or evaluation table artifact	experiments/cr_scizor/stage2/features/cache/can/can_demo_133_flip_gripper_t67_m1.00.npz.placeholder.md
experiments/cr_scizor/stage2/features/cache/can/can_demo_132_reverse_motion_t53_m1.00.npz	213617	dataset, feature, index, or evaluation table artifact	experiments/cr_scizor/stage2/features/cache/can/can_demo_132_reverse_motion_t53_m1.00.npz.placeholder.md
experiments/cr_scizor/stage2/features/cache/can/can_demo_133_flip_gripper_t95_m1.00.npz	189593	dataset, feature, index, or evaluation table artifact	experiments/cr_scizor/stage2/features/cache/can/can_demo_133_flip_gripper_t95_m1.00.npz.placeholder.md
experiments/cr_scizor/stage2/features/cache/can/can_demo_133_reverse_motion_t67_m1.00.npz	189593	dataset, feature, index, or evaluation table artifact	experiments/cr_scizor/stage2/features/cache/can/can_demo_133_reverse_motion_t67_m1.00.npz.placeholder.md
experiments/cr_scizor/stage2/features/cache/can/can_demo_131_flip_gripper_t61_m1.00.npz	233945	dataset, feature, index, or evaluation table artifact	experiments/cr_scizor/stage2/features/cache/can/can_demo_131_flip_gripper_t61_m1.00.npz.placeholder.md
experiments/cr_scizor/stage2/features/cache/can/can_demo_133_reverse_motion_t95_m1.00.npz	189593	dataset, feature, index, or evaluation table artifact	experiments/cr_scizor/stage2/features/cache/can/can_demo_133_reverse_motion_t95_m1.00.npz.placeholder.md
experiments/cr_scizor/stage2/features/cache/can/can_demo_132_zero_motion_t53_m1.00.npz	213617	dataset, feature, index, or evaluation table artifact	experiments/cr_scizor/stage2/features/cache/can/can_demo_132_zero_motion_t53_m1.00.npz.placeholder.md
experiments/cr_scizor/stage2/features/cache/can/can_demo_133_zero_motion_t67_m1.00.npz	189593	dataset, feature, index, or evaluation table artifact	experiments/cr_scizor/stage2/features/cache/can/can_demo_133_zero_motion_t67_m1.00.npz.placeholder.md
experiments/cr_scizor/stage2/features/cache/can/can_demo_131_reverse_motion_t61_m1.00.npz	233945	dataset, feature, index, or evaluation table artifact	experiments/cr_scizor/stage2/features/cache/can/can_demo_131_reverse_motion_t61_m1.00.npz.placeholder.md
experiments/cr_scizor/stage2/features/cache/can/can_demo_133_zero_motion_t95_m1.00.npz	189593	dataset, feature, index, or evaluation table artifact	experiments/cr_scizor/stage2/features/cache/can/can_demo_133_zero_motion_t95_m1.00.npz.placeholder.md
experiments/cr_scizor/stage2/features/cache/can/can_demo_133_axis_impulse_t67_m1.00.npz	189593	dataset, feature, index, or evaluation table artifact	experiments/cr_scizor/stage2/features/cache/can/can_demo_133_axis_impulse_t67_m1.00.npz.placeholder.md
experiments/cr_scizor/stage2/features/cache/can/can_demo_134_axis_impulse_t56_m1.00.npz	257969	dataset, feature, index, or evaluation table artifact	experiments/cr_scizor/stage2/features/cache/can/can_demo_134_axis_impulse_t56_m1.00.npz.placeholder.md
experiments/cr_scizor/stage2/features/cache/can/can_demo_131_zero_motion_t61_m1.00.npz	233945	dataset, feature, index, or evaluation table artifact	experiments/cr_scizor/stage2/features/cache/can/can_demo_131_zero_motion_t61_m1.00.npz.placeholder.md
experiments/cr_scizor/stage2/features/cache/can/can_demo_134_axis_impulse_t70_m1.00.npz	257969	dataset, feature, index, or evaluation table artifact	experiments/cr_scizor/stage2/features/cache/can/can_demo_134_axis_impulse_t70_m1.00.npz.placeholder.md
experiments/cr_scizor/stage2/features/cache/can/can_demo_133_flip_gripper_t56_m1.00.npz	189593	dataset, feature, index, or evaluation table artifact	experiments/cr_scizor/stage2/features/cache/can/can_demo_133_flip_gripper_t56_m1.00.npz.placeholder.md
experiments/cr_scizor/stage2/features/cache/can/can_demo_134_flip_gripper_t16_m1.00.npz	257969	dataset, feature, index, or evaluation table artifact	experiments/cr_scizor/stage2/features/cache/can/can_demo_134_flip_gripper_t16_m1.00.npz.placeholder.md
experiments/cr_scizor/stage2/features/cache/can/can_demo_132_axis_impulse_t53_m1.00.npz	213617	dataset, feature, index, or evaluation table artifact	experiments/cr_scizor/stage2/features/cache/can/can_demo_132_axis_impulse_t53_m1.00.npz.placeholder.md
experiments/cr_scizor/stage2/features/cache/can/can_demo_133_reverse_motion_t56_m1.00.npz	189593	dataset, feature, index, or evaluation table artifact	experiments/cr_scizor/stage2/features/cache/can/can_demo_133_reverse_motion_t56_m1.00.npz.placeholder.md
experiments/cr_scizor/stage2/features/cache/can/can_demo_134_flip_gripper_t56_m1.00.npz	257969	dataset, feature, index, or evaluation table artifact	experiments/cr_scizor/stage2/features/cache/can/can_demo_134_flip_gripper_t56_m1.00.npz.placeholder.md
experiments/cr_scizor/stage2/features/cache/can/can_demo_132_flip_gripper_t43_m1.00.npz	213617	dataset, feature, index, or evaluation table artifact	experiments/cr_scizor/stage2/features/cache/can/can_demo_132_flip_gripper_t43_m1.00.npz.placeholder.md
experiments/cr_scizor/stage2/features/cache/can/can_demo_134_reverse_motion_t16_m1.00.npz	257969	dataset, feature, index, or evaluation table artifact	experiments/cr_scizor/stage2/features/cache/can/can_demo_134_reverse_motion_t16_m1.00.npz.placeholder.md
experiments/cr_scizor/stage2/features/cache/can/can_demo_133_zero_motion_t56_m1.00.npz	189593	dataset, feature, index, or evaluation table artifact	experiments/cr_scizor/stage2/features/cache/can/can_demo_133_zero_motion_t56_m1.00.npz.placeholder.md
experiments/cr_scizor/stage2/features/cache/can/can_demo_134_reverse_motion_t56_m1.00.npz	257969	dataset, feature, index, or evaluation table artifact	experiments/cr_scizor/stage2/features/cache/can/can_demo_134_reverse_motion_t56_m1.00.npz.placeholder.md
experiments/cr_scizor/stage2/features/cache/can/can_demo_132_reverse_motion_t43_m1.00.npz	213617	dataset, feature, index, or evaluation table artifact	experiments/cr_scizor/stage2/features/cache/can/can_demo_132_reverse_motion_t43_m1.00.npz.placeholder.md
experiments/cr_scizor/stage2/features/cache/can/can_demo_134_zero_motion_t16_m1.00.npz	257969	dataset, feature, index, or evaluation table artifact	experiments/cr_scizor/stage2/features/cache/can/can_demo_134_zero_motion_t16_m1.00.npz.placeholder.md
experiments/cr_scizor/stage2/features/cache/can/can_demo_132_zero_motion_t43_m1.00.npz	213617	dataset, feature, index, or evaluation table artifact	experiments/cr_scizor/stage2/features/cache/can/can_demo_132_zero_motion_t43_m1.00.npz.placeholder.md
experiments/cr_scizor/stage2/features/cache/can/can_demo_134_axis_impulse_t16_m1.00.npz	257969	dataset, feature, index, or evaluation table artifact	experiments/cr_scizor/stage2/features/cache/can/can_demo_134_axis_impulse_t16_m1.00.npz.placeholder.md
experiments/cr_scizor/stage2/features/cache/can/can_demo_134_zero_motion_t56_m1.00.npz	257969	dataset, feature, index, or evaluation table artifact	experiments/cr_scizor/stage2/features/cache/can/can_demo_134_zero_motion_t56_m1.00.npz.placeholder.md
experiments/cr_scizor/stage2/features/cache/can/can_demo_133_axis_impulse_t56_m1.00.npz	189593	dataset, feature, index, or evaluation table artifact	experiments/cr_scizor/stage2/features/cache/can/can_demo_133_axis_impulse_t56_m1.00.npz.placeholder.md
experiments/cr_scizor/stage2/features/cache/can/can_demo_135_axis_impulse_t60_m1.00.npz	233945	dataset, feature, index, or evaluation table artifact	experiments/cr_scizor/stage2/features/cache/can/can_demo_135_axis_impulse_t60_m1.00.npz.placeholder.md
experiments/cr_scizor/stage2/features/cache/can/can_demo_133_flip_gripper_t46_m1.00.npz	189593	dataset, feature, index, or evaluation table artifact	experiments/cr_scizor/stage2/features/cache/can/can_demo_133_flip_gripper_t46_m1.00.npz.placeholder.md
experiments/cr_scizor/stage2/features/cache/can/can_demo_134_flip_gripper_t130_m1.00.npz	257969	dataset, feature, index, or evaluation table artifact	experiments/cr_scizor/stage2/features/cache/can/can_demo_134_flip_gripper_t130_m1.00.npz.placeholder.md
experiments/cr_scizor/stage2/features/cache/can/can_demo_135_axis_impulse_t70_m1.00.npz	233945	dataset, feature, index, or evaluation table artifact	experiments/cr_scizor/stage2/features/cache/can/can_demo_135_axis_impulse_t70_m1.00.npz.placeholder.md
experiments/cr_scizor/stage2/features/cache/can/can_demo_135_flip_gripper_t117_m1.00.npz	233945	dataset, feature, index, or evaluation table artifact	experiments/cr_scizor/stage2/features/cache/can/can_demo_135_flip_gripper_t117_m1.00.npz.placeholder.md
experiments/cr_scizor/stage2/features/cache/can/can_demo_133_reverse_motion_t46_m1.00.npz	189593	dataset, feature, index, or evaluation table artifact	experiments/cr_scizor/stage2/features/cache/can/can_demo_133_reverse_motion_t46_m1.00.npz.placeholder.md
experiments/cr_scizor/stage2/features/cache/can/can_demo_134_reverse_motion_t130_m1.00.npz	257969	dataset, feature, index, or evaluation table artifact	experiments/cr_scizor/stage2/features/cache/can/can_demo_134_reverse_motion_t130_m1.00.npz.placeholder.md
experiments/cr_scizor/stage2/features/cache/can/can_demo_135_flip_gripper_t60_m1.00.npz	233945	dataset, feature, index, or evaluation table artifact	experiments/cr_scizor/stage2/features/cache/can/can_demo_135_flip_gripper_t60_m1.00.npz.placeholder.md
experiments/cr_scizor/stage2/features/cache/can/can_demo_135_reverse_motion_t117_m1.00.npz	233945	dataset, feature, index, or evaluation table artifact	experiments/cr_scizor/stage2/features/cache/can/can_demo_135_reverse_motion_t117_m1.00.npz.placeholder.md
experiments/cr_scizor/stage2/features/cache/can/can_demo_133_zero_motion_t46_m1.00.npz	189593	dataset, feature, index, or evaluation table artifact	experiments/cr_scizor/stage2/features/cache/can/can_demo_133_zero_motion_t46_m1.00.npz.placeholder.md
experiments/cr_scizor/stage2/features/cache/can/can_demo_135_reverse_motion_t60_m1.00.npz	233945	dataset, feature, index, or evaluation table artifact	experiments/cr_scizor/stage2/features/cache/can/can_demo_135_reverse_motion_t60_m1.00.npz.placeholder.md
experiments/cr_scizor/stage2/features/cache/can/can_demo_135_zero_motion_t117_m1.00.npz	233945	dataset, feature, index, or evaluation table artifact	experiments/cr_scizor/stage2/features/cache/can/can_demo_135_zero_motion_t117_m1.00.npz.placeholder.md
experiments/cr_scizor/stage2/features/cache/can/can_demo_134_zero_motion_t130_m1.00.npz	257969	dataset, feature, index, or evaluation table artifact	experiments/cr_scizor/stage2/features/cache/can/can_demo_134_zero_motion_t130_m1.00.npz.placeholder.md
experiments/cr_scizor/stage2/features/cache/can/can_demo_134_axis_impulse_t130_m1.00.npz	257969	dataset, feature, index, or evaluation table artifact	experiments/cr_scizor/stage2/features/cache/can/can_demo_134_axis_impulse_t130_m1.00.npz.placeholder.md
experiments/cr_scizor/stage2/features/cache/can/can_demo_135_zero_motion_t60_m1.00.npz	233945	dataset, feature, index, or evaluation table artifact	experiments/cr_scizor/stage2/features/cache/can/can_demo_135_zero_motion_t60_m1.00.npz.placeholder.md
experiments/cr_scizor/stage2/features/cache/can/can_demo_135_axis_impulse_t117_m1.00.npz	233945	dataset, feature, index, or evaluation table artifact	experiments/cr_scizor/stage2/features/cache/can/can_demo_135_axis_impulse_t117_m1.00.npz.placeholder.md
experiments/cr_scizor/stage2/features/cache/can/can_demo_13_axis_impulse_t115_m1.00.npz	239489	dataset, feature, index, or evaluation table artifact	experiments/cr_scizor/stage2/features/cache/can/can_demo_13_axis_impulse_t115_m1.00.npz.placeholder.md
experiments/cr_scizor/stage2/features/cache/can/can_demo_134_clean.npz	257969	dataset, feature, index, or evaluation table artifact	experiments/cr_scizor/stage2/features/cache/can/can_demo_134_clean.npz.placeholder.md
experiments/cr_scizor/stage2/features/cache/can/can_demo_13_axis_impulse_t59_m1.00.npz	239489	dataset, feature, index, or evaluation table artifact	experiments/cr_scizor/stage2/features/cache/can/can_demo_13_axis_impulse_t59_m1.00.npz.placeholder.md
experiments/cr_scizor/stage2/features/cache/can/can_demo_135_clean.npz	233945	dataset, feature, index, or evaluation table artifact	experiments/cr_scizor/stage2/features/cache/can/can_demo_135_clean.npz.placeholder.md
experiments/cr_scizor/stage2/features/cache/can/can_demo_13_clean.npz	239489	dataset, feature, index, or evaluation table artifact	experiments/cr_scizor/stage2/features/cache/can/can_demo_13_clean.npz.placeholder.md
experiments/cr_scizor/stage2/features/cache/can/can_demo_134_flip_gripper_t70_m1.00.npz	257969	dataset, feature, index, or evaluation table artifact	experiments/cr_scizor/stage2/features/cache/can/can_demo_134_flip_gripper_t70_m1.00.npz.placeholder.md
experiments/cr_scizor/stage2/features/cache/can/can_demo_135_flip_gripper_t85_m1.00.npz	233945	dataset, feature, index, or evaluation table artifact	experiments/cr_scizor/stage2/features/cache/can/can_demo_135_flip_gripper_t85_m1.00.npz.placeholder.md
experiments/cr_scizor/stage2/features/cache/can/can_demo_13_flip_gripper_t115_m1.00.npz	239489	dataset, feature, index, or evaluation table artifact	experiments/cr_scizor/stage2/features/cache/can/can_demo_13_flip_gripper_t115_m1.00.npz.placeholder.md
experiments/cr_scizor/stage2/features/cache/can/can_demo_13_flip_gripper_t94_m1.00.npz	239489	dataset, feature, index, or evaluation table artifact	experiments/cr_scizor/stage2/features/cache/can/can_demo_13_flip_gripper_t94_m1.00.npz.placeholder.md
experiments/cr_scizor/stage2/features/cache/can/can_demo_134_reverse_motion_t70_m1.00.npz	257969	dataset, feature, index, or evaluation table artifact	experiments/cr_scizor/stage2/features/cache/can/can_demo_134_reverse_motion_t70_m1.00.npz.placeholder.md
experiments/cr_scizor/stage2/features/cache/can/can_demo_13_reverse_motion_t94_m1.00.npz	239489	dataset, feature, index, or evaluation table artifact	experiments/cr_scizor/stage2/features/cache/can/can_demo_13_reverse_motion_t94_m1.00.npz.placeholder.md
experiments/cr_scizor/stage2/features/cache/can/can_demo_13_reverse_motion_t115_m1.00.npz	239489	dataset, feature, index, or evaluation table artifact	experiments/cr_scizor/stage2/features/cache/can/can_demo_13_reverse_motion_t115_m1.00.npz.placeholder.md
experiments/cr_scizor/stage2/features/cache/can/can_demo_135_reverse_motion_t85_m1.00.npz	233945	dataset, feature, index, or evaluation table artifact	experiments/cr_scizor/stage2/features/cache/can/can_demo_135_reverse_motion_t85_m1.00.npz.placeholder.md
experiments/cr_scizor/stage2/features/cache/can/can_demo_134_zero_motion_t70_m1.00.npz	257969	dataset, feature, index, or evaluation table artifact	experiments/cr_scizor/stage2/features/cache/can/can_demo_134_zero_motion_t70_m1.00.npz.placeholder.md
experiments/cr_scizor/stage2/features/cache/can/can_demo_13_zero_motion_t94_m1.00.npz	239489	dataset, feature, index, or evaluation table artifact	experiments/cr_scizor/stage2/features/cache/can/can_demo_13_zero_motion_t94_m1.00.npz.placeholder.md
experiments/cr_scizor/stage2/features/cache/can/can_demo_13_zero_motion_t115_m1.00.npz	239489	dataset, feature, index, or evaluation table artifact	experiments/cr_scizor/stage2/features/cache/can/can_demo_13_zero_motion_t115_m1.00.npz.placeholder.md
experiments/cr_scizor/stage2/features/cache/can/can_demo_135_zero_motion_t85_m1.00.npz	233945	dataset, feature, index, or evaluation table artifact	experiments/cr_scizor/stage2/features/cache/can/can_demo_135_zero_motion_t85_m1.00.npz.placeholder.md
experiments/cr_scizor/stage2/features/cache/can/can_demo_135_axis_impulse_t85_m1.00.npz	233945	dataset, feature, index, or evaluation table artifact	experiments/cr_scizor/stage2/features/cache/can/can_demo_135_axis_impulse_t85_m1.00.npz.placeholder.md
experiments/cr_scizor/stage2/features/cache/can/can_demo_14_axis_impulse_t73_m1.00.npz	209921	dataset, feature, index, or evaluation table artifact	experiments/cr_scizor/stage2/features/cache/can/can_demo_14_axis_impulse_t73_m1.00.npz.placeholder.md
experiments/cr_scizor/stage2/features/cache/can/can_demo_14_axis_impulse_t106_m1.00.npz	209921	dataset, feature, index, or evaluation table artifact	experiments/cr_scizor/stage2/features/cache/can/can_demo_14_axis_impulse_t106_m1.00.npz.placeholder.md
experiments/cr_scizor/stage2/features/cache/can/can_demo_13_axis_impulse_t94_m1.00.npz	239489	dataset, feature, index, or evaluation table artifact	experiments/cr_scizor/stage2/features/cache/can/can_demo_13_axis_impulse_t94_m1.00.npz.placeholder.md
experiments/cr_scizor/stage2/features/cache/can/can_demo_135_flip_gripper_t70_m1.00.npz	233945	dataset, feature, index, or evaluation table artifact	experiments/cr_scizor/stage2/features/cache/can/can_demo_135_flip_gripper_t70_m1.00.npz.placeholder.md
experiments/cr_scizor/stage2/features/cache/can/can_demo_14_flip_gripper_t63_m1.00.npz	209921	dataset, feature, index, or evaluation table artifact	experiments/cr_scizor/stage2/features/cache/can/can_demo_14_flip_gripper_t63_m1.00.npz.placeholder.md
experiments/cr_scizor/stage2/features/cache/can/can_demo_14_clean.npz	209921	dataset, feature, index, or evaluation table artifact	experiments/cr_scizor/stage2/features/cache/can/can_demo_14_clean.npz.placeholder.md
experiments/cr_scizor/stage2/features/cache/can/can_demo_13_flip_gripper_t69_m1.00.npz	239489	dataset, feature, index, or evaluation table artifact	experiments/cr_scizor/stage2/features/cache/can/can_demo_13_flip_gripper_t69_m1.00.npz.placeholder.md
experiments/cr_scizor/stage2/features/cache/can/can_demo_135_reverse_motion_t70_m1.00.npz	233945	dataset, feature, index, or evaluation table artifact	experiments/cr_scizor/stage2/features/cache/can/can_demo_135_reverse_motion_t70_m1.00.npz.placeholder.md
experiments/cr_scizor/stage2/features/cache/can/can_demo_14_reverse_motion_t63_m1.00.npz	209921	dataset, feature, index, or evaluation table artifact	experiments/cr_scizor/stage2/features/cache/can/can_demo_14_reverse_motion_t63_m1.00.npz.placeholder.md
experiments/cr_scizor/stage2/features/cache/can/can_demo_14_flip_gripper_t73_m1.00.npz	209921	dataset, feature, index, or evaluation table artifact	experiments/cr_scizor/stage2/features/cache/can/can_demo_14_flip_gripper_t73_m1.00.npz.placeholder.md
experiments/cr_scizor/stage2/features/cache/can/can_demo_13_reverse_motion_t69_m1.00.npz	239489	dataset, feature, index, or evaluation table artifact	experiments/cr_scizor/stage2/features/cache/can/can_demo_13_reverse_motion_t69_m1.00.npz.placeholder.md
experiments/cr_scizor/stage2/features/cache/can/can_demo_135_zero_motion_t70_m1.00.npz	233945	dataset, feature, index, or evaluation table artifact	experiments/cr_scizor/stage2/features/cache/can/can_demo_135_zero_motion_t70_m1.00.npz.placeholder.md
experiments/cr_scizor/stage2/features/cache/can/can_demo_14_zero_motion_t63_m1.00.npz	209921	dataset, feature, index, or evaluation table artifact	experiments/cr_scizor/stage2/features/cache/can/can_demo_14_zero_motion_t63_m1.00.npz.placeholder.md
experiments/cr_scizor/stage2/features/cache/can/can_demo_14_reverse_motion_t73_m1.00.npz	209921	dataset, feature, index, or evaluation table artifact	experiments/cr_scizor/stage2/features/cache/can/can_demo_14_reverse_motion_t73_m1.00.npz.placeholder.md
experiments/cr_scizor/stage2/features/cache/can/can_demo_13_zero_motion_t69_m1.00.npz	239489	dataset, feature, index, or evaluation table artifact	experiments/cr_scizor/stage2/features/cache/can/can_demo_13_zero_motion_t69_m1.00.npz.placeholder.md
experiments/cr_scizor/stage2/features/cache/can/can_demo_13_axis_impulse_t69_m1.00.npz	239489	dataset, feature, index, or evaluation table artifact	experiments/cr_scizor/stage2/features/cache/can/can_demo_13_axis_impulse_t69_m1.00.npz.placeholder.md
experiments/cr_scizor/stage2/features/cache/can/can_demo_1_axis_impulse_t54_m1.00.npz	219161	dataset, feature, index, or evaluation table artifact	experiments/cr_scizor/stage2/features/cache/can/can_demo_1_axis_impulse_t54_m1.00.npz.placeholder.md
experiments/cr_scizor/stage2/features/cache/can/can_demo_14_zero_motion_t73_m1.00.npz	209921	dataset, feature, index, or evaluation table artifact	experiments/cr_scizor/stage2/features/cache/can/can_demo_14_zero_motion_t73_m1.00.npz.placeholder.md
experiments/cr_scizor/stage2/features/cache/can/can_demo_14_axis_impulse_t63_m1.00.npz	209921	dataset, feature, index, or evaluation table artifact	experiments/cr_scizor/stage2/features/cache/can/can_demo_14_axis_impulse_t63_m1.00.npz.placeholder.md
experiments/cr_scizor/stage2/features/cache/can/can_demo_1_flip_gripper_t44_m1.00.npz	219161	dataset, feature, index, or evaluation table artifact	experiments/cr_scizor/stage2/features/cache/can/can_demo_1_flip_gripper_t44_m1.00.npz.placeholder.md
experiments/cr_scizor/stage2/features/cache/can/can_demo_13_flip_gripper_t59_m1.00.npz	239489	dataset, feature, index, or evaluation table artifact	experiments/cr_scizor/stage2/features/cache/can/can_demo_13_flip_gripper_t59_m1.00.npz.placeholder.md
experiments/cr_scizor/stage2/features/cache/can/can_demo_1_axis_impulse_t69_m1.00.npz	219161	dataset, feature, index, or evaluation table artifact	experiments/cr_scizor/stage2/features/cache/can/can_demo_1_axis_impulse_t69_m1.00.npz.placeholder.md
experiments/cr_scizor/stage2/features/cache/can/can_demo_14_flip_gripper_t48_m1.00.npz	209921	dataset, feature, index, or evaluation table artifact	experiments/cr_scizor/stage2/features/cache/can/can_demo_14_flip_gripper_t48_m1.00.npz.placeholder.md
experiments/cr_scizor/stage2/features/cache/can/can_demo_1_reverse_motion_t44_m1.00.npz	219161	dataset, feature, index, or evaluation table artifact	experiments/cr_scizor/stage2/features/cache/can/can_demo_1_reverse_motion_t44_m1.00.npz.placeholder.md
experiments/cr_scizor/stage2/features/cache/can/can_demo_13_reverse_motion_t59_m1.00.npz	239489	dataset, feature, index, or evaluation table artifact	experiments/cr_scizor/stage2/features/cache/can/can_demo_13_reverse_motion_t59_m1.00.npz.placeholder.md
experiments/cr_scizor/stage2/features/cache/can/can_demo_1_flip_gripper_t54_m1.00.npz	219161	dataset, feature, index, or evaluation table artifact	experiments/cr_scizor/stage2/features/cache/can/can_demo_1_flip_gripper_t54_m1.00.npz.placeholder.md
experiments/cr_scizor/stage2/features/cache/can/can_demo_14_reverse_motion_t48_m1.00.npz	209921	dataset, feature, index, or evaluation table artifact	experiments/cr_scizor/stage2/features/cache/can/can_demo_14_reverse_motion_t48_m1.00.npz.placeholder.md
experiments/cr_scizor/stage2/features/cache/can/can_demo_1_zero_motion_t44_m1.00.npz	219161	dataset, feature, index, or evaluation table artifact	experiments/cr_scizor/stage2/features/cache/can/can_demo_1_zero_motion_t44_m1.00.npz.placeholder.md
experiments/cr_scizor/stage2/features/cache/can/can_demo_1_reverse_motion_t54_m1.00.npz	219161	dataset, feature, index, or evaluation table artifact	experiments/cr_scizor/stage2/features/cache/can/can_demo_1_reverse_motion_t54_m1.00.npz.placeholder.md
experiments/cr_scizor/stage2/features/cache/can/can_demo_13_zero_motion_t59_m1.00.npz	239489	dataset, feature, index, or evaluation table artifact	experiments/cr_scizor/stage2/features/cache/can/can_demo_13_zero_motion_t59_m1.00.npz.placeholder.md
experiments/cr_scizor/stage2/features/cache/can/can_demo_14_zero_motion_t48_m1.00.npz	209921	dataset, feature, index, or evaluation table artifact	experiments/cr_scizor/stage2/features/cache/can/can_demo_14_zero_motion_t48_m1.00.npz.placeholder.md
experiments/cr_scizor/stage2/features/cache/can/can_demo_14_axis_impulse_t48_m1.00.npz	209921	dataset, feature, index, or evaluation table artifact	experiments/cr_scizor/stage2/features/cache/can/can_demo_14_axis_impulse_t48_m1.00.npz.placeholder.md
experiments/cr_scizor/stage2/features/cache/can/can_demo_1_zero_motion_t54_m1.00.npz	219161	dataset, feature, index, or evaluation table artifact	experiments/cr_scizor/stage2/features/cache/can/can_demo_1_zero_motion_t54_m1.00.npz.placeholder.md
experiments/cr_scizor/stage2/features/cache/can/can_demo_1_axis_impulse_t44_m1.00.npz	219161	dataset, feature, index, or evaluation table artifact	experiments/cr_scizor/stage2/features/cache/can/can_demo_1_axis_impulse_t44_m1.00.npz.placeholder.md
experiments/cr_scizor/stage2/features/cache/can/can_demo_14_flip_gripper_t106_m1.00.npz	209921	dataset, feature, index, or evaluation table artifact	experiments/cr_scizor/stage2/features/cache/can/can_demo_14_flip_gripper_t106_m1.00.npz.placeholder.md
experiments/cr_scizor/stage2/features/cache/can/can_demo_1_flip_gripper_t112_m1.00.npz	219161	dataset, feature, index, or evaluation table artifact	experiments/cr_scizor/stage2/features/cache/can/can_demo_1_flip_gripper_t112_m1.00.npz.placeholder.md
experiments/cr_scizor/stage2/features/cache/can/can_demo_14_reverse_motion_t106_m1.00.npz	209921	dataset, feature, index, or evaluation table artifact	experiments/cr_scizor/stage2/features/cache/can/can_demo_14_reverse_motion_t106_m1.00.npz.placeholder.md
experiments/cr_scizor/stage2/features/cache/can/can_demo_1_reverse_motion_t112_m1.00.npz	219161	dataset, feature, index, or evaluation table artifact	experiments/cr_scizor/stage2/features/cache/can/can_demo_1_reverse_motion_t112_m1.00.npz.placeholder.md
experiments/cr_scizor/stage2/features/cache/can/can_demo_14_zero_motion_t106_m1.00.npz	209921	dataset, feature, index, or evaluation table artifact	experiments/cr_scizor/stage2/features/cache/can/can_demo_14_zero_motion_t106_m1.00.npz.placeholder.md
experiments/cr_scizor/stage2/features/cache/can/can_demo_1_zero_motion_t112_m1.00.npz	219161	dataset, feature, index, or evaluation table artifact	experiments/cr_scizor/stage2/features/cache/can/can_demo_1_zero_motion_t112_m1.00.npz.placeholder.md
experiments/cr_scizor/stage2/features/cache/can/can_demo_1_axis_impulse_t112_m1.00.npz	219161	dataset, feature, index, or evaluation table artifact	experiments/cr_scizor/stage2/features/cache/can/can_demo_1_axis_impulse_t112_m1.00.npz.placeholder.md
experiments/cr_scizor/stage2/features/cache/can/can_demo_1_clean.npz	219161	dataset, feature, index, or evaluation table artifact	experiments/cr_scizor/stage2/features/cache/can/can_demo_1_clean.npz.placeholder.md
experiments/cr_scizor/stage2/features/cache/can/can_demo_1_flip_gripper_t69_m1.00.npz	219161	dataset, feature, index, or evaluation table artifact	experiments/cr_scizor/stage2/features/cache/can/can_demo_1_flip_gripper_t69_m1.00.npz.placeholder.md
experiments/cr_scizor/stage2/features/cache/can/can_demo_1_reverse_motion_t69_m1.00.npz	219161	dataset, feature, index, or evaluation table artifact	experiments/cr_scizor/stage2/features/cache/can/can_demo_1_reverse_motion_t69_m1.00.npz.placeholder.md
experiments/cr_scizor/stage2/features/cache/can/can_demo_1_zero_motion_t69_m1.00.npz	219161	dataset, feature, index, or evaluation table artifact	experiments/cr_scizor/stage2/features/cache/can/can_demo_1_zero_motion_t69_m1.00.npz.placeholder.md
experiments/cr_scizor/stage2/features/cache/square/square_demo_0_axis_impulse_t116_m0.25.npz	235793	dataset, feature, index, or evaluation table artifact	experiments/cr_scizor/stage2/features/cache/square/square_demo_0_axis_impulse_t116_m0.25.npz.placeholder.md
experiments/cr_scizor/stage2/features/cache/square/square_demo_0_flip_gripper_t106_m0.50.npz	235793	dataset, feature, index, or evaluation table artifact	experiments/cr_scizor/stage2/features/cache/square/square_demo_0_flip_gripper_t106_m0.50.npz.placeholder.md
experiments/cr_scizor/stage2/features/cache/square/square_demo_0_axis_impulse_t55_m0.25.npz	235793	dataset, feature, index, or evaluation table artifact	experiments/cr_scizor/stage2/features/cache/square/square_demo_0_axis_impulse_t55_m0.25.npz.placeholder.md
experiments/cr_scizor/stage2/features/cache/square/square_demo_0_reverse_motion_t106_m0.25.npz	235793	dataset, feature, index, or evaluation table artifact	experiments/cr_scizor/stage2/features/cache/square/square_demo_0_reverse_motion_t106_m0.25.npz.placeholder.md
experiments/cr_scizor/stage2/features/cache/square/square_demo_0_flip_gripper_t116_m0.50.npz	235793	dataset, feature, index, or evaluation table artifact	experiments/cr_scizor/stage2/features/cache/square/square_demo_0_flip_gripper_t116_m0.50.npz.placeholder.md
experiments/cr_scizor/stage2/features/cache/square/square_demo_0_zero_motion_t106_m0.50.npz	235793	dataset, feature, index, or evaluation table artifact	experiments/cr_scizor/stage2/features/cache/square/square_demo_0_zero_motion_t106_m0.50.npz.placeholder.md
experiments/cr_scizor/stage2/features/cache/square/square_demo_0_reverse_motion_t116_m0.25.npz	235793	dataset, feature, index, or evaluation table artifact	experiments/cr_scizor/stage2/features/cache/square/square_demo_0_reverse_motion_t116_m0.25.npz.placeholder.md
experiments/cr_scizor/stage2/features/cache/square/square_demo_100_axis_impulse_t121_m0.25.npz	254273	dataset, feature, index, or evaluation table artifact	experiments/cr_scizor/stage2/features/cache/square/square_demo_100_axis_impulse_t121_m0.25.npz.placeholder.md
experiments/cr_scizor/stage2/features/cache/square/square_demo_0_axis_impulse_t106_m0.25.npz	235793	dataset, feature, index, or evaluation table artifact	experiments/cr_scizor/stage2/features/cache/square/square_demo_0_axis_impulse_t106_m0.25.npz.placeholder.md
experiments/cr_scizor/stage2/features/cache/square/square_demo_0_zero_motion_t116_m0.50.npz	235793	dataset, feature, index, or evaluation table artifact	experiments/cr_scizor/stage2/features/cache/square/square_demo_0_zero_motion_t116_m0.50.npz.placeholder.md
experiments/cr_scizor/stage2/features/cache/square/square_demo_100_clean.npz	254273	dataset, feature, index, or evaluation table artifact	experiments/cr_scizor/stage2/features/cache/square/square_demo_100_clean.npz.placeholder.md
experiments/cr_scizor/stage2/features/cache/square/square_demo_0_clean.npz	235793	dataset, feature, index, or evaluation table artifact	experiments/cr_scizor/stage2/features/cache/square/square_demo_0_clean.npz.placeholder.md
experiments/cr_scizor/stage2/features/cache/square/square_demo_100_axis_impulse_t131_m0.25.npz	254273	dataset, feature, index, or evaluation table artifact	experiments/cr_scizor/stage2/features/cache/square/square_demo_100_axis_impulse_t131_m0.25.npz.placeholder.md
experiments/cr_scizor/stage2/features/cache/square/square_demo_100_flip_gripper_t84_m0.50.npz	254273	dataset, feature, index, or evaluation table artifact	experiments/cr_scizor/stage2/features/cache/square/square_demo_100_flip_gripper_t84_m0.50.npz.placeholder.md
experiments/cr_scizor/stage2/features/cache/square/square_demo_0_flip_gripper_t65_m0.50.npz	235793	dataset, feature, index, or evaluation table artifact	experiments/cr_scizor/stage2/features/cache/square/square_demo_0_flip_gripper_t65_m0.50.npz.placeholder.md
experiments/cr_scizor/stage2/features/cache/square/square_demo_100_flip_gripper_t121_m0.50.npz	254273	dataset, feature, index, or evaluation table artifact	experiments/cr_scizor/stage2/features/cache/square/square_demo_100_flip_gripper_t121_m0.50.npz.placeholder.md
experiments/cr_scizor/stage2/features/cache/square/square_demo_100_reverse_motion_t84_m0.25.npz	254273	dataset, feature, index, or evaluation table artifact	experiments/cr_scizor/stage2/features/cache/square/square_demo_100_reverse_motion_t84_m0.25.npz.placeholder.md
experiments/cr_scizor/stage2/features/cache/square/square_demo_0_reverse_motion_t65_m0.25.npz	235793	dataset, feature, index, or evaluation table artifact	experiments/cr_scizor/stage2/features/cache/square/square_demo_0_reverse_motion_t65_m0.25.npz.placeholder.md
experiments/cr_scizor/stage2/features/cache/square/square_demo_100_reverse_motion_t121_m0.25.npz	254273	dataset, feature, index, or evaluation table artifact	experiments/cr_scizor/stage2/features/cache/square/square_demo_100_reverse_motion_t121_m0.25.npz.placeholder.md
experiments/cr_scizor/stage2/features/cache/square/square_demo_100_zero_motion_t84_m0.50.npz	254273	dataset, feature, index, or evaluation table artifact	experiments/cr_scizor/stage2/features/cache/square/square_demo_100_zero_motion_t84_m0.50.npz.placeholder.md
experiments/cr_scizor/stage2/features/cache/square/square_demo_0_axis_impulse_t65_m0.25.npz	235793	dataset, feature, index, or evaluation table artifact	experiments/cr_scizor/stage2/features/cache/square/square_demo_0_axis_impulse_t65_m0.25.npz.placeholder.md
experiments/cr_scizor/stage2/features/cache/square/square_demo_0_zero_motion_t65_m0.50.npz	235793	dataset, feature, index, or evaluation table artifact	experiments/cr_scizor/stage2/features/cache/square/square_demo_0_zero_motion_t65_m0.50.npz.placeholder.md
experiments/cr_scizor/stage2/features/cache/square/square_demo_100_zero_motion_t121_m0.50.npz	254273	dataset, feature, index, or evaluation table artifact	experiments/cr_scizor/stage2/features/cache/square/square_demo_100_zero_motion_t121_m0.50.npz.placeholder.md
experiments/cr_scizor/stage2/features/cache/square/square_demo_0_flip_gripper_t55_m0.50.npz	235793	dataset, feature, index, or evaluation table artifact	experiments/cr_scizor/stage2/features/cache/square/square_demo_0_flip_gripper_t55_m0.50.npz.placeholder.md
experiments/cr_scizor/stage2/features/cache/square/square_demo_101_axis_impulse_t88_m0.25.npz	304169	dataset, feature, index, or evaluation table artifact	experiments/cr_scizor/stage2/features/cache/square/square_demo_101_axis_impulse_t88_m0.25.npz.placeholder.md
experiments/cr_scizor/stage2/features/cache/square/square_demo_100_axis_impulse_t84_m0.25.npz	254273	dataset, feature, index, or evaluation table artifact	experiments/cr_scizor/stage2/features/cache/square/square_demo_100_axis_impulse_t84_m0.25.npz.placeholder.md
experiments/cr_scizor/stage2/features/cache/square/square_demo_101_axis_impulse_t155_m0.25.npz	304169	dataset, feature, index, or evaluation table artifact	experiments/cr_scizor/stage2/features/cache/square/square_demo_101_axis_impulse_t155_m0.25.npz.placeholder.md
experiments/cr_scizor/stage2/features/cache/square/square_demo_0_reverse_motion_t55_m0.25.npz	235793	dataset, feature, index, or evaluation table artifact	experiments/cr_scizor/stage2/features/cache/square/square_demo_0_reverse_motion_t55_m0.25.npz.placeholder.md
experiments/cr_scizor/stage2/features/cache/square/square_demo_100_flip_gripper_t68_m0.50.npz	254273	dataset, feature, index, or evaluation table artifact	experiments/cr_scizor/stage2/features/cache/square/square_demo_100_flip_gripper_t68_m0.50.npz.placeholder.md
experiments/cr_scizor/stage2/features/cache/square/square_demo_101_flip_gripper_t78_m0.50.npz	304169	dataset, feature, index, or evaluation table artifact	experiments/cr_scizor/stage2/features/cache/square/square_demo_101_flip_gripper_t78_m0.50.npz.placeholder.md
experiments/cr_scizor/stage2/features/cache/square/square_demo_101_clean.npz	304169	dataset, feature, index, or evaluation table artifact	experiments/cr_scizor/stage2/features/cache/square/square_demo_101_clean.npz.placeholder.md
experiments/cr_scizor/stage2/features/cache/square/square_demo_0_zero_motion_t55_m0.50.npz	235793	dataset, feature, index, or evaluation table artifact	experiments/cr_scizor/stage2/features/cache/square/square_demo_0_zero_motion_t55_m0.50.npz.placeholder.md
experiments/cr_scizor/stage2/features/cache/square/square_demo_100_reverse_motion_t68_m0.25.npz	254273	dataset, feature, index, or evaluation table artifact	experiments/cr_scizor/stage2/features/cache/square/square_demo_100_reverse_motion_t68_m0.25.npz.placeholder.md
experiments/cr_scizor/stage2/features/cache/square/square_demo_101_reverse_motion_t78_m0.25.npz	304169	dataset, feature, index, or evaluation table artifact	experiments/cr_scizor/stage2/features/cache/square/square_demo_101_reverse_motion_t78_m0.25.npz.placeholder.md
experiments/cr_scizor/stage2/features/cache/square/square_demo_101_flip_gripper_t88_m0.50.npz	304169	dataset, feature, index, or evaluation table artifact	experiments/cr_scizor/stage2/features/cache/square/square_demo_101_flip_gripper_t88_m0.50.npz.placeholder.md
experiments/cr_scizor/stage2/features/cache/square/square_demo_100_axis_impulse_t68_m0.25.npz	254273	dataset, feature, index, or evaluation table artifact	experiments/cr_scizor/stage2/features/cache/square/square_demo_100_axis_impulse_t68_m0.25.npz.placeholder.md
experiments/cr_scizor/stage2/features/cache/square/square_demo_100_zero_motion_t68_m0.50.npz	254273	dataset, feature, index, or evaluation table artifact	experiments/cr_scizor/stage2/features/cache/square/square_demo_100_zero_motion_t68_m0.50.npz.placeholder.md
experiments/cr_scizor/stage2/features/cache/square/square_demo_101_zero_motion_t78_m0.50.npz	304169	dataset, feature, index, or evaluation table artifact	experiments/cr_scizor/stage2/features/cache/square/square_demo_101_zero_motion_t78_m0.50.npz.placeholder.md
experiments/cr_scizor/stage2/features/cache/square/square_demo_100_flip_gripper_t131_m0.50.npz	254273	dataset, feature, index, or evaluation table artifact	experiments/cr_scizor/stage2/features/cache/square/square_demo_100_flip_gripper_t131_m0.50.npz.placeholder.md
experiments/cr_scizor/stage2/features/cache/square/square_demo_101_reverse_motion_t88_m0.25.npz	304169	dataset, feature, index, or evaluation table artifact	experiments/cr_scizor/stage2/features/cache/square/square_demo_101_reverse_motion_t88_m0.25.npz.placeholder.md
experiments/cr_scizor/stage2/features/cache/square/square_demo_101_axis_impulse_t78_m0.25.npz	304169	dataset, feature, index, or evaluation table artifact	experiments/cr_scizor/stage2/features/cache/square/square_demo_101_axis_impulse_t78_m0.25.npz.placeholder.md
experiments/cr_scizor/stage2/features/cache/square/square_demo_100_reverse_motion_t131_m0.25.npz	254273	dataset, feature, index, or evaluation table artifact	experiments/cr_scizor/stage2/features/cache/square/square_demo_100_reverse_motion_t131_m0.25.npz.placeholder.md
experiments/cr_scizor/stage2/features/cache/square/square_demo_102_axis_impulse_t63_m0.25.npz	342977	dataset, feature, index, or evaluation table artifact	experiments/cr_scizor/stage2/features/cache/square/square_demo_102_axis_impulse_t63_m0.25.npz.placeholder.md
experiments/cr_scizor/stage2/features/cache/square/square_demo_101_zero_motion_t88_m0.50.npz	304169	dataset, feature, index, or evaluation table artifact	experiments/cr_scizor/stage2/features/cache/square/square_demo_101_zero_motion_t88_m0.50.npz.placeholder.md
experiments/cr_scizor/stage2/features/cache/square/square_demo_100_zero_motion_t131_m0.50.npz	254273	dataset, feature, index, or evaluation table artifact	experiments/cr_scizor/stage2/features/cache/square/square_demo_100_zero_motion_t131_m0.50.npz.placeholder.md
experiments/cr_scizor/stage2/features/cache/square/square_demo_101_flip_gripper_t65_m0.50.npz	304169	dataset, feature, index, or evaluation table artifact	experiments/cr_scizor/stage2/features/cache/square/square_demo_101_flip_gripper_t65_m0.50.npz.placeholder.md
experiments/cr_scizor/stage2/features/cache/square/square_demo_102_flip_gripper_t43_m0.50.npz	342977	dataset, feature, index, or evaluation table artifact	experiments/cr_scizor/stage2/features/cache/square/square_demo_102_flip_gripper_t43_m0.50.npz.placeholder.md
experiments/cr_scizor/stage2/features/cache/square/square_demo_101_axis_impulse_t65_m0.25.npz	304169	dataset, feature, index, or evaluation table artifact	experiments/cr_scizor/stage2/features/cache/square/square_demo_101_axis_impulse_t65_m0.25.npz.placeholder.md
experiments/cr_scizor/stage2/features/cache/square/square_demo_101_reverse_motion_t65_m0.25.npz	304169	dataset, feature, index, or evaluation table artifact	experiments/cr_scizor/stage2/features/cache/square/square_demo_101_reverse_motion_t65_m0.25.npz.placeholder.md
experiments/cr_scizor/stage2/features/cache/square/square_demo_102_axis_impulse_t92_m0.25.npz	342977	dataset, feature, index, or evaluation table artifact	experiments/cr_scizor/stage2/features/cache/square/square_demo_102_axis_impulse_t92_m0.25.npz.placeholder.md
experiments/cr_scizor/stage2/features/cache/square/square_demo_102_reverse_motion_t43_m0.25.npz	342977	dataset, feature, index, or evaluation table artifact	experiments/cr_scizor/stage2/features/cache/square/square_demo_102_reverse_motion_t43_m0.25.npz.placeholder.md
experiments/cr_scizor/stage2/features/cache/square/square_demo_101_zero_motion_t65_m0.50.npz	304169	dataset, feature, index, or evaluation table artifact	experiments/cr_scizor/stage2/features/cache/square/square_demo_101_zero_motion_t65_m0.50.npz.placeholder.md
experiments/cr_scizor/stage2/features/cache/square/square_demo_101_flip_gripper_t155_m0.50.npz	304169	dataset, feature, index, or evaluation table artifact	experiments/cr_scizor/stage2/features/cache/square/square_demo_101_flip_gripper_t155_m0.50.npz.placeholder.md
experiments/cr_scizor/stage2/features/cache/square/square_demo_102_flip_gripper_t63_m0.50.npz	342977	dataset, feature, index, or evaluation table artifact	experiments/cr_scizor/stage2/features/cache/square/square_demo_102_flip_gripper_t63_m0.50.npz.placeholder.md
experiments/cr_scizor/stage2/features/cache/square/square_demo_102_zero_motion_t43_m0.50.npz	342977	dataset, feature, index, or evaluation table artifact	experiments/cr_scizor/stage2/features/cache/square/square_demo_102_zero_motion_t43_m0.50.npz.placeholder.md
experiments/cr_scizor/stage2/features/cache/square/square_demo_102_axis_impulse_t43_m0.25.npz	342977	dataset, feature, index, or evaluation table artifact	experiments/cr_scizor/stage2/features/cache/square/square_demo_102_axis_impulse_t43_m0.25.npz.placeholder.md
experiments/cr_scizor/stage2/features/cache/square/square_demo_101_reverse_motion_t155_m0.25.npz	304169	dataset, feature, index, or evaluation table artifact	experiments/cr_scizor/stage2/features/cache/square/square_demo_101_reverse_motion_t155_m0.25.npz.placeholder.md
experiments/cr_scizor/stage2/features/cache/square/square_demo_102_reverse_motion_t63_m0.25.npz	342977	dataset, feature, index, or evaluation table artifact	experiments/cr_scizor/stage2/features/cache/square/square_demo_102_reverse_motion_t63_m0.25.npz.placeholder.md
experiments/cr_scizor/stage2/features/cache/square/square_demo_103_axis_impulse_t147_m0.25.npz	293081	dataset, feature, index, or evaluation table artifact	experiments/cr_scizor/stage2/features/cache/square/square_demo_103_axis_impulse_t147_m0.25.npz.placeholder.md
experiments/cr_scizor/stage2/features/cache/square/square_demo_102_flip_gripper_t134_m0.50.npz	342977	dataset, feature, index, or evaluation table artifact	experiments/cr_scizor/stage2/features/cache/square/square_demo_102_flip_gripper_t134_m0.50.npz.placeholder.md
experiments/cr_scizor/stage2/features/cache/square/square_demo_101_zero_motion_t155_m0.50.npz	304169	dataset, feature, index, or evaluation table artifact	experiments/cr_scizor/stage2/features/cache/square/square_demo_101_zero_motion_t155_m0.50.npz.placeholder.md
experiments/cr_scizor/stage2/features/cache/square/square_demo_102_zero_motion_t63_m0.50.npz	342977	dataset, feature, index, or evaluation table artifact	experiments/cr_scizor/stage2/features/cache/square/square_demo_102_zero_motion_t63_m0.50.npz.placeholder.md
experiments/cr_scizor/stage2/features/cache/square/square_demo_103_flip_gripper_t115_m0.50.npz	293081	dataset, feature, index, or evaluation table artifact	experiments/cr_scizor/stage2/features/cache/square/square_demo_103_flip_gripper_t115_m0.50.npz.placeholder.md
experiments/cr_scizor/stage2/features/cache/square/square_demo_102_axis_impulse_t134_m0.25.npz	342977	dataset, feature, index, or evaluation table artifact	experiments/cr_scizor/stage2/features/cache/square/square_demo_102_axis_impulse_t134_m0.25.npz.placeholder.md
experiments/cr_scizor/stage2/features/cache/square/square_demo_102_reverse_motion_t134_m0.25.npz	342977	dataset, feature, index, or evaluation table artifact	experiments/cr_scizor/stage2/features/cache/square/square_demo_102_reverse_motion_t134_m0.25.npz.placeholder.md
experiments/cr_scizor/stage2/features/cache/square/square_demo_103_axis_impulse_t72_m0.25.npz	293081	dataset, feature, index, or evaluation table artifact	experiments/cr_scizor/stage2/features/cache/square/square_demo_103_axis_impulse_t72_m0.25.npz.placeholder.md
experiments/cr_scizor/stage2/features/cache/square/square_demo_103_reverse_motion_t115_m0.25.npz	293081	dataset, feature, index, or evaluation table artifact	experiments/cr_scizor/stage2/features/cache/square/square_demo_103_reverse_motion_t115_m0.25.npz.placeholder.md
experiments/cr_scizor/stage2/features/cache/square/square_demo_102_clean.npz	342977	dataset, feature, index, or evaluation table artifact	experiments/cr_scizor/stage2/features/cache/square/square_demo_102_clean.npz.placeholder.md
experiments/cr_scizor/stage2/features/cache/square/square_demo_103_flip_gripper_t147_m0.50.npz	293081	dataset, feature, index, or evaluation table artifact	experiments/cr_scizor/stage2/features/cache/square/square_demo_103_flip_gripper_t147_m0.50.npz.placeholder.md
experiments/cr_scizor/stage2/features/cache/square/square_demo_102_zero_motion_t134_m0.50.npz	342977	dataset, feature, index, or evaluation table artifact	experiments/cr_scizor/stage2/features/cache/square/square_demo_102_zero_motion_t134_m0.50.npz.placeholder.md
experiments/cr_scizor/stage2/features/cache/square/square_demo_103_zero_motion_t115_m0.50.npz	293081	dataset, feature, index, or evaluation table artifact	experiments/cr_scizor/stage2/features/cache/square/square_demo_103_zero_motion_t115_m0.50.npz.placeholder.md
experiments/cr_scizor/stage2/features/cache/square/square_demo_102_flip_gripper_t92_m0.50.npz	342977	dataset, feature, index, or evaluation table artifact	experiments/cr_scizor/stage2/features/cache/square/square_demo_102_flip_gripper_t92_m0.50.npz.placeholder.md
experiments/cr_scizor/stage2/features/cache/square/square_demo_103_reverse_motion_t147_m0.25.npz	293081	dataset, feature, index, or evaluation table artifact	experiments/cr_scizor/stage2/features/cache/square/square_demo_103_reverse_motion_t147_m0.25.npz.placeholder.md
experiments/cr_scizor/stage2/features/cache/square/square_demo_104_axis_impulse_t45_m0.25.npz	222857	dataset, feature, index, or evaluation table artifact	experiments/cr_scizor/stage2/features/cache/square/square_demo_104_axis_impulse_t45_m0.25.npz.placeholder.md
experiments/cr_scizor/stage2/features/cache/square/square_demo_103_axis_impulse_t115_m0.25.npz	293081	dataset, feature, index, or evaluation table artifact	experiments/cr_scizor/stage2/features/cache/square/square_demo_103_axis_impulse_t115_m0.25.npz.placeholder.md
experiments/cr_scizor/stage2/features/cache/square/square_demo_104_clean.npz	222857	dataset, feature, index, or evaluation table artifact	experiments/cr_scizor/stage2/features/cache/square/square_demo_104_clean.npz.placeholder.md
experiments/cr_scizor/stage2/features/cache/square/square_demo_103_zero_motion_t147_m0.50.npz	293081	dataset, feature, index, or evaluation table artifact	experiments/cr_scizor/stage2/features/cache/square/square_demo_103_zero_motion_t147_m0.50.npz.placeholder.md
experiments/cr_scizor/stage2/features/cache/square/square_demo_102_reverse_motion_t92_m0.25.npz	342977	dataset, feature, index, or evaluation table artifact	experiments/cr_scizor/stage2/features/cache/square/square_demo_102_reverse_motion_t92_m0.25.npz.placeholder.md
experiments/cr_scizor/stage2/features/cache/square/square_demo_103_clean.npz	293081	dataset, feature, index, or evaluation table artifact	experiments/cr_scizor/stage2/features/cache/square/square_demo_103_clean.npz.placeholder.md
experiments/cr_scizor/stage2/features/cache/square/square_demo_104_flip_gripper_t87_m0.50.npz	222857	dataset, feature, index, or evaluation table artifact	experiments/cr_scizor/stage2/features/cache/square/square_demo_104_flip_gripper_t87_m0.50.npz.placeholder.md
experiments/cr_scizor/stage2/features/cache/square/square_demo_104_axis_impulse_t60_m0.25.npz	222857	dataset, feature, index, or evaluation table artifact	experiments/cr_scizor/stage2/features/cache/square/square_demo_104_axis_impulse_t60_m0.25.npz.placeholder.md
experiments/cr_scizor/stage2/features/cache/square/square_demo_103_flip_gripper_t82_m0.50.npz	293081	dataset, feature, index, or evaluation table artifact	experiments/cr_scizor/stage2/features/cache/square/square_demo_103_flip_gripper_t82_m0.50.npz.placeholder.md
experiments/cr_scizor/stage2/features/cache/square/square_demo_102_zero_motion_t92_m0.50.npz	342977	dataset, feature, index, or evaluation table artifact	experiments/cr_scizor/stage2/features/cache/square/square_demo_102_zero_motion_t92_m0.50.npz.placeholder.md
experiments/cr_scizor/stage2/features/cache/square/square_demo_104_reverse_motion_t87_m0.25.npz	222857	dataset, feature, index, or evaluation table artifact	experiments/cr_scizor/stage2/features/cache/square/square_demo_104_reverse_motion_t87_m0.25.npz.placeholder.md
experiments/cr_scizor/stage2/features/cache/square/square_demo_104_flip_gripper_t45_m0.50.npz	222857	dataset, feature, index, or evaluation table artifact	experiments/cr_scizor/stage2/features/cache/square/square_demo_104_flip_gripper_t45_m0.50.npz.placeholder.md
experiments/cr_scizor/stage2/features/cache/square/square_demo_104_zero_motion_t87_m0.50.npz	222857	dataset, feature, index, or evaluation table artifact	experiments/cr_scizor/stage2/features/cache/square/square_demo_104_zero_motion_t87_m0.50.npz.placeholder.md
experiments/cr_scizor/stage2/features/cache/square/square_demo_103_reverse_motion_t82_m0.25.npz	293081	dataset, feature, index, or evaluation table artifact	experiments/cr_scizor/stage2/features/cache/square/square_demo_103_reverse_motion_t82_m0.25.npz.placeholder.md
experiments/cr_scizor/stage2/features/cache/square/square_demo_104_reverse_motion_t45_m0.25.npz	222857	dataset, feature, index, or evaluation table artifact	experiments/cr_scizor/stage2/features/cache/square/square_demo_104_reverse_motion_t45_m0.25.npz.placeholder.md
experiments/cr_scizor/stage2/features/cache/square/square_demo_103_axis_impulse_t82_m0.25.npz	293081	dataset, feature, index, or evaluation table artifact	experiments/cr_scizor/stage2/features/cache/square/square_demo_103_axis_impulse_t82_m0.25.npz.placeholder.md
experiments/cr_scizor/stage2/features/cache/square/square_demo_104_zero_motion_t45_m0.50.npz	222857	dataset, feature, index, or evaluation table artifact	experiments/cr_scizor/stage2/features/cache/square/square_demo_104_zero_motion_t45_m0.50.npz.placeholder.md
experiments/cr_scizor/stage2/features/cache/square/square_demo_105_axis_impulse_t83_m0.25.npz	285689	dataset, feature, index, or evaluation table artifact	experiments/cr_scizor/stage2/features/cache/square/square_demo_105_axis_impulse_t83_m0.25.npz.placeholder.md
experiments/cr_scizor/stage2/features/cache/square/square_demo_103_zero_motion_t82_m0.50.npz	293081	dataset, feature, index, or evaluation table artifact	experiments/cr_scizor/stage2/features/cache/square/square_demo_103_zero_motion_t82_m0.50.npz.placeholder.md
experiments/cr_scizor/stage2/features/cache/square/square_demo_103_flip_gripper_t72_m0.50.npz	293081	dataset, feature, index, or evaluation table artifact	experiments/cr_scizor/stage2/features/cache/square/square_demo_103_flip_gripper_t72_m0.50.npz.placeholder.md
experiments/cr_scizor/stage2/features/cache/square/square_demo_105_axis_impulse_t134_m0.25.npz	285689	dataset, feature, index, or evaluation table artifact	experiments/cr_scizor/stage2/features/cache/square/square_demo_105_axis_impulse_t134_m0.25.npz.placeholder.md
experiments/cr_scizor/stage2/features/cache/square/square_demo_105_flip_gripper_t73_m0.50.npz	285689	dataset, feature, index, or evaluation table artifact	experiments/cr_scizor/stage2/features/cache/square/square_demo_105_flip_gripper_t73_m0.50.npz.placeholder.md
experiments/cr_scizor/stage2/features/cache/square/square_demo_104_axis_impulse_t87_m0.25.npz	222857	dataset, feature, index, or evaluation table artifact	experiments/cr_scizor/stage2/features/cache/square/square_demo_104_axis_impulse_t87_m0.25.npz.placeholder.md
experiments/cr_scizor/stage2/features/cache/square/square_demo_103_reverse_motion_t72_m0.25.npz	293081	dataset, feature, index, or evaluation table artifact	experiments/cr_scizor/stage2/features/cache/square/square_demo_103_reverse_motion_t72_m0.25.npz.placeholder.md
experiments/cr_scizor/stage2/features/cache/square/square_demo_104_flip_gripper_t70_m0.50.npz	222857	dataset, feature, index, or evaluation table artifact	experiments/cr_scizor/stage2/features/cache/square/square_demo_104_flip_gripper_t70_m0.50.npz.placeholder.md
experiments/cr_scizor/stage2/features/cache/square/square_demo_105_clean.npz	285689	dataset, feature, index, or evaluation table artifact	experiments/cr_scizor/stage2/features/cache/square/square_demo_105_clean.npz.placeholder.md
experiments/cr_scizor/stage2/features/cache/square/square_demo_105_reverse_motion_t73_m0.25.npz	285689	dataset, feature, index, or evaluation table artifact	experiments/cr_scizor/stage2/features/cache/square/square_demo_105_reverse_motion_t73_m0.25.npz.placeholder.md
experiments/cr_scizor/stage2/features/cache/square/square_demo_103_zero_motion_t72_m0.50.npz	293081	dataset, feature, index, or evaluation table artifact	experiments/cr_scizor/stage2/features/cache/square/square_demo_103_zero_motion_t72_m0.50.npz.placeholder.md
experiments/cr_scizor/stage2/features/cache/square/square_demo_104_reverse_motion_t70_m0.25.npz	222857	dataset, feature, index, or evaluation table artifact	experiments/cr_scizor/stage2/features/cache/square/square_demo_104_reverse_motion_t70_m0.25.npz.placeholder.md
experiments/cr_scizor/stage2/features/cache/square/square_demo_105_flip_gripper_t83_m0.50.npz	285689	dataset, feature, index, or evaluation table artifact	experiments/cr_scizor/stage2/features/cache/square/square_demo_105_flip_gripper_t83_m0.50.npz.placeholder.md
experiments/cr_scizor/stage2/features/cache/square/square_demo_105_zero_motion_t73_m0.50.npz	285689	dataset, feature, index, or evaluation table artifact	experiments/cr_scizor/stage2/features/cache/square/square_demo_105_zero_motion_t73_m0.50.npz.placeholder.md
experiments/cr_scizor/stage2/features/cache/square/square_demo_104_axis_impulse_t70_m0.25.npz	222857	dataset, feature, index, or evaluation table artifact	experiments/cr_scizor/stage2/features/cache/square/square_demo_104_axis_impulse_t70_m0.25.npz.placeholder.md
experiments/cr_scizor/stage2/features/cache/square/square_demo_104_zero_motion_t70_m0.50.npz	222857	dataset, feature, index, or evaluation table artifact	experiments/cr_scizor/stage2/features/cache/square/square_demo_104_zero_motion_t70_m0.50.npz.placeholder.md
experiments/cr_scizor/stage2/features/cache/square/square_demo_105_reverse_motion_t83_m0.25.npz	285689	dataset, feature, index, or evaluation table artifact	experiments/cr_scizor/stage2/features/cache/square/square_demo_105_reverse_motion_t83_m0.25.npz.placeholder.md
experiments/cr_scizor/stage2/features/cache/square/square_demo_108_axis_impulse_t68_m0.25.npz	269057	dataset, feature, index, or evaluation table artifact	experiments/cr_scizor/stage2/features/cache/square/square_demo_108_axis_impulse_t68_m0.25.npz.placeholder.md
experiments/cr_scizor/stage2/features/cache/square/square_demo_104_flip_gripper_t60_m0.50.npz	222857	dataset, feature, index, or evaluation table artifact	experiments/cr_scizor/stage2/features/cache/square/square_demo_104_flip_gripper_t60_m0.50.npz.placeholder.md
experiments/cr_scizor/stage2/features/cache/square/square_demo_105_axis_impulse_t73_m0.25.npz	285689	dataset, feature, index, or evaluation table artifact	experiments/cr_scizor/stage2/features/cache/square/square_demo_105_axis_impulse_t73_m0.25.npz.placeholder.md
experiments/cr_scizor/stage2/features/cache/square/square_demo_104_reverse_motion_t60_m0.25.npz	222857	dataset, feature, index, or evaluation table artifact	experiments/cr_scizor/stage2/features/cache/square/square_demo_104_reverse_motion_t60_m0.25.npz.placeholder.md
experiments/cr_scizor/stage2/features/cache/square/square_demo_105_zero_motion_t83_m0.50.npz	285689	dataset, feature, index, or evaluation table artifact	experiments/cr_scizor/stage2/features/cache/square/square_demo_105_zero_motion_t83_m0.50.npz.placeholder.md
experiments/cr_scizor/stage2/features/cache/square/square_demo_108_flip_gripper_t132_m0.50.npz	269057	dataset, feature, index, or evaluation table artifact	experiments/cr_scizor/stage2/features/cache/square/square_demo_108_flip_gripper_t132_m0.50.npz.placeholder.md
experiments/cr_scizor/stage2/features/cache/square/square_demo_105_flip_gripper_t63_m0.50.npz	285689	dataset, feature, index, or evaluation table artifact	experiments/cr_scizor/stage2/features/cache/square/square_demo_105_flip_gripper_t63_m0.50.npz.placeholder.md
experiments/cr_scizor/stage2/features/cache/square/square_demo_104_zero_motion_t60_m0.50.npz	222857	dataset, feature, index, or evaluation table artifact	experiments/cr_scizor/stage2/features/cache/square/square_demo_104_zero_motion_t60_m0.50.npz.placeholder.md
experiments/cr_scizor/stage2/features/cache/square/square_demo_108_axis_impulse_t78_m0.25.npz	269057	dataset, feature, index, or evaluation table artifact	experiments/cr_scizor/stage2/features/cache/square/square_demo_108_axis_impulse_t78_m0.25.npz.placeholder.md
experiments/cr_scizor/stage2/features/cache/square/square_demo_108_reverse_motion_t132_m0.25.npz	269057	dataset, feature, index, or evaluation table artifact	experiments/cr_scizor/stage2/features/cache/square/square_demo_108_reverse_motion_t132_m0.25.npz.placeholder.md
experiments/cr_scizor/stage2/features/cache/square/square_demo_105_reverse_motion_t63_m0.25.npz	285689	dataset, feature, index, or evaluation table artifact	experiments/cr_scizor/stage2/features/cache/square/square_demo_105_reverse_motion_t63_m0.25.npz.placeholder.md
experiments/cr_scizor/stage2/features/cache/square/square_demo_108_zero_motion_t132_m0.50.npz	269057	dataset, feature, index, or evaluation table artifact	experiments/cr_scizor/stage2/features/cache/square/square_demo_108_zero_motion_t132_m0.50.npz.placeholder.md
experiments/cr_scizor/stage2/features/cache/square/square_demo_105_axis_impulse_t63_m0.25.npz	285689	dataset, feature, index, or evaluation table artifact	experiments/cr_scizor/stage2/features/cache/square/square_demo_105_axis_impulse_t63_m0.25.npz.placeholder.md
experiments/cr_scizor/stage2/features/cache/square/square_demo_108_flip_gripper_t68_m0.50.npz	269057	dataset, feature, index, or evaluation table artifact	experiments/cr_scizor/stage2/features/cache/square/square_demo_108_flip_gripper_t68_m0.50.npz.placeholder.md
experiments/cr_scizor/stage2/features/cache/square/square_demo_105_flip_gripper_t134_m0.50.npz	285689	dataset, feature, index, or evaluation table artifact	experiments/cr_scizor/stage2/features/cache/square/square_demo_105_flip_gripper_t134_m0.50.npz.placeholder.md
experiments/cr_scizor/stage2/features/cache/square/square_demo_105_zero_motion_t63_m0.50.npz	285689	dataset, feature, index, or evaluation table artifact	experiments/cr_scizor/stage2/features/cache/square/square_demo_105_zero_motion_t63_m0.50.npz.placeholder.md
experiments/cr_scizor/stage2/features/cache/square/square_demo_109_axis_impulse_t46_m0.25.npz	289385	dataset, feature, index, or evaluation table artifact	experiments/cr_scizor/stage2/features/cache/square/square_demo_109_axis_impulse_t46_m0.25.npz.placeholder.md
experiments/cr_scizor/stage2/features/cache/square/square_demo_108_reverse_motion_t68_m0.25.npz	269057	dataset, feature, index, or evaluation table artifact	experiments/cr_scizor/stage2/features/cache/square/square_demo_108_reverse_motion_t68_m0.25.npz.placeholder.md
experiments/cr_scizor/stage2/features/cache/square/square_demo_105_reverse_motion_t134_m0.25.npz	285689	dataset, feature, index, or evaluation table artifact	experiments/cr_scizor/stage2/features/cache/square/square_demo_105_reverse_motion_t134_m0.25.npz.placeholder.md
experiments/cr_scizor/stage2/features/cache/square/square_demo_109_flip_gripper_t144_m0.50.npz	289385	dataset, feature, index, or evaluation table artifact	experiments/cr_scizor/stage2/features/cache/square/square_demo_109_flip_gripper_t144_m0.50.npz.placeholder.md
experiments/cr_scizor/stage2/features/cache/square/square_demo_108_axis_impulse_t132_m0.25.npz	269057	dataset, feature, index, or evaluation table artifact	experiments/cr_scizor/stage2/features/cache/square/square_demo_108_axis_impulse_t132_m0.25.npz.placeholder.md
experiments/cr_scizor/stage2/features/cache/square/square_demo_108_zero_motion_t68_m0.50.npz	269057	dataset, feature, index, or evaluation table artifact	experiments/cr_scizor/stage2/features/cache/square/square_demo_108_zero_motion_t68_m0.50.npz.placeholder.md
experiments/cr_scizor/stage2/features/cache/square/square_demo_105_zero_motion_t134_m0.50.npz	285689	dataset, feature, index, or evaluation table artifact	experiments/cr_scizor/stage2/features/cache/square/square_demo_105_zero_motion_t134_m0.50.npz.placeholder.md
experiments/cr_scizor/stage2/features/cache/square/square_demo_108_flip_gripper_t121_m0.50.npz	269057	dataset, feature, index, or evaluation table artifact	experiments/cr_scizor/stage2/features/cache/square/square_demo_108_flip_gripper_t121_m0.50.npz.placeholder.md
experiments/cr_scizor/stage2/features/cache/square/square_demo_109_reverse_motion_t144_m0.25.npz	289385	dataset, feature, index, or evaluation table artifact	experiments/cr_scizor/stage2/features/cache/square/square_demo_109_reverse_motion_t144_m0.25.npz.placeholder.md
experiments/cr_scizor/stage2/features/cache/square/square_demo_109_axis_impulse_t62_m0.25.npz	289385	dataset, feature, index, or evaluation table artifact	experiments/cr_scizor/stage2/features/cache/square/square_demo_109_axis_impulse_t62_m0.25.npz.placeholder.md
experiments/cr_scizor/stage2/features/cache/square/square_demo_108_axis_impulse_t121_m0.25.npz	269057	dataset, feature, index, or evaluation table artifact	experiments/cr_scizor/stage2/features/cache/square/square_demo_108_axis_impulse_t121_m0.25.npz.placeholder.md
experiments/cr_scizor/stage2/features/cache/square/square_demo_108_reverse_motion_t121_m0.25.npz	269057	dataset, feature, index, or evaluation table artifact	experiments/cr_scizor/stage2/features/cache/square/square_demo_108_reverse_motion_t121_m0.25.npz.placeholder.md
experiments/cr_scizor/stage2/features/cache/square/square_demo_109_zero_motion_t144_m0.50.npz	289385	dataset, feature, index, or evaluation table artifact	experiments/cr_scizor/stage2/features/cache/square/square_demo_109_zero_motion_t144_m0.50.npz.placeholder.md
experiments/cr_scizor/stage2/features/cache/square/square_demo_109_flip_gripper_t46_m0.50.npz	289385	dataset, feature, index, or evaluation table artifact	experiments/cr_scizor/stage2/features/cache/square/square_demo_109_flip_gripper_t46_m0.50.npz.placeholder.md
experiments/cr_scizor/stage2/features/cache/square/square_demo_108_clean.npz	269057	dataset, feature, index, or evaluation table artifact	experiments/cr_scizor/stage2/features/cache/square/square_demo_108_clean.npz.placeholder.md
experiments/cr_scizor/stage2/features/cache/square/square_demo_108_zero_motion_t121_m0.50.npz	269057	dataset, feature, index, or evaluation table artifact	experiments/cr_scizor/stage2/features/cache/square/square_demo_108_zero_motion_t121_m0.50.npz.placeholder.md
experiments/cr_scizor/stage2/features/cache/square/square_demo_10_axis_impulse_t126_m0.25.npz	248729	dataset, feature, index, or evaluation table artifact	experiments/cr_scizor/stage2/features/cache/square/square_demo_10_axis_impulse_t126_m0.25.npz.placeholder.md
experiments/cr_scizor/stage2/features/cache/square/square_demo_109_reverse_motion_t46_m0.25.npz	289385	dataset, feature, index, or evaluation table artifact	experiments/cr_scizor/stage2/features/cache/square/square_demo_109_reverse_motion_t46_m0.25.npz.placeholder.md
experiments/cr_scizor/stage2/features/cache/square/square_demo_108_flip_gripper_t78_m0.50.npz	269057	dataset, feature, index, or evaluation table artifact	experiments/cr_scizor/stage2/features/cache/square/square_demo_108_flip_gripper_t78_m0.50.npz.placeholder.md
experiments/cr_scizor/stage2/features/cache/square/square_demo_109_axis_impulse_t144_m0.25.npz	289385	dataset, feature, index, or evaluation table artifact	experiments/cr_scizor/stage2/features/cache/square/square_demo_109_axis_impulse_t144_m0.25.npz.placeholder.md
experiments/cr_scizor/stage2/features/cache/square/square_demo_10_clean.npz	248729	dataset, feature, index, or evaluation table artifact	experiments/cr_scizor/stage2/features/cache/square/square_demo_10_clean.npz.placeholder.md
experiments/cr_scizor/stage2/features/cache/square/square_demo_109_zero_motion_t46_m0.50.npz	289385	dataset, feature, index, or evaluation table artifact	experiments/cr_scizor/stage2/features/cache/square/square_demo_109_zero_motion_t46_m0.50.npz.placeholder.md
experiments/cr_scizor/stage2/features/cache/square/square_demo_108_reverse_motion_t78_m0.25.npz	269057	dataset, feature, index, or evaluation table artifact	experiments/cr_scizor/stage2/features/cache/square/square_demo_108_reverse_motion_t78_m0.25.npz.placeholder.md
experiments/cr_scizor/stage2/features/cache/square/square_demo_10_flip_gripper_t79_m0.50.npz	248729	dataset, feature, index, or evaluation table artifact	experiments/cr_scizor/stage2/features/cache/square/square_demo_10_flip_gripper_t79_m0.50.npz.placeholder.md
experiments/cr_scizor/stage2/features/cache/square/square_demo_109_clean.npz	289385	dataset, feature, index, or evaluation table artifact	experiments/cr_scizor/stage2/features/cache/square/square_demo_109_clean.npz.placeholder.md
experiments/cr_scizor/stage2/features/cache/square/square_demo_10_axis_impulse_t54_m0.25.npz	248729	dataset, feature, index, or evaluation table artifact	experiments/cr_scizor/stage2/features/cache/square/square_demo_10_axis_impulse_t54_m0.25.npz.placeholder.md
experiments/cr_scizor/stage2/features/cache/square/square_demo_108_zero_motion_t78_m0.50.npz	269057	dataset, feature, index, or evaluation table artifact	experiments/cr_scizor/stage2/features/cache/square/square_demo_108_zero_motion_t78_m0.50.npz.placeholder.md
experiments/cr_scizor/stage2/features/cache/square/square_demo_10_reverse_motion_t79_m0.25.npz	248729	dataset, feature, index, or evaluation table artifact	experiments/cr_scizor/stage2/features/cache/square/square_demo_10_reverse_motion_t79_m0.25.npz.placeholder.md
experiments/cr_scizor/stage2/features/cache/square/square_demo_109_flip_gripper_t78_m0.50.npz	289385	dataset, feature, index, or evaluation table artifact	experiments/cr_scizor/stage2/features/cache/square/square_demo_109_flip_gripper_t78_m0.50.npz.placeholder.md
experiments/cr_scizor/stage2/features/cache/square/square_demo_10_flip_gripper_t126_m0.50.npz	248729	dataset, feature, index, or evaluation table artifact	experiments/cr_scizor/stage2/features/cache/square/square_demo_10_flip_gripper_t126_m0.50.npz.placeholder.md
experiments/cr_scizor/stage2/features/cache/square/square_demo_109_axis_impulse_t78_m0.25.npz	289385	dataset, feature, index, or evaluation table artifact	experiments/cr_scizor/stage2/features/cache/square/square_demo_109_axis_impulse_t78_m0.25.npz.placeholder.md
experiments/cr_scizor/stage2/features/cache/square/square_demo_10_zero_motion_t79_m0.50.npz	248729	dataset, feature, index, or evaluation table artifact	experiments/cr_scizor/stage2/features/cache/square/square_demo_10_zero_motion_t79_m0.50.npz.placeholder.md
experiments/cr_scizor/stage2/features/cache/square/square_demo_109_reverse_motion_t78_m0.25.npz	289385	dataset, feature, index, or evaluation table artifact	experiments/cr_scizor/stage2/features/cache/square/square_demo_109_reverse_motion_t78_m0.25.npz.placeholder.md
experiments/cr_scizor/stage2/features/cache/square/square_demo_10_reverse_motion_t126_m0.25.npz	248729	dataset, feature, index, or evaluation table artifact	experiments/cr_scizor/stage2/features/cache/square/square_demo_10_reverse_motion_t126_m0.25.npz.placeholder.md
experiments/cr_scizor/stage2/features/cache/square/square_demo_110_axis_impulse_t85_m0.25.npz	241337	dataset, feature, index, or evaluation table artifact	experiments/cr_scizor/stage2/features/cache/square/square_demo_110_axis_impulse_t85_m0.25.npz.placeholder.md
experiments/cr_scizor/stage2/features/cache/square/square_demo_109_flip_gripper_t62_m0.50.npz	289385	dataset, feature, index, or evaluation table artifact	experiments/cr_scizor/stage2/features/cache/square/square_demo_109_flip_gripper_t62_m0.50.npz.placeholder.md
experiments/cr_scizor/stage2/features/cache/square/square_demo_10_zero_motion_t126_m0.50.npz	248729	dataset, feature, index, or evaluation table artifact	experiments/cr_scizor/stage2/features/cache/square/square_demo_10_zero_motion_t126_m0.50.npz.placeholder.md
experiments/cr_scizor/stage2/features/cache/square/square_demo_109_zero_motion_t78_m0.50.npz	289385	dataset, feature, index, or evaluation table artifact	experiments/cr_scizor/stage2/features/cache/square/square_demo_109_zero_motion_t78_m0.50.npz.placeholder.md
experiments/cr_scizor/stage2/features/cache/square/square_demo_110_flip_gripper_t65_m0.50.npz	241337	dataset, feature, index, or evaluation table artifact	experiments/cr_scizor/stage2/features/cache/square/square_demo_110_flip_gripper_t65_m0.50.npz.placeholder.md
experiments/cr_scizor/stage2/features/cache/square/square_demo_109_reverse_motion_t62_m0.25.npz	289385	dataset, feature, index, or evaluation table artifact	experiments/cr_scizor/stage2/features/cache/square/square_demo_109_reverse_motion_t62_m0.25.npz.placeholder.md
experiments/cr_scizor/stage2/features/cache/square/square_demo_110_axis_impulse_t119_m0.25.npz	241337	dataset, feature, index, or evaluation table artifact	experiments/cr_scizor/stage2/features/cache/square/square_demo_110_axis_impulse_t119_m0.25.npz.placeholder.md
experiments/cr_scizor/stage2/features/cache/square/square_demo_10_axis_impulse_t79_m0.25.npz	248729	dataset, feature, index, or evaluation table artifact	experiments/cr_scizor/stage2/features/cache/square/square_demo_10_axis_impulse_t79_m0.25.npz.placeholder.md
experiments/cr_scizor/stage2/features/cache/square/square_demo_110_reverse_motion_t65_m0.25.npz	241337	dataset, feature, index, or evaluation table artifact	experiments/cr_scizor/stage2/features/cache/square/square_demo_110_reverse_motion_t65_m0.25.npz.placeholder.md
experiments/cr_scizor/stage2/features/cache/square/square_demo_110_clean.npz	241337	dataset, feature, index, or evaluation table artifact	experiments/cr_scizor/stage2/features/cache/square/square_demo_110_clean.npz.placeholder.md
experiments/cr_scizor/stage2/features/cache/square/square_demo_109_zero_motion_t62_m0.50.npz	289385	dataset, feature, index, or evaluation table artifact	experiments/cr_scizor/stage2/features/cache/square/square_demo_109_zero_motion_t62_m0.50.npz.placeholder.md
experiments/cr_scizor/stage2/features/cache/square/square_demo_10_flip_gripper_t64_m0.50.npz	248729	dataset, feature, index, or evaluation table artifact	experiments/cr_scizor/stage2/features/cache/square/square_demo_10_flip_gripper_t64_m0.50.npz.placeholder.md
experiments/cr_scizor/stage2/features/cache/square/square_demo_110_zero_motion_t65_m0.50.npz	241337	dataset, feature, index, or evaluation table artifact	experiments/cr_scizor/stage2/features/cache/square/square_demo_110_zero_motion_t65_m0.50.npz.placeholder.md
experiments/cr_scizor/stage2/features/cache/square/square_demo_110_flip_gripper_t85_m0.50.npz	241337	dataset, feature, index, or evaluation table artifact	experiments/cr_scizor/stage2/features/cache/square/square_demo_110_flip_gripper_t85_m0.50.npz.placeholder.md
experiments/cr_scizor/stage2/features/cache/square/square_demo_10_axis_impulse_t64_m0.25.npz	248729	dataset, feature, index, or evaluation table artifact	experiments/cr_scizor/stage2/features/cache/square/square_demo_10_axis_impulse_t64_m0.25.npz.placeholder.md
experiments/cr_scizor/stage2/features/cache/square/square_demo_10_reverse_motion_t64_m0.25.npz	248729	dataset, feature, index, or evaluation table artifact	experiments/cr_scizor/stage2/features/cache/square/square_demo_10_reverse_motion_t64_m0.25.npz.placeholder.md
experiments/cr_scizor/stage2/features/cache/square/square_demo_111_axis_impulse_t71_m0.25.npz	241337	dataset, feature, index, or evaluation table artifact	experiments/cr_scizor/stage2/features/cache/square/square_demo_111_axis_impulse_t71_m0.25.npz.placeholder.md
experiments/cr_scizor/stage2/features/cache/square/square_demo_110_reverse_motion_t85_m0.25.npz	241337	dataset, feature, index, or evaluation table artifact	experiments/cr_scizor/stage2/features/cache/square/square_demo_110_reverse_motion_t85_m0.25.npz.placeholder.md
experiments/cr_scizor/stage2/features/cache/square/square_demo_10_flip_gripper_t54_m0.50.npz	248729	dataset, feature, index, or evaluation table artifact	experiments/cr_scizor/stage2/features/cache/square/square_demo_10_flip_gripper_t54_m0.50.npz.placeholder.md
experiments/cr_scizor/stage2/features/cache/square/square_demo_10_zero_motion_t64_m0.50.npz	248729	dataset, feature, index, or evaluation table artifact	experiments/cr_scizor/stage2/features/cache/square/square_demo_10_zero_motion_t64_m0.50.npz.placeholder.md
experiments/cr_scizor/stage2/features/cache/square/square_demo_111_flip_gripper_t61_m0.50.npz	241337	dataset, feature, index, or evaluation table artifact	experiments/cr_scizor/stage2/features/cache/square/square_demo_111_flip_gripper_t61_m0.50.npz.placeholder.md
experiments/cr_scizor/stage2/features/cache/square/square_demo_10_reverse_motion_t54_m0.25.npz	248729	dataset, feature, index, or evaluation table artifact	experiments/cr_scizor/stage2/features/cache/square/square_demo_10_reverse_motion_t54_m0.25.npz.placeholder.md
experiments/cr_scizor/stage2/features/cache/square/square_demo_110_zero_motion_t85_m0.50.npz	241337	dataset, feature, index, or evaluation table artifact	experiments/cr_scizor/stage2/features/cache/square/square_demo_110_zero_motion_t85_m0.50.npz.placeholder.md
experiments/cr_scizor/stage2/features/cache/square/square_demo_110_axis_impulse_t65_m0.25.npz	241337	dataset, feature, index, or evaluation table artifact	experiments/cr_scizor/stage2/features/cache/square/square_demo_110_axis_impulse_t65_m0.25.npz.placeholder.md
experiments/cr_scizor/stage2/features/cache/square/square_demo_111_reverse_motion_t61_m0.25.npz	241337	dataset, feature, index, or evaluation table artifact	experiments/cr_scizor/stage2/features/cache/square/square_demo_111_reverse_motion_t61_m0.25.npz.placeholder.md
experiments/cr_scizor/stage2/features/cache/square/square_demo_10_zero_motion_t54_m0.50.npz	248729	dataset, feature, index, or evaluation table artifact	experiments/cr_scizor/stage2/features/cache/square/square_demo_10_zero_motion_t54_m0.50.npz.placeholder.md
experiments/cr_scizor/stage2/features/cache/square/square_demo_111_axis_impulse_t97_m0.25.npz	241337	dataset, feature, index, or evaluation table artifact	experiments/cr_scizor/stage2/features/cache/square/square_demo_111_axis_impulse_t97_m0.25.npz.placeholder.md
experiments/cr_scizor/stage2/features/cache/square/square_demo_110_flip_gripper_t55_m0.50.npz	241337	dataset, feature, index, or evaluation table artifact	experiments/cr_scizor/stage2/features/cache/square/square_demo_110_flip_gripper_t55_m0.50.npz.placeholder.md
experiments/cr_scizor/stage2/features/cache/square/square_demo_111_zero_motion_t61_m0.50.npz	241337	dataset, feature, index, or evaluation table artifact	experiments/cr_scizor/stage2/features/cache/square/square_demo_111_zero_motion_t61_m0.50.npz.placeholder.md
experiments/cr_scizor/stage2/features/cache/square/square_demo_110_axis_impulse_t55_m0.25.npz	241337	dataset, feature, index, or evaluation table artifact	experiments/cr_scizor/stage2/features/cache/square/square_demo_110_axis_impulse_t55_m0.25.npz.placeholder.md
experiments/cr_scizor/stage2/features/cache/square/square_demo_111_flip_gripper_t71_m0.50.npz	241337	dataset, feature, index, or evaluation table artifact	experiments/cr_scizor/stage2/features/cache/square/square_demo_111_flip_gripper_t71_m0.50.npz.placeholder.md
experiments/cr_scizor/stage2/features/cache/square/square_demo_110_reverse_motion_t55_m0.25.npz	241337	dataset, feature, index, or evaluation table artifact	experiments/cr_scizor/stage2/features/cache/square/square_demo_110_reverse_motion_t55_m0.25.npz.placeholder.md
experiments/cr_scizor/stage2/features/cache/square/square_demo_112_axis_impulse_t118_m0.25.npz	239489	dataset, feature, index, or evaluation table artifact	experiments/cr_scizor/stage2/features/cache/square/square_demo_112_axis_impulse_t118_m0.25.npz.placeholder.md
experiments/cr_scizor/stage2/features/cache/square/square_demo_110_flip_gripper_t119_m0.50.npz	241337	dataset, feature, index, or evaluation table artifact	experiments/cr_scizor/stage2/features/cache/square/square_demo_110_flip_gripper_t119_m0.50.npz.placeholder.md
experiments/cr_scizor/stage2/features/cache/square/square_demo_111_reverse_motion_t71_m0.25.npz	241337	dataset, feature, index, or evaluation table artifact	experiments/cr_scizor/stage2/features/cache/square/square_demo_111_reverse_motion_t71_m0.25.npz.placeholder.md
experiments/cr_scizor/stage2/features/cache/square/square_demo_110_zero_motion_t55_m0.50.npz	241337	dataset, feature, index, or evaluation table artifact	experiments/cr_scizor/stage2/features/cache/square/square_demo_110_zero_motion_t55_m0.50.npz.placeholder.md
experiments/cr_scizor/stage2/features/cache/square/square_demo_112_flip_gripper_t102_m0.50.npz	239489	dataset, feature, index, or evaluation table artifact	experiments/cr_scizor/stage2/features/cache/square/square_demo_112_flip_gripper_t102_m0.50.npz.placeholder.md
experiments/cr_scizor/stage2/features/cache/square/square_demo_110_reverse_motion_t119_m0.25.npz	241337	dataset, feature, index, or evaluation table artifact	experiments/cr_scizor/stage2/features/cache/square/square_demo_110_reverse_motion_t119_m0.25.npz.placeholder.md
experiments/cr_scizor/stage2/features/cache/square/square_demo_111_zero_motion_t71_m0.50.npz	241337	dataset, feature, index, or evaluation table artifact	experiments/cr_scizor/stage2/features/cache/square/square_demo_111_zero_motion_t71_m0.50.npz.placeholder.md
experiments/cr_scizor/stage2/features/cache/square/square_demo_111_axis_impulse_t61_m0.25.npz	241337	dataset, feature, index, or evaluation table artifact	experiments/cr_scizor/stage2/features/cache/square/square_demo_111_axis_impulse_t61_m0.25.npz.placeholder.md
experiments/cr_scizor/stage2/features/cache/square/square_demo_112_reverse_motion_t102_m0.25.npz	239489	dataset, feature, index, or evaluation table artifact	experiments/cr_scizor/stage2/features/cache/square/square_demo_112_reverse_motion_t102_m0.25.npz.placeholder.md
experiments/cr_scizor/stage2/features/cache/square/square_demo_110_zero_motion_t119_m0.50.npz	241337	dataset, feature, index, or evaluation table artifact	experiments/cr_scizor/stage2/features/cache/square/square_demo_110_zero_motion_t119_m0.50.npz.placeholder.md
experiments/cr_scizor/stage2/features/cache/square/square_demo_112_axis_impulse_t64_m0.25.npz	239489	dataset, feature, index, or evaluation table artifact	experiments/cr_scizor/stage2/features/cache/square/square_demo_112_axis_impulse_t64_m0.25.npz.placeholder.md
experiments/cr_scizor/stage2/features/cache/square/square_demo_111_flip_gripper_t119_m0.50.npz	241337	dataset, feature, index, or evaluation table artifact	experiments/cr_scizor/stage2/features/cache/square/square_demo_111_flip_gripper_t119_m0.50.npz.placeholder.md
experiments/cr_scizor/stage2/features/cache/square/square_demo_112_zero_motion_t102_m0.50.npz	239489	dataset, feature, index, or evaluation table artifact	experiments/cr_scizor/stage2/features/cache/square/square_demo_112_zero_motion_t102_m0.50.npz.placeholder.md
experiments/cr_scizor/stage2/features/cache/square/square_demo_111_axis_impulse_t119_m0.25.npz	241337	dataset, feature, index, or evaluation table artifact	experiments/cr_scizor/stage2/features/cache/square/square_demo_111_axis_impulse_t119_m0.25.npz.placeholder.md
experiments/cr_scizor/stage2/features/cache/square/square_demo_112_flip_gripper_t118_m0.50.npz	239489	dataset, feature, index, or evaluation table artifact	experiments/cr_scizor/stage2/features/cache/square/square_demo_112_flip_gripper_t118_m0.50.npz.placeholder.md
experiments/cr_scizor/stage2/features/cache/square/square_demo_111_reverse_motion_t119_m0.25.npz	241337	dataset, feature, index, or evaluation table artifact	experiments/cr_scizor/stage2/features/cache/square/square_demo_111_reverse_motion_t119_m0.25.npz.placeholder.md
experiments/cr_scizor/stage2/features/cache/square/square_demo_111_clean.npz	241337	dataset, feature, index, or evaluation table artifact	experiments/cr_scizor/stage2/features/cache/square/square_demo_111_clean.npz.placeholder.md
experiments/cr_scizor/stage2/features/cache/square/square_demo_113_axis_impulse_t167_m0.25.npz	335585	dataset, feature, index, or evaluation table artifact	experiments/cr_scizor/stage2/features/cache/square/square_demo_113_axis_impulse_t167_m0.25.npz.placeholder.md
experiments/cr_scizor/stage2/features/cache/square/square_demo_112_reverse_motion_t118_m0.25.npz	239489	dataset, feature, index, or evaluation table artifact	experiments/cr_scizor/stage2/features/cache/square/square_demo_112_reverse_motion_t118_m0.25.npz.placeholder.md
experiments/cr_scizor/stage2/features/cache/square/square_demo_111_zero_motion_t119_m0.50.npz	241337	dataset, feature, index, or evaluation table artifact	experiments/cr_scizor/stage2/features/cache/square/square_demo_111_zero_motion_t119_m0.50.npz.placeholder.md
experiments/cr_scizor/stage2/features/cache/square/square_demo_111_flip_gripper_t97_m0.50.npz	241337	dataset, feature, index, or evaluation table artifact	experiments/cr_scizor/stage2/features/cache/square/square_demo_111_flip_gripper_t97_m0.50.npz.placeholder.md
experiments/cr_scizor/stage2/features/cache/square/square_demo_112_zero_motion_t118_m0.50.npz	239489	dataset, feature, index, or evaluation table artifact	experiments/cr_scizor/stage2/features/cache/square/square_demo_112_zero_motion_t118_m0.50.npz.placeholder.md
experiments/cr_scizor/stage2/features/cache/square/square_demo_112_axis_impulse_t102_m0.25.npz	239489	dataset, feature, index, or evaluation table artifact	experiments/cr_scizor/stage2/features/cache/square/square_demo_112_axis_impulse_t102_m0.25.npz.placeholder.md
experiments/cr_scizor/stage2/features/cache/square/square_demo_113_clean.npz	335585	dataset, feature, index, or evaluation table artifact	experiments/cr_scizor/stage2/features/cache/square/square_demo_113_clean.npz.placeholder.md
experiments/cr_scizor/stage2/features/cache/square/square_demo_111_reverse_motion_t97_m0.25.npz	241337	dataset, feature, index, or evaluation table artifact	experiments/cr_scizor/stage2/features/cache/square/square_demo_111_reverse_motion_t97_m0.25.npz.placeholder.md
experiments/cr_scizor/stage2/features/cache/square/square_demo_112_clean.npz	239489	dataset, feature, index, or evaluation table artifact	experiments/cr_scizor/stage2/features/cache/square/square_demo_112_clean.npz.placeholder.md
experiments/cr_scizor/stage2/features/cache/square/square_demo_113_axis_impulse_t66_m0.25.npz	335585	dataset, feature, index, or evaluation table artifact	experiments/cr_scizor/stage2/features/cache/square/square_demo_113_axis_impulse_t66_m0.25.npz.placeholder.md
experiments/cr_scizor/stage2/features/cache/square/square_demo_113_flip_gripper_t94_m0.50.npz	335585	dataset, feature, index, or evaluation table artifact	experiments/cr_scizor/stage2/features/cache/square/square_demo_113_flip_gripper_t94_m0.50.npz.placeholder.md
experiments/cr_scizor/stage2/features/cache/square/square_demo_111_zero_motion_t97_m0.50.npz	241337	dataset, feature, index, or evaluation table artifact	experiments/cr_scizor/stage2/features/cache/square/square_demo_111_zero_motion_t97_m0.50.npz.placeholder.md
experiments/cr_scizor/stage2/features/cache/square/square_demo_112_flip_gripper_t74_m0.50.npz	239489	dataset, feature, index, or evaluation table artifact	experiments/cr_scizor/stage2/features/cache/square/square_demo_112_flip_gripper_t74_m0.50.npz.placeholder.md
experiments/cr_scizor/stage2/features/cache/square/square_demo_113_flip_gripper_t167_m0.50.npz	335585	dataset, feature, index, or evaluation table artifact	experiments/cr_scizor/stage2/features/cache/square/square_demo_113_flip_gripper_t167_m0.50.npz.placeholder.md
experiments/cr_scizor/stage2/features/cache/square/square_demo_112_axis_impulse_t74_m0.25.npz	239489	dataset, feature, index, or evaluation table artifact	experiments/cr_scizor/stage2/features/cache/square/square_demo_112_axis_impulse_t74_m0.25.npz.placeholder.md
experiments/cr_scizor/stage2/features/cache/square/square_demo_112_reverse_motion_t74_m0.25.npz	239489	dataset, feature, index, or evaluation table artifact	experiments/cr_scizor/stage2/features/cache/square/square_demo_112_reverse_motion_t74_m0.25.npz.placeholder.md
experiments/cr_scizor/stage2/features/cache/square/square_demo_113_reverse_motion_t94_m0.25.npz	335585	dataset, feature, index, or evaluation table artifact	experiments/cr_scizor/stage2/features/cache/square/square_demo_113_reverse_motion_t94_m0.25.npz.placeholder.md
experiments/cr_scizor/stage2/features/cache/square/square_demo_112_flip_gripper_t64_m0.50.npz	239489	dataset, feature, index, or evaluation table artifact	experiments/cr_scizor/stage2/features/cache/square/square_demo_112_flip_gripper_t64_m0.50.npz.placeholder.md
experiments/cr_scizor/stage2/features/cache/square/square_demo_113_reverse_motion_t167_m0.25.npz	335585	dataset, feature, index, or evaluation table artifact	experiments/cr_scizor/stage2/features/cache/square/square_demo_113_reverse_motion_t167_m0.25.npz.placeholder.md
experiments/cr_scizor/stage2/features/cache/square/square_demo_112_zero_motion_t74_m0.50.npz	239489	dataset, feature, index, or evaluation table artifact	experiments/cr_scizor/stage2/features/cache/square/square_demo_112_zero_motion_t74_m0.50.npz.placeholder.md
experiments/cr_scizor/stage2/features/cache/square/square_demo_113_zero_motion_t94_m0.50.npz	335585	dataset, feature, index, or evaluation table artifact	experiments/cr_scizor/stage2/features/cache/square/square_demo_113_zero_motion_t94_m0.50.npz.placeholder.md
experiments/cr_scizor/stage2/features/cache/square/square_demo_112_reverse_motion_t64_m0.25.npz	239489	dataset, feature, index, or evaluation table artifact	experiments/cr_scizor/stage2/features/cache/square/square_demo_112_reverse_motion_t64_m0.25.npz.placeholder.md
experiments/cr_scizor/stage2/features/cache/square/square_demo_113_axis_impulse_t94_m0.25.npz	335585	dataset, feature, index, or evaluation table artifact	experiments/cr_scizor/stage2/features/cache/square/square_demo_113_axis_impulse_t94_m0.25.npz.placeholder.md
experiments/cr_scizor/stage2/features/cache/square/square_demo_113_zero_motion_t167_m0.50.npz	335585	dataset, feature, index, or evaluation table artifact	experiments/cr_scizor/stage2/features/cache/square/square_demo_113_zero_motion_t167_m0.50.npz.placeholder.md
experiments/cr_scizor/stage2/features/cache/square/square_demo_114_axis_impulse_t69_m0.25.npz	248729	dataset, feature, index, or evaluation table artifact	experiments/cr_scizor/stage2/features/cache/square/square_demo_114_axis_impulse_t69_m0.25.npz.placeholder.md
experiments/cr_scizor/stage2/features/cache/square/square_demo_112_zero_motion_t64_m0.50.npz	239489	dataset, feature, index, or evaluation table artifact	experiments/cr_scizor/stage2/features/cache/square/square_demo_112_zero_motion_t64_m0.50.npz.placeholder.md
experiments/cr_scizor/stage2/features/cache/square/square_demo_114_axis_impulse_t103_m0.25.npz	248729	dataset, feature, index, or evaluation table artifact	experiments/cr_scizor/stage2/features/cache/square/square_demo_114_axis_impulse_t103_m0.25.npz.placeholder.md
experiments/cr_scizor/stage2/features/cache/square/square_demo_114_flip_gripper_t59_m0.50.npz	248729	dataset, feature, index, or evaluation table artifact	experiments/cr_scizor/stage2/features/cache/square/square_demo_114_flip_gripper_t59_m0.50.npz.placeholder.md
experiments/cr_scizor/stage2/features/cache/square/square_demo_113_flip_gripper_t84_m0.50.npz	335585	dataset, feature, index, or evaluation table artifact	experiments/cr_scizor/stage2/features/cache/square/square_demo_113_flip_gripper_t84_m0.50.npz.placeholder.md
experiments/cr_scizor/stage2/features/cache/square/square_demo_113_axis_impulse_t84_m0.25.npz	335585	dataset, feature, index, or evaluation table artifact	experiments/cr_scizor/stage2/features/cache/square/square_demo_113_axis_impulse_t84_m0.25.npz.placeholder.md
experiments/cr_scizor/stage2/features/cache/square/square_demo_114_clean.npz	248729	dataset, feature, index, or evaluation table artifact	experiments/cr_scizor/stage2/features/cache/square/square_demo_114_clean.npz.placeholder.md
experiments/cr_scizor/stage2/features/cache/square/square_demo_114_reverse_motion_t59_m0.25.npz	248729	dataset, feature, index, or evaluation table artifact	experiments/cr_scizor/stage2/features/cache/square/square_demo_114_reverse_motion_t59_m0.25.npz.placeholder.md
experiments/cr_scizor/stage2/features/cache/square/square_demo_113_reverse_motion_t84_m0.25.npz	335585	dataset, feature, index, or evaluation table artifact	experiments/cr_scizor/stage2/features/cache/square/square_demo_113_reverse_motion_t84_m0.25.npz.placeholder.md
experiments/cr_scizor/stage2/features/cache/square/square_demo_113_flip_gripper_t66_m0.50.npz	335585	dataset, feature, index, or evaluation table artifact	experiments/cr_scizor/stage2/features/cache/square/square_demo_113_flip_gripper_t66_m0.50.npz.placeholder.md
experiments/cr_scizor/stage2/features/cache/square/square_demo_114_flip_gripper_t69_m0.50.npz	248729	dataset, feature, index, or evaluation table artifact	experiments/cr_scizor/stage2/features/cache/square/square_demo_114_flip_gripper_t69_m0.50.npz.placeholder.md
experiments/cr_scizor/stage2/features/cache/square/square_demo_114_zero_motion_t59_m0.50.npz	248729	dataset, feature, index, or evaluation table artifact	experiments/cr_scizor/stage2/features/cache/square/square_demo_114_zero_motion_t59_m0.50.npz.placeholder.md
experiments/cr_scizor/stage2/features/cache/square/square_demo_113_zero_motion_t84_m0.50.npz	335585	dataset, feature, index, or evaluation table artifact	experiments/cr_scizor/stage2/features/cache/square/square_demo_113_zero_motion_t84_m0.50.npz.placeholder.md
experiments/cr_scizor/stage2/features/cache/square/square_demo_114_reverse_motion_t69_m0.25.npz	248729	dataset, feature, index, or evaluation table artifact	experiments/cr_scizor/stage2/features/cache/square/square_demo_114_reverse_motion_t69_m0.25.npz.placeholder.md
experiments/cr_scizor/stage2/features/cache/square/square_demo_115_axis_impulse_t75_m0.25.npz	278297	dataset, feature, index, or evaluation table artifact	experiments/cr_scizor/stage2/features/cache/square/square_demo_115_axis_impulse_t75_m0.25.npz.placeholder.md
experiments/cr_scizor/stage2/features/cache/square/square_demo_113_reverse_motion_t66_m0.25.npz	335585	dataset, feature, index, or evaluation table artifact	experiments/cr_scizor/stage2/features/cache/square/square_demo_113_reverse_motion_t66_m0.25.npz.placeholder.md
experiments/cr_scizor/stage2/features/cache/square/square_demo_114_axis_impulse_t59_m0.25.npz	248729	dataset, feature, index, or evaluation table artifact	experiments/cr_scizor/stage2/features/cache/square/square_demo_114_axis_impulse_t59_m0.25.npz.placeholder.md
experiments/cr_scizor/stage2/features/cache/square/square_demo_114_zero_motion_t69_m0.50.npz	248729	dataset, feature, index, or evaluation table artifact	experiments/cr_scizor/stage2/features/cache/square/square_demo_114_zero_motion_t69_m0.50.npz.placeholder.md
experiments/cr_scizor/stage2/features/cache/square/square_demo_115_flip_gripper_t139_m0.50.npz	278297	dataset, feature, index, or evaluation table artifact	experiments/cr_scizor/stage2/features/cache/square/square_demo_115_flip_gripper_t139_m0.50.npz.placeholder.md
experiments/cr_scizor/stage2/features/cache/square/square_demo_113_zero_motion_t66_m0.50.npz	335585	dataset, feature, index, or evaluation table artifact	experiments/cr_scizor/stage2/features/cache/square/square_demo_113_zero_motion_t66_m0.50.npz.placeholder.md
experiments/cr_scizor/stage2/features/cache/square/square_demo_114_flip_gripper_t122_m0.50.npz	248729	dataset, feature, index, or evaluation table artifact	experiments/cr_scizor/stage2/features/cache/square/square_demo_114_flip_gripper_t122_m0.50.npz.placeholder.md
experiments/cr_scizor/stage2/features/cache/square/square_demo_115_axis_impulse_t85_m0.25.npz	278297	dataset, feature, index, or evaluation table artifact	experiments/cr_scizor/stage2/features/cache/square/square_demo_115_axis_impulse_t85_m0.25.npz.placeholder.md
experiments/cr_scizor/stage2/features/cache/square/square_demo_115_reverse_motion_t139_m0.25.npz	278297	dataset, feature, index, or evaluation table artifact	experiments/cr_scizor/stage2/features/cache/square/square_demo_115_reverse_motion_t139_m0.25.npz.placeholder.md
experiments/cr_scizor/stage2/features/cache/square/square_demo_114_axis_impulse_t122_m0.25.npz	248729	dataset, feature, index, or evaluation table artifact	experiments/cr_scizor/stage2/features/cache/square/square_demo_114_axis_impulse_t122_m0.25.npz.placeholder.md
experiments/cr_scizor/stage2/features/cache/square/square_demo_114_reverse_motion_t122_m0.25.npz	248729	dataset, feature, index, or evaluation table artifact	experiments/cr_scizor/stage2/features/cache/square/square_demo_114_reverse_motion_t122_m0.25.npz.placeholder.md
experiments/cr_scizor/stage2/features/cache/square/square_demo_115_flip_gripper_t75_m0.50.npz	278297	dataset, feature, index, or evaluation table artifact	experiments/cr_scizor/stage2/features/cache/square/square_demo_115_flip_gripper_t75_m0.50.npz.placeholder.md
experiments/cr_scizor/stage2/features/cache/square/square_demo_115_zero_motion_t139_m0.50.npz	278297	dataset, feature, index, or evaluation table artifact	experiments/cr_scizor/stage2/features/cache/square/square_demo_115_zero_motion_t139_m0.50.npz.placeholder.md
experiments/cr_scizor/stage2/features/cache/square/square_demo_114_flip_gripper_t103_m0.50.npz	248729	dataset, feature, index, or evaluation table artifact	experiments/cr_scizor/stage2/features/cache/square/square_demo_114_flip_gripper_t103_m0.50.npz.placeholder.md
experiments/cr_scizor/stage2/features/cache/square/square_demo_114_zero_motion_t122_m0.50.npz	248729	dataset, feature, index, or evaluation table artifact	experiments/cr_scizor/stage2/features/cache/square/square_demo_114_zero_motion_t122_m0.50.npz.placeholder.md
experiments/cr_scizor/stage2/features/cache/square/square_demo_115_reverse_motion_t75_m0.25.npz	278297	dataset, feature, index, or evaluation table artifact	experiments/cr_scizor/stage2/features/cache/square/square_demo_115_reverse_motion_t75_m0.25.npz.placeholder.md
experiments/cr_scizor/stage2/features/cache/square/square_demo_114_reverse_motion_t103_m0.25.npz	248729	dataset, feature, index, or evaluation table artifact	experiments/cr_scizor/stage2/features/cache/square/square_demo_114_reverse_motion_t103_m0.25.npz.placeholder.md
experiments/cr_scizor/stage2/features/cache/square/square_demo_116_axis_impulse_t152_m0.25.npz	302321	dataset, feature, index, or evaluation table artifact	experiments/cr_scizor/stage2/features/cache/square/square_demo_116_axis_impulse_t152_m0.25.npz.placeholder.md
experiments/cr_scizor/stage2/features/cache/square/square_demo_115_axis_impulse_t139_m0.25.npz	278297	dataset, feature, index, or evaluation table artifact	experiments/cr_scizor/stage2/features/cache/square/square_demo_115_axis_impulse_t139_m0.25.npz.placeholder.md
experiments/cr_scizor/stage2/features/cache/square/square_demo_115_zero_motion_t75_m0.50.npz	278297	dataset, feature, index, or evaluation table artifact	experiments/cr_scizor/stage2/features/cache/square/square_demo_115_zero_motion_t75_m0.50.npz.placeholder.md
experiments/cr_scizor/stage2/features/cache/square/square_demo_114_zero_motion_t103_m0.50.npz	248729	dataset, feature, index, or evaluation table artifact	experiments/cr_scizor/stage2/features/cache/square/square_demo_114_zero_motion_t103_m0.50.npz.placeholder.md
experiments/cr_scizor/stage2/features/cache/square/square_demo_116_flip_gripper_t129_m0.50.npz	302321	dataset, feature, index, or evaluation table artifact	experiments/cr_scizor/stage2/features/cache/square/square_demo_116_flip_gripper_t129_m0.50.npz.placeholder.md
experiments/cr_scizor/stage2/features/cache/square/square_demo_115_flip_gripper_t120_m0.50.npz	278297	dataset, feature, index, or evaluation table artifact	experiments/cr_scizor/stage2/features/cache/square/square_demo_115_flip_gripper_t120_m0.50.npz.placeholder.md
experiments/cr_scizor/stage2/features/cache/square/square_demo_116_axis_impulse_t70_m0.25.npz	302321	dataset, feature, index, or evaluation table artifact	experiments/cr_scizor/stage2/features/cache/square/square_demo_116_axis_impulse_t70_m0.25.npz.placeholder.md
experiments/cr_scizor/stage2/features/cache/square/square_demo_115_axis_impulse_t120_m0.25.npz	278297	dataset, feature, index, or evaluation table artifact	experiments/cr_scizor/stage2/features/cache/square/square_demo_115_axis_impulse_t120_m0.25.npz.placeholder.md
experiments/cr_scizor/stage2/features/cache/square/square_demo_115_reverse_motion_t120_m0.25.npz	278297	dataset, feature, index, or evaluation table artifact	experiments/cr_scizor/stage2/features/cache/square/square_demo_115_reverse_motion_t120_m0.25.npz.placeholder.md
experiments/cr_scizor/stage2/features/cache/square/square_demo_116_reverse_motion_t129_m0.25.npz	302321	dataset, feature, index, or evaluation table artifact	experiments/cr_scizor/stage2/features/cache/square/square_demo_116_reverse_motion_t129_m0.25.npz.placeholder.md
experiments/cr_scizor/stage2/features/cache/square/square_demo_115_clean.npz	278297	dataset, feature, index, or evaluation table artifact	experiments/cr_scizor/stage2/features/cache/square/square_demo_115_clean.npz.placeholder.md
experiments/cr_scizor/stage2/features/cache/square/square_demo_116_flip_gripper_t152_m0.50.npz	302321	dataset, feature, index, or evaluation table artifact	experiments/cr_scizor/stage2/features/cache/square/square_demo_116_flip_gripper_t152_m0.50.npz.placeholder.md
experiments/cr_scizor/stage2/features/cache/square/square_demo_115_zero_motion_t120_m0.50.npz	278297	dataset, feature, index, or evaluation table artifact	experiments/cr_scizor/stage2/features/cache/square/square_demo_115_zero_motion_t120_m0.50.npz.placeholder.md
experiments/cr_scizor/stage2/features/cache/square/square_demo_116_zero_motion_t129_m0.50.npz	302321	dataset, feature, index, or evaluation table artifact	experiments/cr_scizor/stage2/features/cache/square/square_demo_116_zero_motion_t129_m0.50.npz.placeholder.md
experiments/cr_scizor/stage2/features/cache/square/square_demo_115_flip_gripper_t85_m0.50.npz	278297	dataset, feature, index, or evaluation table artifact	experiments/cr_scizor/stage2/features/cache/square/square_demo_115_flip_gripper_t85_m0.50.npz.placeholder.md
experiments/cr_scizor/stage2/features/cache/square/square_demo_116_reverse_motion_t152_m0.25.npz	302321	dataset, feature, index, or evaluation table artifact	experiments/cr_scizor/stage2/features/cache/square/square_demo_116_reverse_motion_t152_m0.25.npz.placeholder.md
experiments/cr_scizor/stage2/features/cache/square/square_demo_116_axis_impulse_t129_m0.25.npz	302321	dataset, feature, index, or evaluation table artifact	experiments/cr_scizor/stage2/features/cache/square/square_demo_116_axis_impulse_t129_m0.25.npz.placeholder.md
experiments/cr_scizor/stage2/features/cache/square/square_demo_117_axis_impulse_t102_m0.25.npz	241337	dataset, feature, index, or evaluation table artifact	experiments/cr_scizor/stage2/features/cache/square/square_demo_117_axis_impulse_t102_m0.25.npz.placeholder.md
experiments/cr_scizor/stage2/features/cache/square/square_demo_115_reverse_motion_t85_m0.25.npz	278297	dataset, feature, index, or evaluation table artifact	experiments/cr_scizor/stage2/features/cache/square/square_demo_115_reverse_motion_t85_m0.25.npz.placeholder.md
experiments/cr_scizor/stage2/features/cache/square/square_demo_116_zero_motion_t152_m0.50.npz	302321	dataset, feature, index, or evaluation table artifact	experiments/cr_scizor/stage2/features/cache/square/square_demo_116_zero_motion_t152_m0.50.npz.placeholder.md
experiments/cr_scizor/stage2/features/cache/square/square_demo_117_clean.npz	241337	dataset, feature, index, or evaluation table artifact	experiments/cr_scizor/stage2/features/cache/square/square_demo_117_clean.npz.placeholder.md
experiments/cr_scizor/stage2/features/cache/square/square_demo_116_clean.npz	302321	dataset, feature, index, or evaluation table artifact	experiments/cr_scizor/stage2/features/cache/square/square_demo_116_clean.npz.placeholder.md
experiments/cr_scizor/stage2/features/cache/square/square_demo_115_zero_motion_t85_m0.50.npz	278297	dataset, feature, index, or evaluation table artifact	experiments/cr_scizor/stage2/features/cache/square/square_demo_115_zero_motion_t85_m0.50.npz.placeholder.md
experiments/cr_scizor/stage2/features/cache/square/square_demo_117_axis_impulse_t117_m0.25.npz	241337	dataset, feature, index, or evaluation table artifact	experiments/cr_scizor/stage2/features/cache/square/square_demo_117_axis_impulse_t117_m0.25.npz.placeholder.md
experiments/cr_scizor/stage2/features/cache/square/square_demo_117_flip_gripper_t72_m0.50.npz	241337	dataset, feature, index, or evaluation table artifact	experiments/cr_scizor/stage2/features/cache/square/square_demo_117_flip_gripper_t72_m0.50.npz.placeholder.md
experiments/cr_scizor/stage2/features/cache/square/square_demo_116_flip_gripper_t82_m0.50.npz	302321	dataset, feature, index, or evaluation table artifact	experiments/cr_scizor/stage2/features/cache/square/square_demo_116_flip_gripper_t82_m0.50.npz.placeholder.md
experiments/cr_scizor/stage2/features/cache/square/square_demo_116_axis_impulse_t82_m0.25.npz	302321	dataset, feature, index, or evaluation table artifact	experiments/cr_scizor/stage2/features/cache/square/square_demo_116_axis_impulse_t82_m0.25.npz.placeholder.md
experiments/cr_scizor/stage2/features/cache/square/square_demo_117_flip_gripper_t102_m0.50.npz	241337	dataset, feature, index, or evaluation table artifact	experiments/cr_scizor/stage2/features/cache/square/square_demo_117_flip_gripper_t102_m0.50.npz.placeholder.md
experiments/cr_scizor/stage2/features/cache/square/square_demo_117_reverse_motion_t72_m0.25.npz	241337	dataset, feature, index, or evaluation table artifact	experiments/cr_scizor/stage2/features/cache/square/square_demo_117_reverse_motion_t72_m0.25.npz.placeholder.md
experiments/cr_scizor/stage2/features/cache/square/square_demo_116_reverse_motion_t82_m0.25.npz	302321	dataset, feature, index, or evaluation table artifact	experiments/cr_scizor/stage2/features/cache/square/square_demo_116_reverse_motion_t82_m0.25.npz.placeholder.md
experiments/cr_scizor/stage2/features/cache/square/square_demo_117_reverse_motion_t102_m0.25.npz	241337	dataset, feature, index, or evaluation table artifact	experiments/cr_scizor/stage2/features/cache/square/square_demo_117_reverse_motion_t102_m0.25.npz.placeholder.md
experiments/cr_scizor/stage2/features/cache/square/square_demo_116_flip_gripper_t70_m0.50.npz	302321	dataset, feature, index, or evaluation table artifact	experiments/cr_scizor/stage2/features/cache/square/square_demo_116_flip_gripper_t70_m0.50.npz.placeholder.md
experiments/cr_scizor/stage2/features/cache/square/square_demo_117_zero_motion_t72_m0.50.npz	241337	dataset, feature, index, or evaluation table artifact	experiments/cr_scizor/stage2/features/cache/square/square_demo_117_zero_motion_t72_m0.50.npz.placeholder.md
experiments/cr_scizor/stage2/features/cache/square/square_demo_116_zero_motion_t82_m0.50.npz	302321	dataset, feature, index, or evaluation table artifact	experiments/cr_scizor/stage2/features/cache/square/square_demo_116_zero_motion_t82_m0.50.npz.placeholder.md
experiments/cr_scizor/stage2/features/cache/square/square_demo_117_zero_motion_t102_m0.50.npz	241337	dataset, feature, index, or evaluation table artifact	experiments/cr_scizor/stage2/features/cache/square/square_demo_117_zero_motion_t102_m0.50.npz.placeholder.md
experiments/cr_scizor/stage2/features/cache/square/square_demo_116_reverse_motion_t70_m0.25.npz	302321	dataset, feature, index, or evaluation table artifact	experiments/cr_scizor/stage2/features/cache/square/square_demo_116_reverse_motion_t70_m0.25.npz.placeholder.md
experiments/cr_scizor/stage2/features/cache/square/square_demo_118_axis_impulse_t81_m0.25.npz	252425	dataset, feature, index, or evaluation table artifact	experiments/cr_scizor/stage2/features/cache/square/square_demo_118_axis_impulse_t81_m0.25.npz.placeholder.md
experiments/cr_scizor/stage2/features/cache/square/square_demo_118_axis_impulse_t110_m0.25.npz	252425	dataset, feature, index, or evaluation table artifact	experiments/cr_scizor/stage2/features/cache/square/square_demo_118_axis_impulse_t110_m0.25.npz.placeholder.md
experiments/cr_scizor/stage2/features/cache/square/square_demo_117_axis_impulse_t72_m0.25.npz	241337	dataset, feature, index, or evaluation table artifact	experiments/cr_scizor/stage2/features/cache/square/square_demo_117_axis_impulse_t72_m0.25.npz.placeholder.md
experiments/cr_scizor/stage2/features/cache/square/square_demo_118_flip_gripper_t71_m0.50.npz	252425	dataset, feature, index, or evaluation table artifact	experiments/cr_scizor/stage2/features/cache/square/square_demo_118_flip_gripper_t71_m0.50.npz.placeholder.md
experiments/cr_scizor/stage2/features/cache/square/square_demo_116_zero_motion_t70_m0.50.npz	302321	dataset, feature, index, or evaluation table artifact	experiments/cr_scizor/stage2/features/cache/square/square_demo_116_zero_motion_t70_m0.50.npz.placeholder.md
experiments/cr_scizor/stage2/features/cache/square/square_demo_118_clean.npz	252425	dataset, feature, index, or evaluation table artifact	experiments/cr_scizor/stage2/features/cache/square/square_demo_118_clean.npz.placeholder.md
experiments/cr_scizor/stage2/features/cache/square/square_demo_117_flip_gripper_t62_m0.50.npz	241337	dataset, feature, index, or evaluation table artifact	experiments/cr_scizor/stage2/features/cache/square/square_demo_117_flip_gripper_t62_m0.50.npz.placeholder.md
experiments/cr_scizor/stage2/features/cache/square/square_demo_118_reverse_motion_t71_m0.25.npz	252425	dataset, feature, index, or evaluation table artifact	experiments/cr_scizor/stage2/features/cache/square/square_demo_118_reverse_motion_t71_m0.25.npz.placeholder.md
experiments/cr_scizor/stage2/features/cache/square/square_demo_117_axis_impulse_t62_m0.25.npz	241337	dataset, feature, index, or evaluation table artifact	experiments/cr_scizor/stage2/features/cache/square/square_demo_117_axis_impulse_t62_m0.25.npz.placeholder.md
experiments/cr_scizor/stage2/features/cache/square/square_demo_118_flip_gripper_t81_m0.50.npz	252425	dataset, feature, index, or evaluation table artifact	experiments/cr_scizor/stage2/features/cache/square/square_demo_118_flip_gripper_t81_m0.50.npz.placeholder.md
experiments/cr_scizor/stage2/features/cache/square/square_demo_117_reverse_motion_t62_m0.25.npz	241337	dataset, feature, index, or evaluation table artifact	experiments/cr_scizor/stage2/features/cache/square/square_demo_117_reverse_motion_t62_m0.25.npz.placeholder.md
experiments/cr_scizor/stage2/features/cache/square/square_demo_117_flip_gripper_t117_m0.50.npz	241337	dataset, feature, index, or evaluation table artifact	experiments/cr_scizor/stage2/features/cache/square/square_demo_117_flip_gripper_t117_m0.50.npz.placeholder.md
experiments/cr_scizor/stage2/features/cache/square/square_demo_118_zero_motion_t71_m0.50.npz	252425	dataset, feature, index, or evaluation table artifact	experiments/cr_scizor/stage2/features/cache/square/square_demo_118_zero_motion_t71_m0.50.npz.placeholder.md
experiments/cr_scizor/stage2/features/cache/square/square_demo_117_zero_motion_t62_m0.50.npz	241337	dataset, feature, index, or evaluation table artifact	experiments/cr_scizor/stage2/features/cache/square/square_demo_117_zero_motion_t62_m0.50.npz.placeholder.md
experiments/cr_scizor/stage2/features/cache/square/square_demo_118_reverse_motion_t81_m0.25.npz	252425	dataset, feature, index, or evaluation table artifact	experiments/cr_scizor/stage2/features/cache/square/square_demo_118_reverse_motion_t81_m0.25.npz.placeholder.md
experiments/cr_scizor/stage2/features/cache/square/square_demo_117_reverse_motion_t117_m0.25.npz	241337	dataset, feature, index, or evaluation table artifact	experiments/cr_scizor/stage2/features/cache/square/square_demo_117_reverse_motion_t117_m0.25.npz.placeholder.md
experiments/cr_scizor/stage2/features/cache/square/square_demo_119_axis_impulse_t87_m0.25.npz	307865	dataset, feature, index, or evaluation table artifact	experiments/cr_scizor/stage2/features/cache/square/square_demo_119_axis_impulse_t87_m0.25.npz.placeholder.md
experiments/cr_scizor/stage2/features/cache/square/square_demo_118_axis_impulse_t71_m0.25.npz	252425	dataset, feature, index, or evaluation table artifact	experiments/cr_scizor/stage2/features/cache/square/square_demo_118_axis_impulse_t71_m0.25.npz.placeholder.md
experiments/cr_scizor/stage2/features/cache/square/square_demo_118_zero_motion_t81_m0.50.npz	252425	dataset, feature, index, or evaluation table artifact	experiments/cr_scizor/stage2/features/cache/square/square_demo_118_zero_motion_t81_m0.50.npz.placeholder.md
experiments/cr_scizor/stage2/features/cache/square/square_demo_117_zero_motion_t117_m0.50.npz	241337	dataset, feature, index, or evaluation table artifact	experiments/cr_scizor/stage2/features/cache/square/square_demo_117_zero_motion_t117_m0.50.npz.placeholder.md
experiments/cr_scizor/stage2/features/cache/square/square_demo_119_flip_gripper_t77_m0.50.npz	307865	dataset, feature, index, or evaluation table artifact	experiments/cr_scizor/stage2/features/cache/square/square_demo_119_flip_gripper_t77_m0.50.npz.placeholder.md
experiments/cr_scizor/stage2/features/cache/square/square_demo_118_flip_gripper_t53_m0.50.npz	252425	dataset, feature, index, or evaluation table artifact	experiments/cr_scizor/stage2/features/cache/square/square_demo_118_flip_gripper_t53_m0.50.npz.placeholder.md
experiments/cr_scizor/stage2/features/cache/square/square_demo_118_axis_impulse_t53_m0.25.npz	252425	dataset, feature, index, or evaluation table artifact	experiments/cr_scizor/stage2/features/cache/square/square_demo_118_axis_impulse_t53_m0.25.npz.placeholder.md
experiments/cr_scizor/stage2/features/cache/square/square_demo_119_axis_impulse_t98_m0.25.npz	307865	dataset, feature, index, or evaluation table artifact	experiments/cr_scizor/stage2/features/cache/square/square_demo_119_axis_impulse_t98_m0.25.npz.placeholder.md
experiments/cr_scizor/stage2/features/cache/square/square_demo_119_reverse_motion_t77_m0.25.npz	307865	dataset, feature, index, or evaluation table artifact	experiments/cr_scizor/stage2/features/cache/square/square_demo_119_reverse_motion_t77_m0.25.npz.placeholder.md
experiments/cr_scizor/stage2/features/cache/square/square_demo_118_reverse_motion_t53_m0.25.npz	252425	dataset, feature, index, or evaluation table artifact	experiments/cr_scizor/stage2/features/cache/square/square_demo_118_reverse_motion_t53_m0.25.npz.placeholder.md
experiments/cr_scizor/stage2/features/cache/square/square_demo_118_flip_gripper_t110_m0.50.npz	252425	dataset, feature, index, or evaluation table artifact	experiments/cr_scizor/stage2/features/cache/square/square_demo_118_flip_gripper_t110_m0.50.npz.placeholder.md
experiments/cr_scizor/stage2/features/cache/square/square_demo_119_flip_gripper_t87_m0.50.npz	307865	dataset, feature, index, or evaluation table artifact	experiments/cr_scizor/stage2/features/cache/square/square_demo_119_flip_gripper_t87_m0.50.npz.placeholder.md
experiments/cr_scizor/stage2/features/cache/square/square_demo_118_zero_motion_t53_m0.50.npz	252425	dataset, feature, index, or evaluation table artifact	experiments/cr_scizor/stage2/features/cache/square/square_demo_118_zero_motion_t53_m0.50.npz.placeholder.md
experiments/cr_scizor/stage2/features/cache/square/square_demo_118_reverse_motion_t110_m0.25.npz	252425	dataset, feature, index, or evaluation table artifact	experiments/cr_scizor/stage2/features/cache/square/square_demo_118_reverse_motion_t110_m0.25.npz.placeholder.md
experiments/cr_scizor/stage2/features/cache/square/square_demo_119_zero_motion_t77_m0.50.npz	307865	dataset, feature, index, or evaluation table artifact	experiments/cr_scizor/stage2/features/cache/square/square_demo_119_zero_motion_t77_m0.50.npz.placeholder.md
experiments/cr_scizor/stage2/features/cache/square/square_demo_119_reverse_motion_t87_m0.25.npz	307865	dataset, feature, index, or evaluation table artifact	experiments/cr_scizor/stage2/features/cache/square/square_demo_119_reverse_motion_t87_m0.25.npz.placeholder.md
experiments/cr_scizor/stage2/features/cache/square/square_demo_118_zero_motion_t110_m0.50.npz	252425	dataset, feature, index, or evaluation table artifact	experiments/cr_scizor/stage2/features/cache/square/square_demo_118_zero_motion_t110_m0.50.npz.placeholder.md
experiments/cr_scizor/stage2/features/cache/square/square_demo_119_axis_impulse_t77_m0.25.npz	307865	dataset, feature, index, or evaluation table artifact	experiments/cr_scizor/stage2/features/cache/square/square_demo_119_axis_impulse_t77_m0.25.npz.placeholder.md
experiments/cr_scizor/stage2/features/cache/square/square_demo_11_axis_impulse_t146_m0.25.npz	289385	dataset, feature, index, or evaluation table artifact	experiments/cr_scizor/stage2/features/cache/square/square_demo_11_axis_impulse_t146_m0.25.npz.placeholder.md
experiments/cr_scizor/stage2/features/cache/square/square_demo_119_zero_motion_t87_m0.50.npz	307865	dataset, feature, index, or evaluation table artifact	experiments/cr_scizor/stage2/features/cache/square/square_demo_119_zero_motion_t87_m0.50.npz.placeholder.md
experiments/cr_scizor/stage2/features/cache/square/square_demo_119_axis_impulse_t140_m0.25.npz	307865	dataset, feature, index, or evaluation table artifact	experiments/cr_scizor/stage2/features/cache/square/square_demo_119_axis_impulse_t140_m0.25.npz.placeholder.md
experiments/cr_scizor/stage2/features/cache/square/square_demo_119_flip_gripper_t140_m0.50.npz	307865	dataset, feature, index, or evaluation table artifact	experiments/cr_scizor/stage2/features/cache/square/square_demo_119_flip_gripper_t140_m0.50.npz.placeholder.md
experiments/cr_scizor/stage2/features/cache/square/square_demo_11_flip_gripper_t106_m0.50.npz	289385	dataset, feature, index, or evaluation table artifact	experiments/cr_scizor/stage2/features/cache/square/square_demo_11_flip_gripper_t106_m0.50.npz.placeholder.md
experiments/cr_scizor/stage2/features/cache/square/square_demo_11_axis_impulse_t78_m0.25.npz	289385	dataset, feature, index, or evaluation table artifact	experiments/cr_scizor/stage2/features/cache/square/square_demo_11_axis_impulse_t78_m0.25.npz.placeholder.md
experiments/cr_scizor/stage2/features/cache/square/square_demo_119_clean.npz	307865	dataset, feature, index, or evaluation table artifact	experiments/cr_scizor/stage2/features/cache/square/square_demo_119_clean.npz.placeholder.md
experiments/cr_scizor/stage2/features/cache/square/square_demo_11_reverse_motion_t106_m0.25.npz	289385	dataset, feature, index, or evaluation table artifact	experiments/cr_scizor/stage2/features/cache/square/square_demo_11_reverse_motion_t106_m0.25.npz.placeholder.md
experiments/cr_scizor/stage2/features/cache/square/square_demo_119_reverse_motion_t140_m0.25.npz	307865	dataset, feature, index, or evaluation table artifact	experiments/cr_scizor/stage2/features/cache/square/square_demo_119_reverse_motion_t140_m0.25.npz.placeholder.md
experiments/cr_scizor/stage2/features/cache/square/square_demo_11_flip_gripper_t146_m0.50.npz	289385	dataset, feature, index, or evaluation table artifact	experiments/cr_scizor/stage2/features/cache/square/square_demo_11_flip_gripper_t146_m0.50.npz.placeholder.md
experiments/cr_scizor/stage2/features/cache/square/square_demo_11_zero_motion_t106_m0.50.npz	289385	dataset, feature, index, or evaluation table artifact	experiments/cr_scizor/stage2/features/cache/square/square_demo_11_zero_motion_t106_m0.50.npz.placeholder.md
experiments/cr_scizor/stage2/features/cache/square/square_demo_119_flip_gripper_t98_m0.50.npz	307865	dataset, feature, index, or evaluation table artifact	experiments/cr_scizor/stage2/features/cache/square/square_demo_119_flip_gripper_t98_m0.50.npz.placeholder.md
experiments/cr_scizor/stage2/features/cache/square/square_demo_119_zero_motion_t140_m0.50.npz	307865	dataset, feature, index, or evaluation table artifact	experiments/cr_scizor/stage2/features/cache/square/square_demo_119_zero_motion_t140_m0.50.npz.placeholder.md
experiments/cr_scizor/stage2/features/cache/square/square_demo_11_reverse_motion_t146_m0.25.npz	289385	dataset, feature, index, or evaluation table artifact	experiments/cr_scizor/stage2/features/cache/square/square_demo_11_reverse_motion_t146_m0.25.npz.placeholder.md
experiments/cr_scizor/stage2/features/cache/square/square_demo_120_axis_impulse_t161_m0.25.npz	309713	dataset, feature, index, or evaluation table artifact	experiments/cr_scizor/stage2/features/cache/square/square_demo_120_axis_impulse_t161_m0.25.npz.placeholder.md
experiments/cr_scizor/stage2/features/cache/square/square_demo_119_reverse_motion_t98_m0.25.npz	307865	dataset, feature, index, or evaluation table artifact	experiments/cr_scizor/stage2/features/cache/square/square_demo_119_reverse_motion_t98_m0.25.npz.placeholder.md
experiments/cr_scizor/stage2/features/cache/square/square_demo_11_zero_motion_t146_m0.50.npz	289385	dataset, feature, index, or evaluation table artifact	experiments/cr_scizor/stage2/features/cache/square/square_demo_11_zero_motion_t146_m0.50.npz.placeholder.md
experiments/cr_scizor/stage2/features/cache/square/square_demo_11_axis_impulse_t106_m0.25.npz	289385	dataset, feature, index, or evaluation table artifact	experiments/cr_scizor/stage2/features/cache/square/square_demo_11_axis_impulse_t106_m0.25.npz.placeholder.md
experiments/cr_scizor/stage2/features/cache/square/square_demo_120_clean.npz	309713	dataset, feature, index, or evaluation table artifact	experiments/cr_scizor/stage2/features/cache/square/square_demo_120_clean.npz.placeholder.md
experiments/cr_scizor/stage2/features/cache/square/square_demo_120_axis_impulse_t61_m0.25.npz	309713	dataset, feature, index, or evaluation table artifact	experiments/cr_scizor/stage2/features/cache/square/square_demo_120_axis_impulse_t61_m0.25.npz.placeholder.md
experiments/cr_scizor/stage2/features/cache/square/square_demo_119_zero_motion_t98_m0.50.npz	307865	dataset, feature, index, or evaluation table artifact	experiments/cr_scizor/stage2/features/cache/square/square_demo_119_zero_motion_t98_m0.50.npz.placeholder.md
experiments/cr_scizor/stage2/features/cache/square/square_demo_11_clean.npz	289385	dataset, feature, index, or evaluation table artifact	experiments/cr_scizor/stage2/features/cache/square/square_demo_11_clean.npz.placeholder.md
experiments/cr_scizor/stage2/features/cache/square/square_demo_120_flip_gripper_t92_m0.50.npz	309713	dataset, feature, index, or evaluation table artifact	experiments/cr_scizor/stage2/features/cache/square/square_demo_120_flip_gripper_t92_m0.50.npz.placeholder.md
experiments/cr_scizor/stage2/features/cache/square/square_demo_11_axis_impulse_t93_m0.25.npz	289385	dataset, feature, index, or evaluation table artifact	experiments/cr_scizor/stage2/features/cache/square/square_demo_11_axis_impulse_t93_m0.25.npz.placeholder.md
experiments/cr_scizor/stage2/features/cache/square/square_demo_120_flip_gripper_t161_m0.50.npz	309713	dataset, feature, index, or evaluation table artifact	experiments/cr_scizor/stage2/features/cache/square/square_demo_120_flip_gripper_t161_m0.50.npz.placeholder.md
experiments/cr_scizor/stage2/features/cache/square/square_demo_11_flip_gripper_t93_m0.50.npz	289385	dataset, feature, index, or evaluation table artifact	experiments/cr_scizor/stage2/features/cache/square/square_demo_11_flip_gripper_t93_m0.50.npz.placeholder.md
experiments/cr_scizor/stage2/features/cache/square/square_demo_11_flip_gripper_t78_m0.50.npz	289385	dataset, feature, index, or evaluation table artifact	experiments/cr_scizor/stage2/features/cache/square/square_demo_11_flip_gripper_t78_m0.50.npz.placeholder.md
experiments/cr_scizor/stage2/features/cache/square/square_demo_120_reverse_motion_t92_m0.25.npz	309713	dataset, feature, index, or evaluation table artifact	experiments/cr_scizor/stage2/features/cache/square/square_demo_120_reverse_motion_t92_m0.25.npz.placeholder.md
experiments/cr_scizor/stage2/features/cache/square/square_demo_120_reverse_motion_t161_m0.25.npz	309713	dataset, feature, index, or evaluation table artifact	experiments/cr_scizor/stage2/features/cache/square/square_demo_120_reverse_motion_t161_m0.25.npz.placeholder.md
experiments/cr_scizor/stage2/features/cache/square/square_demo_11_reverse_motion_t93_m0.25.npz	289385	dataset, feature, index, or evaluation table artifact	experiments/cr_scizor/stage2/features/cache/square/square_demo_11_reverse_motion_t93_m0.25.npz.placeholder.md
experiments/cr_scizor/stage2/features/cache/square/square_demo_11_reverse_motion_t78_m0.25.npz	289385	dataset, feature, index, or evaluation table artifact	experiments/cr_scizor/stage2/features/cache/square/square_demo_11_reverse_motion_t78_m0.25.npz.placeholder.md
experiments/cr_scizor/stage2/features/cache/square/square_demo_11_zero_motion_t93_m0.50.npz	289385	dataset, feature, index, or evaluation table artifact	experiments/cr_scizor/stage2/features/cache/square/square_demo_11_zero_motion_t93_m0.50.npz.placeholder.md
experiments/cr_scizor/stage2/features/cache/square/square_demo_120_zero_motion_t161_m0.50.npz	309713	dataset, feature, index, or evaluation table artifact	experiments/cr_scizor/stage2/features/cache/square/square_demo_120_zero_motion_t161_m0.50.npz.placeholder.md
experiments/cr_scizor/stage2/features/cache/square/square_demo_120_zero_motion_t92_m0.50.npz	309713	dataset, feature, index, or evaluation table artifact	experiments/cr_scizor/stage2/features/cache/square/square_demo_120_zero_motion_t92_m0.50.npz.placeholder.md
experiments/cr_scizor/stage2/features/cache/square/square_demo_11_zero_motion_t78_m0.50.npz	289385	dataset, feature, index, or evaluation table artifact	experiments/cr_scizor/stage2/features/cache/square/square_demo_11_zero_motion_t78_m0.50.npz.placeholder.md
experiments/cr_scizor/stage2/features/cache/square/square_demo_121_axis_impulse_t131_m0.25.npz	257969	dataset, feature, index, or evaluation table artifact	experiments/cr_scizor/stage2/features/cache/square/square_demo_121_axis_impulse_t131_m0.25.npz.placeholder.md
experiments/cr_scizor/stage2/features/cache/square/square_demo_121_axis_impulse_t76_m0.25.npz	257969	dataset, feature, index, or evaluation table artifact	experiments/cr_scizor/stage2/features/cache/square/square_demo_121_axis_impulse_t76_m0.25.npz.placeholder.md
experiments/cr_scizor/stage2/features/cache/square/square_demo_120_axis_impulse_t92_m0.25.npz	309713	dataset, feature, index, or evaluation table artifact	experiments/cr_scizor/stage2/features/cache/square/square_demo_120_axis_impulse_t92_m0.25.npz.placeholder.md
experiments/cr_scizor/stage2/features/cache/square/square_demo_120_axis_impulse_t82_m0.25.npz	309713	dataset, feature, index, or evaluation table artifact	experiments/cr_scizor/stage2/features/cache/square/square_demo_120_axis_impulse_t82_m0.25.npz.placeholder.md
experiments/cr_scizor/stage2/features/cache/square/square_demo_121_clean.npz	257969	dataset, feature, index, or evaluation table artifact	experiments/cr_scizor/stage2/features/cache/square/square_demo_121_clean.npz.placeholder.md
experiments/cr_scizor/stage2/features/cache/square/square_demo_121_flip_gripper_t66_m0.50.npz	257969	dataset, feature, index, or evaluation table artifact	experiments/cr_scizor/stage2/features/cache/square/square_demo_121_flip_gripper_t66_m0.50.npz.placeholder.md
experiments/cr_scizor/stage2/features/cache/square/square_demo_120_flip_gripper_t82_m0.50.npz	309713	dataset, feature, index, or evaluation table artifact	experiments/cr_scizor/stage2/features/cache/square/square_demo_120_flip_gripper_t82_m0.50.npz.placeholder.md
experiments/cr_scizor/stage2/features/cache/square/square_demo_121_flip_gripper_t76_m0.50.npz	257969	dataset, feature, index, or evaluation table artifact	experiments/cr_scizor/stage2/features/cache/square/square_demo_121_flip_gripper_t76_m0.50.npz.placeholder.md
experiments/cr_scizor/stage2/features/cache/square/square_demo_121_reverse_motion_t66_m0.25.npz	257969	dataset, feature, index, or evaluation table artifact	experiments/cr_scizor/stage2/features/cache/square/square_demo_121_reverse_motion_t66_m0.25.npz.placeholder.md
experiments/cr_scizor/stage2/features/cache/square/square_demo_120_flip_gripper_t61_m0.50.npz	309713	dataset, feature, index, or evaluation table artifact	experiments/cr_scizor/stage2/features/cache/square/square_demo_120_flip_gripper_t61_m0.50.npz.placeholder.md
experiments/cr_scizor/stage2/features/cache/square/square_demo_120_reverse_motion_t82_m0.25.npz	309713	dataset, feature, index, or evaluation table artifact	experiments/cr_scizor/stage2/features/cache/square/square_demo_120_reverse_motion_t82_m0.25.npz.placeholder.md
experiments/cr_scizor/stage2/features/cache/square/square_demo_121_reverse_motion_t76_m0.25.npz	257969	dataset, feature, index, or evaluation table artifact	experiments/cr_scizor/stage2/features/cache/square/square_demo_121_reverse_motion_t76_m0.25.npz.placeholder.md
experiments/cr_scizor/stage2/features/cache/square/square_demo_121_zero_motion_t66_m0.50.npz	257969	dataset, feature, index, or evaluation table artifact	experiments/cr_scizor/stage2/features/cache/square/square_demo_121_zero_motion_t66_m0.50.npz.placeholder.md
experiments/cr_scizor/stage2/features/cache/square/square_demo_120_reverse_motion_t61_m0.25.npz	309713	dataset, feature, index, or evaluation table artifact	experiments/cr_scizor/stage2/features/cache/square/square_demo_120_reverse_motion_t61_m0.25.npz.placeholder.md
experiments/cr_scizor/stage2/features/cache/square/square_demo_120_zero_motion_t82_m0.50.npz	309713	dataset, feature, index, or evaluation table artifact	experiments/cr_scizor/stage2/features/cache/square/square_demo_120_zero_motion_t82_m0.50.npz.placeholder.md
experiments/cr_scizor/stage2/features/cache/square/square_demo_121_zero_motion_t76_m0.50.npz	257969	dataset, feature, index, or evaluation table artifact	experiments/cr_scizor/stage2/features/cache/square/square_demo_121_zero_motion_t76_m0.50.npz.placeholder.md
experiments/cr_scizor/stage2/features/cache/square/square_demo_122_axis_impulse_t64_m0.25.npz	272753	dataset, feature, index, or evaluation table artifact	experiments/cr_scizor/stage2/features/cache/square/square_demo_122_axis_impulse_t64_m0.25.npz.placeholder.md
experiments/cr_scizor/stage2/features/cache/square/square_demo_121_axis_impulse_t66_m0.25.npz	257969	dataset, feature, index, or evaluation table artifact	experiments/cr_scizor/stage2/features/cache/square/square_demo_121_axis_impulse_t66_m0.25.npz.placeholder.md
experiments/cr_scizor/stage2/features/cache/square/square_demo_122_axis_impulse_t74_m0.25.npz	272753	dataset, feature, index, or evaluation table artifact	experiments/cr_scizor/stage2/features/cache/square/square_demo_122_axis_impulse_t74_m0.25.npz.placeholder.md
experiments/cr_scizor/stage2/features/cache/square/square_demo_120_zero_motion_t61_m0.50.npz	309713	dataset, feature, index, or evaluation table artifact	experiments/cr_scizor/stage2/features/cache/square/square_demo_120_zero_motion_t61_m0.50.npz.placeholder.md
experiments/cr_scizor/stage2/features/cache/square/square_demo_122_flip_gripper_t136_m0.50.npz	272753	dataset, feature, index, or evaluation table artifact	experiments/cr_scizor/stage2/features/cache/square/square_demo_122_flip_gripper_t136_m0.50.npz.placeholder.md
experiments/cr_scizor/stage2/features/cache/square/square_demo_121_flip_gripper_t56_m0.50.npz	257969	dataset, feature, index, or evaluation table artifact	experiments/cr_scizor/stage2/features/cache/square/square_demo_121_flip_gripper_t56_m0.50.npz.placeholder.md
experiments/cr_scizor/stage2/features/cache/square/square_demo_121_axis_impulse_t56_m0.25.npz	257969	dataset, feature, index, or evaluation table artifact	experiments/cr_scizor/stage2/features/cache/square/square_demo_121_axis_impulse_t56_m0.25.npz.placeholder.md
experiments/cr_scizor/stage2/features/cache/square/square_demo_122_flip_gripper_t64_m0.50.npz	272753	dataset, feature, index, or evaluation table artifact	experiments/cr_scizor/stage2/features/cache/square/square_demo_122_flip_gripper_t64_m0.50.npz.placeholder.md
experiments/cr_scizor/stage2/features/cache/square/square_demo_122_reverse_motion_t136_m0.25.npz	272753	dataset, feature, index, or evaluation table artifact	experiments/cr_scizor/stage2/features/cache/square/square_demo_122_reverse_motion_t136_m0.25.npz.placeholder.md
experiments/cr_scizor/stage2/features/cache/square/square_demo_121_reverse_motion_t56_m0.25.npz	257969	dataset, feature, index, or evaluation table artifact	experiments/cr_scizor/stage2/features/cache/square/square_demo_121_reverse_motion_t56_m0.25.npz.placeholder.md
experiments/cr_scizor/stage2/features/cache/square/square_demo_121_flip_gripper_t131_m0.50.npz	257969	dataset, feature, index, or evaluation table artifact	experiments/cr_scizor/stage2/features/cache/square/square_demo_121_flip_gripper_t131_m0.50.npz.placeholder.md
experiments/cr_scizor/stage2/features/cache/square/square_demo_122_reverse_motion_t64_m0.25.npz	272753	dataset, feature, index, or evaluation table artifact	experiments/cr_scizor/stage2/features/cache/square/square_demo_122_reverse_motion_t64_m0.25.npz.placeholder.md
experiments/cr_scizor/stage2/features/cache/square/square_demo_122_zero_motion_t136_m0.50.npz	272753	dataset, feature, index, or evaluation table artifact	experiments/cr_scizor/stage2/features/cache/square/square_demo_122_zero_motion_t136_m0.50.npz.placeholder.md
experiments/cr_scizor/stage2/features/cache/square/square_demo_121_reverse_motion_t131_m0.25.npz	257969	dataset, feature, index, or evaluation table artifact	experiments/cr_scizor/stage2/features/cache/square/square_demo_121_reverse_motion_t131_m0.25.npz.placeholder.md
experiments/cr_scizor/stage2/features/cache/square/square_demo_121_zero_motion_t56_m0.50.npz	257969	dataset, feature, index, or evaluation table artifact	experiments/cr_scizor/stage2/features/cache/square/square_demo_121_zero_motion_t56_m0.50.npz.placeholder.md
experiments/cr_scizor/stage2/features/cache/square/square_demo_122_zero_motion_t64_m0.50.npz	272753	dataset, feature, index, or evaluation table artifact	experiments/cr_scizor/stage2/features/cache/square/square_demo_122_zero_motion_t64_m0.50.npz.placeholder.md
experiments/cr_scizor/stage2/features/cache/square/square_demo_123_axis_impulse_t41_m0.25.npz	259817	dataset, feature, index, or evaluation table artifact	experiments/cr_scizor/stage2/features/cache/square/square_demo_123_axis_impulse_t41_m0.25.npz.placeholder.md
experiments/cr_scizor/stage2/features/cache/square/square_demo_121_zero_motion_t131_m0.50.npz	257969	dataset, feature, index, or evaluation table artifact	experiments/cr_scizor/stage2/features/cache/square/square_demo_121_zero_motion_t131_m0.50.npz.placeholder.md
experiments/cr_scizor/stage2/features/cache/square/square_demo_123_axis_impulse_t65_m0.25.npz	259817	dataset, feature, index, or evaluation table artifact	experiments/cr_scizor/stage2/features/cache/square/square_demo_123_axis_impulse_t65_m0.25.npz.placeholder.md
experiments/cr_scizor/stage2/features/cache/square/square_demo_122_axis_impulse_t136_m0.25.npz	272753	dataset, feature, index, or evaluation table artifact	experiments/cr_scizor/stage2/features/cache/square/square_demo_122_axis_impulse_t136_m0.25.npz.placeholder.md
experiments/cr_scizor/stage2/features/cache/square/square_demo_123_flip_gripper_t118_m0.50.npz	259817	dataset, feature, index, or evaluation table artifact	experiments/cr_scizor/stage2/features/cache/square/square_demo_123_flip_gripper_t118_m0.50.npz.placeholder.md
experiments/cr_scizor/stage2/features/cache/square/square_demo_122_axis_impulse_t122_m0.25.npz	272753	dataset, feature, index, or evaluation table artifact	experiments/cr_scizor/stage2/features/cache/square/square_demo_122_axis_impulse_t122_m0.25.npz.placeholder.md
experiments/cr_scizor/stage2/features/cache/square/square_demo_123_flip_gripper_t41_m0.50.npz	259817	dataset, feature, index, or evaluation table artifact	experiments/cr_scizor/stage2/features/cache/square/square_demo_123_flip_gripper_t41_m0.50.npz.placeholder.md
experiments/cr_scizor/stage2/features/cache/square/square_demo_122_flip_gripper_t122_m0.50.npz	272753	dataset, feature, index, or evaluation table artifact	experiments/cr_scizor/stage2/features/cache/square/square_demo_122_flip_gripper_t122_m0.50.npz.placeholder.md
experiments/cr_scizor/stage2/features/cache/square/square_demo_123_reverse_motion_t118_m0.25.npz	259817	dataset, feature, index, or evaluation table artifact	experiments/cr_scizor/stage2/features/cache/square/square_demo_123_reverse_motion_t118_m0.25.npz.placeholder.md
experiments/cr_scizor/stage2/features/cache/square/square_demo_122_clean.npz	272753	dataset, feature, index, or evaluation table artifact	experiments/cr_scizor/stage2/features/cache/square/square_demo_122_clean.npz.placeholder.md
experiments/cr_scizor/stage2/features/cache/square/square_demo_123_reverse_motion_t41_m0.25.npz	259817	dataset, feature, index, or evaluation table artifact	experiments/cr_scizor/stage2/features/cache/square/square_demo_123_reverse_motion_t41_m0.25.npz.placeholder.md
experiments/cr_scizor/stage2/features/cache/square/square_demo_122_reverse_motion_t122_m0.25.npz	272753	dataset, feature, index, or evaluation table artifact	experiments/cr_scizor/stage2/features/cache/square/square_demo_122_reverse_motion_t122_m0.25.npz.placeholder.md
experiments/cr_scizor/stage2/features/cache/square/square_demo_123_zero_motion_t118_m0.50.npz	259817	dataset, feature, index, or evaluation table artifact	experiments/cr_scizor/stage2/features/cache/square/square_demo_123_zero_motion_t118_m0.50.npz.placeholder.md
experiments/cr_scizor/stage2/features/cache/square/square_demo_123_zero_motion_t41_m0.50.npz	259817	dataset, feature, index, or evaluation table artifact	experiments/cr_scizor/stage2/features/cache/square/square_demo_123_zero_motion_t41_m0.50.npz.placeholder.md
experiments/cr_scizor/stage2/features/cache/square/square_demo_122_flip_gripper_t74_m0.50.npz	272753	dataset, feature, index, or evaluation table artifact	experiments/cr_scizor/stage2/features/cache/square/square_demo_122_flip_gripper_t74_m0.50.npz.placeholder.md
experiments/cr_scizor/stage2/features/cache/square/square_demo_122_zero_motion_t122_m0.50.npz	272753	dataset, feature, index, or evaluation table artifact	experiments/cr_scizor/stage2/features/cache/square/square_demo_122_zero_motion_t122_m0.50.npz.placeholder.md
experiments/cr_scizor/stage2/features/cache/square/square_demo_125_axis_impulse_t103_m0.25.npz	267209	dataset, feature, index, or evaluation table artifact	experiments/cr_scizor/stage2/features/cache/square/square_demo_125_axis_impulse_t103_m0.25.npz.placeholder.md
experiments/cr_scizor/stage2/features/cache/square/square_demo_125_axis_impulse_t132_m0.25.npz	267209	dataset, feature, index, or evaluation table artifact	experiments/cr_scizor/stage2/features/cache/square/square_demo_125_axis_impulse_t132_m0.25.npz.placeholder.md
experiments/cr_scizor/stage2/features/cache/square/square_demo_122_reverse_motion_t74_m0.25.npz	272753	dataset, feature, index, or evaluation table artifact	experiments/cr_scizor/stage2/features/cache/square/square_demo_122_reverse_motion_t74_m0.25.npz.placeholder.md
experiments/cr_scizor/stage2/features/cache/square/square_demo_123_axis_impulse_t118_m0.25.npz	259817	dataset, feature, index, or evaluation table artifact	experiments/cr_scizor/stage2/features/cache/square/square_demo_123_axis_impulse_t118_m0.25.npz.placeholder.md
experiments/cr_scizor/stage2/features/cache/square/square_demo_125_clean.npz	267209	dataset, feature, index, or evaluation table artifact	experiments/cr_scizor/stage2/features/cache/square/square_demo_125_clean.npz.placeholder.md
experiments/cr_scizor/stage2/features/cache/square/square_demo_125_flip_gripper_t103_m0.50.npz	267209	dataset, feature, index, or evaluation table artifact	experiments/cr_scizor/stage2/features/cache/square/square_demo_125_flip_gripper_t103_m0.50.npz.placeholder.md
experiments/cr_scizor/stage2/features/cache/square/square_demo_122_zero_motion_t74_m0.50.npz	272753	dataset, feature, index, or evaluation table artifact	experiments/cr_scizor/stage2/features/cache/square/square_demo_122_zero_motion_t74_m0.50.npz.placeholder.md
experiments/cr_scizor/stage2/features/cache/square/square_demo_123_clean.npz	259817	dataset, feature, index, or evaluation table artifact	experiments/cr_scizor/stage2/features/cache/square/square_demo_123_clean.npz.placeholder.md
experiments/cr_scizor/stage2/features/cache/square/square_demo_125_flip_gripper_t78_m0.50.npz	267209	dataset, feature, index, or evaluation table artifact	experiments/cr_scizor/stage2/features/cache/square/square_demo_125_flip_gripper_t78_m0.50.npz.placeholder.md
experiments/cr_scizor/stage2/features/cache/square/square_demo_125_reverse_motion_t103_m0.25.npz	267209	dataset, feature, index, or evaluation table artifact	experiments/cr_scizor/stage2/features/cache/square/square_demo_125_reverse_motion_t103_m0.25.npz.placeholder.md
experiments/cr_scizor/stage2/features/cache/square/square_demo_123_axis_impulse_t75_m0.25.npz	259817	dataset, feature, index, or evaluation table artifact	experiments/cr_scizor/stage2/features/cache/square/square_demo_123_axis_impulse_t75_m0.25.npz.placeholder.md
experiments/cr_scizor/stage2/features/cache/square/square_demo_123_flip_gripper_t75_m0.50.npz	259817	dataset, feature, index, or evaluation table artifact	experiments/cr_scizor/stage2/features/cache/square/square_demo_123_flip_gripper_t75_m0.50.npz.placeholder.md
experiments/cr_scizor/stage2/features/cache/square/square_demo_125_reverse_motion_t78_m0.25.npz	267209	dataset, feature, index, or evaluation table artifact	experiments/cr_scizor/stage2/features/cache/square/square_demo_125_reverse_motion_t78_m0.25.npz.placeholder.md
experiments/cr_scizor/stage2/features/cache/square/square_demo_125_zero_motion_t103_m0.50.npz	267209	dataset, feature, index, or evaluation table artifact	experiments/cr_scizor/stage2/features/cache/square/square_demo_125_zero_motion_t103_m0.50.npz.placeholder.md
experiments/cr_scizor/stage2/features/cache/square/square_demo_123_flip_gripper_t65_m0.50.npz	259817	dataset, feature, index, or evaluation table artifact	experiments/cr_scizor/stage2/features/cache/square/square_demo_123_flip_gripper_t65_m0.50.npz.placeholder.md
experiments/cr_scizor/stage2/features/cache/square/square_demo_123_reverse_motion_t75_m0.25.npz	259817	dataset, feature, index, or evaluation table artifact	experiments/cr_scizor/stage2/features/cache/square/square_demo_123_reverse_motion_t75_m0.25.npz.placeholder.md
experiments/cr_scizor/stage2/features/cache/square/square_demo_125_zero_motion_t78_m0.50.npz	267209	dataset, feature, index, or evaluation table artifact	experiments/cr_scizor/stage2/features/cache/square/square_demo_125_zero_motion_t78_m0.50.npz.placeholder.md
experiments/cr_scizor/stage2/features/cache/square/square_demo_123_reverse_motion_t65_m0.25.npz	259817	dataset, feature, index, or evaluation table artifact	experiments/cr_scizor/stage2/features/cache/square/square_demo_123_reverse_motion_t65_m0.25.npz.placeholder.md
experiments/cr_scizor/stage2/features/cache/square/square_demo_126_axis_impulse_t125_m0.25.npz	293081	dataset, feature, index, or evaluation table artifact	experiments/cr_scizor/stage2/features/cache/square/square_demo_126_axis_impulse_t125_m0.25.npz.placeholder.md
experiments/cr_scizor/stage2/features/cache/square/square_demo_123_zero_motion_t75_m0.50.npz	259817	dataset, feature, index, or evaluation table artifact	experiments/cr_scizor/stage2/features/cache/square/square_demo_123_zero_motion_t75_m0.50.npz.placeholder.md
experiments/cr_scizor/stage2/features/cache/square/square_demo_126_axis_impulse_t79_m0.25.npz	293081	dataset, feature, index, or evaluation table artifact	experiments/cr_scizor/stage2/features/cache/square/square_demo_126_axis_impulse_t79_m0.25.npz.placeholder.md
experiments/cr_scizor/stage2/features/cache/square/square_demo_123_zero_motion_t65_m0.50.npz	259817	dataset, feature, index, or evaluation table artifact	experiments/cr_scizor/stage2/features/cache/square/square_demo_123_zero_motion_t65_m0.50.npz.placeholder.md
experiments/cr_scizor/stage2/features/cache/square/square_demo_126_clean.npz	293081	dataset, feature, index, or evaluation table artifact	experiments/cr_scizor/stage2/features/cache/square/square_demo_126_clean.npz.placeholder.md
experiments/cr_scizor/stage2/features/cache/square/square_demo_125_axis_impulse_t78_m0.25.npz	267209	dataset, feature, index, or evaluation table artifact	experiments/cr_scizor/stage2/features/cache/square/square_demo_125_axis_impulse_t78_m0.25.npz.placeholder.md
experiments/cr_scizor/stage2/features/cache/square/square_demo_125_axis_impulse_t68_m0.25.npz	267209	dataset, feature, index, or evaluation table artifact	experiments/cr_scizor/stage2/features/cache/square/square_demo_125_axis_impulse_t68_m0.25.npz.placeholder.md
experiments/cr_scizor/stage2/features/cache/square/square_demo_126_flip_gripper_t60_m0.50.npz	293081	dataset, feature, index, or evaluation table artifact	experiments/cr_scizor/stage2/features/cache/square/square_demo_126_flip_gripper_t60_m0.50.npz.placeholder.md
experiments/cr_scizor/stage2/features/cache/square/square_demo_126_flip_gripper_t79_m0.50.npz	293081	dataset, feature, index, or evaluation table artifact	experiments/cr_scizor/stage2/features/cache/square/square_demo_126_flip_gripper_t79_m0.50.npz.placeholder.md
experiments/cr_scizor/stage2/features/cache/square/square_demo_125_flip_gripper_t68_m0.50.npz	267209	dataset, feature, index, or evaluation table artifact	experiments/cr_scizor/stage2/features/cache/square/square_demo_125_flip_gripper_t68_m0.50.npz.placeholder.md
experiments/cr_scizor/stage2/features/cache/square/square_demo_125_flip_gripper_t132_m0.50.npz	267209	dataset, feature, index, or evaluation table artifact	experiments/cr_scizor/stage2/features/cache/square/square_demo_125_flip_gripper_t132_m0.50.npz.placeholder.md
experiments/cr_scizor/stage2/features/cache/square/square_demo_126_reverse_motion_t60_m0.25.npz	293081	dataset, feature, index, or evaluation table artifact	experiments/cr_scizor/stage2/features/cache/square/square_demo_126_reverse_motion_t60_m0.25.npz.placeholder.md
experiments/cr_scizor/stage2/features/cache/square/square_demo_126_reverse_motion_t79_m0.25.npz	293081	dataset, feature, index, or evaluation table artifact	experiments/cr_scizor/stage2/features/cache/square/square_demo_126_reverse_motion_t79_m0.25.npz.placeholder.md
experiments/cr_scizor/stage2/features/cache/square/square_demo_125_reverse_motion_t68_m0.25.npz	267209	dataset, feature, index, or evaluation table artifact	experiments/cr_scizor/stage2/features/cache/square/square_demo_125_reverse_motion_t68_m0.25.npz.placeholder.md
experiments/cr_scizor/stage2/features/cache/square/square_demo_125_reverse_motion_t132_m0.25.npz	267209	dataset, feature, index, or evaluation table artifact	experiments/cr_scizor/stage2/features/cache/square/square_demo_125_reverse_motion_t132_m0.25.npz.placeholder.md
experiments/cr_scizor/stage2/features/cache/square/square_demo_126_zero_motion_t60_m0.50.npz	293081	dataset, feature, index, or evaluation table artifact	experiments/cr_scizor/stage2/features/cache/square/square_demo_126_zero_motion_t60_m0.50.npz.placeholder.md
experiments/cr_scizor/stage2/features/cache/square/square_demo_126_zero_motion_t79_m0.50.npz	293081	dataset, feature, index, or evaluation table artifact	experiments/cr_scizor/stage2/features/cache/square/square_demo_126_zero_motion_t79_m0.50.npz.placeholder.md
experiments/cr_scizor/stage2/features/cache/square/square_demo_125_zero_motion_t68_m0.50.npz	267209	dataset, feature, index, or evaluation table artifact	experiments/cr_scizor/stage2/features/cache/square/square_demo_125_zero_motion_t68_m0.50.npz.placeholder.md
experiments/cr_scizor/stage2/features/cache/square/square_demo_125_zero_motion_t132_m0.50.npz	267209	dataset, feature, index, or evaluation table artifact	experiments/cr_scizor/stage2/features/cache/square/square_demo_125_zero_motion_t132_m0.50.npz.placeholder.md
experiments/cr_scizor/stage2/features/cache/square/square_demo_127_axis_impulse_t62_m0.25.npz	245033	dataset, feature, index, or evaluation table artifact	experiments/cr_scizor/stage2/features/cache/square/square_demo_127_axis_impulse_t62_m0.25.npz.placeholder.md
experiments/cr_scizor/stage2/features/cache/square/square_demo_127_axis_impulse_t72_m0.25.npz	245033	dataset, feature, index, or evaluation table artifact	experiments/cr_scizor/stage2/features/cache/square/square_demo_127_axis_impulse_t72_m0.25.npz.placeholder.md
experiments/cr_scizor/stage2/features/cache/square/square_demo_126_axis_impulse_t60_m0.25.npz	293081	dataset, feature, index, or evaluation table artifact	experiments/cr_scizor/stage2/features/cache/square/square_demo_126_axis_impulse_t60_m0.25.npz.placeholder.md
experiments/cr_scizor/stage2/features/cache/square/square_demo_126_axis_impulse_t5_m0.25.npz	293081	dataset, feature, index, or evaluation table artifact	experiments/cr_scizor/stage2/features/cache/square/square_demo_126_axis_impulse_t5_m0.25.npz.placeholder.md
experiments/cr_scizor/stage2/features/cache/square/square_demo_127_flip_gripper_t122_m0.50.npz	245033	dataset, feature, index, or evaluation table artifact	experiments/cr_scizor/stage2/features/cache/square/square_demo_127_flip_gripper_t122_m0.50.npz.placeholder.md
experiments/cr_scizor/stage2/features/cache/square/square_demo_127_flip_gripper_t62_m0.50.npz	245033	dataset, feature, index, or evaluation table artifact	experiments/cr_scizor/stage2/features/cache/square/square_demo_127_flip_gripper_t62_m0.50.npz.placeholder.md
experiments/cr_scizor/stage2/features/cache/square/square_demo_126_flip_gripper_t5_m0.50.npz	293081	dataset, feature, index, or evaluation table artifact	experiments/cr_scizor/stage2/features/cache/square/square_demo_126_flip_gripper_t5_m0.50.npz.placeholder.md
experiments/cr_scizor/stage2/features/cache/square/square_demo_126_flip_gripper_t125_m0.50.npz	293081	dataset, feature, index, or evaluation table artifact	experiments/cr_scizor/stage2/features/cache/square/square_demo_126_flip_gripper_t125_m0.50.npz.placeholder.md
experiments/cr_scizor/stage2/features/cache/square/square_demo_127_reverse_motion_t122_m0.25.npz	245033	dataset, feature, index, or evaluation table artifact	experiments/cr_scizor/stage2/features/cache/square/square_demo_127_reverse_motion_t122_m0.25.npz.placeholder.md
experiments/cr_scizor/stage2/features/cache/square/square_demo_127_reverse_motion_t62_m0.25.npz	245033	dataset, feature, index, or evaluation table artifact	experiments/cr_scizor/stage2/features/cache/square/square_demo_127_reverse_motion_t62_m0.25.npz.placeholder.md
experiments/cr_scizor/stage2/features/cache/square/square_demo_126_reverse_motion_t5_m0.25.npz	293081	dataset, feature, index, or evaluation table artifact	experiments/cr_scizor/stage2/features/cache/square/square_demo_126_reverse_motion_t5_m0.25.npz.placeholder.md
experiments/cr_scizor/stage2/features/cache/square/square_demo_127_zero_motion_t122_m0.50.npz	245033	dataset, feature, index, or evaluation table artifact	experiments/cr_scizor/stage2/features/cache/square/square_demo_127_zero_motion_t122_m0.50.npz.placeholder.md
experiments/cr_scizor/stage2/features/cache/square/square_demo_127_zero_motion_t62_m0.50.npz	245033	dataset, feature, index, or evaluation table artifact	experiments/cr_scizor/stage2/features/cache/square/square_demo_127_zero_motion_t62_m0.50.npz.placeholder.md
experiments/cr_scizor/stage2/features/cache/square/square_demo_126_reverse_motion_t125_m0.25.npz	293081	dataset, feature, index, or evaluation table artifact	experiments/cr_scizor/stage2/features/cache/square/square_demo_126_reverse_motion_t125_m0.25.npz.placeholder.md
experiments/cr_scizor/stage2/features/cache/square/square_demo_126_zero_motion_t5_m0.50.npz	293081	dataset, feature, index, or evaluation table artifact	experiments/cr_scizor/stage2/features/cache/square/square_demo_126_zero_motion_t5_m0.50.npz.placeholder.md
experiments/cr_scizor/stage2/features/cache/square/square_demo_128_axis_impulse_t125_m0.25.npz	265361	dataset, feature, index, or evaluation table artifact	experiments/cr_scizor/stage2/features/cache/square/square_demo_128_axis_impulse_t125_m0.25.npz.placeholder.md
experiments/cr_scizor/stage2/features/cache/square/square_demo_128_axis_impulse_t61_m0.25.npz	265361	dataset, feature, index, or evaluation table artifact	experiments/cr_scizor/stage2/features/cache/square/square_demo_128_axis_impulse_t61_m0.25.npz.placeholder.md
experiments/cr_scizor/stage2/features/cache/square/square_demo_126_zero_motion_t125_m0.50.npz	293081	dataset, feature, index, or evaluation table artifact	experiments/cr_scizor/stage2/features/cache/square/square_demo_126_zero_motion_t125_m0.50.npz.placeholder.md
experiments/cr_scizor/stage2/features/cache/square/square_demo_127_axis_impulse_t122_m0.25.npz	245033	dataset, feature, index, or evaluation table artifact	experiments/cr_scizor/stage2/features/cache/square/square_demo_127_axis_impulse_t122_m0.25.npz.placeholder.md
experiments/cr_scizor/stage2/features/cache/square/square_demo_128_flip_gripper_t125_m0.50.npz	265361	dataset, feature, index, or evaluation table artifact	experiments/cr_scizor/stage2/features/cache/square/square_demo_128_flip_gripper_t125_m0.50.npz.placeholder.md
experiments/cr_scizor/stage2/features/cache/square/square_demo_128_flip_gripper_t103_m0.50.npz	265361	dataset, feature, index, or evaluation table artifact	experiments/cr_scizor/stage2/features/cache/square/square_demo_128_flip_gripper_t103_m0.50.npz.placeholder.md
experiments/cr_scizor/stage2/features/cache/square/square_demo_127_axis_impulse_t101_m0.25.npz	245033	dataset, feature, index, or evaluation table artifact	experiments/cr_scizor/stage2/features/cache/square/square_demo_127_axis_impulse_t101_m0.25.npz.placeholder.md
experiments/cr_scizor/stage2/features/cache/square/square_demo_127_flip_gripper_t101_m0.50.npz	245033	dataset, feature, index, or evaluation table artifact	experiments/cr_scizor/stage2/features/cache/square/square_demo_127_flip_gripper_t101_m0.50.npz.placeholder.md
experiments/cr_scizor/stage2/features/cache/square/square_demo_128_reverse_motion_t125_m0.25.npz	265361	dataset, feature, index, or evaluation table artifact	experiments/cr_scizor/stage2/features/cache/square/square_demo_128_reverse_motion_t125_m0.25.npz.placeholder.md
experiments/cr_scizor/stage2/features/cache/square/square_demo_127_clean.npz	245033	dataset, feature, index, or evaluation table artifact	experiments/cr_scizor/stage2/features/cache/square/square_demo_127_clean.npz.placeholder.md
experiments/cr_scizor/stage2/features/cache/square/square_demo_128_reverse_motion_t103_m0.25.npz	265361	dataset, feature, index, or evaluation table artifact	experiments/cr_scizor/stage2/features/cache/square/square_demo_128_reverse_motion_t103_m0.25.npz.placeholder.md
experiments/cr_scizor/stage2/features/cache/square/square_demo_127_reverse_motion_t101_m0.25.npz	245033	dataset, feature, index, or evaluation table artifact	experiments/cr_scizor/stage2/features/cache/square/square_demo_127_reverse_motion_t101_m0.25.npz.placeholder.md
experiments/cr_scizor/stage2/features/cache/square/square_demo_127_flip_gripper_t72_m0.50.npz	245033	dataset, feature, index, or evaluation table artifact	experiments/cr_scizor/stage2/features/cache/square/square_demo_127_flip_gripper_t72_m0.50.npz.placeholder.md
experiments/cr_scizor/stage2/features/cache/square/square_demo_128_zero_motion_t125_m0.50.npz	265361	dataset, feature, index, or evaluation table artifact	experiments/cr_scizor/stage2/features/cache/square/square_demo_128_zero_motion_t125_m0.50.npz.placeholder.md
experiments/cr_scizor/stage2/features/cache/square/square_demo_128_zero_motion_t103_m0.50.npz	265361	dataset, feature, index, or evaluation table artifact	experiments/cr_scizor/stage2/features/cache/square/square_demo_128_zero_motion_t103_m0.50.npz.placeholder.md
experiments/cr_scizor/stage2/features/cache/square/square_demo_127_zero_motion_t101_m0.50.npz	245033	dataset, feature, index, or evaluation table artifact	experiments/cr_scizor/stage2/features/cache/square/square_demo_127_zero_motion_t101_m0.50.npz.placeholder.md
experiments/cr_scizor/stage2/features/cache/square/square_demo_127_reverse_motion_t72_m0.25.npz	245033	dataset, feature, index, or evaluation table artifact	experiments/cr_scizor/stage2/features/cache/square/square_demo_127_reverse_motion_t72_m0.25.npz.placeholder.md
experiments/cr_scizor/stage2/features/cache/square/square_demo_129_axis_impulse_t143_m0.25.npz	285689	dataset, feature, index, or evaluation table artifact	experiments/cr_scizor/stage2/features/cache/square/square_demo_129_axis_impulse_t143_m0.25.npz.placeholder.md
experiments/cr_scizor/stage2/features/cache/square/square_demo_129_axis_impulse_t133_m0.25.npz	285689	dataset, feature, index, or evaluation table artifact	experiments/cr_scizor/stage2/features/cache/square/square_demo_129_axis_impulse_t133_m0.25.npz.placeholder.md
experiments/cr_scizor/stage2/features/cache/square/square_demo_128_axis_impulse_t103_m0.25.npz	265361	dataset, feature, index, or evaluation table artifact	experiments/cr_scizor/stage2/features/cache/square/square_demo_128_axis_impulse_t103_m0.25.npz.placeholder.md
experiments/cr_scizor/stage2/features/cache/square/square_demo_127_zero_motion_t72_m0.50.npz	245033	dataset, feature, index, or evaluation table artifact	experiments/cr_scizor/stage2/features/cache/square/square_demo_127_zero_motion_t72_m0.50.npz.placeholder.md
experiments/cr_scizor/stage2/features/cache/square/square_demo_129_flip_gripper_t133_m0.50.npz	285689	dataset, feature, index, or evaluation table artifact	experiments/cr_scizor/stage2/features/cache/square/square_demo_129_flip_gripper_t133_m0.50.npz.placeholder.md
experiments/cr_scizor/stage2/features/cache/square/square_demo_129_clean.npz	285689	dataset, feature, index, or evaluation table artifact	experiments/cr_scizor/stage2/features/cache/square/square_demo_129_clean.npz.placeholder.md
experiments/cr_scizor/stage2/features/cache/square/square_demo_128_clean.npz	265361	dataset, feature, index, or evaluation table artifact	experiments/cr_scizor/stage2/features/cache/square/square_demo_128_clean.npz.placeholder.md
experiments/cr_scizor/stage2/features/cache/square/square_demo_128_axis_impulse_t72_m0.25.npz	265361	dataset, feature, index, or evaluation table artifact	experiments/cr_scizor/stage2/features/cache/square/square_demo_128_axis_impulse_t72_m0.25.npz.placeholder.md
experiments/cr_scizor/stage2/features/cache/square/square_demo_129_reverse_motion_t133_m0.25.npz	285689	dataset, feature, index, or evaluation table artifact	experiments/cr_scizor/stage2/features/cache/square/square_demo_129_reverse_motion_t133_m0.25.npz.placeholder.md
experiments/cr_scizor/stage2/features/cache/square/square_demo_129_flip_gripper_t96_m0.50.npz	285689	dataset, feature, index, or evaluation table artifact	experiments/cr_scizor/stage2/features/cache/square/square_demo_129_flip_gripper_t96_m0.50.npz.placeholder.md
experiments/cr_scizor/stage2/features/cache/square/square_demo_128_flip_gripper_t72_m0.50.npz	265361	dataset, feature, index, or evaluation table artifact	experiments/cr_scizor/stage2/features/cache/square/square_demo_128_flip_gripper_t72_m0.50.npz.placeholder.md
experiments/cr_scizor/stage2/features/cache/square/square_demo_128_flip_gripper_t61_m0.50.npz	265361	dataset, feature, index, or evaluation table artifact	experiments/cr_scizor/stage2/features/cache/square/square_demo_128_flip_gripper_t61_m0.50.npz.placeholder.md
experiments/cr_scizor/stage2/features/cache/square/square_demo_129_zero_motion_t133_m0.50.npz	285689	dataset, feature, index, or evaluation table artifact	experiments/cr_scizor/stage2/features/cache/square/square_demo_129_zero_motion_t133_m0.50.npz.placeholder.md
experiments/cr_scizor/stage2/features/cache/square/square_demo_129_reverse_motion_t96_m0.25.npz	285689	dataset, feature, index, or evaluation table artifact	experiments/cr_scizor/stage2/features/cache/square/square_demo_129_reverse_motion_t96_m0.25.npz.placeholder.md
experiments/cr_scizor/stage2/features/cache/square/square_demo_128_reverse_motion_t72_m0.25.npz	265361	dataset, feature, index, or evaluation table artifact	experiments/cr_scizor/stage2/features/cache/square/square_demo_128_reverse_motion_t72_m0.25.npz.placeholder.md
experiments/cr_scizor/stage2/features/cache/square/square_demo_128_reverse_motion_t61_m0.25.npz	265361	dataset, feature, index, or evaluation table artifact	experiments/cr_scizor/stage2/features/cache/square/square_demo_128_reverse_motion_t61_m0.25.npz.placeholder.md
experiments/cr_scizor/stage2/features/cache/square/square_demo_12_axis_impulse_t105_m0.25.npz	246881	dataset, feature, index, or evaluation table artifact	experiments/cr_scizor/stage2/features/cache/square/square_demo_12_axis_impulse_t105_m0.25.npz.placeholder.md
experiments/cr_scizor/stage2/features/cache/square/square_demo_129_zero_motion_t96_m0.50.npz	285689	dataset, feature, index, or evaluation table artifact	experiments/cr_scizor/stage2/features/cache/square/square_demo_129_zero_motion_t96_m0.50.npz.placeholder.md
experiments/cr_scizor/stage2/features/cache/square/square_demo_128_zero_motion_t72_m0.50.npz	265361	dataset, feature, index, or evaluation table artifact	experiments/cr_scizor/stage2/features/cache/square/square_demo_128_zero_motion_t72_m0.50.npz.placeholder.md
experiments/cr_scizor/stage2/features/cache/square/square_demo_128_zero_motion_t61_m0.50.npz	265361	dataset, feature, index, or evaluation table artifact	experiments/cr_scizor/stage2/features/cache/square/square_demo_128_zero_motion_t61_m0.50.npz.placeholder.md
experiments/cr_scizor/stage2/features/cache/square/square_demo_12_clean.npz	246881	dataset, feature, index, or evaluation table artifact	experiments/cr_scizor/stage2/features/cache/square/square_demo_12_clean.npz.placeholder.md
experiments/cr_scizor/stage2/features/cache/square/square_demo_12_axis_impulse_t91_m0.25.npz	246881	dataset, feature, index, or evaluation table artifact	experiments/cr_scizor/stage2/features/cache/square/square_demo_12_axis_impulse_t91_m0.25.npz.placeholder.md
experiments/cr_scizor/stage2/features/cache/square/square_demo_129_axis_impulse_t96_m0.25.npz	285689	dataset, feature, index, or evaluation table artifact	experiments/cr_scizor/stage2/features/cache/square/square_demo_129_axis_impulse_t96_m0.25.npz.placeholder.md
experiments/cr_scizor/stage2/features/cache/square/square_demo_129_axis_impulse_t77_m0.25.npz	285689	dataset, feature, index, or evaluation table artifact	experiments/cr_scizor/stage2/features/cache/square/square_demo_129_axis_impulse_t77_m0.25.npz.placeholder.md
experiments/cr_scizor/stage2/features/cache/square/square_demo_12_flip_gripper_t91_m0.50.npz	246881	dataset, feature, index, or evaluation table artifact	experiments/cr_scizor/stage2/features/cache/square/square_demo_12_flip_gripper_t91_m0.50.npz.placeholder.md
experiments/cr_scizor/stage2/features/cache/square/square_demo_12_flip_gripper_t66_m0.50.npz	246881	dataset, feature, index, or evaluation table artifact	experiments/cr_scizor/stage2/features/cache/square/square_demo_12_flip_gripper_t66_m0.50.npz.placeholder.md
experiments/cr_scizor/stage2/features/cache/square/square_demo_129_flip_gripper_t77_m0.50.npz	285689	dataset, feature, index, or evaluation table artifact	experiments/cr_scizor/stage2/features/cache/square/square_demo_129_flip_gripper_t77_m0.50.npz.placeholder.md
experiments/cr_scizor/stage2/features/cache/square/square_demo_129_flip_gripper_t143_m0.50.npz	285689	dataset, feature, index, or evaluation table artifact	experiments/cr_scizor/stage2/features/cache/square/square_demo_129_flip_gripper_t143_m0.50.npz.placeholder.md
experiments/cr_scizor/stage2/features/cache/square/square_demo_12_reverse_motion_t91_m0.25.npz	246881	dataset, feature, index, or evaluation table artifact	experiments/cr_scizor/stage2/features/cache/square/square_demo_12_reverse_motion_t91_m0.25.npz.placeholder.md
experiments/cr_scizor/stage2/features/cache/square/square_demo_12_reverse_motion_t66_m0.25.npz	246881	dataset, feature, index, or evaluation table artifact	experiments/cr_scizor/stage2/features/cache/square/square_demo_12_reverse_motion_t66_m0.25.npz.placeholder.md
experiments/cr_scizor/stage2/features/cache/square/square_demo_129_reverse_motion_t77_m0.25.npz	285689	dataset, feature, index, or evaluation table artifact	experiments/cr_scizor/stage2/features/cache/square/square_demo_129_reverse_motion_t77_m0.25.npz.placeholder.md
experiments/cr_scizor/stage2/features/cache/square/square_demo_129_reverse_motion_t143_m0.25.npz	285689	dataset, feature, index, or evaluation table artifact	experiments/cr_scizor/stage2/features/cache/square/square_demo_129_reverse_motion_t143_m0.25.npz.placeholder.md
experiments/cr_scizor/stage2/features/cache/square/square_demo_12_zero_motion_t91_m0.50.npz	246881	dataset, feature, index, or evaluation table artifact	experiments/cr_scizor/stage2/features/cache/square/square_demo_12_zero_motion_t91_m0.50.npz.placeholder.md
experiments/cr_scizor/stage2/features/cache/square/square_demo_12_zero_motion_t66_m0.50.npz	246881	dataset, feature, index, or evaluation table artifact	experiments/cr_scizor/stage2/features/cache/square/square_demo_12_zero_motion_t66_m0.50.npz.placeholder.md
experiments/cr_scizor/stage2/features/cache/square/square_demo_129_zero_motion_t77_m0.50.npz	285689	dataset, feature, index, or evaluation table artifact	experiments/cr_scizor/stage2/features/cache/square/square_demo_129_zero_motion_t77_m0.50.npz.placeholder.md
experiments/cr_scizor/stage2/features/cache/square/square_demo_130_axis_impulse_t76_m0.25.npz	252425	dataset, feature, index, or evaluation table artifact	experiments/cr_scizor/stage2/features/cache/square/square_demo_130_axis_impulse_t76_m0.25.npz.placeholder.md
experiments/cr_scizor/stage2/features/cache/square/square_demo_129_zero_motion_t143_m0.50.npz	285689	dataset, feature, index, or evaluation table artifact	experiments/cr_scizor/stage2/features/cache/square/square_demo_129_zero_motion_t143_m0.50.npz.placeholder.md
experiments/cr_scizor/stage2/features/cache/square/square_demo_130_axis_impulse_t66_m0.25.npz	252425	dataset, feature, index, or evaluation table artifact	experiments/cr_scizor/stage2/features/cache/square/square_demo_130_axis_impulse_t66_m0.25.npz.placeholder.md
experiments/cr_scizor/stage2/features/cache/square/square_demo_12_axis_impulse_t66_m0.25.npz	246881	dataset, feature, index, or evaluation table artifact	experiments/cr_scizor/stage2/features/cache/square/square_demo_12_axis_impulse_t66_m0.25.npz.placeholder.md
experiments/cr_scizor/stage2/features/cache/square/square_demo_130_flip_gripper_t66_m0.50.npz	252425	dataset, feature, index, or evaluation table artifact	experiments/cr_scizor/stage2/features/cache/square/square_demo_130_flip_gripper_t66_m0.50.npz.placeholder.md
experiments/cr_scizor/stage2/features/cache/square/square_demo_12_axis_impulse_t119_m0.25.npz	246881	dataset, feature, index, or evaluation table artifact	experiments/cr_scizor/stage2/features/cache/square/square_demo_12_axis_impulse_t119_m0.25.npz.placeholder.md
experiments/cr_scizor/stage2/features/cache/square/square_demo_130_flip_gripper_t53_m0.50.npz	252425	dataset, feature, index, or evaluation table artifact	experiments/cr_scizor/stage2/features/cache/square/square_demo_130_flip_gripper_t53_m0.50.npz.placeholder.md
experiments/cr_scizor/stage2/features/cache/square/square_demo_12_flip_gripper_t119_m0.50.npz	246881	dataset, feature, index, or evaluation table artifact	experiments/cr_scizor/stage2/features/cache/square/square_demo_12_flip_gripper_t119_m0.50.npz.placeholder.md
experiments/cr_scizor/stage2/features/cache/square/square_demo_130_reverse_motion_t66_m0.25.npz	252425	dataset, feature, index, or evaluation table artifact	experiments/cr_scizor/stage2/features/cache/square/square_demo_130_reverse_motion_t66_m0.25.npz.placeholder.md
experiments/cr_scizor/stage2/features/cache/square/square_demo_12_flip_gripper_t105_m0.50.npz	246881	dataset, feature, index, or evaluation table artifact	experiments/cr_scizor/stage2/features/cache/square/square_demo_12_flip_gripper_t105_m0.50.npz.placeholder.md
experiments/cr_scizor/stage2/features/cache/square/square_demo_130_reverse_motion_t53_m0.25.npz	252425	dataset, feature, index, or evaluation table artifact	experiments/cr_scizor/stage2/features/cache/square/square_demo_130_reverse_motion_t53_m0.25.npz.placeholder.md
experiments/cr_scizor/stage2/features/cache/square/square_demo_12_reverse_motion_t119_m0.25.npz	246881	dataset, feature, index, or evaluation table artifact	experiments/cr_scizor/stage2/features/cache/square/square_demo_12_reverse_motion_t119_m0.25.npz.placeholder.md
experiments/cr_scizor/stage2/features/cache/square/square_demo_130_zero_motion_t66_m0.50.npz	252425	dataset, feature, index, or evaluation table artifact	experiments/cr_scizor/stage2/features/cache/square/square_demo_130_zero_motion_t66_m0.50.npz.placeholder.md
experiments/cr_scizor/stage2/features/cache/square/square_demo_12_reverse_motion_t105_m0.25.npz	246881	dataset, feature, index, or evaluation table artifact	experiments/cr_scizor/stage2/features/cache/square/square_demo_12_reverse_motion_t105_m0.25.npz.placeholder.md
experiments/cr_scizor/stage2/features/cache/square/square_demo_130_zero_motion_t53_m0.50.npz	252425	dataset, feature, index, or evaluation table artifact	experiments/cr_scizor/stage2/features/cache/square/square_demo_130_zero_motion_t53_m0.50.npz.placeholder.md
experiments/cr_scizor/stage2/features/cache/square/square_demo_12_zero_motion_t119_m0.50.npz	246881	dataset, feature, index, or evaluation table artifact	experiments/cr_scizor/stage2/features/cache/square/square_demo_12_zero_motion_t119_m0.50.npz.placeholder.md
experiments/cr_scizor/stage2/features/cache/square/square_demo_131_axis_impulse_t60_m0.25.npz	252425	dataset, feature, index, or evaluation table artifact	experiments/cr_scizor/stage2/features/cache/square/square_demo_131_axis_impulse_t60_m0.25.npz.placeholder.md
experiments/cr_scizor/stage2/features/cache/square/square_demo_12_zero_motion_t105_m0.50.npz	246881	dataset, feature, index, or evaluation table artifact	experiments/cr_scizor/stage2/features/cache/square/square_demo_12_zero_motion_t105_m0.50.npz.placeholder.md
experiments/cr_scizor/stage2/features/cache/square/square_demo_131_axis_impulse_t50_m0.25.npz	252425	dataset, feature, index, or evaluation table artifact	experiments/cr_scizor/stage2/features/cache/square/square_demo_131_axis_impulse_t50_m0.25.npz.placeholder.md
experiments/cr_scizor/stage2/features/cache/square/square_demo_130_axis_impulse_t53_m0.25.npz	252425	dataset, feature, index, or evaluation table artifact	experiments/cr_scizor/stage2/features/cache/square/square_demo_130_axis_impulse_t53_m0.25.npz.placeholder.md
experiments/cr_scizor/stage2/features/cache/square/square_demo_131_flip_gripper_t50_m0.50.npz	252425	dataset, feature, index, or evaluation table artifact	experiments/cr_scizor/stage2/features/cache/square/square_demo_131_flip_gripper_t50_m0.50.npz.placeholder.md
experiments/cr_scizor/stage2/features/cache/square/square_demo_130_axis_impulse_t129_m0.25.npz	252425	dataset, feature, index, or evaluation table artifact	experiments/cr_scizor/stage2/features/cache/square/square_demo_130_axis_impulse_t129_m0.25.npz.placeholder.md
experiments/cr_scizor/stage2/features/cache/square/square_demo_131_flip_gripper_t129_m0.50.npz	252425	dataset, feature, index, or evaluation table artifact	experiments/cr_scizor/stage2/features/cache/square/square_demo_131_flip_gripper_t129_m0.50.npz.placeholder.md
experiments/cr_scizor/stage2/features/cache/square/square_demo_130_flip_gripper_t129_m0.50.npz	252425	dataset, feature, index, or evaluation table artifact	experiments/cr_scizor/stage2/features/cache/square/square_demo_130_flip_gripper_t129_m0.50.npz.placeholder.md
experiments/cr_scizor/stage2/features/cache/square/square_demo_131_reverse_motion_t50_m0.25.npz	252425	dataset, feature, index, or evaluation table artifact	experiments/cr_scizor/stage2/features/cache/square/square_demo_131_reverse_motion_t50_m0.25.npz.placeholder.md
experiments/cr_scizor/stage2/features/cache/square/square_demo_130_clean.npz	252425	dataset, feature, index, or evaluation table artifact	experiments/cr_scizor/stage2/features/cache/square/square_demo_130_clean.npz.placeholder.md
experiments/cr_scizor/stage2/features/cache/square/square_demo_131_reverse_motion_t129_m0.25.npz	252425	dataset, feature, index, or evaluation table artifact	experiments/cr_scizor/stage2/features/cache/square/square_demo_131_reverse_motion_t129_m0.25.npz.placeholder.md
experiments/cr_scizor/stage2/features/cache/square/square_demo_130_reverse_motion_t129_m0.25.npz	252425	dataset, feature, index, or evaluation table artifact	experiments/cr_scizor/stage2/features/cache/square/square_demo_130_reverse_motion_t129_m0.25.npz.placeholder.md
experiments/cr_scizor/stage2/features/cache/square/square_demo_131_zero_motion_t50_m0.50.npz	252425	dataset, feature, index, or evaluation table artifact	experiments/cr_scizor/stage2/features/cache/square/square_demo_131_zero_motion_t50_m0.50.npz.placeholder.md
experiments/cr_scizor/stage2/features/cache/square/square_demo_130_flip_gripper_t76_m0.50.npz	252425	dataset, feature, index, or evaluation table artifact	experiments/cr_scizor/stage2/features/cache/square/square_demo_130_flip_gripper_t76_m0.50.npz.placeholder.md
experiments/cr_scizor/stage2/features/cache/square/square_demo_131_zero_motion_t129_m0.50.npz	252425	dataset, feature, index, or evaluation table artifact	experiments/cr_scizor/stage2/features/cache/square/square_demo_131_zero_motion_t129_m0.50.npz.placeholder.md
experiments/cr_scizor/stage2/features/cache/square/square_demo_130_zero_motion_t129_m0.50.npz	252425	dataset, feature, index, or evaluation table artifact	experiments/cr_scizor/stage2/features/cache/square/square_demo_130_zero_motion_t129_m0.50.npz.placeholder.md
experiments/cr_scizor/stage2/features/cache/square/square_demo_130_reverse_motion_t76_m0.25.npz	252425	dataset, feature, index, or evaluation table artifact	experiments/cr_scizor/stage2/features/cache/square/square_demo_130_reverse_motion_t76_m0.25.npz.placeholder.md
experiments/cr_scizor/stage2/features/cache/square/square_demo_132_axis_impulse_t61_m0.25.npz	294929	dataset, feature, index, or evaluation table artifact	experiments/cr_scizor/stage2/features/cache/square/square_demo_132_axis_impulse_t61_m0.25.npz.placeholder.md
experiments/cr_scizor/stage2/features/cache/square/square_demo_132_axis_impulse_t142_m0.25.npz	294929	dataset, feature, index, or evaluation table artifact	experiments/cr_scizor/stage2/features/cache/square/square_demo_132_axis_impulse_t142_m0.25.npz.placeholder.md
experiments/cr_scizor/stage2/features/cache/square/square_demo_131_axis_impulse_t129_m0.25.npz	252425	dataset, feature, index, or evaluation table artifact	experiments/cr_scizor/stage2/features/cache/square/square_demo_131_axis_impulse_t129_m0.25.npz.placeholder.md
experiments/cr_scizor/stage2/features/cache/square/square_demo_130_zero_motion_t76_m0.50.npz	252425	dataset, feature, index, or evaluation table artifact	experiments/cr_scizor/stage2/features/cache/square/square_demo_130_zero_motion_t76_m0.50.npz.placeholder.md
experiments/cr_scizor/stage2/features/cache/square/square_demo_132_flip_gripper_t142_m0.50.npz	294929	dataset, feature, index, or evaluation table artifact	experiments/cr_scizor/stage2/features/cache/square/square_demo_132_flip_gripper_t142_m0.50.npz.placeholder.md
experiments/cr_scizor/stage2/features/cache/square/square_demo_131_clean.npz	252425	dataset, feature, index, or evaluation table artifact	experiments/cr_scizor/stage2/features/cache/square/square_demo_131_clean.npz.placeholder.md
experiments/cr_scizor/stage2/features/cache/square/square_demo_132_clean.npz	294929	dataset, feature, index, or evaluation table artifact	experiments/cr_scizor/stage2/features/cache/square/square_demo_132_clean.npz.placeholder.md
experiments/cr_scizor/stage2/features/cache/square/square_demo_131_axis_impulse_t70_m0.25.npz	252425	dataset, feature, index, or evaluation table artifact	experiments/cr_scizor/stage2/features/cache/square/square_demo_131_axis_impulse_t70_m0.25.npz.placeholder.md
experiments/cr_scizor/stage2/features/cache/square/square_demo_132_reverse_motion_t142_m0.25.npz	294929	dataset, feature, index, or evaluation table artifact	experiments/cr_scizor/stage2/features/cache/square/square_demo_132_reverse_motion_t142_m0.25.npz.placeholder.md
experiments/cr_scizor/stage2/features/cache/square/square_demo_131_flip_gripper_t70_m0.50.npz	252425	dataset, feature, index, or evaluation table artifact	experiments/cr_scizor/stage2/features/cache/square/square_demo_131_flip_gripper_t70_m0.50.npz.placeholder.md
experiments/cr_scizor/stage2/features/cache/square/square_demo_131_flip_gripper_t60_m0.50.npz	252425	dataset, feature, index, or evaluation table artifact	experiments/cr_scizor/stage2/features/cache/square/square_demo_131_flip_gripper_t60_m0.50.npz.placeholder.md
experiments/cr_scizor/stage2/features/cache/square/square_demo_132_flip_gripper_t84_m0.50.npz	294929	dataset, feature, index, or evaluation table artifact	experiments/cr_scizor/stage2/features/cache/square/square_demo_132_flip_gripper_t84_m0.50.npz.placeholder.md
experiments/cr_scizor/stage2/features/cache/square/square_demo_132_zero_motion_t142_m0.50.npz	294929	dataset, feature, index, or evaluation table artifact	experiments/cr_scizor/stage2/features/cache/square/square_demo_132_zero_motion_t142_m0.50.npz.placeholder.md
experiments/cr_scizor/stage2/features/cache/square/square_demo_131_reverse_motion_t70_m0.25.npz	252425	dataset, feature, index, or evaluation table artifact	experiments/cr_scizor/stage2/features/cache/square/square_demo_131_reverse_motion_t70_m0.25.npz.placeholder.md
experiments/cr_scizor/stage2/features/cache/square/square_demo_131_reverse_motion_t60_m0.25.npz	252425	dataset, feature, index, or evaluation table artifact	experiments/cr_scizor/stage2/features/cache/square/square_demo_131_reverse_motion_t60_m0.25.npz.placeholder.md
experiments/cr_scizor/stage2/features/cache/square/square_demo_132_reverse_motion_t84_m0.25.npz	294929	dataset, feature, index, or evaluation table artifact	experiments/cr_scizor/stage2/features/cache/square/square_demo_132_reverse_motion_t84_m0.25.npz.placeholder.md
experiments/cr_scizor/stage2/features/cache/square/square_demo_133_axis_impulse_t121_m0.25.npz	265361	dataset, feature, index, or evaluation table artifact	experiments/cr_scizor/stage2/features/cache/square/square_demo_133_axis_impulse_t121_m0.25.npz.placeholder.md
experiments/cr_scizor/stage2/features/cache/square/square_demo_131_zero_motion_t70_m0.50.npz	252425	dataset, feature, index, or evaluation table artifact	experiments/cr_scizor/stage2/features/cache/square/square_demo_131_zero_motion_t70_m0.50.npz.placeholder.md
experiments/cr_scizor/stage2/features/cache/square/square_demo_131_zero_motion_t60_m0.50.npz	252425	dataset, feature, index, or evaluation table artifact	experiments/cr_scizor/stage2/features/cache/square/square_demo_131_zero_motion_t60_m0.50.npz.placeholder.md
experiments/cr_scizor/stage2/features/cache/square/square_demo_132_zero_motion_t84_m0.50.npz	294929	dataset, feature, index, or evaluation table artifact	experiments/cr_scizor/stage2/features/cache/square/square_demo_132_zero_motion_t84_m0.50.npz.placeholder.md
experiments/cr_scizor/stage2/features/cache/square/square_demo_133_clean.npz	265361	dataset, feature, index, or evaluation table artifact	experiments/cr_scizor/stage2/features/cache/square/square_demo_133_clean.npz.placeholder.md
experiments/cr_scizor/stage2/features/cache/square/square_demo_132_axis_impulse_t84_m0.25.npz	294929	dataset, feature, index, or evaluation table artifact	experiments/cr_scizor/stage2/features/cache/square/square_demo_132_axis_impulse_t84_m0.25.npz.placeholder.md
experiments/cr_scizor/stage2/features/cache/square/square_demo_132_axis_impulse_t74_m0.25.npz	294929	dataset, feature, index, or evaluation table artifact	experiments/cr_scizor/stage2/features/cache/square/square_demo_132_axis_impulse_t74_m0.25.npz.placeholder.md
experiments/cr_scizor/stage2/features/cache/square/square_demo_133_axis_impulse_t73_m0.25.npz	265361	dataset, feature, index, or evaluation table artifact	experiments/cr_scizor/stage2/features/cache/square/square_demo_133_axis_impulse_t73_m0.25.npz.placeholder.md
experiments/cr_scizor/stage2/features/cache/square/square_demo_133_flip_gripper_t73_m0.50.npz	265361	dataset, feature, index, or evaluation table artifact	experiments/cr_scizor/stage2/features/cache/square/square_demo_133_flip_gripper_t73_m0.50.npz.placeholder.md
experiments/cr_scizor/stage2/features/cache/square/square_demo_132_flip_gripper_t74_m0.50.npz	294929	dataset, feature, index, or evaluation table artifact	experiments/cr_scizor/stage2/features/cache/square/square_demo_132_flip_gripper_t74_m0.50.npz.placeholder.md
experiments/cr_scizor/stage2/features/cache/square/square_demo_132_flip_gripper_t61_m0.50.npz	294929	dataset, feature, index, or evaluation table artifact	experiments/cr_scizor/stage2/features/cache/square/square_demo_132_flip_gripper_t61_m0.50.npz.placeholder.md
experiments/cr_scizor/stage2/features/cache/square/square_demo_133_flip_gripper_t63_m0.50.npz	265361	dataset, feature, index, or evaluation table artifact	experiments/cr_scizor/stage2/features/cache/square/square_demo_133_flip_gripper_t63_m0.50.npz.placeholder.md
experiments/cr_scizor/stage2/features/cache/square/square_demo_133_reverse_motion_t73_m0.25.npz	265361	dataset, feature, index, or evaluation table artifact	experiments/cr_scizor/stage2/features/cache/square/square_demo_133_reverse_motion_t73_m0.25.npz.placeholder.md
experiments/cr_scizor/stage2/features/cache/square/square_demo_132_reverse_motion_t74_m0.25.npz	294929	dataset, feature, index, or evaluation table artifact	experiments/cr_scizor/stage2/features/cache/square/square_demo_132_reverse_motion_t74_m0.25.npz.placeholder.md
experiments/cr_scizor/stage2/features/cache/square/square_demo_133_reverse_motion_t63_m0.25.npz	265361	dataset, feature, index, or evaluation table artifact	experiments/cr_scizor/stage2/features/cache/square/square_demo_133_reverse_motion_t63_m0.25.npz.placeholder.md
experiments/cr_scizor/stage2/features/cache/square/square_demo_132_reverse_motion_t61_m0.25.npz	294929	dataset, feature, index, or evaluation table artifact	experiments/cr_scizor/stage2/features/cache/square/square_demo_132_reverse_motion_t61_m0.25.npz.placeholder.md
experiments/cr_scizor/stage2/features/cache/square/square_demo_133_zero_motion_t73_m0.50.npz	265361	dataset, feature, index, or evaluation table artifact	experiments/cr_scizor/stage2/features/cache/square/square_demo_133_zero_motion_t73_m0.50.npz.placeholder.md
experiments/cr_scizor/stage2/features/cache/square/square_demo_133_zero_motion_t63_m0.50.npz	265361	dataset, feature, index, or evaluation table artifact	experiments/cr_scizor/stage2/features/cache/square/square_demo_133_zero_motion_t63_m0.50.npz.placeholder.md
experiments/cr_scizor/stage2/features/cache/square/square_demo_132_zero_motion_t74_m0.50.npz	294929	dataset, feature, index, or evaluation table artifact	experiments/cr_scizor/stage2/features/cache/square/square_demo_132_zero_motion_t74_m0.50.npz.placeholder.md
experiments/cr_scizor/stage2/features/cache/square/square_demo_134_axis_impulse_t77_m0.25.npz	246881	dataset, feature, index, or evaluation table artifact	experiments/cr_scizor/stage2/features/cache/square/square_demo_134_axis_impulse_t77_m0.25.npz.placeholder.md
experiments/cr_scizor/stage2/features/cache/square/square_demo_132_zero_motion_t61_m0.50.npz	294929	dataset, feature, index, or evaluation table artifact	experiments/cr_scizor/stage2/features/cache/square/square_demo_132_zero_motion_t61_m0.50.npz.placeholder.md
experiments/cr_scizor/stage2/features/cache/square/square_demo_134_axis_impulse_t66_m0.25.npz	246881	dataset, feature, index, or evaluation table artifact	experiments/cr_scizor/stage2/features/cache/square/square_demo_134_axis_impulse_t66_m0.25.npz.placeholder.md
experiments/cr_scizor/stage2/features/cache/square/square_demo_133_axis_impulse_t63_m0.25.npz	265361	dataset, feature, index, or evaluation table artifact	experiments/cr_scizor/stage2/features/cache/square/square_demo_133_axis_impulse_t63_m0.25.npz.placeholder.md
experiments/cr_scizor/stage2/features/cache/square/square_demo_134_flip_gripper_t66_m0.50.npz	246881	dataset, feature, index, or evaluation table artifact	experiments/cr_scizor/stage2/features/cache/square/square_demo_134_flip_gripper_t66_m0.50.npz.placeholder.md
experiments/cr_scizor/stage2/features/cache/square/square_demo_133_axis_impulse_t132_m0.25.npz	265361	dataset, feature, index, or evaluation table artifact	experiments/cr_scizor/stage2/features/cache/square/square_demo_133_axis_impulse_t132_m0.25.npz.placeholder.md
experiments/cr_scizor/stage2/features/cache/square/square_demo_134_flip_gripper_t122_m0.50.npz	246881	dataset, feature, index, or evaluation table artifact	experiments/cr_scizor/stage2/features/cache/square/square_demo_134_flip_gripper_t122_m0.50.npz.placeholder.md
experiments/cr_scizor/stage2/features/cache/square/square_demo_133_flip_gripper_t132_m0.50.npz	265361	dataset, feature, index, or evaluation table artifact	experiments/cr_scizor/stage2/features/cache/square/square_demo_133_flip_gripper_t132_m0.50.npz.placeholder.md
experiments/cr_scizor/stage2/features/cache/square/square_demo_134_reverse_motion_t66_m0.25.npz	246881	dataset, feature, index, or evaluation table artifact	experiments/cr_scizor/stage2/features/cache/square/square_demo_134_reverse_motion_t66_m0.25.npz.placeholder.md
experiments/cr_scizor/stage2/features/cache/square/square_demo_133_flip_gripper_t121_m0.50.npz	265361	dataset, feature, index, or evaluation table artifact	experiments/cr_scizor/stage2/features/cache/square/square_demo_133_flip_gripper_t121_m0.50.npz.placeholder.md
experiments/cr_scizor/stage2/features/cache/square/square_demo_134_reverse_motion_t122_m0.25.npz	246881	dataset, feature, index, or evaluation table artifact	experiments/cr_scizor/stage2/features/cache/square/square_demo_134_reverse_motion_t122_m0.25.npz.placeholder.md
experiments/cr_scizor/stage2/features/cache/square/square_demo_134_zero_motion_t66_m0.50.npz	246881	dataset, feature, index, or evaluation table artifact	experiments/cr_scizor/stage2/features/cache/square/square_demo_134_zero_motion_t66_m0.50.npz.placeholder.md
experiments/cr_scizor/stage2/features/cache/square/square_demo_133_reverse_motion_t132_m0.25.npz	265361	dataset, feature, index, or evaluation table artifact	experiments/cr_scizor/stage2/features/cache/square/square_demo_133_reverse_motion_t132_m0.25.npz.placeholder.md
experiments/cr_scizor/stage2/features/cache/square/square_demo_133_reverse_motion_t121_m0.25.npz	265361	dataset, feature, index, or evaluation table artifact	experiments/cr_scizor/stage2/features/cache/square/square_demo_133_reverse_motion_t121_m0.25.npz.placeholder.md
experiments/cr_scizor/stage2/features/cache/square/square_demo_134_zero_motion_t122_m0.50.npz	246881	dataset, feature, index, or evaluation table artifact	experiments/cr_scizor/stage2/features/cache/square/square_demo_134_zero_motion_t122_m0.50.npz.placeholder.md
experiments/cr_scizor/stage2/features/cache/square/square_demo_135_axis_impulse_t56_m0.25.npz	250577	dataset, feature, index, or evaluation table artifact	experiments/cr_scizor/stage2/features/cache/square/square_demo_135_axis_impulse_t56_m0.25.npz.placeholder.md
experiments/cr_scizor/stage2/features/cache/square/square_demo_133_zero_motion_t132_m0.50.npz	265361	dataset, feature, index, or evaluation table artifact	experiments/cr_scizor/stage2/features/cache/square/square_demo_133_zero_motion_t132_m0.50.npz.placeholder.md
experiments/cr_scizor/stage2/features/cache/square/square_demo_133_zero_motion_t121_m0.50.npz	265361	dataset, feature, index, or evaluation table artifact	experiments/cr_scizor/stage2/features/cache/square/square_demo_133_zero_motion_t121_m0.50.npz.placeholder.md
experiments/cr_scizor/stage2/features/cache/square/square_demo_135_axis_impulse_t34_m0.25.npz	250577	dataset, feature, index, or evaluation table artifact	experiments/cr_scizor/stage2/features/cache/square/square_demo_135_axis_impulse_t34_m0.25.npz.placeholder.md
experiments/cr_scizor/stage2/features/cache/square/square_demo_135_flip_gripper_t34_m0.50.npz	250577	dataset, feature, index, or evaluation table artifact	experiments/cr_scizor/stage2/features/cache/square/square_demo_135_flip_gripper_t34_m0.50.npz.placeholder.md
experiments/cr_scizor/stage2/features/cache/square/square_demo_134_axis_impulse_t122_m0.25.npz	246881	dataset, feature, index, or evaluation table artifact	experiments/cr_scizor/stage2/features/cache/square/square_demo_134_axis_impulse_t122_m0.25.npz.placeholder.md
experiments/cr_scizor/stage2/features/cache/square/square_demo_134_axis_impulse_t100_m0.25.npz	246881	dataset, feature, index, or evaluation table artifact	experiments/cr_scizor/stage2/features/cache/square/square_demo_134_axis_impulse_t100_m0.25.npz.placeholder.md
experiments/cr_scizor/stage2/features/cache/square/square_demo_135_flip_gripper_t129_m0.50.npz	250577	dataset, feature, index, or evaluation table artifact	experiments/cr_scizor/stage2/features/cache/square/square_demo_135_flip_gripper_t129_m0.50.npz.placeholder.md
experiments/cr_scizor/stage2/features/cache/square/square_demo_135_reverse_motion_t34_m0.25.npz	250577	dataset, feature, index, or evaluation table artifact	experiments/cr_scizor/stage2/features/cache/square/square_demo_135_reverse_motion_t34_m0.25.npz.placeholder.md
experiments/cr_scizor/stage2/features/cache/square/square_demo_134_flip_gripper_t100_m0.50.npz	246881	dataset, feature, index, or evaluation table artifact	experiments/cr_scizor/stage2/features/cache/square/square_demo_134_flip_gripper_t100_m0.50.npz.placeholder.md
experiments/cr_scizor/stage2/features/cache/square/square_demo_134_clean.npz	246881	dataset, feature, index, or evaluation table artifact	experiments/cr_scizor/stage2/features/cache/square/square_demo_134_clean.npz.placeholder.md
experiments/cr_scizor/stage2/features/cache/square/square_demo_135_reverse_motion_t129_m0.25.npz	250577	dataset, feature, index, or evaluation table artifact	experiments/cr_scizor/stage2/features/cache/square/square_demo_135_reverse_motion_t129_m0.25.npz.placeholder.md
experiments/cr_scizor/stage2/features/cache/square/square_demo_135_zero_motion_t34_m0.50.npz	250577	dataset, feature, index, or evaluation table artifact	experiments/cr_scizor/stage2/features/cache/square/square_demo_135_zero_motion_t34_m0.50.npz.placeholder.md
experiments/cr_scizor/stage2/features/cache/square/square_demo_134_reverse_motion_t100_m0.25.npz	246881	dataset, feature, index, or evaluation table artifact	experiments/cr_scizor/stage2/features/cache/square/square_demo_134_reverse_motion_t100_m0.25.npz.placeholder.md
experiments/cr_scizor/stage2/features/cache/square/square_demo_134_flip_gripper_t77_m0.50.npz	246881	dataset, feature, index, or evaluation table artifact	experiments/cr_scizor/stage2/features/cache/square/square_demo_134_flip_gripper_t77_m0.50.npz.placeholder.md
experiments/cr_scizor/stage2/features/cache/square/square_demo_135_zero_motion_t129_m0.50.npz	250577	dataset, feature, index, or evaluation table artifact	experiments/cr_scizor/stage2/features/cache/square/square_demo_135_zero_motion_t129_m0.50.npz.placeholder.md
experiments/cr_scizor/stage2/features/cache/square/square_demo_136_axis_impulse_t57_m0.25.npz	254273	dataset, feature, index, or evaluation table artifact	experiments/cr_scizor/stage2/features/cache/square/square_demo_136_axis_impulse_t57_m0.25.npz.placeholder.md
experiments/cr_scizor/stage2/features/cache/square/square_demo_134_zero_motion_t100_m0.50.npz	246881	dataset, feature, index, or evaluation table artifact	experiments/cr_scizor/stage2/features/cache/square/square_demo_134_zero_motion_t100_m0.50.npz.placeholder.md
experiments/cr_scizor/stage2/features/cache/square/square_demo_134_reverse_motion_t77_m0.25.npz	246881	dataset, feature, index, or evaluation table artifact	experiments/cr_scizor/stage2/features/cache/square/square_demo_134_reverse_motion_t77_m0.25.npz.placeholder.md
experiments/cr_scizor/stage2/features/cache/square/square_demo_136_axis_impulse_t130_m0.25.npz	254273	dataset, feature, index, or evaluation table artifact	experiments/cr_scizor/stage2/features/cache/square/square_demo_136_axis_impulse_t130_m0.25.npz.placeholder.md
experiments/cr_scizor/stage2/features/cache/square/square_demo_136_flip_gripper_t130_m0.50.npz	254273	dataset, feature, index, or evaluation table artifact	experiments/cr_scizor/stage2/features/cache/square/square_demo_136_flip_gripper_t130_m0.50.npz.placeholder.md
experiments/cr_scizor/stage2/features/cache/square/square_demo_135_axis_impulse_t129_m0.25.npz	250577	dataset, feature, index, or evaluation table artifact	experiments/cr_scizor/stage2/features/cache/square/square_demo_135_axis_impulse_t129_m0.25.npz.placeholder.md
experiments/cr_scizor/stage2/features/cache/square/square_demo_134_zero_motion_t77_m0.50.npz	246881	dataset, feature, index, or evaluation table artifact	experiments/cr_scizor/stage2/features/cache/square/square_demo_134_zero_motion_t77_m0.50.npz.placeholder.md
experiments/cr_scizor/stage2/features/cache/square/square_demo_136_reverse_motion_t130_m0.25.npz	254273	dataset, feature, index, or evaluation table artifact	experiments/cr_scizor/stage2/features/cache/square/square_demo_136_reverse_motion_t130_m0.25.npz.placeholder.md
experiments/cr_scizor/stage2/features/cache/square/square_demo_136_clean.npz	254273	dataset, feature, index, or evaluation table artifact	experiments/cr_scizor/stage2/features/cache/square/square_demo_136_clean.npz.placeholder.md
experiments/cr_scizor/stage2/features/cache/square/square_demo_135_clean.npz	250577	dataset, feature, index, or evaluation table artifact	experiments/cr_scizor/stage2/features/cache/square/square_demo_135_clean.npz.placeholder.md
experiments/cr_scizor/stage2/features/cache/square/square_demo_135_axis_impulse_t68_m0.25.npz	250577	dataset, feature, index, or evaluation table artifact	experiments/cr_scizor/stage2/features/cache/square/square_demo_135_axis_impulse_t68_m0.25.npz.placeholder.md
experiments/cr_scizor/stage2/features/cache/square/square_demo_136_zero_motion_t130_m0.50.npz	254273	dataset, feature, index, or evaluation table artifact	experiments/cr_scizor/stage2/features/cache/square/square_demo_136_zero_motion_t130_m0.50.npz.placeholder.md
experiments/cr_scizor/stage2/features/cache/square/square_demo_136_flip_gripper_t82_m0.50.npz	254273	dataset, feature, index, or evaluation table artifact	experiments/cr_scizor/stage2/features/cache/square/square_demo_136_flip_gripper_t82_m0.50.npz.placeholder.md
experiments/cr_scizor/stage2/features/cache/square/square_demo_135_flip_gripper_t68_m0.50.npz	250577	dataset, feature, index, or evaluation table artifact	experiments/cr_scizor/stage2/features/cache/square/square_demo_135_flip_gripper_t68_m0.50.npz.placeholder.md
experiments/cr_scizor/stage2/features/cache/square/square_demo_135_flip_gripper_t56_m0.50.npz	250577	dataset, feature, index, or evaluation table artifact	experiments/cr_scizor/stage2/features/cache/square/square_demo_135_flip_gripper_t56_m0.50.npz.placeholder.md
experiments/cr_scizor/stage2/features/cache/square/square_demo_135_reverse_motion_t68_m0.25.npz	250577	dataset, feature, index, or evaluation table artifact	experiments/cr_scizor/stage2/features/cache/square/square_demo_135_reverse_motion_t68_m0.25.npz.placeholder.md
experiments/cr_scizor/stage2/features/cache/square/square_demo_136_reverse_motion_t82_m0.25.npz	254273	dataset, feature, index, or evaluation table artifact	experiments/cr_scizor/stage2/features/cache/square/square_demo_136_reverse_motion_t82_m0.25.npz.placeholder.md
experiments/cr_scizor/stage2/features/cache/square/square_demo_14_axis_impulse_t104_m0.25.npz	281993	dataset, feature, index, or evaluation table artifact	experiments/cr_scizor/stage2/features/cache/square/square_demo_14_axis_impulse_t104_m0.25.npz.placeholder.md
experiments/cr_scizor/stage2/features/cache/square/square_demo_135_reverse_motion_t56_m0.25.npz	250577	dataset, feature, index, or evaluation table artifact	experiments/cr_scizor/stage2/features/cache/square/square_demo_135_reverse_motion_t56_m0.25.npz.placeholder.md
experiments/cr_scizor/stage2/features/cache/square/square_demo_135_zero_motion_t68_m0.50.npz	250577	dataset, feature, index, or evaluation table artifact	experiments/cr_scizor/stage2/features/cache/square/square_demo_135_zero_motion_t68_m0.50.npz.placeholder.md
experiments/cr_scizor/stage2/features/cache/square/square_demo_136_zero_motion_t82_m0.50.npz	254273	dataset, feature, index, or evaluation table artifact	experiments/cr_scizor/stage2/features/cache/square/square_demo_136_zero_motion_t82_m0.50.npz.placeholder.md
experiments/cr_scizor/stage2/features/cache/square/square_demo_14_clean.npz	281993	dataset, feature, index, or evaluation table artifact	experiments/cr_scizor/stage2/features/cache/square/square_demo_14_clean.npz.placeholder.md
experiments/cr_scizor/stage2/features/cache/square/square_demo_135_zero_motion_t56_m0.50.npz	250577	dataset, feature, index, or evaluation table artifact	experiments/cr_scizor/stage2/features/cache/square/square_demo_135_zero_motion_t56_m0.50.npz.placeholder.md
experiments/cr_scizor/stage2/features/cache/square/square_demo_136_axis_impulse_t82_m0.25.npz	254273	dataset, feature, index, or evaluation table artifact	experiments/cr_scizor/stage2/features/cache/square/square_demo_136_axis_impulse_t82_m0.25.npz.placeholder.md
experiments/cr_scizor/stage2/features/cache/square/square_demo_14_axis_impulse_t76_m0.25.npz	281993	dataset, feature, index, or evaluation table artifact	experiments/cr_scizor/stage2/features/cache/square/square_demo_14_axis_impulse_t76_m0.25.npz.placeholder.md
experiments/cr_scizor/stage2/features/cache/square/square_demo_14_flip_gripper_t76_m0.50.npz	281993	dataset, feature, index, or evaluation table artifact	experiments/cr_scizor/stage2/features/cache/square/square_demo_14_flip_gripper_t76_m0.50.npz.placeholder.md
experiments/cr_scizor/stage2/features/cache/square/square_demo_136_axis_impulse_t68_m0.25.npz	254273	dataset, feature, index, or evaluation table artifact	experiments/cr_scizor/stage2/features/cache/square/square_demo_136_axis_impulse_t68_m0.25.npz.placeholder.md
experiments/cr_scizor/stage2/features/cache/square/square_demo_136_flip_gripper_t68_m0.50.npz	254273	dataset, feature, index, or evaluation table artifact	experiments/cr_scizor/stage2/features/cache/square/square_demo_136_flip_gripper_t68_m0.50.npz.placeholder.md
experiments/cr_scizor/stage2/features/cache/square/square_demo_136_flip_gripper_t57_m0.50.npz	254273	dataset, feature, index, or evaluation table artifact	experiments/cr_scizor/stage2/features/cache/square/square_demo_136_flip_gripper_t57_m0.50.npz.placeholder.md
experiments/cr_scizor/stage2/features/cache/square/square_demo_14_reverse_motion_t76_m0.25.npz	281993	dataset, feature, index, or evaluation table artifact	experiments/cr_scizor/stage2/features/cache/square/square_demo_14_reverse_motion_t76_m0.25.npz.placeholder.md
experiments/cr_scizor/stage2/features/cache/square/square_demo_14_flip_gripper_t57_m0.50.npz	281993	dataset, feature, index, or evaluation table artifact	experiments/cr_scizor/stage2/features/cache/square/square_demo_14_flip_gripper_t57_m0.50.npz.placeholder.md
experiments/cr_scizor/stage2/features/cache/square/square_demo_136_reverse_motion_t68_m0.25.npz	254273	dataset, feature, index, or evaluation table artifact	experiments/cr_scizor/stage2/features/cache/square/square_demo_136_reverse_motion_t68_m0.25.npz.placeholder.md
experiments/cr_scizor/stage2/features/cache/square/square_demo_136_reverse_motion_t57_m0.25.npz	254273	dataset, feature, index, or evaluation table artifact	experiments/cr_scizor/stage2/features/cache/square/square_demo_136_reverse_motion_t57_m0.25.npz.placeholder.md
experiments/cr_scizor/stage2/features/cache/square/square_demo_14_zero_motion_t76_m0.50.npz	281993	dataset, feature, index, or evaluation table artifact	experiments/cr_scizor/stage2/features/cache/square/square_demo_14_zero_motion_t76_m0.50.npz.placeholder.md
experiments/cr_scizor/stage2/features/cache/square/square_demo_14_reverse_motion_t57_m0.25.npz	281993	dataset, feature, index, or evaluation table artifact	experiments/cr_scizor/stage2/features/cache/square/square_demo_14_reverse_motion_t57_m0.25.npz.placeholder.md
experiments/cr_scizor/stage2/features/cache/square/square_demo_136_zero_motion_t68_m0.50.npz	254273	dataset, feature, index, or evaluation table artifact	experiments/cr_scizor/stage2/features/cache/square/square_demo_136_zero_motion_t68_m0.50.npz.placeholder.md
experiments/cr_scizor/stage2/features/cache/square/square_demo_136_zero_motion_t57_m0.50.npz	254273	dataset, feature, index, or evaluation table artifact	experiments/cr_scizor/stage2/features/cache/square/square_demo_136_zero_motion_t57_m0.50.npz.placeholder.md
experiments/cr_scizor/stage2/features/cache/square/square_demo_1_axis_impulse_t99_m0.25.npz	228401	dataset, feature, index, or evaluation table artifact	experiments/cr_scizor/stage2/features/cache/square/square_demo_1_axis_impulse_t99_m0.25.npz.placeholder.md
experiments/cr_scizor/stage2/features/cache/square/square_demo_14_zero_motion_t57_m0.50.npz	281993	dataset, feature, index, or evaluation table artifact	experiments/cr_scizor/stage2/features/cache/square/square_demo_14_zero_motion_t57_m0.50.npz.placeholder.md
experiments/cr_scizor/stage2/features/cache/square/square_demo_14_axis_impulse_t57_m0.25.npz	281993	dataset, feature, index, or evaluation table artifact	experiments/cr_scizor/stage2/features/cache/square/square_demo_14_axis_impulse_t57_m0.25.npz.placeholder.md
experiments/cr_scizor/stage2/features/cache/square/square_demo_1_flip_gripper_t68_m0.50.npz	228401	dataset, feature, index, or evaluation table artifact	experiments/cr_scizor/stage2/features/cache/square/square_demo_1_flip_gripper_t68_m0.50.npz.placeholder.md
experiments/cr_scizor/stage2/features/cache/square/square_demo_14_axis_impulse_t39_m0.25.npz	281993	dataset, feature, index, or evaluation table artifact	experiments/cr_scizor/stage2/features/cache/square/square_demo_14_axis_impulse_t39_m0.25.npz.placeholder.md
experiments/cr_scizor/stage2/features/cache/square/square_demo_1_axis_impulse_t68_m0.25.npz	228401	dataset, feature, index, or evaluation table artifact	experiments/cr_scizor/stage2/features/cache/square/square_demo_1_axis_impulse_t68_m0.25.npz.placeholder.md
experiments/cr_scizor/stage2/features/cache/square/square_demo_1_reverse_motion_t68_m0.25.npz	228401	dataset, feature, index, or evaluation table artifact	experiments/cr_scizor/stage2/features/cache/square/square_demo_1_reverse_motion_t68_m0.25.npz.placeholder.md
experiments/cr_scizor/stage2/features/cache/square/square_demo_14_flip_gripper_t39_m0.50.npz	281993	dataset, feature, index, or evaluation table artifact	experiments/cr_scizor/stage2/features/cache/square/square_demo_14_flip_gripper_t39_m0.50.npz.placeholder.md
experiments/cr_scizor/stage2/features/cache/square/square_demo_14_flip_gripper_t104_m0.50.npz	281993	dataset, feature, index, or evaluation table artifact	experiments/cr_scizor/stage2/features/cache/square/square_demo_14_flip_gripper_t104_m0.50.npz.placeholder.md
experiments/cr_scizor/stage2/features/cache/square/square_demo_1_flip_gripper_t58_m0.50.npz	228401	dataset, feature, index, or evaluation table artifact	experiments/cr_scizor/stage2/features/cache/square/square_demo_1_flip_gripper_t58_m0.50.npz.placeholder.md
experiments/cr_scizor/stage2/features/cache/square/square_demo_1_zero_motion_t68_m0.50.npz	228401	dataset, feature, index, or evaluation table artifact	experiments/cr_scizor/stage2/features/cache/square/square_demo_1_zero_motion_t68_m0.50.npz.placeholder.md
experiments/cr_scizor/stage2/features/cache/square/square_demo_14_reverse_motion_t39_m0.25.npz	281993	dataset, feature, index, or evaluation table artifact	experiments/cr_scizor/stage2/features/cache/square/square_demo_14_reverse_motion_t39_m0.25.npz.placeholder.md
experiments/cr_scizor/stage2/features/cache/square/square_demo_1_reverse_motion_t58_m0.25.npz	228401	dataset, feature, index, or evaluation table artifact	experiments/cr_scizor/stage2/features/cache/square/square_demo_1_reverse_motion_t58_m0.25.npz.placeholder.md
experiments/cr_scizor/stage2/features/cache/square/square_demo_14_reverse_motion_t104_m0.25.npz	281993	dataset, feature, index, or evaluation table artifact	experiments/cr_scizor/stage2/features/cache/square/square_demo_14_reverse_motion_t104_m0.25.npz.placeholder.md
experiments/cr_scizor/stage2/features/cache/square/square_demo_14_zero_motion_t39_m0.50.npz	281993	dataset, feature, index, or evaluation table artifact	experiments/cr_scizor/stage2/features/cache/square/square_demo_14_zero_motion_t39_m0.50.npz.placeholder.md
experiments/cr_scizor/stage2/features/cache/square/square_demo_1_zero_motion_t58_m0.50.npz	228401	dataset, feature, index, or evaluation table artifact	experiments/cr_scizor/stage2/features/cache/square/square_demo_1_zero_motion_t58_m0.50.npz.placeholder.md
experiments/cr_scizor/stage2/features/cache/square/square_demo_14_zero_motion_t104_m0.50.npz	281993	dataset, feature, index, or evaluation table artifact	experiments/cr_scizor/stage2/features/cache/square/square_demo_14_zero_motion_t104_m0.50.npz.placeholder.md
experiments/cr_scizor/stage2/features/cache/square/square_demo_1_axis_impulse_t58_m0.25.npz	228401	dataset, feature, index, or evaluation table artifact	experiments/cr_scizor/stage2/features/cache/square/square_demo_1_axis_impulse_t58_m0.25.npz.placeholder.md
experiments/cr_scizor/stage2/features/cache/square/square_demo_1_axis_impulse_t112_m0.25.npz	228401	dataset, feature, index, or evaluation table artifact	experiments/cr_scizor/stage2/features/cache/square/square_demo_1_axis_impulse_t112_m0.25.npz.placeholder.md
experiments/cr_scizor/stage2/features/cache/square/square_demo_1_flip_gripper_t112_m0.50.npz	228401	dataset, feature, index, or evaluation table artifact	experiments/cr_scizor/stage2/features/cache/square/square_demo_1_flip_gripper_t112_m0.50.npz.placeholder.md
experiments/cr_scizor/stage2/features/cache/square/square_demo_1_clean.npz	228401	dataset, feature, index, or evaluation table artifact	experiments/cr_scizor/stage2/features/cache/square/square_demo_1_clean.npz.placeholder.md
experiments/cr_scizor/stage2/features/cache/square/square_demo_1_reverse_motion_t112_m0.25.npz	228401	dataset, feature, index, or evaluation table artifact	experiments/cr_scizor/stage2/features/cache/square/square_demo_1_reverse_motion_t112_m0.25.npz.placeholder.md
experiments/cr_scizor/stage2/features/cache/square/square_demo_1_flip_gripper_t99_m0.50.npz	228401	dataset, feature, index, or evaluation table artifact	experiments/cr_scizor/stage2/features/cache/square/square_demo_1_flip_gripper_t99_m0.50.npz.placeholder.md
experiments/cr_scizor/stage2/features/cache/square/square_demo_1_zero_motion_t112_m0.50.npz	228401	dataset, feature, index, or evaluation table artifact	experiments/cr_scizor/stage2/features/cache/square/square_demo_1_zero_motion_t112_m0.50.npz.placeholder.md
experiments/cr_scizor/stage2/features/cache/square/square_demo_1_reverse_motion_t99_m0.25.npz	228401	dataset, feature, index, or evaluation table artifact	experiments/cr_scizor/stage2/features/cache/square/square_demo_1_reverse_motion_t99_m0.25.npz.placeholder.md
experiments/cr_scizor/stage2/features/cache/square/square_demo_1_zero_motion_t99_m0.50.npz	228401	dataset, feature, index, or evaluation table artifact	experiments/cr_scizor/stage2/features/cache/square/square_demo_1_zero_motion_t99_m0.50.npz.placeholder.md
experiments/cr_scizor/stage2/features/smoke/cache/can/can_demo_0_axis_impulse_t102_m1.00.npz	219161	dataset, feature, index, or evaluation table artifact	experiments/cr_scizor/stage2/features/smoke/cache/can/can_demo_0_axis_impulse_t102_m1.00.npz.placeholder.md
experiments/cr_scizor/stage2/features/smoke/cache/can/can_demo_0_axis_impulse_t112_m1.00.npz	219161	dataset, feature, index, or evaluation table artifact	experiments/cr_scizor/stage2/features/smoke/cache/can/can_demo_0_axis_impulse_t112_m1.00.npz.placeholder.md
experiments/cr_scizor/stage2/features/smoke/feature_index.parquet	7703	dataset, feature, index, or evaluation table artifact	experiments/cr_scizor/stage2/features/smoke/feature_index.parquet.placeholder.md
experiments/cr_scizor/stage2/features/feature_index_shard_2.parquet	24114	dataset, feature, index, or evaluation table artifact	experiments/cr_scizor/stage2/features/feature_index_shard_2.parquet.placeholder.md
experiments/cr_scizor/stage2/features/feature_index_shard_1.parquet	24135	dataset, feature, index, or evaluation table artifact	experiments/cr_scizor/stage2/features/feature_index_shard_1.parquet.placeholder.md
experiments/cr_scizor/stage2/features/feature_index_shard_0.parquet	24114	dataset, feature, index, or evaluation table artifact	experiments/cr_scizor/stage2/features/feature_index_shard_0.parquet.placeholder.md
experiments/cr_scizor/stage2/features/feature_index_shard_3.parquet	24054	dataset, feature, index, or evaluation table artifact	experiments/cr_scizor/stage2/features/feature_index_shard_3.parquet.placeholder.md
experiments/cr_scizor/stage2/features/feature_index.parquet	60470	dataset, feature, index, or evaluation table artifact	experiments/cr_scizor/stage2/features/feature_index.parquet.placeholder.md
experiments/cr_scizor/stage2/features/normalizer.npz	4780	dataset, feature, index, or evaluation table artifact	experiments/cr_scizor/stage2/features/normalizer.npz.placeholder.md
experiments/cr_scizor/stage2/datasets/chunk_samples.parquet	331967	dataset, feature, index, or evaluation table artifact	experiments/cr_scizor/stage2/datasets/chunk_samples.parquet.placeholder.md
experiments/cr_scizor/stage2/runs/smoke/last.pt	8161997	model checkpoint	experiments/cr_scizor/stage2/runs/smoke/last.pt.placeholder.md
experiments/cr_scizor/stage2/runs/smoke/best.pt	8161997	model checkpoint	experiments/cr_scizor/stage2/runs/smoke/best.pt.placeholder.md
experiments/cr_scizor/stage2/runs/full_seed_0/last.pt	8161997	model checkpoint	experiments/cr_scizor/stage2/runs/full_seed_0/last.pt.placeholder.md
experiments/cr_scizor/stage2/runs/full_seed_0/best.pt	8161997	model checkpoint	experiments/cr_scizor/stage2/runs/full_seed_0/best.pt.placeholder.md
experiments/cr_scizor/stage2/runs/full_seed_1/last.pt	8161997	model checkpoint	experiments/cr_scizor/stage2/runs/full_seed_1/last.pt.placeholder.md
experiments/cr_scizor/stage2/runs/full_seed_1/best.pt	8161997	model checkpoint	experiments/cr_scizor/stage2/runs/full_seed_1/best.pt.placeholder.md
experiments/cr_scizor/stage2/runs/full_seed_2/last.pt	8161997	model checkpoint	experiments/cr_scizor/stage2/runs/full_seed_2/last.pt.placeholder.md
experiments/cr_scizor/stage2/runs/full_seed_2/best.pt	8161997	model checkpoint	experiments/cr_scizor/stage2/runs/full_seed_2/best.pt.placeholder.md
experiments/cr_scizor/stage2/runs/action_only_seed_0/last.pt	8161997	model checkpoint	experiments/cr_scizor/stage2/runs/action_only_seed_0/last.pt.placeholder.md
experiments/cr_scizor/stage2/runs/action_only_seed_0/best.pt	8161997	model checkpoint	experiments/cr_scizor/stage2/runs/action_only_seed_0/best.pt.placeholder.md
experiments/cr_scizor/stage2/predictions/validation/responsibility_seed1_chunks.parquet	1073503	dataset, feature, index, or evaluation table artifact	experiments/cr_scizor/stage2/predictions/validation/responsibility_seed1_chunks.parquet.placeholder.md
experiments/cr_scizor/stage2/predictions/validation/responsibility_seed1_transitions.parquet	940740	dataset, feature, index, or evaluation table artifact	experiments/cr_scizor/stage2/predictions/validation/responsibility_seed1_transitions.parquet.placeholder.md
experiments/cr_scizor/stage2/predictions/validation/responsibility_seed2_chunks.parquet	1060480	dataset, feature, index, or evaluation table artifact	experiments/cr_scizor/stage2/predictions/validation/responsibility_seed2_chunks.parquet.placeholder.md
experiments/cr_scizor/stage2/predictions/validation/responsibility_seed2_transitions.parquet	932220	dataset, feature, index, or evaluation table artifact	experiments/cr_scizor/stage2/predictions/validation/responsibility_seed2_transitions.parquet.placeholder.md
experiments/cr_scizor/stage2/predictions/validation/action_only_seed0_chunks.parquet	1068645	dataset, feature, index, or evaluation table artifact	experiments/cr_scizor/stage2/predictions/validation/action_only_seed0_chunks.parquet.placeholder.md
experiments/cr_scizor/stage2/predictions/validation/action_only_seed0_transitions.parquet	943016	dataset, feature, index, or evaluation table artifact	experiments/cr_scizor/stage2/predictions/validation/action_only_seed0_transitions.parquet.placeholder.md
experiments/cr_scizor/stage2/predictions/validation/responsibility_seed0_chunks.parquet	1058428	dataset, feature, index, or evaluation table artifact	experiments/cr_scizor/stage2/predictions/validation/responsibility_seed0_chunks.parquet.placeholder.md
experiments/cr_scizor/stage2/predictions/validation/responsibility_seed0_transitions.parquet	927475	dataset, feature, index, or evaluation table artifact	experiments/cr_scizor/stage2/predictions/validation/responsibility_seed0_transitions.parquet.placeholder.md
experiments/cr_scizor/stage2/predictions/validation/all_validation_predictions.parquet	2105409	dataset, feature, index, or evaluation table artifact	experiments/cr_scizor/stage2/predictions/validation/all_validation_predictions.parquet.placeholder.md
experiments/cr_scizor/stage2/predictions/test/responsibility_seed1_chunks.parquet	1140585	dataset, feature, index, or evaluation table artifact	experiments/cr_scizor/stage2/predictions/test/responsibility_seed1_chunks.parquet.placeholder.md
experiments/cr_scizor/stage2/predictions/test/responsibility_seed1_transitions.parquet	985171	dataset, feature, index, or evaluation table artifact	experiments/cr_scizor/stage2/predictions/test/responsibility_seed1_transitions.parquet.placeholder.md
experiments/cr_scizor/stage2/predictions/test/action_only_seed0_chunks.parquet	1135514	dataset, feature, index, or evaluation table artifact	experiments/cr_scizor/stage2/predictions/test/action_only_seed0_chunks.parquet.placeholder.md
experiments/cr_scizor/stage2/predictions/test/action_only_seed0_transitions.parquet	989198	dataset, feature, index, or evaluation table artifact	experiments/cr_scizor/stage2/predictions/test/action_only_seed0_transitions.parquet.placeholder.md
experiments/cr_scizor/stage2/predictions/test/responsibility_seed2_chunks.parquet	1126868	dataset, feature, index, or evaluation table artifact	experiments/cr_scizor/stage2/predictions/test/responsibility_seed2_chunks.parquet.placeholder.md
experiments/cr_scizor/stage2/predictions/test/responsibility_seed2_transitions.parquet	979073	dataset, feature, index, or evaluation table artifact	experiments/cr_scizor/stage2/predictions/test/responsibility_seed2_transitions.parquet.placeholder.md
experiments/cr_scizor/stage2/predictions/test/responsibility_seed0_chunks.parquet	1125808	dataset, feature, index, or evaluation table artifact	experiments/cr_scizor/stage2/predictions/test/responsibility_seed0_chunks.parquet.placeholder.md
experiments/cr_scizor/stage2/predictions/test/responsibility_seed0_transitions.parquet	974029	dataset, feature, index, or evaluation table artifact	experiments/cr_scizor/stage2/predictions/test/responsibility_seed0_transitions.parquet.placeholder.md
experiments/cr_scizor/stage2/predictions/all_stage2_predictions.parquet	4030735	dataset, feature, index, or evaluation table artifact	experiments/cr_scizor/stage2/predictions/all_stage2_predictions.parquet.placeholder.md
experiments/cr_scizor/stage2/cases/top1_accurate__can_demo_109_axis_impulse_t62_m1_00.mp4	136697	video artifact	experiments/cr_scizor/stage2/cases/top1_accurate__can_demo_109_axis_impulse_t62_m1_00.mp4.placeholder.md
experiments/cr_scizor/stage2/cases/top1_accurate__can_demo_109_axis_impulse_t80_m1_00.mp4	139517	video artifact	experiments/cr_scizor/stage2/cases/top1_accurate__can_demo_109_axis_impulse_t80_m1_00.mp4.placeholder.md
experiments/cr_scizor/stage2/cases/top1_accurate__can_demo_109_zero_motion_t80_m1_00.mp4	136043	video artifact	experiments/cr_scizor/stage2/cases/top1_accurate__can_demo_109_zero_motion_t80_m1_00.mp4.placeholder.md
experiments/cr_scizor/stage2/cases/top1_accurate__can_demo_109_zero_motion_t97_m1_00.mp4	136129	video artifact	experiments/cr_scizor/stage2/cases/top1_accurate__can_demo_109_zero_motion_t97_m1_00.mp4.placeholder.md
experiments/cr_scizor/stage2/cases/top1_accurate__can_demo_125_reverse_motion_t80_m1_00.mp4	142889	video artifact	experiments/cr_scizor/stage2/cases/top1_accurate__can_demo_125_reverse_motion_t80_m1_00.mp4.placeholder.md
experiments/cr_scizor/stage2/cases/responsible_miss__square_demo_102_reverse_motion_t134_m0_25.mp4	249559	video artifact	experiments/cr_scizor/stage2/cases/responsible_miss__square_demo_102_reverse_motion_t134_m0_25.mp4.placeholder.md
experiments/cr_scizor/stage2/cases/responsible_miss__square_demo_102_zero_motion_t134_m0_50.mp4	240829	video artifact	experiments/cr_scizor/stage2/cases/responsible_miss__square_demo_102_zero_motion_t134_m0_50.mp4.placeholder.md
experiments/cr_scizor/stage2/cases/responsible_miss__square_demo_1_zero_motion_t58_m0_50.mp4	151816	video artifact	experiments/cr_scizor/stage2/cases/responsible_miss__square_demo_1_zero_motion_t58_m0_50.mp4.placeholder.md
experiments/cr_scizor/stage2/cases/responsible_miss__square_demo_102_axis_impulse_t63_m0_25.mp4	248537	video artifact	experiments/cr_scizor/stage2/cases/responsible_miss__square_demo_102_axis_impulse_t63_m0_25.mp4.placeholder.md
experiments/cr_scizor/stage2/cases/recovery_false_deletion__square_demo_115_flip_gripper_t75_m0_50.mp4	169688	video artifact	experiments/cr_scizor/stage2/cases/recovery_false_deletion__square_demo_115_flip_gripper_t75_m0_50.mp4.placeholder.md
experiments/cr_scizor/stage2/cases/recovery_false_deletion__square_demo_115_zero_motion_t75_m0_50.mp4	173054	video artifact	experiments/cr_scizor/stage2/cases/recovery_false_deletion__square_demo_115_zero_motion_t75_m0_50.mp4.placeholder.md
experiments/cr_scizor/stage2/cases/recovery_false_deletion__square_demo_115_reverse_motion_t85_m0_25.mp4	173248	video artifact	experiments/cr_scizor/stage2/cases/recovery_false_deletion__square_demo_115_reverse_motion_t85_m0_25.mp4.placeholder.md
experiments/cr_scizor/stage2/cases/recovery_false_deletion__can_demo_13_reverse_motion_t69_m1_00.mp4	136304	video artifact	experiments/cr_scizor/stage2/cases/recovery_false_deletion__can_demo_13_reverse_motion_t69_m1_00.mp4.placeholder.md
experiments/cr_scizor/stage2/cases/recovery_false_deletion__can_demo_128_axis_impulse_t69_m1_00.mp4	107638	video artifact	experiments/cr_scizor/stage2/cases/recovery_false_deletion__can_demo_128_axis_impulse_t69_m1_00.mp4.placeholder.md
experiments/cr_scizor/stage2/cases/no_effect_false_attribution__can_demo_109_axis_impulse_t108_m1_00.mp4	135301	video artifact	experiments/cr_scizor/stage2/cases/no_effect_false_attribution__can_demo_109_axis_impulse_t108_m1_00.mp4.placeholder.md
experiments/cr_scizor/stage2/cases/no_effect_false_attribution__can_demo_109_flip_gripper_t62_m1_00.mp4	138414	video artifact	experiments/cr_scizor/stage2/cases/no_effect_false_attribution__can_demo_109_flip_gripper_t62_m1_00.mp4.placeholder.md
experiments/cr_scizor/stage2/cases/no_effect_false_attribution__can_demo_109_flip_gripper_t80_m1_00.mp4	139419	video artifact	experiments/cr_scizor/stage2/cases/no_effect_false_attribution__can_demo_109_flip_gripper_t80_m1_00.mp4.placeholder.md
experiments/cr_scizor/stage2/cases/no_effect_false_attribution__can_demo_109_flip_gripper_t97_m1_00.mp4	135963	video artifact	experiments/cr_scizor/stage2/cases/no_effect_false_attribution__can_demo_109_flip_gripper_t97_m1_00.mp4.placeholder.md
experiments/cr_scizor/stage2/cases/no_effect_false_attribution__can_demo_109_zero_motion_t108_m1_00.mp4	134766	video artifact	experiments/cr_scizor/stage2/cases/no_effect_false_attribution__can_demo_109_zero_motion_t108_m1_00.mp4.placeholder.md
experiments/cr_scizor/stage2/artifacts/stage2AB_results_lightweight.zip	265600	archive artifact	experiments/cr_scizor/stage2/artifacts/stage2AB_results_lightweight.zip.placeholder.md
experiments/cr_scizor/stage2/artifacts/stage2CDE_results_lightweight.zip	2802376	archive artifact	experiments/cr_scizor/stage2/artifacts/stage2CDE_results_lightweight.zip.placeholder.md
experiments/cr_scizor/stage2_iter1/runs/smoke/last.pt	8161421	model checkpoint	experiments/cr_scizor/stage2_iter1/runs/smoke/last.pt.placeholder.md
experiments/cr_scizor/stage2_iter1/runs/smoke/best_localization.pt	8168057	model checkpoint	experiments/cr_scizor/stage2_iter1/runs/smoke/best_localization.pt.placeholder.md
experiments/cr_scizor/stage2_iter1/runs/smoke/best.pt	8161485	model checkpoint	experiments/cr_scizor/stage2_iter1/runs/smoke/best.pt.placeholder.md
experiments/cr_scizor/stage2_iter1/runs/smoke/best_effect_bacc.pt	8167965	model checkpoint	experiments/cr_scizor/stage2_iter1/runs/smoke/best_effect_bacc.pt.placeholder.md
experiments/cr_scizor/stage2_iter1/runs/smoke/best_gate_gap.pt	8167689	model checkpoint	experiments/cr_scizor/stage2_iter1/runs/smoke/best_gate_gap.pt.placeholder.md
experiments/cr_scizor/stage2_iter1/runs/full_seed_0/last.pt	8162573	model checkpoint	experiments/cr_scizor/stage2_iter1/runs/full_seed_0/last.pt.placeholder.md
experiments/cr_scizor/stage2_iter1/runs/full_seed_0/best_localization.pt	8169273	model checkpoint	experiments/cr_scizor/stage2_iter1/runs/full_seed_0/best_localization.pt.placeholder.md
experiments/cr_scizor/stage2_iter1/runs/full_seed_0/best.pt	8162637	model checkpoint	experiments/cr_scizor/stage2_iter1/runs/full_seed_0/best.pt.placeholder.md
experiments/cr_scizor/stage2_iter1/runs/full_seed_0/best_effect_bacc.pt	8169181	model checkpoint	experiments/cr_scizor/stage2_iter1/runs/full_seed_0/best_effect_bacc.pt.placeholder.md
experiments/cr_scizor/stage2_iter1/runs/full_seed_0/best_gate_gap.pt	8168905	model checkpoint	experiments/cr_scizor/stage2_iter1/runs/full_seed_0/best_gate_gap.pt.placeholder.md
experiments/cr_scizor/stage2_iter1/runs/full_seed_0/selected.pt	8169273	model checkpoint	experiments/cr_scizor/stage2_iter1/runs/full_seed_0/selected.pt.placeholder.md
experiments/cr_scizor/stage2_iter1/runs/full_seed_1/last.pt	8162573	model checkpoint	experiments/cr_scizor/stage2_iter1/runs/full_seed_1/last.pt.placeholder.md
experiments/cr_scizor/stage2_iter1/runs/full_seed_1/best_localization.pt	8169273	model checkpoint	experiments/cr_scizor/stage2_iter1/runs/full_seed_1/best_localization.pt.placeholder.md
experiments/cr_scizor/stage2_iter1/runs/full_seed_1/best.pt	8162637	model checkpoint	experiments/cr_scizor/stage2_iter1/runs/full_seed_1/best.pt.placeholder.md
experiments/cr_scizor/stage2_iter1/runs/full_seed_1/best_effect_bacc.pt	8169181	model checkpoint	experiments/cr_scizor/stage2_iter1/runs/full_seed_1/best_effect_bacc.pt.placeholder.md
experiments/cr_scizor/stage2_iter1/runs/full_seed_1/best_gate_gap.pt	8168905	model checkpoint	experiments/cr_scizor/stage2_iter1/runs/full_seed_1/best_gate_gap.pt.placeholder.md
experiments/cr_scizor/stage2_iter1/runs/full_seed_1/selected.pt	8168905	model checkpoint	experiments/cr_scizor/stage2_iter1/runs/full_seed_1/selected.pt.placeholder.md
experiments/cr_scizor/stage2_iter1/runs/full_seed_2/last.pt	8162573	model checkpoint	experiments/cr_scizor/stage2_iter1/runs/full_seed_2/last.pt.placeholder.md
experiments/cr_scizor/stage2_iter1/runs/full_seed_2/best_localization.pt	8169273	model checkpoint	experiments/cr_scizor/stage2_iter1/runs/full_seed_2/best_localization.pt.placeholder.md
experiments/cr_scizor/stage2_iter1/runs/full_seed_2/best.pt	8162637	model checkpoint	experiments/cr_scizor/stage2_iter1/runs/full_seed_2/best.pt.placeholder.md
experiments/cr_scizor/stage2_iter1/runs/full_seed_2/best_effect_bacc.pt	8169181	model checkpoint	experiments/cr_scizor/stage2_iter1/runs/full_seed_2/best_effect_bacc.pt.placeholder.md
experiments/cr_scizor/stage2_iter1/runs/full_seed_2/best_gate_gap.pt	8168905	model checkpoint	experiments/cr_scizor/stage2_iter1/runs/full_seed_2/best_gate_gap.pt.placeholder.md
experiments/cr_scizor/stage2_iter1/runs/full_seed_2/selected.pt	8168905	model checkpoint	experiments/cr_scizor/stage2_iter1/runs/full_seed_2/selected.pt.placeholder.md
experiments/cr_scizor/stage2_iter1/runs/action_only_seed_0/last.pt	8162573	model checkpoint	experiments/cr_scizor/stage2_iter1/runs/action_only_seed_0/last.pt.placeholder.md
experiments/cr_scizor/stage2_iter1/runs/action_only_seed_0/best_localization.pt	8169273	model checkpoint	experiments/cr_scizor/stage2_iter1/runs/action_only_seed_0/best_localization.pt.placeholder.md
experiments/cr_scizor/stage2_iter1/runs/action_only_seed_0/best.pt	8162701	model checkpoint	experiments/cr_scizor/stage2_iter1/runs/action_only_seed_0/best.pt.placeholder.md
experiments/cr_scizor/stage2_iter1/runs/action_only_seed_0/best_effect_bacc.pt	8169181	model checkpoint	experiments/cr_scizor/stage2_iter1/runs/action_only_seed_0/best_effect_bacc.pt.placeholder.md
experiments/cr_scizor/stage2_iter1/runs/action_only_seed_0/best_gate_gap.pt	8168905	model checkpoint	experiments/cr_scizor/stage2_iter1/runs/action_only_seed_0/best_gate_gap.pt.placeholder.md
experiments/cr_scizor/stage2_iter1/runs/action_only_seed_0/selected.pt	8169181	model checkpoint	experiments/cr_scizor/stage2_iter1/runs/action_only_seed_0/selected.pt.placeholder.md
experiments/cr_scizor/stage2_iter1/predictions/validation_candidates/action_only_iter1_seed0__best_localization_chunks.parquet	1069035	dataset, feature, index, or evaluation table artifact	experiments/cr_scizor/stage2_iter1/predictions/validation_candidates/action_only_iter1_seed0__best_localization_chunks.parquet.placeholder.md
experiments/cr_scizor/stage2_iter1/predictions/validation_candidates/action_only_iter1_seed0__best_localization_transitions.parquet	885687	dataset, feature, index, or evaluation table artifact	experiments/cr_scizor/stage2_iter1/predictions/validation_candidates/action_only_iter1_seed0__best_localization_transitions.parquet.placeholder.md
experiments/cr_scizor/stage2_iter1/predictions/validation_candidates/responsibility_iter1_seed1__best_localization_chunks.parquet	1071508	dataset, feature, index, or evaluation table artifact	experiments/cr_scizor/stage2_iter1/predictions/validation_candidates/responsibility_iter1_seed1__best_localization_chunks.parquet.placeholder.md
experiments/cr_scizor/stage2_iter1/predictions/validation_candidates/responsibility_iter1_seed1__best_localization_transitions.parquet	931257	dataset, feature, index, or evaluation table artifact	experiments/cr_scizor/stage2_iter1/predictions/validation_candidates/responsibility_iter1_seed1__best_localization_transitions.parquet.placeholder.md
experiments/cr_scizor/stage2_iter1/predictions/validation_candidates/responsibility_iter1_seed0__best_localization_chunks.parquet	1057014	dataset, feature, index, or evaluation table artifact	experiments/cr_scizor/stage2_iter1/predictions/validation_candidates/responsibility_iter1_seed0__best_localization_chunks.parquet.placeholder.md
experiments/cr_scizor/stage2_iter1/predictions/validation_candidates/responsibility_iter1_seed0__best_localization_transitions.parquet	788479	dataset, feature, index, or evaluation table artifact	experiments/cr_scizor/stage2_iter1/predictions/validation_candidates/responsibility_iter1_seed0__best_localization_transitions.parquet.placeholder.md
experiments/cr_scizor/stage2_iter1/predictions/validation_candidates/responsibility_iter1_seed2__best_localization_chunks.parquet	1072400	dataset, feature, index, or evaluation table artifact	experiments/cr_scizor/stage2_iter1/predictions/validation_candidates/responsibility_iter1_seed2__best_localization_chunks.parquet.placeholder.md
experiments/cr_scizor/stage2_iter1/predictions/validation_candidates/responsibility_iter1_seed2__best_localization_transitions.parquet	882579	dataset, feature, index, or evaluation table artifact	experiments/cr_scizor/stage2_iter1/predictions/validation_candidates/responsibility_iter1_seed2__best_localization_transitions.parquet.placeholder.md
experiments/cr_scizor/stage2_iter1/predictions/validation_candidates/action_only_iter1_seed0__best_effect_bacc_chunks.parquet	1077530	dataset, feature, index, or evaluation table artifact	experiments/cr_scizor/stage2_iter1/predictions/validation_candidates/action_only_iter1_seed0__best_effect_bacc_chunks.parquet.placeholder.md
experiments/cr_scizor/stage2_iter1/predictions/validation_candidates/action_only_iter1_seed0__best_effect_bacc_transitions.parquet	959410	dataset, feature, index, or evaluation table artifact	experiments/cr_scizor/stage2_iter1/predictions/validation_candidates/action_only_iter1_seed0__best_effect_bacc_transitions.parquet.placeholder.md
experiments/cr_scizor/stage2_iter1/predictions/validation_candidates/responsibility_iter1_seed1__best_effect_bacc_chunks.parquet	1073675	dataset, feature, index, or evaluation table artifact	experiments/cr_scizor/stage2_iter1/predictions/validation_candidates/responsibility_iter1_seed1__best_effect_bacc_chunks.parquet.placeholder.md
experiments/cr_scizor/stage2_iter1/predictions/validation_candidates/responsibility_iter1_seed1__best_effect_bacc_transitions.parquet	943263	dataset, feature, index, or evaluation table artifact	experiments/cr_scizor/stage2_iter1/predictions/validation_candidates/responsibility_iter1_seed1__best_effect_bacc_transitions.parquet.placeholder.md
experiments/cr_scizor/stage2_iter1/predictions/validation_candidates/responsibility_iter1_seed2__best_effect_bacc_chunks.parquet	1054549	dataset, feature, index, or evaluation table artifact	experiments/cr_scizor/stage2_iter1/predictions/validation_candidates/responsibility_iter1_seed2__best_effect_bacc_chunks.parquet.placeholder.md
experiments/cr_scizor/stage2_iter1/predictions/validation_candidates/responsibility_iter1_seed0__best_effect_bacc_chunks.parquet	1078187	dataset, feature, index, or evaluation table artifact	experiments/cr_scizor/stage2_iter1/predictions/validation_candidates/responsibility_iter1_seed0__best_effect_bacc_chunks.parquet.placeholder.md
experiments/cr_scizor/stage2_iter1/predictions/validation_candidates/responsibility_iter1_seed2__best_effect_bacc_transitions.parquet	898333	dataset, feature, index, or evaluation table artifact	experiments/cr_scizor/stage2_iter1/predictions/validation_candidates/responsibility_iter1_seed2__best_effect_bacc_transitions.parquet.placeholder.md
experiments/cr_scizor/stage2_iter1/predictions/validation_candidates/responsibility_iter1_seed0__best_effect_bacc_transitions.parquet	964868	dataset, feature, index, or evaluation table artifact	experiments/cr_scizor/stage2_iter1/predictions/validation_candidates/responsibility_iter1_seed0__best_effect_bacc_transitions.parquet.placeholder.md
experiments/cr_scizor/stage2_iter1/predictions/validation_candidates/action_only_iter1_seed0__best_gate_gap_chunks.parquet	1077508	dataset, feature, index, or evaluation table artifact	experiments/cr_scizor/stage2_iter1/predictions/validation_candidates/action_only_iter1_seed0__best_gate_gap_chunks.parquet.placeholder.md
experiments/cr_scizor/stage2_iter1/predictions/validation_candidates/action_only_iter1_seed0__best_gate_gap_transitions.parquet	959388	dataset, feature, index, or evaluation table artifact	experiments/cr_scizor/stage2_iter1/predictions/validation_candidates/action_only_iter1_seed0__best_gate_gap_transitions.parquet.placeholder.md
experiments/cr_scizor/stage2_iter1/predictions/validation_candidates/responsibility_iter1_seed1__best_gate_gap_chunks.parquet	1081420	dataset, feature, index, or evaluation table artifact	experiments/cr_scizor/stage2_iter1/predictions/validation_candidates/responsibility_iter1_seed1__best_gate_gap_chunks.parquet.placeholder.md
experiments/cr_scizor/stage2_iter1/predictions/validation_candidates/responsibility_iter1_seed1__best_gate_gap_transitions.parquet	976122	dataset, feature, index, or evaluation table artifact	experiments/cr_scizor/stage2_iter1/predictions/validation_candidates/responsibility_iter1_seed1__best_gate_gap_transitions.parquet.placeholder.md
experiments/cr_scizor/stage2_iter1/predictions/validation_candidates/responsibility_iter1_seed2__best_gate_gap_chunks.parquet	1075772	dataset, feature, index, or evaluation table artifact	experiments/cr_scizor/stage2_iter1/predictions/validation_candidates/responsibility_iter1_seed2__best_gate_gap_chunks.parquet.placeholder.md
experiments/cr_scizor/stage2_iter1/predictions/validation_candidates/responsibility_iter1_seed0__best_gate_gap_chunks.parquet	1078166	dataset, feature, index, or evaluation table artifact	experiments/cr_scizor/stage2_iter1/predictions/validation_candidates/responsibility_iter1_seed0__best_gate_gap_chunks.parquet.placeholder.md
experiments/cr_scizor/stage2_iter1/predictions/validation_candidates/responsibility_iter1_seed2__best_gate_gap_transitions.parquet	954141	dataset, feature, index, or evaluation table artifact	experiments/cr_scizor/stage2_iter1/predictions/validation_candidates/responsibility_iter1_seed2__best_gate_gap_transitions.parquet.placeholder.md
experiments/cr_scizor/stage2_iter1/predictions/validation_candidates/responsibility_iter1_seed0__best_gate_gap_transitions.parquet	964847	dataset, feature, index, or evaluation table artifact	experiments/cr_scizor/stage2_iter1/predictions/validation_candidates/responsibility_iter1_seed0__best_gate_gap_transitions.parquet.placeholder.md
experiments/cr_scizor/stage2_iter1/predictions/validation_candidates/all_candidate_validation_predictions.parquet	4272795	dataset, feature, index, or evaluation table artifact	experiments/cr_scizor/stage2_iter1/predictions/validation_candidates/all_candidate_validation_predictions.parquet.placeholder.md
experiments/cr_scizor/stage2_iter1/predictions/validation_selected/responsibility_iter1_seed2_chunks.parquet	1075665	dataset, feature, index, or evaluation table artifact	experiments/cr_scizor/stage2_iter1/predictions/validation_selected/responsibility_iter1_seed2_chunks.parquet.placeholder.md
experiments/cr_scizor/stage2_iter1/predictions/validation_selected/responsibility_iter1_seed2_transitions.parquet	954034	dataset, feature, index, or evaluation table artifact	experiments/cr_scizor/stage2_iter1/predictions/validation_selected/responsibility_iter1_seed2_transitions.parquet.placeholder.md
experiments/cr_scizor/stage2_iter1/predictions/validation_selected/action_only_iter1_seed0_chunks.parquet	1077402	dataset, feature, index, or evaluation table artifact	experiments/cr_scizor/stage2_iter1/predictions/validation_selected/action_only_iter1_seed0_chunks.parquet.placeholder.md
experiments/cr_scizor/stage2_iter1/predictions/validation_selected/action_only_iter1_seed0_transitions.parquet	959282	dataset, feature, index, or evaluation table artifact	experiments/cr_scizor/stage2_iter1/predictions/validation_selected/action_only_iter1_seed0_transitions.parquet.placeholder.md
experiments/cr_scizor/stage2_iter1/predictions/validation_selected/responsibility_iter1_seed0_chunks.parquet	1056879	dataset, feature, index, or evaluation table artifact	experiments/cr_scizor/stage2_iter1/predictions/validation_selected/responsibility_iter1_seed0_chunks.parquet.placeholder.md
experiments/cr_scizor/stage2_iter1/predictions/validation_selected/responsibility_iter1_seed1_chunks.parquet	1081313	dataset, feature, index, or evaluation table artifact	experiments/cr_scizor/stage2_iter1/predictions/validation_selected/responsibility_iter1_seed1_chunks.parquet.placeholder.md
experiments/cr_scizor/stage2_iter1/predictions/validation_selected/responsibility_iter1_seed0_transitions.parquet	788344	dataset, feature, index, or evaluation table artifact	experiments/cr_scizor/stage2_iter1/predictions/validation_selected/responsibility_iter1_seed0_transitions.parquet.placeholder.md
experiments/cr_scizor/stage2_iter1/predictions/validation_selected/responsibility_iter1_seed1_transitions.parquet	976015	dataset, feature, index, or evaluation table artifact	experiments/cr_scizor/stage2_iter1/predictions/validation_selected/responsibility_iter1_seed1_transitions.parquet.placeholder.md
experiments/cr_scizor/stage2_iter1/predictions/validation_selected/all_selected_validation_predictions.parquet	2112944	dataset, feature, index, or evaluation table artifact	experiments/cr_scizor/stage2_iter1/predictions/validation_selected/all_selected_validation_predictions.parquet.placeholder.md
experiments/cr_scizor/stage2_iter1/predictions/test/action_only_iter1_seed0_chunks.parquet	1145315	dataset, feature, index, or evaluation table artifact	experiments/cr_scizor/stage2_iter1/predictions/test/action_only_iter1_seed0_chunks.parquet.placeholder.md
experiments/cr_scizor/stage2_iter1/predictions/test/action_only_iter1_seed0_transitions.parquet	1011536	dataset, feature, index, or evaluation table artifact	experiments/cr_scizor/stage2_iter1/predictions/test/action_only_iter1_seed0_transitions.parquet.placeholder.md
experiments/cr_scizor/stage2_iter1/predictions/test/responsibility_iter1_seed1_chunks.parquet	1148491	dataset, feature, index, or evaluation table artifact	experiments/cr_scizor/stage2_iter1/predictions/test/responsibility_iter1_seed1_chunks.parquet.placeholder.md
experiments/cr_scizor/stage2_iter1/predictions/test/responsibility_iter1_seed1_transitions.parquet	1021211	dataset, feature, index, or evaluation table artifact	experiments/cr_scizor/stage2_iter1/predictions/test/responsibility_iter1_seed1_transitions.parquet.placeholder.md
experiments/cr_scizor/stage2_iter1/predictions/test/responsibility_iter1_seed2_chunks.parquet	1142274	dataset, feature, index, or evaluation table artifact	experiments/cr_scizor/stage2_iter1/predictions/test/responsibility_iter1_seed2_chunks.parquet.placeholder.md
experiments/cr_scizor/stage2_iter1/predictions/test/responsibility_iter1_seed2_transitions.parquet	998515	dataset, feature, index, or evaluation table artifact	experiments/cr_scizor/stage2_iter1/predictions/test/responsibility_iter1_seed2_transitions.parquet.placeholder.md
experiments/cr_scizor/stage2_iter1/predictions/test/responsibility_iter1_seed0_chunks.parquet	1124072	dataset, feature, index, or evaluation table artifact	experiments/cr_scizor/stage2_iter1/predictions/test/responsibility_iter1_seed0_chunks.parquet.placeholder.md
experiments/cr_scizor/stage2_iter1/predictions/test/responsibility_iter1_seed0_transitions.parquet	839604	dataset, feature, index, or evaluation table artifact	experiments/cr_scizor/stage2_iter1/predictions/test/responsibility_iter1_seed0_transitions.parquet.placeholder.md
experiments/cr_scizor/stage2_iter1/predictions/all_stage2_iter1_predictions.parquet	4052574	dataset, feature, index, or evaluation table artifact	experiments/cr_scizor/stage2_iter1/predictions/all_stage2_iter1_predictions.parquet.placeholder.md
experiments/cr_scizor/stage2_iter1/report/stage2_iter1_A-C_lightweight.zip	11321	archive artifact	experiments/cr_scizor/stage2_iter1/report/stage2_iter1_A-C_lightweight.zip.placeholder.md
experiments/cr_scizor/stage2_iter1/cases/top1_accurate__can_demo_109_axis_impulse_t62_m1_00.mp4	133579	video artifact	experiments/cr_scizor/stage2_iter1/cases/top1_accurate__can_demo_109_axis_impulse_t62_m1_00.mp4.placeholder.md
experiments/cr_scizor/stage2_iter1/cases/top1_accurate__can_demo_109_axis_impulse_t80_m1_00.mp4	133027	video artifact	experiments/cr_scizor/stage2_iter1/cases/top1_accurate__can_demo_109_axis_impulse_t80_m1_00.mp4.placeholder.md
experiments/cr_scizor/stage2_iter1/cases/top1_accurate__can_demo_109_axis_impulse_t97_m1_00.mp4	132215	video artifact	experiments/cr_scizor/stage2_iter1/cases/top1_accurate__can_demo_109_axis_impulse_t97_m1_00.mp4.placeholder.md
experiments/cr_scizor/stage2_iter1/cases/responsible_miss__square_demo_102_zero_motion_t134_m0_50.mp4	243015	video artifact	experiments/cr_scizor/stage2_iter1/cases/responsible_miss__square_demo_102_zero_motion_t134_m0_50.mp4.placeholder.md
experiments/cr_scizor/stage2_iter1/cases/responsible_miss__square_demo_115_axis_impulse_t85_m0_25.mp4	174484	video artifact	experiments/cr_scizor/stage2_iter1/cases/responsible_miss__square_demo_115_axis_impulse_t85_m0_25.mp4.placeholder.md
experiments/cr_scizor/stage2_iter1/cases/responsible_miss__square_demo_1_zero_motion_t58_m0_50.mp4	150292	video artifact	experiments/cr_scizor/stage2_iter1/cases/responsible_miss__square_demo_1_zero_motion_t58_m0_50.mp4.placeholder.md
experiments/cr_scizor/stage2_iter1/cases/recovery_false_deletion__square_demo_115_flip_gripper_t75_m0_50.mp4	173636	video artifact	experiments/cr_scizor/stage2_iter1/cases/recovery_false_deletion__square_demo_115_flip_gripper_t75_m0_50.mp4.placeholder.md
experiments/cr_scizor/stage2_iter1/cases/recovery_false_deletion__square_demo_115_zero_motion_t75_m0_50.mp4	164280	video artifact	experiments/cr_scizor/stage2_iter1/cases/recovery_false_deletion__square_demo_115_zero_motion_t75_m0_50.mp4.placeholder.md
experiments/cr_scizor/stage2_iter1/cases/recovery_false_deletion__can_demo_13_reverse_motion_t69_m1_00.mp4	137557	video artifact	experiments/cr_scizor/stage2_iter1/cases/recovery_false_deletion__can_demo_13_reverse_motion_t69_m1_00.mp4.placeholder.md
experiments/cr_scizor/stage2_iter1/cases/no_effect_false_attribution__can_demo_109_axis_impulse_t108_m1_00.mp4	129629	video artifact	experiments/cr_scizor/stage2_iter1/cases/no_effect_false_attribution__can_demo_109_axis_impulse_t108_m1_00.mp4.placeholder.md
experiments/cr_scizor/stage2_iter1/cases/no_effect_false_attribution__can_demo_109_zero_motion_t108_m1_00.mp4	131653	video artifact	experiments/cr_scizor/stage2_iter1/cases/no_effect_false_attribution__can_demo_109_zero_motion_t108_m1_00.mp4.placeholder.md
experiments/cr_scizor/stage2_iter1/cases/no_effect_false_attribution__can_demo_10_axis_impulse_t118_m1_00.mp4	131413	video artifact	experiments/cr_scizor/stage2_iter1/cases/no_effect_false_attribution__can_demo_10_axis_impulse_t118_m1_00.mp4.placeholder.md
experiments/cr_scizor/stage3a/proposals/train/stage3a_action_proposer_chunks.parquet	3149728	dataset, feature, index, or evaluation table artifact	experiments/cr_scizor/stage3a/proposals/train/stage3a_action_proposer_chunks.parquet.placeholder.md
experiments/cr_scizor/stage3a/proposals/train/stage3a_full_proposer_chunks.parquet	3092726	dataset, feature, index, or evaluation table artifact	experiments/cr_scizor/stage3a/proposals/train/stage3a_full_proposer_chunks.parquet.placeholder.md
experiments/cr_scizor/stage3a/proposals/train/stage3a_full_proposer_transitions.parquet	2317674	dataset, feature, index, or evaluation table artifact	experiments/cr_scizor/stage3a/proposals/train/stage3a_full_proposer_transitions.parquet.placeholder.md
experiments/cr_scizor/stage3a/proposals/train/stage3a_action_proposer_transitions.parquet	2888721	dataset, feature, index, or evaluation table artifact	experiments/cr_scizor/stage3a/proposals/train/stage3a_action_proposer_transitions.parquet.placeholder.md
experiments/cr_scizor/stage3a/proposals/validation/stage3a_full_proposer_chunks.parquet	1056844	dataset, feature, index, or evaluation table artifact	experiments/cr_scizor/stage3a/proposals/validation/stage3a_full_proposer_chunks.parquet.placeholder.md
experiments/cr_scizor/stage3a/proposals/validation/stage3a_full_proposer_transitions.parquet	788309	dataset, feature, index, or evaluation table artifact	experiments/cr_scizor/stage3a/proposals/validation/stage3a_full_proposer_transitions.parquet.placeholder.md
experiments/cr_scizor/stage3a/proposals/validation/stage3a_action_proposer_chunks.parquet	1077402	dataset, feature, index, or evaluation table artifact	experiments/cr_scizor/stage3a/proposals/validation/stage3a_action_proposer_chunks.parquet.placeholder.md
experiments/cr_scizor/stage3a/proposals/validation/stage3a_action_proposer_transitions.parquet	959282	dataset, feature, index, or evaluation table artifact	experiments/cr_scizor/stage3a/proposals/validation/stage3a_action_proposer_transitions.parquet.placeholder.md
experiments/cr_scizor/stage3a/proposals/proposal_candidates_train.parquet	482593	dataset, feature, index, or evaluation table artifact	experiments/cr_scizor/stage3a/proposals/proposal_candidates_train.parquet.placeholder.md
experiments/cr_scizor/stage3a/proposals/proposal_candidates_validation.parquet	178285	dataset, feature, index, or evaluation table artifact	experiments/cr_scizor/stage3a/proposals/proposal_candidates_validation.parquet.placeholder.md
experiments/cr_scizor/stage3a/oracle/plans/train_plan.jsonl	32729632	large line-delimited oracle or metadata artifact	experiments/cr_scizor/stage3a/oracle/plans/train_plan.jsonl.placeholder.md
experiments/cr_scizor/stage3a/oracle/plans/validation_plan.jsonl	11399654	large line-delimited oracle or metadata artifact	experiments/cr_scizor/stage3a/oracle/plans/validation_plan.jsonl.placeholder.md
experiments/cr_scizor/stage3a/oracle/raw/train_oracle.jsonl	32382496	large line-delimited oracle or metadata artifact	experiments/cr_scizor/stage3a/oracle/raw/train_oracle.jsonl.placeholder.md
experiments/cr_scizor/stage3a/oracle/raw/validation_oracle.jsonl	11238288	large line-delimited oracle or metadata artifact	experiments/cr_scizor/stage3a/oracle/raw/validation_oracle.jsonl.placeholder.md
experiments/cr_scizor/stage3a/oracle/datasets/train_oracle_samples.parquet	5197731	dataset, feature, index, or evaluation table artifact	experiments/cr_scizor/stage3a/oracle/datasets/train_oracle_samples.parquet.placeholder.md
experiments/cr_scizor/stage3a/oracle/datasets/validation_oracle_samples.parquet	1772274	dataset, feature, index, or evaluation table artifact	experiments/cr_scizor/stage3a/oracle/datasets/validation_oracle_samples.parquet.placeholder.md
experiments/cr_scizor/stage3a/report/stage3a_results_abcd_lightweight.zip	57479	archive artifact	experiments/cr_scizor/stage3a/report/stage3a_results_abcd_lightweight.zip.placeholder.md
experiments/cr_scizor/stage3a/action_library/library_can.npz	1668836	dataset, feature, index, or evaluation table artifact	experiments/cr_scizor/stage3a/action_library/library_can.npz.placeholder.md
experiments/cr_scizor/stage3a/action_library/state_can.faiss	795161	dataset, feature, index, or evaluation table artifact	experiments/cr_scizor/stage3a/action_library/state_can.faiss.placeholder.md
experiments/cr_scizor/stage3a/action_library/library_square.npz	2129060	dataset, feature, index, or evaluation table artifact	experiments/cr_scizor/stage3a/action_library/library_square.npz.placeholder.md
experiments/cr_scizor/stage3a/action_library/state_square.faiss	1014745	dataset, feature, index, or evaluation table artifact	experiments/cr_scizor/stage3a/action_library/state_square.faiss.placeholder.md
experiments/cr_scizor/stage3a/action_library/action_library_index.parquet	111280	dataset, feature, index, or evaluation table artifact	experiments/cr_scizor/stage3a/action_library/action_library_index.parquet.placeholder.md
experiments/cr_scizor/stage3a/alignment_repair/report/stage3a_alignment_repair_results_lightweight.zip	19543	archive artifact	experiments/cr_scizor/stage3a/alignment_repair/report/stage3a_alignment_repair_results_lightweight.zip.placeholder.md
experiments/cr_scizor/stage3a/replay_rescue/report/stage3a_replay_rescue_lightweight.zip	273225	archive artifact	experiments/cr_scizor/stage3a/replay_rescue/report/stage3a_replay_rescue_lightweight.zip.placeholder.md
experiments/cr_scizor/stage3a/replay_rescue_v02/pilot/benchmark_v0.2_pilot.failed_generation.hdf5	6448	dataset, feature, index, or evaluation table artifact	experiments/cr_scizor/stage3a/replay_rescue_v02/pilot/benchmark_v0.2_pilot.failed_generation.hdf5.placeholder.md
experiments/cr_scizor/stage3a/replay_rescue_v02/pilot/benchmark_v0.2_pilot.failed_action_spec.hdf5	878871	dataset, feature, index, or evaluation table artifact	experiments/cr_scizor/stage3a/replay_rescue_v02/pilot/benchmark_v0.2_pilot.failed_action_spec.hdf5.placeholder.md
experiments/cr_scizor/stage3a/replay_rescue_v02/pilot/benchmark_v0.2_pilot.hdf5	167225434	dataset, feature, index, or evaluation table artifact	experiments/cr_scizor/stage3a/replay_rescue_v02/pilot/benchmark_v0.2_pilot.hdf5.placeholder.md
experiments/cr_scizor/stage3a/replay_rescue_v02/benchmark/benchmark_v0.2_train_val_subpart0.hdf5	136436612	dataset, feature, index, or evaluation table artifact	experiments/cr_scizor/stage3a/replay_rescue_v02/benchmark/benchmark_v0.2_train_val_subpart0.hdf5.placeholder.md
experiments/cr_scizor/stage3a/replay_rescue_v02/benchmark/benchmark_v0.2_train_val_subpart1.hdf5	132406458	dataset, feature, index, or evaluation table artifact	experiments/cr_scizor/stage3a/replay_rescue_v02/benchmark/benchmark_v0.2_train_val_subpart1.hdf5.placeholder.md
experiments/cr_scizor/stage3a/replay_rescue_v02/benchmark/benchmark_v0.2_train_val_subpart2.hdf5	141233119	dataset, feature, index, or evaluation table artifact	experiments/cr_scizor/stage3a/replay_rescue_v02/benchmark/benchmark_v0.2_train_val_subpart2.hdf5.placeholder.md
experiments/cr_scizor/stage3a/replay_rescue_v02/benchmark/benchmark_v0.2_train_val_subpart3.hdf5	138211320	dataset, feature, index, or evaluation table artifact	experiments/cr_scizor/stage3a/replay_rescue_v02/benchmark/benchmark_v0.2_train_val_subpart3.hdf5.placeholder.md
experiments/cr_scizor/stage3a/replay_rescue_v02/benchmark/benchmark_v0.2_train_val_subpart4.hdf5	142075433	dataset, feature, index, or evaluation table artifact	experiments/cr_scizor/stage3a/replay_rescue_v02/benchmark/benchmark_v0.2_train_val_subpart4.hdf5.placeholder.md
experiments/cr_scizor/stage3a/replay_rescue_v02/benchmark/benchmark_v0.2_train_val_subpart5.hdf5	146287585	dataset, feature, index, or evaluation table artifact	experiments/cr_scizor/stage3a/replay_rescue_v02/benchmark/benchmark_v0.2_train_val_subpart5.hdf5.placeholder.md
experiments/cr_scizor/stage3a/replay_rescue_v02/benchmark/benchmark_v0.2_train_val_subpart7.hdf5	133728886	dataset, feature, index, or evaluation table artifact	experiments/cr_scizor/stage3a/replay_rescue_v02/benchmark/benchmark_v0.2_train_val_subpart7.hdf5.placeholder.md
experiments/cr_scizor/stage3a/replay_rescue_v02/benchmark/benchmark_v0.2_train_val_subpart6.hdf5	151146032	dataset, feature, index, or evaluation table artifact	experiments/cr_scizor/stage3a/replay_rescue_v02/benchmark/benchmark_v0.2_train_val_subpart6.hdf5.placeholder.md
experiments/cr_scizor/stage3a/replay_rescue_v02/benchmark/benchmark_v0.2_train_val.hdf5	1113515513	dataset, feature, index, or evaluation table artifact	experiments/cr_scizor/stage3a/replay_rescue_v02/benchmark/benchmark_v0.2_train_val.hdf5.placeholder.md
experiments/cr_scizor/stage3a/replay_rescue_v02/oracle/teacher_forced_plans.parquet	182291	dataset, feature, index, or evaluation table artifact	experiments/cr_scizor/stage3a/replay_rescue_v02/oracle/teacher_forced_plans.parquet.placeholder.md
experiments/cr_scizor/stage3a/replay_rescue_v02/oracle/teacher_forced_plans.jsonl	3984635	large line-delimited oracle or metadata artifact	experiments/cr_scizor/stage3a/replay_rescue_v02/oracle/teacher_forced_plans.jsonl.placeholder.md
experiments/cr_scizor/stage3a/replay_rescue_v02/oracle/teacher_forced_feasible_oracle.jsonl	5008645	large line-delimited oracle or metadata artifact	experiments/cr_scizor/stage3a/replay_rescue_v02/oracle/teacher_forced_feasible_oracle.jsonl.placeholder.md
experiments/cr_scizor/stage3a/replay_rescue_v02/library/library_can.npz	851158	dataset, feature, index, or evaluation table artifact	experiments/cr_scizor/stage3a/replay_rescue_v02/library/library_can.npz.placeholder.md
experiments/cr_scizor/stage3a/replay_rescue_v02/library/state_can.faiss	773377	dataset, feature, index, or evaluation table artifact	experiments/cr_scizor/stage3a/replay_rescue_v02/library/state_can.faiss.placeholder.md
experiments/cr_scizor/stage3a/replay_rescue_v02/library/library_square.npz	724174	dataset, feature, index, or evaluation table artifact	experiments/cr_scizor/stage3a/replay_rescue_v02/library/library_square.npz.placeholder.md
experiments/cr_scizor/stage3a/replay_rescue_v02/library/state_square.faiss	625545	dataset, feature, index, or evaluation table artifact	experiments/cr_scizor/stage3a/replay_rescue_v02/library/state_square.faiss.placeholder.md
experiments/cr_scizor/stage3a/replay_rescue_v02/library/action_library_index.parquet	76048	dataset, feature, index, or evaluation table artifact	experiments/cr_scizor/stage3a/replay_rescue_v02/library/action_library_index.parquet.placeholder.md
experiments/cr_scizor/stage3a/replay_rescue_v02/package/stage3a_v02_replay_rescue_lightweight.zip	159488	archive artifact	experiments/cr_scizor/stage3a/replay_rescue_v02/package/stage3a_v02_replay_rescue_lightweight.zip.placeholder.md
experiments/cr_scizor/stage3a/replay_rescue_v02/failed_attempt_full_shards_20260903/benchmark_v0.2_train_val_part0.hdf5	233466647	dataset, feature, index, or evaluation table artifact	experiments/cr_scizor/stage3a/replay_rescue_v02/failed_attempt_full_shards_20260903/benchmark_v0.2_train_val_part0.hdf5.placeholder.md
experiments/cr_scizor/stage3a/replay_rescue_v02/failed_attempt_full_shards_20260903/benchmark_v0.2_train_val_part1.hdf5	243000198	dataset, feature, index, or evaluation table artifact	experiments/cr_scizor/stage3a/replay_rescue_v02/failed_attempt_full_shards_20260903/benchmark_v0.2_train_val_part1.hdf5.placeholder.md
experiments/cr_scizor/stage3a/replay_rescue_v02/failed_attempt_full_shards_20260903/benchmark_v0.2_train_val_part2.hdf5	251401792	dataset, feature, index, or evaluation table artifact	experiments/cr_scizor/stage3a/replay_rescue_v02/failed_attempt_full_shards_20260903/benchmark_v0.2_train_val_part2.hdf5.placeholder.md
experiments/cr_scizor/stage3a/replay_rescue_v02/failed_attempt_full_shards_20260903/benchmark_v0.2_train_val_part3.hdf5	247263284	dataset, feature, index, or evaluation table artifact	experiments/cr_scizor/stage3a/replay_rescue_v02/failed_attempt_full_shards_20260903/benchmark_v0.2_train_val_part3.hdf5.placeholder.md
experiments/cr_scizor/stage3a/replay_rescue_v02_r1/oracle/dev/feasible_long.jsonl	5938698	large line-delimited oracle or metadata artifact	experiments/cr_scizor/stage3a/replay_rescue_v02_r1/oracle/dev/feasible_long.jsonl.placeholder.md
experiments/cr_scizor/stage3a/replay_rescue_v02_r1/oracle/confirmation/teacher_forced_plans.parquet	62828	dataset, feature, index, or evaluation table artifact	experiments/cr_scizor/stage3a/replay_rescue_v02_r1/oracle/confirmation/teacher_forced_plans.parquet.placeholder.md
experiments/cr_scizor/stage3a/replay_rescue_v02_r1/oracle/confirmation/feasible_long.jsonl	1479821	large line-delimited oracle or metadata artifact	experiments/cr_scizor/stage3a/replay_rescue_v02_r1/oracle/confirmation/feasible_long.jsonl.placeholder.md
experiments/cr_scizor/stage3a/replay_rescue_v02_r1/benchmark/benchmark_v0.2_confirmation.hdf5	273843830	dataset, feature, index, or evaluation table artifact	experiments/cr_scizor/stage3a/replay_rescue_v02_r1/benchmark/benchmark_v0.2_confirmation.hdf5.placeholder.md
experiments/cr_scizor/stage3a/replay_rescue_v02_r1/package/stage3a_v02r_results_lightweight.zip	46860	archive artifact	experiments/cr_scizor/stage3a/replay_rescue_v02_r1/package/stage3a_v02r_results_lightweight.zip.placeholder.md
experiments/cr_scizor/stage3a/method_v02r/features/cache/can/can_demo_0_axis_impulse_t102_m1.00.npz	219169	dataset, feature, index, or evaluation table artifact	experiments/cr_scizor/stage3a/method_v02r/features/cache/can/can_demo_0_axis_impulse_t102_m1.00.npz.placeholder.md
experiments/cr_scizor/stage3a/method_v02r/features/cache/can/can_demo_0_axis_impulse_t112_m1.00.npz	219169	dataset, feature, index, or evaluation table artifact	experiments/cr_scizor/stage3a/method_v02r/features/cache/can/can_demo_0_axis_impulse_t112_m1.00.npz.placeholder.md
experiments/cr_scizor/stage3a/method_v02r/features/cache/can/can_demo_0_axis_impulse_t52_m1.00.npz	219169	dataset, feature, index, or evaluation table artifact	experiments/cr_scizor/stage3a/method_v02r/features/cache/can/can_demo_0_axis_impulse_t52_m1.00.npz.placeholder.md
experiments/cr_scizor/stage3a/method_v02r/features/cache/can/can_demo_0_axis_impulse_t62_m1.00.npz	219169	dataset, feature, index, or evaluation table artifact	experiments/cr_scizor/stage3a/method_v02r/features/cache/can/can_demo_0_axis_impulse_t62_m1.00.npz.placeholder.md
experiments/cr_scizor/stage3a/method_v02r/features/cache/can/can_demo_0_clean.npz	219169	dataset, feature, index, or evaluation table artifact	experiments/cr_scizor/stage3a/method_v02r/features/cache/can/can_demo_0_clean.npz.placeholder.md
experiments/cr_scizor/stage3a/method_v02r/features/cache/can/can_demo_0_flip_gripper_t102_m1.00.npz	219169	dataset, feature, index, or evaluation table artifact	experiments/cr_scizor/stage3a/method_v02r/features/cache/can/can_demo_0_flip_gripper_t102_m1.00.npz.placeholder.md
experiments/cr_scizor/stage3a/method_v02r/features/cache/can/can_demo_0_flip_gripper_t112_m1.00.npz	219169	dataset, feature, index, or evaluation table artifact	experiments/cr_scizor/stage3a/method_v02r/features/cache/can/can_demo_0_flip_gripper_t112_m1.00.npz.placeholder.md
experiments/cr_scizor/stage3a/method_v02r/features/cache/can/can_demo_0_flip_gripper_t52_m1.00.npz	219169	dataset, feature, index, or evaluation table artifact	experiments/cr_scizor/stage3a/method_v02r/features/cache/can/can_demo_0_flip_gripper_t52_m1.00.npz.placeholder.md
experiments/cr_scizor/stage3a/method_v02r/features/cache/can/can_demo_0_flip_gripper_t62_m1.00.npz	219169	dataset, feature, index, or evaluation table artifact	experiments/cr_scizor/stage3a/method_v02r/features/cache/can/can_demo_0_flip_gripper_t62_m1.00.npz.placeholder.md
experiments/cr_scizor/stage3a/method_v02r/features/cache/can/can_demo_0_reverse_motion_t102_m1.00.npz	219169	dataset, feature, index, or evaluation table artifact	experiments/cr_scizor/stage3a/method_v02r/features/cache/can/can_demo_0_reverse_motion_t102_m1.00.npz.placeholder.md
experiments/cr_scizor/stage3a/method_v02r/features/cache/can/can_demo_0_reverse_motion_t112_m1.00.npz	219169	dataset, feature, index, or evaluation table artifact	experiments/cr_scizor/stage3a/method_v02r/features/cache/can/can_demo_0_reverse_motion_t112_m1.00.npz.placeholder.md
experiments/cr_scizor/stage3a/method_v02r/features/cache/can/can_demo_0_reverse_motion_t52_m1.00.npz	219169	dataset, feature, index, or evaluation table artifact	experiments/cr_scizor/stage3a/method_v02r/features/cache/can/can_demo_0_reverse_motion_t52_m1.00.npz.placeholder.md
experiments/cr_scizor/stage3a/method_v02r/features/cache/can/can_demo_0_reverse_motion_t62_m1.00.npz	219169	dataset, feature, index, or evaluation table artifact	experiments/cr_scizor/stage3a/method_v02r/features/cache/can/can_demo_0_reverse_motion_t62_m1.00.npz.placeholder.md
experiments/cr_scizor/stage3a/method_v02r/features/cache/can/can_demo_0_zero_motion_t102_m1.00.npz	219169	dataset, feature, index, or evaluation table artifact	experiments/cr_scizor/stage3a/method_v02r/features/cache/can/can_demo_0_zero_motion_t102_m1.00.npz.placeholder.md
experiments/cr_scizor/stage3a/method_v02r/features/cache/can/can_demo_0_zero_motion_t112_m1.00.npz	219169	dataset, feature, index, or evaluation table artifact	experiments/cr_scizor/stage3a/method_v02r/features/cache/can/can_demo_0_zero_motion_t112_m1.00.npz.placeholder.md
experiments/cr_scizor/stage3a/method_v02r/features/cache/can/can_demo_0_zero_motion_t52_m1.00.npz	219169	dataset, feature, index, or evaluation table artifact	experiments/cr_scizor/stage3a/method_v02r/features/cache/can/can_demo_0_zero_motion_t52_m1.00.npz.placeholder.md
experiments/cr_scizor/stage3a/method_v02r/features/cache/can/can_demo_0_zero_motion_t62_m1.00.npz	219169	dataset, feature, index, or evaluation table artifact	experiments/cr_scizor/stage3a/method_v02r/features/cache/can/can_demo_0_zero_motion_t62_m1.00.npz.placeholder.md
experiments/cr_scizor/stage3a/method_v02r/features/cache/can/can_demo_100_axis_impulse_t105_m1.00.npz	219169	dataset, feature, index, or evaluation table artifact	experiments/cr_scizor/stage3a/method_v02r/features/cache/can/can_demo_100_axis_impulse_t105_m1.00.npz.placeholder.md
experiments/cr_scizor/stage3a/method_v02r/features/cache/can/can_demo_100_axis_impulse_t13_m1.00.npz	219169	dataset, feature, index, or evaluation table artifact	experiments/cr_scizor/stage3a/method_v02r/features/cache/can/can_demo_100_axis_impulse_t13_m1.00.npz.placeholder.md
experiments/cr_scizor/stage3a/method_v02r/features/cache/can/can_demo_100_axis_impulse_t37_m1.00.npz	219169	dataset, feature, index, or evaluation table artifact	experiments/cr_scizor/stage3a/method_v02r/features/cache/can/can_demo_100_axis_impulse_t37_m1.00.npz.placeholder.md
experiments/cr_scizor/stage3a/method_v02r/features/cache/can/can_demo_100_axis_impulse_t59_m1.00.npz	219169	dataset, feature, index, or evaluation table artifact	experiments/cr_scizor/stage3a/method_v02r/features/cache/can/can_demo_100_axis_impulse_t59_m1.00.npz.placeholder.md
experiments/cr_scizor/stage3a/method_v02r/features/cache/can/can_demo_100_clean.npz	219169	dataset, feature, index, or evaluation table artifact	experiments/cr_scizor/stage3a/method_v02r/features/cache/can/can_demo_100_clean.npz.placeholder.md
experiments/cr_scizor/stage3a/method_v02r/features/cache/can/can_demo_100_flip_gripper_t105_m1.00.npz	219169	dataset, feature, index, or evaluation table artifact	experiments/cr_scizor/stage3a/method_v02r/features/cache/can/can_demo_100_flip_gripper_t105_m1.00.npz.placeholder.md
experiments/cr_scizor/stage3a/method_v02r/features/cache/can/can_demo_100_flip_gripper_t13_m1.00.npz	219169	dataset, feature, index, or evaluation table artifact	experiments/cr_scizor/stage3a/method_v02r/features/cache/can/can_demo_100_flip_gripper_t13_m1.00.npz.placeholder.md
experiments/cr_scizor/stage3a/method_v02r/features/cache/can/can_demo_100_flip_gripper_t37_m1.00.npz	219169	dataset, feature, index, or evaluation table artifact	experiments/cr_scizor/stage3a/method_v02r/features/cache/can/can_demo_100_flip_gripper_t37_m1.00.npz.placeholder.md
experiments/cr_scizor/stage3a/method_v02r/features/cache/can/can_demo_100_flip_gripper_t59_m1.00.npz	219169	dataset, feature, index, or evaluation table artifact	experiments/cr_scizor/stage3a/method_v02r/features/cache/can/can_demo_100_flip_gripper_t59_m1.00.npz.placeholder.md
experiments/cr_scizor/stage3a/method_v02r/features/cache/can/can_demo_100_reverse_motion_t105_m1.00.npz	219169	dataset, feature, index, or evaluation table artifact	experiments/cr_scizor/stage3a/method_v02r/features/cache/can/can_demo_100_reverse_motion_t105_m1.00.npz.placeholder.md
experiments/cr_scizor/stage3a/method_v02r/features/cache/can/can_demo_100_reverse_motion_t13_m1.00.npz	219169	dataset, feature, index, or evaluation table artifact	experiments/cr_scizor/stage3a/method_v02r/features/cache/can/can_demo_100_reverse_motion_t13_m1.00.npz.placeholder.md
experiments/cr_scizor/stage3a/method_v02r/features/cache/can/can_demo_100_reverse_motion_t37_m1.00.npz	219169	dataset, feature, index, or evaluation table artifact	experiments/cr_scizor/stage3a/method_v02r/features/cache/can/can_demo_100_reverse_motion_t37_m1.00.npz.placeholder.md
experiments/cr_scizor/stage3a/method_v02r/features/cache/can/can_demo_100_reverse_motion_t59_m1.00.npz	219169	dataset, feature, index, or evaluation table artifact	experiments/cr_scizor/stage3a/method_v02r/features/cache/can/can_demo_100_reverse_motion_t59_m1.00.npz.placeholder.md
experiments/cr_scizor/stage3a/method_v02r/features/cache/can/can_demo_100_zero_motion_t105_m1.00.npz	219169	dataset, feature, index, or evaluation table artifact	experiments/cr_scizor/stage3a/method_v02r/features/cache/can/can_demo_100_zero_motion_t105_m1.00.npz.placeholder.md
experiments/cr_scizor/stage3a/method_v02r/features/cache/can/can_demo_100_zero_motion_t13_m1.00.npz	219169	dataset, feature, index, or evaluation table artifact	experiments/cr_scizor/stage3a/method_v02r/features/cache/can/can_demo_100_zero_motion_t13_m1.00.npz.placeholder.md
experiments/cr_scizor/stage3a/method_v02r/features/cache/can/can_demo_100_zero_motion_t37_m1.00.npz	219169	dataset, feature, index, or evaluation table artifact	experiments/cr_scizor/stage3a/method_v02r/features/cache/can/can_demo_100_zero_motion_t37_m1.00.npz.placeholder.md
experiments/cr_scizor/stage3a/method_v02r/features/cache/can/can_demo_100_zero_motion_t59_m1.00.npz	219169	dataset, feature, index, or evaluation table artifact	experiments/cr_scizor/stage3a/method_v02r/features/cache/can/can_demo_100_zero_motion_t59_m1.00.npz.placeholder.md
experiments/cr_scizor/stage3a/method_v02r/features/cache/can/can_demo_101_axis_impulse_t124_m1.00.npz	243193	dataset, feature, index, or evaluation table artifact	experiments/cr_scizor/stage3a/method_v02r/features/cache/can/can_demo_101_axis_impulse_t124_m1.00.npz.placeholder.md
experiments/cr_scizor/stage3a/method_v02r/features/cache/can/can_demo_101_axis_impulse_t49_m1.00.npz	243193	dataset, feature, index, or evaluation table artifact	experiments/cr_scizor/stage3a/method_v02r/features/cache/can/can_demo_101_axis_impulse_t49_m1.00.npz.placeholder.md
experiments/cr_scizor/stage3a/method_v02r/features/cache/can/can_demo_101_axis_impulse_t59_m1.00.npz	243193	dataset, feature, index, or evaluation table artifact	experiments/cr_scizor/stage3a/method_v02r/features/cache/can/can_demo_101_axis_impulse_t59_m1.00.npz.placeholder.md
experiments/cr_scizor/stage3a/method_v02r/features/cache/can/can_demo_101_axis_impulse_t77_m1.00.npz	243193	dataset, feature, index, or evaluation table artifact	experiments/cr_scizor/stage3a/method_v02r/features/cache/can/can_demo_101_axis_impulse_t77_m1.00.npz.placeholder.md
experiments/cr_scizor/stage3a/method_v02r/features/cache/can/can_demo_101_clean.npz	243193	dataset, feature, index, or evaluation table artifact	experiments/cr_scizor/stage3a/method_v02r/features/cache/can/can_demo_101_clean.npz.placeholder.md
experiments/cr_scizor/stage3a/method_v02r/features/cache/can/can_demo_101_flip_gripper_t124_m1.00.npz	243193	dataset, feature, index, or evaluation table artifact	experiments/cr_scizor/stage3a/method_v02r/features/cache/can/can_demo_101_flip_gripper_t124_m1.00.npz.placeholder.md
experiments/cr_scizor/stage3a/method_v02r/features/cache/can/can_demo_101_flip_gripper_t49_m1.00.npz	243193	dataset, feature, index, or evaluation table artifact	experiments/cr_scizor/stage3a/method_v02r/features/cache/can/can_demo_101_flip_gripper_t49_m1.00.npz.placeholder.md
experiments/cr_scizor/stage3a/method_v02r/features/cache/can/can_demo_101_flip_gripper_t59_m1.00.npz	243193	dataset, feature, index, or evaluation table artifact	experiments/cr_scizor/stage3a/method_v02r/features/cache/can/can_demo_101_flip_gripper_t59_m1.00.npz.placeholder.md
experiments/cr_scizor/stage3a/method_v02r/features/cache/can/can_demo_101_flip_gripper_t77_m1.00.npz	243193	dataset, feature, index, or evaluation table artifact	experiments/cr_scizor/stage3a/method_v02r/features/cache/can/can_demo_101_flip_gripper_t77_m1.00.npz.placeholder.md
experiments/cr_scizor/stage3a/method_v02r/features/cache/can/can_demo_101_reverse_motion_t124_m1.00.npz	243193	dataset, feature, index, or evaluation table artifact	experiments/cr_scizor/stage3a/method_v02r/features/cache/can/can_demo_101_reverse_motion_t124_m1.00.npz.placeholder.md
experiments/cr_scizor/stage3a/method_v02r/features/cache/can/can_demo_101_reverse_motion_t49_m1.00.npz	243193	dataset, feature, index, or evaluation table artifact	experiments/cr_scizor/stage3a/method_v02r/features/cache/can/can_demo_101_reverse_motion_t49_m1.00.npz.placeholder.md
experiments/cr_scizor/stage3a/method_v02r/features/cache/can/can_demo_101_reverse_motion_t59_m1.00.npz	243193	dataset, feature, index, or evaluation table artifact	experiments/cr_scizor/stage3a/method_v02r/features/cache/can/can_demo_101_reverse_motion_t59_m1.00.npz.placeholder.md
experiments/cr_scizor/stage3a/method_v02r/features/cache/can/can_demo_101_reverse_motion_t77_m1.00.npz	243193	dataset, feature, index, or evaluation table artifact	experiments/cr_scizor/stage3a/method_v02r/features/cache/can/can_demo_101_reverse_motion_t77_m1.00.npz.placeholder.md
experiments/cr_scizor/stage3a/method_v02r/features/cache/can/can_demo_101_zero_motion_t124_m1.00.npz	243193	dataset, feature, index, or evaluation table artifact	experiments/cr_scizor/stage3a/method_v02r/features/cache/can/can_demo_101_zero_motion_t124_m1.00.npz.placeholder.md
experiments/cr_scizor/stage3a/method_v02r/features/cache/can/can_demo_101_zero_motion_t49_m1.00.npz	243193	dataset, feature, index, or evaluation table artifact	experiments/cr_scizor/stage3a/method_v02r/features/cache/can/can_demo_101_zero_motion_t49_m1.00.npz.placeholder.md
experiments/cr_scizor/stage3a/method_v02r/features/cache/can/can_demo_101_zero_motion_t59_m1.00.npz	243193	dataset, feature, index, or evaluation table artifact	experiments/cr_scizor/stage3a/method_v02r/features/cache/can/can_demo_101_zero_motion_t59_m1.00.npz.placeholder.md
experiments/cr_scizor/stage3a/method_v02r/features/cache/can/can_demo_101_zero_motion_t77_m1.00.npz	243193	dataset, feature, index, or evaluation table artifact	experiments/cr_scizor/stage3a/method_v02r/features/cache/can/can_demo_101_zero_motion_t77_m1.00.npz.placeholder.md
experiments/cr_scizor/stage3a/method_v02r/features/cache/can/can_demo_102_axis_impulse_t44_m1.00.npz	195145	dataset, feature, index, or evaluation table artifact	experiments/cr_scizor/stage3a/method_v02r/features/cache/can/can_demo_102_axis_impulse_t44_m1.00.npz.placeholder.md
experiments/cr_scizor/stage3a/method_v02r/features/cache/can/can_demo_102_axis_impulse_t54_m1.00.npz	195145	dataset, feature, index, or evaluation table artifact	experiments/cr_scizor/stage3a/method_v02r/features/cache/can/can_demo_102_axis_impulse_t54_m1.00.npz.placeholder.md
experiments/cr_scizor/stage3a/method_v02r/features/cache/can/can_demo_102_axis_impulse_t67_m1.00.npz	195145	dataset, feature, index, or evaluation table artifact	experiments/cr_scizor/stage3a/method_v02r/features/cache/can/can_demo_102_axis_impulse_t67_m1.00.npz.placeholder.md
experiments/cr_scizor/stage3a/method_v02r/features/cache/can/can_demo_102_axis_impulse_t98_m1.00.npz	195145	dataset, feature, index, or evaluation table artifact	experiments/cr_scizor/stage3a/method_v02r/features/cache/can/can_demo_102_axis_impulse_t98_m1.00.npz.placeholder.md
experiments/cr_scizor/stage3a/method_v02r/features/cache/can/can_demo_102_clean.npz	195145	dataset, feature, index, or evaluation table artifact	experiments/cr_scizor/stage3a/method_v02r/features/cache/can/can_demo_102_clean.npz.placeholder.md
experiments/cr_scizor/stage3a/method_v02r/features/cache/can/can_demo_102_flip_gripper_t44_m1.00.npz	195145	dataset, feature, index, or evaluation table artifact	experiments/cr_scizor/stage3a/method_v02r/features/cache/can/can_demo_102_flip_gripper_t44_m1.00.npz.placeholder.md
experiments/cr_scizor/stage3a/method_v02r/features/cache/can/can_demo_102_flip_gripper_t54_m1.00.npz	195145	dataset, feature, index, or evaluation table artifact	experiments/cr_scizor/stage3a/method_v02r/features/cache/can/can_demo_102_flip_gripper_t54_m1.00.npz.placeholder.md
experiments/cr_scizor/stage3a/method_v02r/features/cache/can/can_demo_102_flip_gripper_t67_m1.00.npz	195145	dataset, feature, index, or evaluation table artifact	experiments/cr_scizor/stage3a/method_v02r/features/cache/can/can_demo_102_flip_gripper_t67_m1.00.npz.placeholder.md
experiments/cr_scizor/stage3a/method_v02r/features/cache/can/can_demo_102_flip_gripper_t98_m1.00.npz	195145	dataset, feature, index, or evaluation table artifact	experiments/cr_scizor/stage3a/method_v02r/features/cache/can/can_demo_102_flip_gripper_t98_m1.00.npz.placeholder.md
experiments/cr_scizor/stage3a/method_v02r/features/cache/can/can_demo_102_reverse_motion_t44_m1.00.npz	195145	dataset, feature, index, or evaluation table artifact	experiments/cr_scizor/stage3a/method_v02r/features/cache/can/can_demo_102_reverse_motion_t44_m1.00.npz.placeholder.md
experiments/cr_scizor/stage3a/method_v02r/features/cache/can/can_demo_102_reverse_motion_t54_m1.00.npz	195145	dataset, feature, index, or evaluation table artifact	experiments/cr_scizor/stage3a/method_v02r/features/cache/can/can_demo_102_reverse_motion_t54_m1.00.npz.placeholder.md
experiments/cr_scizor/stage3a/method_v02r/features/cache/can/can_demo_102_reverse_motion_t67_m1.00.npz	195145	dataset, feature, index, or evaluation table artifact	experiments/cr_scizor/stage3a/method_v02r/features/cache/can/can_demo_102_reverse_motion_t67_m1.00.npz.placeholder.md
experiments/cr_scizor/stage3a/method_v02r/features/cache/can/can_demo_102_reverse_motion_t98_m1.00.npz	195145	dataset, feature, index, or evaluation table artifact	experiments/cr_scizor/stage3a/method_v02r/features/cache/can/can_demo_102_reverse_motion_t98_m1.00.npz.placeholder.md
experiments/cr_scizor/stage3a/method_v02r/features/cache/can/can_demo_102_zero_motion_t44_m1.00.npz	195145	dataset, feature, index, or evaluation table artifact	experiments/cr_scizor/stage3a/method_v02r/features/cache/can/can_demo_102_zero_motion_t44_m1.00.npz.placeholder.md
experiments/cr_scizor/stage3a/method_v02r/features/cache/can/can_demo_102_zero_motion_t54_m1.00.npz	195145	dataset, feature, index, or evaluation table artifact	experiments/cr_scizor/stage3a/method_v02r/features/cache/can/can_demo_102_zero_motion_t54_m1.00.npz.placeholder.md
experiments/cr_scizor/stage3a/method_v02r/features/cache/can/can_demo_102_zero_motion_t67_m1.00.npz	195145	dataset, feature, index, or evaluation table artifact	experiments/cr_scizor/stage3a/method_v02r/features/cache/can/can_demo_102_zero_motion_t67_m1.00.npz.placeholder.md
experiments/cr_scizor/stage3a/method_v02r/features/cache/can/can_demo_102_zero_motion_t98_m1.00.npz	195145	dataset, feature, index, or evaluation table artifact	experiments/cr_scizor/stage3a/method_v02r/features/cache/can/can_demo_102_zero_motion_t98_m1.00.npz.placeholder.md
experiments/cr_scizor/stage3a/method_v02r/features/cache/can/can_demo_103_axis_impulse_t32_m1.00.npz	178513	dataset, feature, index, or evaluation table artifact	experiments/cr_scizor/stage3a/method_v02r/features/cache/can/can_demo_103_axis_impulse_t32_m1.00.npz.placeholder.md
experiments/cr_scizor/stage3a/method_v02r/features/cache/can/can_demo_103_axis_impulse_t46_m1.00.npz	178513	dataset, feature, index, or evaluation table artifact	experiments/cr_scizor/stage3a/method_v02r/features/cache/can/can_demo_103_axis_impulse_t46_m1.00.npz.placeholder.md
experiments/cr_scizor/stage3a/method_v02r/features/cache/can/can_demo_103_axis_impulse_t56_m1.00.npz	178513	dataset, feature, index, or evaluation table artifact	experiments/cr_scizor/stage3a/method_v02r/features/cache/can/can_demo_103_axis_impulse_t56_m1.00.npz.placeholder.md
experiments/cr_scizor/stage3a/method_v02r/features/cache/can/can_demo_103_axis_impulse_t90_m1.00.npz	178513	dataset, feature, index, or evaluation table artifact	experiments/cr_scizor/stage3a/method_v02r/features/cache/can/can_demo_103_axis_impulse_t90_m1.00.npz.placeholder.md
experiments/cr_scizor/stage3a/method_v02r/features/cache/can/can_demo_103_clean.npz	178513	dataset, feature, index, or evaluation table artifact	experiments/cr_scizor/stage3a/method_v02r/features/cache/can/can_demo_103_clean.npz.placeholder.md
experiments/cr_scizor/stage3a/method_v02r/features/cache/can/can_demo_103_flip_gripper_t32_m1.00.npz	178513	dataset, feature, index, or evaluation table artifact	experiments/cr_scizor/stage3a/method_v02r/features/cache/can/can_demo_103_flip_gripper_t32_m1.00.npz.placeholder.md
experiments/cr_scizor/stage3a/method_v02r/features/cache/can/can_demo_103_flip_gripper_t46_m1.00.npz	178513	dataset, feature, index, or evaluation table artifact	experiments/cr_scizor/stage3a/method_v02r/features/cache/can/can_demo_103_flip_gripper_t46_m1.00.npz.placeholder.md
experiments/cr_scizor/stage3a/method_v02r/features/cache/can/can_demo_103_flip_gripper_t56_m1.00.npz	178513	dataset, feature, index, or evaluation table artifact	experiments/cr_scizor/stage3a/method_v02r/features/cache/can/can_demo_103_flip_gripper_t56_m1.00.npz.placeholder.md
experiments/cr_scizor/stage3a/method_v02r/features/cache/can/can_demo_103_flip_gripper_t90_m1.00.npz	178513	dataset, feature, index, or evaluation table artifact	experiments/cr_scizor/stage3a/method_v02r/features/cache/can/can_demo_103_flip_gripper_t90_m1.00.npz.placeholder.md
experiments/cr_scizor/stage3a/method_v02r/features/cache/can/can_demo_103_reverse_motion_t32_m1.00.npz	178513	dataset, feature, index, or evaluation table artifact	experiments/cr_scizor/stage3a/method_v02r/features/cache/can/can_demo_103_reverse_motion_t32_m1.00.npz.placeholder.md
experiments/cr_scizor/stage3a/method_v02r/features/cache/can/can_demo_103_reverse_motion_t46_m1.00.npz	178513	dataset, feature, index, or evaluation table artifact	experiments/cr_scizor/stage3a/method_v02r/features/cache/can/can_demo_103_reverse_motion_t46_m1.00.npz.placeholder.md
experiments/cr_scizor/stage3a/method_v02r/features/cache/can/can_demo_103_reverse_motion_t56_m1.00.npz	178513	dataset, feature, index, or evaluation table artifact	experiments/cr_scizor/stage3a/method_v02r/features/cache/can/can_demo_103_reverse_motion_t56_m1.00.npz.placeholder.md
experiments/cr_scizor/stage3a/method_v02r/features/cache/can/can_demo_103_reverse_motion_t90_m1.00.npz	178513	dataset, feature, index, or evaluation table artifact	experiments/cr_scizor/stage3a/method_v02r/features/cache/can/can_demo_103_reverse_motion_t90_m1.00.npz.placeholder.md
experiments/cr_scizor/stage3a/method_v02r/features/cache/can/can_demo_103_zero_motion_t32_m1.00.npz	178513	dataset, feature, index, or evaluation table artifact	experiments/cr_scizor/stage3a/method_v02r/features/cache/can/can_demo_103_zero_motion_t32_m1.00.npz.placeholder.md
experiments/cr_scizor/stage3a/method_v02r/features/cache/can/can_demo_103_zero_motion_t46_m1.00.npz	178513	dataset, feature, index, or evaluation table artifact	experiments/cr_scizor/stage3a/method_v02r/features/cache/can/can_demo_103_zero_motion_t46_m1.00.npz.placeholder.md
experiments/cr_scizor/stage3a/method_v02r/features/cache/can/can_demo_103_zero_motion_t56_m1.00.npz	178513	dataset, feature, index, or evaluation table artifact	experiments/cr_scizor/stage3a/method_v02r/features/cache/can/can_demo_103_zero_motion_t56_m1.00.npz.placeholder.md
experiments/cr_scizor/stage3a/method_v02r/features/cache/can/can_demo_103_zero_motion_t90_m1.00.npz	178513	dataset, feature, index, or evaluation table artifact	experiments/cr_scizor/stage3a/method_v02r/features/cache/can/can_demo_103_zero_motion_t90_m1.00.npz.placeholder.md
experiments/cr_scizor/stage3a/method_v02r/features/cache/can/can_demo_106_axis_impulse_t107_m1.00.npz	224713	dataset, feature, index, or evaluation table artifact	experiments/cr_scizor/stage3a/method_v02r/features/cache/can/can_demo_106_axis_impulse_t107_m1.00.npz.placeholder.md
experiments/cr_scizor/stage3a/method_v02r/features/cache/can/can_demo_106_axis_impulse_t5_m1.00.npz	224713	dataset, feature, index, or evaluation table artifact	experiments/cr_scizor/stage3a/method_v02r/features/cache/can/can_demo_106_axis_impulse_t5_m1.00.npz.placeholder.md
experiments/cr_scizor/stage3a/method_v02r/features/cache/can/can_demo_106_axis_impulse_t60_m1.00.npz	224713	dataset, feature, index, or evaluation table artifact	experiments/cr_scizor/stage3a/method_v02r/features/cache/can/can_demo_106_axis_impulse_t60_m1.00.npz.placeholder.md
experiments/cr_scizor/stage3a/method_v02r/features/cache/can/can_demo_106_axis_impulse_t97_m1.00.npz	224713	dataset, feature, index, or evaluation table artifact	experiments/cr_scizor/stage3a/method_v02r/features/cache/can/can_demo_106_axis_impulse_t97_m1.00.npz.placeholder.md
experiments/cr_scizor/stage3a/method_v02r/features/cache/can/can_demo_106_clean.npz	224713	dataset, feature, index, or evaluation table artifact	experiments/cr_scizor/stage3a/method_v02r/features/cache/can/can_demo_106_clean.npz.placeholder.md
experiments/cr_scizor/stage3a/method_v02r/features/cache/can/can_demo_106_flip_gripper_t107_m1.00.npz	224713	dataset, feature, index, or evaluation table artifact	experiments/cr_scizor/stage3a/method_v02r/features/cache/can/can_demo_106_flip_gripper_t107_m1.00.npz.placeholder.md
experiments/cr_scizor/stage3a/method_v02r/features/cache/can/can_demo_106_flip_gripper_t5_m1.00.npz	224713	dataset, feature, index, or evaluation table artifact	experiments/cr_scizor/stage3a/method_v02r/features/cache/can/can_demo_106_flip_gripper_t5_m1.00.npz.placeholder.md
experiments/cr_scizor/stage3a/method_v02r/features/cache/can/can_demo_106_flip_gripper_t60_m1.00.npz	224713	dataset, feature, index, or evaluation table artifact	experiments/cr_scizor/stage3a/method_v02r/features/cache/can/can_demo_106_flip_gripper_t60_m1.00.npz.placeholder.md
experiments/cr_scizor/stage3a/method_v02r/features/cache/can/can_demo_106_flip_gripper_t97_m1.00.npz	224713	dataset, feature, index, or evaluation table artifact	experiments/cr_scizor/stage3a/method_v02r/features/cache/can/can_demo_106_flip_gripper_t97_m1.00.npz.placeholder.md
experiments/cr_scizor/stage3a/method_v02r/features/cache/can/can_demo_106_reverse_motion_t107_m1.00.npz	224713	dataset, feature, index, or evaluation table artifact	experiments/cr_scizor/stage3a/method_v02r/features/cache/can/can_demo_106_reverse_motion_t107_m1.00.npz.placeholder.md
experiments/cr_scizor/stage3a/method_v02r/features/cache/can/can_demo_106_reverse_motion_t5_m1.00.npz	224713	dataset, feature, index, or evaluation table artifact	experiments/cr_scizor/stage3a/method_v02r/features/cache/can/can_demo_106_reverse_motion_t5_m1.00.npz.placeholder.md
experiments/cr_scizor/stage3a/method_v02r/features/cache/can/can_demo_106_reverse_motion_t60_m1.00.npz	224713	dataset, feature, index, or evaluation table artifact	experiments/cr_scizor/stage3a/method_v02r/features/cache/can/can_demo_106_reverse_motion_t60_m1.00.npz.placeholder.md
experiments/cr_scizor/stage3a/method_v02r/features/cache/can/can_demo_106_reverse_motion_t97_m1.00.npz	224713	dataset, feature, index, or evaluation table artifact	experiments/cr_scizor/stage3a/method_v02r/features/cache/can/can_demo_106_reverse_motion_t97_m1.00.npz.placeholder.md
experiments/cr_scizor/stage3a/method_v02r/features/cache/can/can_demo_106_zero_motion_t107_m1.00.npz	224713	dataset, feature, index, or evaluation table artifact	experiments/cr_scizor/stage3a/method_v02r/features/cache/can/can_demo_106_zero_motion_t107_m1.00.npz.placeholder.md
experiments/cr_scizor/stage3a/method_v02r/features/cache/can/can_demo_106_zero_motion_t5_m1.00.npz	224713	dataset, feature, index, or evaluation table artifact	experiments/cr_scizor/stage3a/method_v02r/features/cache/can/can_demo_106_zero_motion_t5_m1.00.npz.placeholder.md
experiments/cr_scizor/stage3a/method_v02r/features/cache/can/can_demo_106_zero_motion_t60_m1.00.npz	224713	dataset, feature, index, or evaluation table artifact	experiments/cr_scizor/stage3a/method_v02r/features/cache/can/can_demo_106_zero_motion_t60_m1.00.npz.placeholder.md
experiments/cr_scizor/stage3a/method_v02r/features/cache/can/can_demo_106_zero_motion_t97_m1.00.npz	224713	dataset, feature, index, or evaluation table artifact	experiments/cr_scizor/stage3a/method_v02r/features/cache/can/can_demo_106_zero_motion_t97_m1.00.npz.placeholder.md
experiments/cr_scizor/stage3a/method_v02r/features/cache/can/can_demo_107_axis_impulse_t107_m1.00.npz	209929	dataset, feature, index, or evaluation table artifact	experiments/cr_scizor/stage3a/method_v02r/features/cache/can/can_demo_107_axis_impulse_t107_m1.00.npz.placeholder.md
experiments/cr_scizor/stage3a/method_v02r/features/cache/can/can_demo_107_axis_impulse_t49_m1.00.npz	209929	dataset, feature, index, or evaluation table artifact	experiments/cr_scizor/stage3a/method_v02r/features/cache/can/can_demo_107_axis_impulse_t49_m1.00.npz.placeholder.md
experiments/cr_scizor/stage3a/method_v02r/features/cache/can/can_demo_107_axis_impulse_t59_m1.00.npz	209929	dataset, feature, index, or evaluation table artifact	experiments/cr_scizor/stage3a/method_v02r/features/cache/can/can_demo_107_axis_impulse_t59_m1.00.npz.placeholder.md
experiments/cr_scizor/stage3a/method_v02r/features/cache/can/can_demo_107_axis_impulse_t70_m1.00.npz	209929	dataset, feature, index, or evaluation table artifact	experiments/cr_scizor/stage3a/method_v02r/features/cache/can/can_demo_107_axis_impulse_t70_m1.00.npz.placeholder.md
experiments/cr_scizor/stage3a/method_v02r/features/cache/can/can_demo_107_clean.npz	209929	dataset, feature, index, or evaluation table artifact	experiments/cr_scizor/stage3a/method_v02r/features/cache/can/can_demo_107_clean.npz.placeholder.md
experiments/cr_scizor/stage3a/method_v02r/features/cache/can/can_demo_107_flip_gripper_t107_m1.00.npz	209929	dataset, feature, index, or evaluation table artifact	experiments/cr_scizor/stage3a/method_v02r/features/cache/can/can_demo_107_flip_gripper_t107_m1.00.npz.placeholder.md
experiments/cr_scizor/stage3a/method_v02r/features/cache/can/can_demo_107_flip_gripper_t49_m1.00.npz	209929	dataset, feature, index, or evaluation table artifact	experiments/cr_scizor/stage3a/method_v02r/features/cache/can/can_demo_107_flip_gripper_t49_m1.00.npz.placeholder.md
experiments/cr_scizor/stage3a/method_v02r/features/cache/can/can_demo_107_flip_gripper_t59_m1.00.npz	209929	dataset, feature, index, or evaluation table artifact	experiments/cr_scizor/stage3a/method_v02r/features/cache/can/can_demo_107_flip_gripper_t59_m1.00.npz.placeholder.md
experiments/cr_scizor/stage3a/method_v02r/features/cache/can/can_demo_107_flip_gripper_t70_m1.00.npz	209929	dataset, feature, index, or evaluation table artifact	experiments/cr_scizor/stage3a/method_v02r/features/cache/can/can_demo_107_flip_gripper_t70_m1.00.npz.placeholder.md
experiments/cr_scizor/stage3a/method_v02r/features/cache/can/can_demo_107_reverse_motion_t107_m1.00.npz	209929	dataset, feature, index, or evaluation table artifact	experiments/cr_scizor/stage3a/method_v02r/features/cache/can/can_demo_107_reverse_motion_t107_m1.00.npz.placeholder.md
experiments/cr_scizor/stage3a/method_v02r/features/cache/can/can_demo_107_reverse_motion_t49_m1.00.npz	209929	dataset, feature, index, or evaluation table artifact	experiments/cr_scizor/stage3a/method_v02r/features/cache/can/can_demo_107_reverse_motion_t49_m1.00.npz.placeholder.md
experiments/cr_scizor/stage3a/method_v02r/features/cache/can/can_demo_107_reverse_motion_t59_m1.00.npz	209929	dataset, feature, index, or evaluation table artifact	experiments/cr_scizor/stage3a/method_v02r/features/cache/can/can_demo_107_reverse_motion_t59_m1.00.npz.placeholder.md
experiments/cr_scizor/stage3a/method_v02r/features/cache/can/can_demo_107_reverse_motion_t70_m1.00.npz	209929	dataset, feature, index, or evaluation table artifact	experiments/cr_scizor/stage3a/method_v02r/features/cache/can/can_demo_107_reverse_motion_t70_m1.00.npz.placeholder.md
experiments/cr_scizor/stage3a/method_v02r/features/cache/can/can_demo_107_zero_motion_t107_m1.00.npz	209929	dataset, feature, index, or evaluation table artifact	experiments/cr_scizor/stage3a/method_v02r/features/cache/can/can_demo_107_zero_motion_t107_m1.00.npz.placeholder.md
experiments/cr_scizor/stage3a/method_v02r/features/cache/can/can_demo_107_zero_motion_t49_m1.00.npz	209929	dataset, feature, index, or evaluation table artifact	experiments/cr_scizor/stage3a/method_v02r/features/cache/can/can_demo_107_zero_motion_t49_m1.00.npz.placeholder.md
experiments/cr_scizor/stage3a/method_v02r/features/cache/can/can_demo_107_zero_motion_t59_m1.00.npz	209929	dataset, feature, index, or evaluation table artifact	experiments/cr_scizor/stage3a/method_v02r/features/cache/can/can_demo_107_zero_motion_t59_m1.00.npz.placeholder.md
experiments/cr_scizor/stage3a/method_v02r/features/cache/can/can_demo_107_zero_motion_t70_m1.00.npz	209929	dataset, feature, index, or evaluation table artifact	experiments/cr_scizor/stage3a/method_v02r/features/cache/can/can_demo_107_zero_motion_t70_m1.00.npz.placeholder.md
experiments/cr_scizor/stage3a/method_v02r/features/cache/can/can_demo_108_axis_impulse_t39_m1.00.npz	174817	dataset, feature, index, or evaluation table artifact	experiments/cr_scizor/stage3a/method_v02r/features/cache/can/can_demo_108_axis_impulse_t39_m1.00.npz.placeholder.md
experiments/cr_scizor/stage3a/method_v02r/features/cache/can/can_demo_108_axis_impulse_t50_m1.00.npz	174817	dataset, feature, index, or evaluation table artifact	experiments/cr_scizor/stage3a/method_v02r/features/cache/can/can_demo_108_axis_impulse_t50_m1.00.npz.placeholder.md
experiments/cr_scizor/stage3a/method_v02r/features/cache/can/can_demo_108_axis_impulse_t60_m1.00.npz	174817	dataset, feature, index, or evaluation table artifact	experiments/cr_scizor/stage3a/method_v02r/features/cache/can/can_demo_108_axis_impulse_t60_m1.00.npz.placeholder.md
experiments/cr_scizor/stage3a/method_v02r/features/cache/can/can_demo_108_axis_impulse_t87_m1.00.npz	174817	dataset, feature, index, or evaluation table artifact	experiments/cr_scizor/stage3a/method_v02r/features/cache/can/can_demo_108_axis_impulse_t87_m1.00.npz.placeholder.md
experiments/cr_scizor/stage3a/method_v02r/features/cache/can/can_demo_108_clean.npz	174817	dataset, feature, index, or evaluation table artifact	experiments/cr_scizor/stage3a/method_v02r/features/cache/can/can_demo_108_clean.npz.placeholder.md
experiments/cr_scizor/stage3a/method_v02r/features/cache/can/can_demo_108_flip_gripper_t39_m1.00.npz	174817	dataset, feature, index, or evaluation table artifact	experiments/cr_scizor/stage3a/method_v02r/features/cache/can/can_demo_108_flip_gripper_t39_m1.00.npz.placeholder.md
experiments/cr_scizor/stage3a/method_v02r/features/cache/can/can_demo_108_flip_gripper_t50_m1.00.npz	174817	dataset, feature, index, or evaluation table artifact	experiments/cr_scizor/stage3a/method_v02r/features/cache/can/can_demo_108_flip_gripper_t50_m1.00.npz.placeholder.md
experiments/cr_scizor/stage3a/method_v02r/features/cache/can/can_demo_108_flip_gripper_t60_m1.00.npz	174817	dataset, feature, index, or evaluation table artifact	experiments/cr_scizor/stage3a/method_v02r/features/cache/can/can_demo_108_flip_gripper_t60_m1.00.npz.placeholder.md
experiments/cr_scizor/stage3a/method_v02r/features/cache/can/can_demo_108_flip_gripper_t87_m1.00.npz	174817	dataset, feature, index, or evaluation table artifact	experiments/cr_scizor/stage3a/method_v02r/features/cache/can/can_demo_108_flip_gripper_t87_m1.00.npz.placeholder.md
experiments/cr_scizor/stage3a/method_v02r/features/cache/can/can_demo_108_reverse_motion_t39_m1.00.npz	174817	dataset, feature, index, or evaluation table artifact	experiments/cr_scizor/stage3a/method_v02r/features/cache/can/can_demo_108_reverse_motion_t39_m1.00.npz.placeholder.md
experiments/cr_scizor/stage3a/method_v02r/features/cache/can/can_demo_108_reverse_motion_t50_m1.00.npz	174817	dataset, feature, index, or evaluation table artifact	experiments/cr_scizor/stage3a/method_v02r/features/cache/can/can_demo_108_reverse_motion_t50_m1.00.npz.placeholder.md
experiments/cr_scizor/stage3a/method_v02r/features/cache/can/can_demo_108_reverse_motion_t60_m1.00.npz	174817	dataset, feature, index, or evaluation table artifact	experiments/cr_scizor/stage3a/method_v02r/features/cache/can/can_demo_108_reverse_motion_t60_m1.00.npz.placeholder.md
experiments/cr_scizor/stage3a/method_v02r/features/cache/can/can_demo_108_reverse_motion_t87_m1.00.npz	174817	dataset, feature, index, or evaluation table artifact	experiments/cr_scizor/stage3a/method_v02r/features/cache/can/can_demo_108_reverse_motion_t87_m1.00.npz.placeholder.md
experiments/cr_scizor/stage3a/method_v02r/features/cache/can/can_demo_108_zero_motion_t39_m1.00.npz	174817	dataset, feature, index, or evaluation table artifact	experiments/cr_scizor/stage3a/method_v02r/features/cache/can/can_demo_108_zero_motion_t39_m1.00.npz.placeholder.md
experiments/cr_scizor/stage3a/method_v02r/features/cache/can/can_demo_108_zero_motion_t50_m1.00.npz	174817	dataset, feature, index, or evaluation table artifact	experiments/cr_scizor/stage3a/method_v02r/features/cache/can/can_demo_108_zero_motion_t50_m1.00.npz.placeholder.md
experiments/cr_scizor/stage3a/method_v02r/features/cache/can/can_demo_108_zero_motion_t60_m1.00.npz	174817	dataset, feature, index, or evaluation table artifact	experiments/cr_scizor/stage3a/method_v02r/features/cache/can/can_demo_108_zero_motion_t60_m1.00.npz.placeholder.md
experiments/cr_scizor/stage3a/method_v02r/features/cache/can/can_demo_108_zero_motion_t87_m1.00.npz	174817	dataset, feature, index, or evaluation table artifact	experiments/cr_scizor/stage3a/method_v02r/features/cache/can/can_demo_108_zero_motion_t87_m1.00.npz.placeholder.md
experiments/cr_scizor/stage3a/method_v02r/features/cache/can/can_demo_110_axis_impulse_t117_m1.00.npz	230257	dataset, feature, index, or evaluation table artifact	experiments/cr_scizor/stage3a/method_v02r/features/cache/can/can_demo_110_axis_impulse_t117_m1.00.npz.placeholder.md
experiments/cr_scizor/stage3a/method_v02r/features/cache/can/can_demo_110_axis_impulse_t43_m1.00.npz	230257	dataset, feature, index, or evaluation table artifact	experiments/cr_scizor/stage3a/method_v02r/features/cache/can/can_demo_110_axis_impulse_t43_m1.00.npz.placeholder.md
experiments/cr_scizor/stage3a/method_v02r/features/cache/can/can_demo_110_axis_impulse_t53_m1.00.npz	230257	dataset, feature, index, or evaluation table artifact	experiments/cr_scizor/stage3a/method_v02r/features/cache/can/can_demo_110_axis_impulse_t53_m1.00.npz.placeholder.md
experiments/cr_scizor/stage3a/method_v02r/features/cache/can/can_demo_110_axis_impulse_t71_m1.00.npz	230257	dataset, feature, index, or evaluation table artifact	experiments/cr_scizor/stage3a/method_v02r/features/cache/can/can_demo_110_axis_impulse_t71_m1.00.npz.placeholder.md
experiments/cr_scizor/stage3a/method_v02r/features/cache/can/can_demo_110_clean.npz	230257	dataset, feature, index, or evaluation table artifact	experiments/cr_scizor/stage3a/method_v02r/features/cache/can/can_demo_110_clean.npz.placeholder.md
experiments/cr_scizor/stage3a/method_v02r/features/cache/can/can_demo_110_flip_gripper_t117_m1.00.npz	230257	dataset, feature, index, or evaluation table artifact	experiments/cr_scizor/stage3a/method_v02r/features/cache/can/can_demo_110_flip_gripper_t117_m1.00.npz.placeholder.md
experiments/cr_scizor/stage3a/method_v02r/features/cache/can/can_demo_110_flip_gripper_t43_m1.00.npz	230257	dataset, feature, index, or evaluation table artifact	experiments/cr_scizor/stage3a/method_v02r/features/cache/can/can_demo_110_flip_gripper_t43_m1.00.npz.placeholder.md
experiments/cr_scizor/stage3a/method_v02r/features/cache/can/can_demo_110_flip_gripper_t53_m1.00.npz	230257	dataset, feature, index, or evaluation table artifact	experiments/cr_scizor/stage3a/method_v02r/features/cache/can/can_demo_110_flip_gripper_t53_m1.00.npz.placeholder.md
experiments/cr_scizor/stage3a/method_v02r/features/cache/can/can_demo_110_flip_gripper_t71_m1.00.npz	230257	dataset, feature, index, or evaluation table artifact	experiments/cr_scizor/stage3a/method_v02r/features/cache/can/can_demo_110_flip_gripper_t71_m1.00.npz.placeholder.md
experiments/cr_scizor/stage3a/method_v02r/features/cache/can/can_demo_110_reverse_motion_t117_m1.00.npz	230257	dataset, feature, index, or evaluation table artifact	experiments/cr_scizor/stage3a/method_v02r/features/cache/can/can_demo_110_reverse_motion_t117_m1.00.npz.placeholder.md
experiments/cr_scizor/stage3a/method_v02r/features/cache/can/can_demo_110_reverse_motion_t43_m1.00.npz	230257	dataset, feature, index, or evaluation table artifact	experiments/cr_scizor/stage3a/method_v02r/features/cache/can/can_demo_110_reverse_motion_t43_m1.00.npz.placeholder.md
experiments/cr_scizor/stage3a/method_v02r/features/cache/can/can_demo_110_reverse_motion_t53_m1.00.npz	230257	dataset, feature, index, or evaluation table artifact	experiments/cr_scizor/stage3a/method_v02r/features/cache/can/can_demo_110_reverse_motion_t53_m1.00.npz.placeholder.md
experiments/cr_scizor/stage3a/method_v02r/features/cache/can/can_demo_110_reverse_motion_t71_m1.00.npz	230257	dataset, feature, index, or evaluation table artifact	experiments/cr_scizor/stage3a/method_v02r/features/cache/can/can_demo_110_reverse_motion_t71_m1.00.npz.placeholder.md
experiments/cr_scizor/stage3a/method_v02r/features/cache/can/can_demo_110_zero_motion_t117_m1.00.npz	230257	dataset, feature, index, or evaluation table artifact	experiments/cr_scizor/stage3a/method_v02r/features/cache/can/can_demo_110_zero_motion_t117_m1.00.npz.placeholder.md
experiments/cr_scizor/stage3a/method_v02r/features/cache/can/can_demo_110_zero_motion_t43_m1.00.npz	230257	dataset, feature, index, or evaluation table artifact	experiments/cr_scizor/stage3a/method_v02r/features/cache/can/can_demo_110_zero_motion_t43_m1.00.npz.placeholder.md
experiments/cr_scizor/stage3a/method_v02r/features/cache/can/can_demo_110_zero_motion_t53_m1.00.npz	230257	dataset, feature, index, or evaluation table artifact	experiments/cr_scizor/stage3a/method_v02r/features/cache/can/can_demo_110_zero_motion_t53_m1.00.npz.placeholder.md
experiments/cr_scizor/stage3a/method_v02r/features/cache/can/can_demo_110_zero_motion_t71_m1.00.npz	230257	dataset, feature, index, or evaluation table artifact	experiments/cr_scizor/stage3a/method_v02r/features/cache/can/can_demo_110_zero_motion_t71_m1.00.npz.placeholder.md
experiments/cr_scizor/stage3a/method_v02r/features/cache/can/can_demo_111_axis_impulse_t47_m1.00.npz	196993	dataset, feature, index, or evaluation table artifact	experiments/cr_scizor/stage3a/method_v02r/features/cache/can/can_demo_111_axis_impulse_t47_m1.00.npz.placeholder.md
experiments/cr_scizor/stage3a/method_v02r/features/cache/can/can_demo_111_axis_impulse_t57_m1.00.npz	196993	dataset, feature, index, or evaluation table artifact	experiments/cr_scizor/stage3a/method_v02r/features/cache/can/can_demo_111_axis_impulse_t57_m1.00.npz.placeholder.md
experiments/cr_scizor/stage3a/method_v02r/features/cache/can/can_demo_111_axis_impulse_t77_m1.00.npz	196993	dataset, feature, index, or evaluation table artifact	experiments/cr_scizor/stage3a/method_v02r/features/cache/can/can_demo_111_axis_impulse_t77_m1.00.npz.placeholder.md
experiments/cr_scizor/stage3a/method_v02r/features/cache/can/can_demo_111_axis_impulse_t93_m1.00.npz	196993	dataset, feature, index, or evaluation table artifact	experiments/cr_scizor/stage3a/method_v02r/features/cache/can/can_demo_111_axis_impulse_t93_m1.00.npz.placeholder.md
experiments/cr_scizor/stage3a/method_v02r/features/cache/can/can_demo_111_clean.npz	196993	dataset, feature, index, or evaluation table artifact	experiments/cr_scizor/stage3a/method_v02r/features/cache/can/can_demo_111_clean.npz.placeholder.md
experiments/cr_scizor/stage3a/method_v02r/features/cache/can/can_demo_111_flip_gripper_t47_m1.00.npz	196993	dataset, feature, index, or evaluation table artifact	experiments/cr_scizor/stage3a/method_v02r/features/cache/can/can_demo_111_flip_gripper_t47_m1.00.npz.placeholder.md
experiments/cr_scizor/stage3a/method_v02r/features/cache/can/can_demo_111_flip_gripper_t57_m1.00.npz	196993	dataset, feature, index, or evaluation table artifact	experiments/cr_scizor/stage3a/method_v02r/features/cache/can/can_demo_111_flip_gripper_t57_m1.00.npz.placeholder.md
experiments/cr_scizor/stage3a/method_v02r/features/cache/can/can_demo_111_flip_gripper_t77_m1.00.npz	196993	dataset, feature, index, or evaluation table artifact	experiments/cr_scizor/stage3a/method_v02r/features/cache/can/can_demo_111_flip_gripper_t77_m1.00.npz.placeholder.md
experiments/cr_scizor/stage3a/method_v02r/features/cache/can/can_demo_111_flip_gripper_t93_m1.00.npz	196993	dataset, feature, index, or evaluation table artifact	experiments/cr_scizor/stage3a/method_v02r/features/cache/can/can_demo_111_flip_gripper_t93_m1.00.npz.placeholder.md
experiments/cr_scizor/stage3a/method_v02r/features/cache/can/can_demo_111_reverse_motion_t47_m1.00.npz	196993	dataset, feature, index, or evaluation table artifact	experiments/cr_scizor/stage3a/method_v02r/features/cache/can/can_demo_111_reverse_motion_t47_m1.00.npz.placeholder.md
experiments/cr_scizor/stage3a/method_v02r/features/cache/can/can_demo_111_reverse_motion_t57_m1.00.npz	196993	dataset, feature, index, or evaluation table artifact	experiments/cr_scizor/stage3a/method_v02r/features/cache/can/can_demo_111_reverse_motion_t57_m1.00.npz.placeholder.md
experiments/cr_scizor/stage3a/method_v02r/features/cache/can/can_demo_111_reverse_motion_t77_m1.00.npz	196993	dataset, feature, index, or evaluation table artifact	experiments/cr_scizor/stage3a/method_v02r/features/cache/can/can_demo_111_reverse_motion_t77_m1.00.npz.placeholder.md
experiments/cr_scizor/stage3a/method_v02r/features/cache/can/can_demo_111_reverse_motion_t93_m1.00.npz	196993	dataset, feature, index, or evaluation table artifact	experiments/cr_scizor/stage3a/method_v02r/features/cache/can/can_demo_111_reverse_motion_t93_m1.00.npz.placeholder.md
experiments/cr_scizor/stage3a/method_v02r/features/cache/can/can_demo_111_zero_motion_t47_m1.00.npz	196993	dataset, feature, index, or evaluation table artifact	experiments/cr_scizor/stage3a/method_v02r/features/cache/can/can_demo_111_zero_motion_t47_m1.00.npz.placeholder.md
experiments/cr_scizor/stage3a/method_v02r/features/cache/can/can_demo_111_zero_motion_t57_m1.00.npz	196993	dataset, feature, index, or evaluation table artifact	experiments/cr_scizor/stage3a/method_v02r/features/cache/can/can_demo_111_zero_motion_t57_m1.00.npz.placeholder.md
experiments/cr_scizor/stage3a/method_v02r/features/cache/can/can_demo_111_zero_motion_t77_m1.00.npz	196993	dataset, feature, index, or evaluation table artifact	experiments/cr_scizor/stage3a/method_v02r/features/cache/can/can_demo_111_zero_motion_t77_m1.00.npz.placeholder.md
experiments/cr_scizor/stage3a/method_v02r/features/cache/can/can_demo_111_zero_motion_t93_m1.00.npz	196993	dataset, feature, index, or evaluation table artifact	experiments/cr_scizor/stage3a/method_v02r/features/cache/can/can_demo_111_zero_motion_t93_m1.00.npz.placeholder.md
experiments/cr_scizor/stage3a/method_v02r/features/cache/can/can_demo_112_axis_impulse_t101_m1.00.npz	198841	dataset, feature, index, or evaluation table artifact	experiments/cr_scizor/stage3a/method_v02r/features/cache/can/can_demo_112_axis_impulse_t101_m1.00.npz.placeholder.md
experiments/cr_scizor/stage3a/method_v02r/features/cache/can/can_demo_112_axis_impulse_t41_m1.00.npz	198841	dataset, feature, index, or evaluation table artifact	experiments/cr_scizor/stage3a/method_v02r/features/cache/can/can_demo_112_axis_impulse_t41_m1.00.npz.placeholder.md
experiments/cr_scizor/stage3a/method_v02r/features/cache/can/can_demo_112_axis_impulse_t60_m1.00.npz	198841	dataset, feature, index, or evaluation table artifact	experiments/cr_scizor/stage3a/method_v02r/features/cache/can/can_demo_112_axis_impulse_t60_m1.00.npz.placeholder.md
experiments/cr_scizor/stage3a/method_v02r/features/cache/can/can_demo_112_axis_impulse_t70_m1.00.npz	198841	dataset, feature, index, or evaluation table artifact	experiments/cr_scizor/stage3a/method_v02r/features/cache/can/can_demo_112_axis_impulse_t70_m1.00.npz.placeholder.md
experiments/cr_scizor/stage3a/method_v02r/features/cache/can/can_demo_112_clean.npz	198841	dataset, feature, index, or evaluation table artifact	experiments/cr_scizor/stage3a/method_v02r/features/cache/can/can_demo_112_clean.npz.placeholder.md
experiments/cr_scizor/stage3a/method_v02r/features/cache/can/can_demo_112_flip_gripper_t101_m1.00.npz	198841	dataset, feature, index, or evaluation table artifact	experiments/cr_scizor/stage3a/method_v02r/features/cache/can/can_demo_112_flip_gripper_t101_m1.00.npz.placeholder.md
experiments/cr_scizor/stage3a/method_v02r/features/cache/can/can_demo_112_flip_gripper_t41_m1.00.npz	198841	dataset, feature, index, or evaluation table artifact	experiments/cr_scizor/stage3a/method_v02r/features/cache/can/can_demo_112_flip_gripper_t41_m1.00.npz.placeholder.md
experiments/cr_scizor/stage3a/method_v02r/features/cache/can/can_demo_112_flip_gripper_t60_m1.00.npz	198841	dataset, feature, index, or evaluation table artifact	experiments/cr_scizor/stage3a/method_v02r/features/cache/can/can_demo_112_flip_gripper_t60_m1.00.npz.placeholder.md
experiments/cr_scizor/stage3a/method_v02r/features/cache/can/can_demo_112_flip_gripper_t70_m1.00.npz	198841	dataset, feature, index, or evaluation table artifact	experiments/cr_scizor/stage3a/method_v02r/features/cache/can/can_demo_112_flip_gripper_t70_m1.00.npz.placeholder.md
experiments/cr_scizor/stage3a/method_v02r/features/cache/can/can_demo_112_reverse_motion_t101_m1.00.npz	198841	dataset, feature, index, or evaluation table artifact	experiments/cr_scizor/stage3a/method_v02r/features/cache/can/can_demo_112_reverse_motion_t101_m1.00.npz.placeholder.md
experiments/cr_scizor/stage3a/method_v02r/features/cache/can/can_demo_112_reverse_motion_t41_m1.00.npz	198841	dataset, feature, index, or evaluation table artifact	experiments/cr_scizor/stage3a/method_v02r/features/cache/can/can_demo_112_reverse_motion_t41_m1.00.npz.placeholder.md
experiments/cr_scizor/stage3a/method_v02r/features/cache/can/can_demo_112_reverse_motion_t60_m1.00.npz	198841	dataset, feature, index, or evaluation table artifact	experiments/cr_scizor/stage3a/method_v02r/features/cache/can/can_demo_112_reverse_motion_t60_m1.00.npz.placeholder.md
experiments/cr_scizor/stage3a/method_v02r/features/cache/can/can_demo_112_reverse_motion_t70_m1.00.npz	198841	dataset, feature, index, or evaluation table artifact	experiments/cr_scizor/stage3a/method_v02r/features/cache/can/can_demo_112_reverse_motion_t70_m1.00.npz.placeholder.md
experiments/cr_scizor/stage3a/method_v02r/features/cache/can/can_demo_112_zero_motion_t101_m1.00.npz	198841	dataset, feature, index, or evaluation table artifact	experiments/cr_scizor/stage3a/method_v02r/features/cache/can/can_demo_112_zero_motion_t101_m1.00.npz.placeholder.md
experiments/cr_scizor/stage3a/method_v02r/features/cache/can/can_demo_112_zero_motion_t41_m1.00.npz	198841	dataset, feature, index, or evaluation table artifact	experiments/cr_scizor/stage3a/method_v02r/features/cache/can/can_demo_112_zero_motion_t41_m1.00.npz.placeholder.md
experiments/cr_scizor/stage3a/method_v02r/features/cache/can/can_demo_112_zero_motion_t60_m1.00.npz	198841	dataset, feature, index, or evaluation table artifact	experiments/cr_scizor/stage3a/method_v02r/features/cache/can/can_demo_112_zero_motion_t60_m1.00.npz.placeholder.md
experiments/cr_scizor/stage3a/method_v02r/features/cache/can/can_demo_112_zero_motion_t70_m1.00.npz	198841	dataset, feature, index, or evaluation table artifact	experiments/cr_scizor/stage3a/method_v02r/features/cache/can/can_demo_112_zero_motion_t70_m1.00.npz.placeholder.md
experiments/cr_scizor/stage3a/method_v02r/features/cache/can/can_demo_113_axis_impulse_t101_m1.00.npz	213625	dataset, feature, index, or evaluation table artifact	experiments/cr_scizor/stage3a/method_v02r/features/cache/can/can_demo_113_axis_impulse_t101_m1.00.npz.placeholder.md
experiments/cr_scizor/stage3a/method_v02r/features/cache/can/can_demo_113_axis_impulse_t10_m1.00.npz	213625	dataset, feature, index, or evaluation table artifact	experiments/cr_scizor/stage3a/method_v02r/features/cache/can/can_demo_113_axis_impulse_t10_m1.00.npz.placeholder.md
experiments/cr_scizor/stage3a/method_v02r/features/cache/can/can_demo_113_axis_impulse_t58_m1.00.npz	213625	dataset, feature, index, or evaluation table artifact	experiments/cr_scizor/stage3a/method_v02r/features/cache/can/can_demo_113_axis_impulse_t58_m1.00.npz.placeholder.md
experiments/cr_scizor/stage3a/method_v02r/features/cache/can/can_demo_113_axis_impulse_t85_m1.00.npz	213625	dataset, feature, index, or evaluation table artifact	experiments/cr_scizor/stage3a/method_v02r/features/cache/can/can_demo_113_axis_impulse_t85_m1.00.npz.placeholder.md
experiments/cr_scizor/stage3a/method_v02r/features/cache/can/can_demo_113_clean.npz	213625	dataset, feature, index, or evaluation table artifact	experiments/cr_scizor/stage3a/method_v02r/features/cache/can/can_demo_113_clean.npz.placeholder.md
experiments/cr_scizor/stage3a/method_v02r/features/cache/can/can_demo_113_flip_gripper_t101_m1.00.npz	213625	dataset, feature, index, or evaluation table artifact	experiments/cr_scizor/stage3a/method_v02r/features/cache/can/can_demo_113_flip_gripper_t101_m1.00.npz.placeholder.md
experiments/cr_scizor/stage3a/method_v02r/features/cache/can/can_demo_113_flip_gripper_t10_m1.00.npz	213625	dataset, feature, index, or evaluation table artifact	experiments/cr_scizor/stage3a/method_v02r/features/cache/can/can_demo_113_flip_gripper_t10_m1.00.npz.placeholder.md
experiments/cr_scizor/stage3a/method_v02r/features/cache/can/can_demo_113_flip_gripper_t58_m1.00.npz	213625	dataset, feature, index, or evaluation table artifact	experiments/cr_scizor/stage3a/method_v02r/features/cache/can/can_demo_113_flip_gripper_t58_m1.00.npz.placeholder.md
experiments/cr_scizor/stage3a/method_v02r/features/cache/can/can_demo_113_flip_gripper_t85_m1.00.npz	213625	dataset, feature, index, or evaluation table artifact	experiments/cr_scizor/stage3a/method_v02r/features/cache/can/can_demo_113_flip_gripper_t85_m1.00.npz.placeholder.md
experiments/cr_scizor/stage3a/method_v02r/features/cache/can/can_demo_113_reverse_motion_t101_m1.00.npz	213625	dataset, feature, index, or evaluation table artifact	experiments/cr_scizor/stage3a/method_v02r/features/cache/can/can_demo_113_reverse_motion_t101_m1.00.npz.placeholder.md
experiments/cr_scizor/stage3a/method_v02r/features/cache/can/can_demo_113_reverse_motion_t10_m1.00.npz	213625	dataset, feature, index, or evaluation table artifact	experiments/cr_scizor/stage3a/method_v02r/features/cache/can/can_demo_113_reverse_motion_t10_m1.00.npz.placeholder.md
experiments/cr_scizor/stage3a/method_v02r/features/cache/can/can_demo_113_reverse_motion_t58_m1.00.npz	213625	dataset, feature, index, or evaluation table artifact	experiments/cr_scizor/stage3a/method_v02r/features/cache/can/can_demo_113_reverse_motion_t58_m1.00.npz.placeholder.md
experiments/cr_scizor/stage3a/method_v02r/features/cache/can/can_demo_113_reverse_motion_t85_m1.00.npz	213625	dataset, feature, index, or evaluation table artifact	experiments/cr_scizor/stage3a/method_v02r/features/cache/can/can_demo_113_reverse_motion_t85_m1.00.npz.placeholder.md
experiments/cr_scizor/stage3a/method_v02r/features/cache/can/can_demo_113_zero_motion_t101_m1.00.npz	213625	dataset, feature, index, or evaluation table artifact	experiments/cr_scizor/stage3a/method_v02r/features/cache/can/can_demo_113_zero_motion_t101_m1.00.npz.placeholder.md
experiments/cr_scizor/stage3a/method_v02r/features/cache/can/can_demo_113_zero_motion_t10_m1.00.npz	213625	dataset, feature, index, or evaluation table artifact	experiments/cr_scizor/stage3a/method_v02r/features/cache/can/can_demo_113_zero_motion_t10_m1.00.npz.placeholder.md
experiments/cr_scizor/stage3a/method_v02r/features/cache/can/can_demo_113_zero_motion_t58_m1.00.npz	213625	dataset, feature, index, or evaluation table artifact	experiments/cr_scizor/stage3a/method_v02r/features/cache/can/can_demo_113_zero_motion_t58_m1.00.npz.placeholder.md
experiments/cr_scizor/stage3a/method_v02r/features/cache/can/can_demo_113_zero_motion_t85_m1.00.npz	213625	dataset, feature, index, or evaluation table artifact	experiments/cr_scizor/stage3a/method_v02r/features/cache/can/can_demo_113_zero_motion_t85_m1.00.npz.placeholder.md
experiments/cr_scizor/stage3a/method_v02r/features/cache/can/can_demo_114_axis_impulse_t110_m1.00.npz	230257	dataset, feature, index, or evaluation table artifact	experiments/cr_scizor/stage3a/method_v02r/features/cache/can/can_demo_114_axis_impulse_t110_m1.00.npz.placeholder.md
experiments/cr_scizor/stage3a/method_v02r/features/cache/can/can_demo_114_axis_impulse_t59_m1.00.npz	230257	dataset, feature, index, or evaluation table artifact	experiments/cr_scizor/stage3a/method_v02r/features/cache/can/can_demo_114_axis_impulse_t59_m1.00.npz.placeholder.md
experiments/cr_scizor/stage3a/method_v02r/features/cache/can/can_demo_114_axis_impulse_t69_m1.00.npz	230257	dataset, feature, index, or evaluation table artifact	experiments/cr_scizor/stage3a/method_v02r/features/cache/can/can_demo_114_axis_impulse_t69_m1.00.npz.placeholder.md
experiments/cr_scizor/stage3a/method_v02r/features/cache/can/can_demo_114_axis_impulse_t99_m1.00.npz	230257	dataset, feature, index, or evaluation table artifact	experiments/cr_scizor/stage3a/method_v02r/features/cache/can/can_demo_114_axis_impulse_t99_m1.00.npz.placeholder.md
experiments/cr_scizor/stage3a/method_v02r/features/cache/can/can_demo_114_clean.npz	230257	dataset, feature, index, or evaluation table artifact	experiments/cr_scizor/stage3a/method_v02r/features/cache/can/can_demo_114_clean.npz.placeholder.md
experiments/cr_scizor/stage3a/method_v02r/features/cache/can/can_demo_114_flip_gripper_t110_m1.00.npz	230257	dataset, feature, index, or evaluation table artifact	experiments/cr_scizor/stage3a/method_v02r/features/cache/can/can_demo_114_flip_gripper_t110_m1.00.npz.placeholder.md
experiments/cr_scizor/stage3a/method_v02r/features/cache/can/can_demo_114_flip_gripper_t59_m1.00.npz	230257	dataset, feature, index, or evaluation table artifact	experiments/cr_scizor/stage3a/method_v02r/features/cache/can/can_demo_114_flip_gripper_t59_m1.00.npz.placeholder.md
experiments/cr_scizor/stage3a/method_v02r/features/cache/can/can_demo_114_flip_gripper_t69_m1.00.npz	230257	dataset, feature, index, or evaluation table artifact	experiments/cr_scizor/stage3a/method_v02r/features/cache/can/can_demo_114_flip_gripper_t69_m1.00.npz.placeholder.md
experiments/cr_scizor/stage3a/method_v02r/features/cache/can/can_demo_114_flip_gripper_t99_m1.00.npz	230257	dataset, feature, index, or evaluation table artifact	experiments/cr_scizor/stage3a/method_v02r/features/cache/can/can_demo_114_flip_gripper_t99_m1.00.npz.placeholder.md
experiments/cr_scizor/stage3a/method_v02r/features/cache/can/can_demo_114_reverse_motion_t110_m1.00.npz	230257	dataset, feature, index, or evaluation table artifact	experiments/cr_scizor/stage3a/method_v02r/features/cache/can/can_demo_114_reverse_motion_t110_m1.00.npz.placeholder.md
experiments/cr_scizor/stage3a/method_v02r/features/cache/can/can_demo_114_reverse_motion_t59_m1.00.npz	230257	dataset, feature, index, or evaluation table artifact	experiments/cr_scizor/stage3a/method_v02r/features/cache/can/can_demo_114_reverse_motion_t59_m1.00.npz.placeholder.md
experiments/cr_scizor/stage3a/method_v02r/features/cache/can/can_demo_114_reverse_motion_t69_m1.00.npz	230257	dataset, feature, index, or evaluation table artifact	experiments/cr_scizor/stage3a/method_v02r/features/cache/can/can_demo_114_reverse_motion_t69_m1.00.npz.placeholder.md
experiments/cr_scizor/stage3a/method_v02r/features/cache/can/can_demo_114_reverse_motion_t99_m1.00.npz	230257	dataset, feature, index, or evaluation table artifact	experiments/cr_scizor/stage3a/method_v02r/features/cache/can/can_demo_114_reverse_motion_t99_m1.00.npz.placeholder.md
experiments/cr_scizor/stage3a/method_v02r/features/cache/can/can_demo_114_zero_motion_t110_m1.00.npz	230257	dataset, feature, index, or evaluation table artifact	experiments/cr_scizor/stage3a/method_v02r/features/cache/can/can_demo_114_zero_motion_t110_m1.00.npz.placeholder.md
experiments/cr_scizor/stage3a/method_v02r/features/cache/can/can_demo_114_zero_motion_t59_m1.00.npz	230257	dataset, feature, index, or evaluation table artifact	experiments/cr_scizor/stage3a/method_v02r/features/cache/can/can_demo_114_zero_motion_t59_m1.00.npz.placeholder.md
experiments/cr_scizor/stage3a/method_v02r/features/cache/can/can_demo_114_zero_motion_t69_m1.00.npz	230257	dataset, feature, index, or evaluation table artifact	experiments/cr_scizor/stage3a/method_v02r/features/cache/can/can_demo_114_zero_motion_t69_m1.00.npz.placeholder.md
experiments/cr_scizor/stage3a/method_v02r/features/cache/can/can_demo_114_zero_motion_t99_m1.00.npz	230257	dataset, feature, index, or evaluation table artifact	experiments/cr_scizor/stage3a/method_v02r/features/cache/can/can_demo_114_zero_motion_t99_m1.00.npz.placeholder.md
experiments/cr_scizor/stage3a/method_v02r/features/cache/can/can_demo_115_axis_impulse_t44_m1.00.npz	195145	dataset, feature, index, or evaluation table artifact	experiments/cr_scizor/stage3a/method_v02r/features/cache/can/can_demo_115_axis_impulse_t44_m1.00.npz.placeholder.md
experiments/cr_scizor/stage3a/method_v02r/features/cache/can/can_demo_115_axis_impulse_t54_m1.00.npz	195145	dataset, feature, index, or evaluation table artifact	experiments/cr_scizor/stage3a/method_v02r/features/cache/can/can_demo_115_axis_impulse_t54_m1.00.npz.placeholder.md
experiments/cr_scizor/stage3a/method_v02r/features/cache/can/can_demo_115_axis_impulse_t77_m1.00.npz	195145	dataset, feature, index, or evaluation table artifact	experiments/cr_scizor/stage3a/method_v02r/features/cache/can/can_demo_115_axis_impulse_t77_m1.00.npz.placeholder.md
experiments/cr_scizor/stage3a/method_v02r/features/cache/can/can_demo_115_axis_impulse_t91_m1.00.npz	195145	dataset, feature, index, or evaluation table artifact	experiments/cr_scizor/stage3a/method_v02r/features/cache/can/can_demo_115_axis_impulse_t91_m1.00.npz.placeholder.md
experiments/cr_scizor/stage3a/method_v02r/features/cache/can/can_demo_115_clean.npz	195145	dataset, feature, index, or evaluation table artifact	experiments/cr_scizor/stage3a/method_v02r/features/cache/can/can_demo_115_clean.npz.placeholder.md
experiments/cr_scizor/stage3a/method_v02r/features/cache/can/can_demo_115_flip_gripper_t44_m1.00.npz	195145	dataset, feature, index, or evaluation table artifact	experiments/cr_scizor/stage3a/method_v02r/features/cache/can/can_demo_115_flip_gripper_t44_m1.00.npz.placeholder.md
experiments/cr_scizor/stage3a/method_v02r/features/cache/can/can_demo_115_flip_gripper_t54_m1.00.npz	195145	dataset, feature, index, or evaluation table artifact	experiments/cr_scizor/stage3a/method_v02r/features/cache/can/can_demo_115_flip_gripper_t54_m1.00.npz.placeholder.md
experiments/cr_scizor/stage3a/method_v02r/features/cache/can/can_demo_115_flip_gripper_t77_m1.00.npz	195145	dataset, feature, index, or evaluation table artifact	experiments/cr_scizor/stage3a/method_v02r/features/cache/can/can_demo_115_flip_gripper_t77_m1.00.npz.placeholder.md
experiments/cr_scizor/stage3a/method_v02r/features/cache/can/can_demo_115_flip_gripper_t91_m1.00.npz	195145	dataset, feature, index, or evaluation table artifact	experiments/cr_scizor/stage3a/method_v02r/features/cache/can/can_demo_115_flip_gripper_t91_m1.00.npz.placeholder.md
experiments/cr_scizor/stage3a/method_v02r/features/cache/can/can_demo_115_reverse_motion_t44_m1.00.npz	195145	dataset, feature, index, or evaluation table artifact	experiments/cr_scizor/stage3a/method_v02r/features/cache/can/can_demo_115_reverse_motion_t44_m1.00.npz.placeholder.md
experiments/cr_scizor/stage3a/method_v02r/features/cache/can/can_demo_115_reverse_motion_t54_m1.00.npz	195145	dataset, feature, index, or evaluation table artifact	experiments/cr_scizor/stage3a/method_v02r/features/cache/can/can_demo_115_reverse_motion_t54_m1.00.npz.placeholder.md
experiments/cr_scizor/stage3a/method_v02r/features/cache/can/can_demo_115_reverse_motion_t77_m1.00.npz	195145	dataset, feature, index, or evaluation table artifact	experiments/cr_scizor/stage3a/method_v02r/features/cache/can/can_demo_115_reverse_motion_t77_m1.00.npz.placeholder.md
experiments/cr_scizor/stage3a/method_v02r/features/cache/can/can_demo_115_reverse_motion_t91_m1.00.npz	195145	dataset, feature, index, or evaluation table artifact	experiments/cr_scizor/stage3a/method_v02r/features/cache/can/can_demo_115_reverse_motion_t91_m1.00.npz.placeholder.md
experiments/cr_scizor/stage3a/method_v02r/features/cache/can/can_demo_115_zero_motion_t44_m1.00.npz	195145	dataset, feature, index, or evaluation table artifact	experiments/cr_scizor/stage3a/method_v02r/features/cache/can/can_demo_115_zero_motion_t44_m1.00.npz.placeholder.md
experiments/cr_scizor/stage3a/method_v02r/features/cache/can/can_demo_115_zero_motion_t54_m1.00.npz	195145	dataset, feature, index, or evaluation table artifact	experiments/cr_scizor/stage3a/method_v02r/features/cache/can/can_demo_115_zero_motion_t54_m1.00.npz.placeholder.md
experiments/cr_scizor/stage3a/method_v02r/features/cache/can/can_demo_115_zero_motion_t77_m1.00.npz	195145	dataset, feature, index, or evaluation table artifact	experiments/cr_scizor/stage3a/method_v02r/features/cache/can/can_demo_115_zero_motion_t77_m1.00.npz.placeholder.md
experiments/cr_scizor/stage3a/method_v02r/features/cache/can/can_demo_115_zero_motion_t91_m1.00.npz	195145	dataset, feature, index, or evaluation table artifact	experiments/cr_scizor/stage3a/method_v02r/features/cache/can/can_demo_115_zero_motion_t91_m1.00.npz.placeholder.md
experiments/cr_scizor/stage3a/method_v02r/features/cache/can/can_demo_116_axis_impulse_t30_m1.00.npz	152641	dataset, feature, index, or evaluation table artifact	experiments/cr_scizor/stage3a/method_v02r/features/cache/can/can_demo_116_axis_impulse_t30_m1.00.npz.placeholder.md
experiments/cr_scizor/stage3a/method_v02r/features/cache/can/can_demo_116_axis_impulse_t47_m1.00.npz	152641	dataset, feature, index, or evaluation table artifact	experiments/cr_scizor/stage3a/method_v02r/features/cache/can/can_demo_116_axis_impulse_t47_m1.00.npz.placeholder.md
experiments/cr_scizor/stage3a/method_v02r/features/cache/can/can_demo_116_axis_impulse_t57_m1.00.npz	152641	dataset, feature, index, or evaluation table artifact	experiments/cr_scizor/stage3a/method_v02r/features/cache/can/can_demo_116_axis_impulse_t57_m1.00.npz.placeholder.md
experiments/cr_scizor/stage3a/method_v02r/features/cache/can/can_demo_116_axis_impulse_t76_m1.00.npz	152641	dataset, feature, index, or evaluation table artifact	experiments/cr_scizor/stage3a/method_v02r/features/cache/can/can_demo_116_axis_impulse_t76_m1.00.npz.placeholder.md
experiments/cr_scizor/stage3a/method_v02r/features/cache/can/can_demo_116_clean.npz	152641	dataset, feature, index, or evaluation table artifact	experiments/cr_scizor/stage3a/method_v02r/features/cache/can/can_demo_116_clean.npz.placeholder.md
experiments/cr_scizor/stage3a/method_v02r/features/cache/can/can_demo_116_flip_gripper_t30_m1.00.npz	152641	dataset, feature, index, or evaluation table artifact	experiments/cr_scizor/stage3a/method_v02r/features/cache/can/can_demo_116_flip_gripper_t30_m1.00.npz.placeholder.md
experiments/cr_scizor/stage3a/method_v02r/features/cache/can/can_demo_116_flip_gripper_t47_m1.00.npz	152641	dataset, feature, index, or evaluation table artifact	experiments/cr_scizor/stage3a/method_v02r/features/cache/can/can_demo_116_flip_gripper_t47_m1.00.npz.placeholder.md
experiments/cr_scizor/stage3a/method_v02r/features/cache/can/can_demo_116_flip_gripper_t57_m1.00.npz	152641	dataset, feature, index, or evaluation table artifact	experiments/cr_scizor/stage3a/method_v02r/features/cache/can/can_demo_116_flip_gripper_t57_m1.00.npz.placeholder.md
experiments/cr_scizor/stage3a/method_v02r/features/cache/can/can_demo_116_flip_gripper_t76_m1.00.npz	152641	dataset, feature, index, or evaluation table artifact	experiments/cr_scizor/stage3a/method_v02r/features/cache/can/can_demo_116_flip_gripper_t76_m1.00.npz.placeholder.md
experiments/cr_scizor/stage3a/method_v02r/features/cache/can/can_demo_116_reverse_motion_t30_m1.00.npz	152641	dataset, feature, index, or evaluation table artifact	experiments/cr_scizor/stage3a/method_v02r/features/cache/can/can_demo_116_reverse_motion_t30_m1.00.npz.placeholder.md
experiments/cr_scizor/stage3a/method_v02r/features/cache/can/can_demo_116_reverse_motion_t47_m1.00.npz	152641	dataset, feature, index, or evaluation table artifact	experiments/cr_scizor/stage3a/method_v02r/features/cache/can/can_demo_116_reverse_motion_t47_m1.00.npz.placeholder.md
experiments/cr_scizor/stage3a/method_v02r/features/cache/can/can_demo_116_reverse_motion_t57_m1.00.npz	152641	dataset, feature, index, or evaluation table artifact	experiments/cr_scizor/stage3a/method_v02r/features/cache/can/can_demo_116_reverse_motion_t57_m1.00.npz.placeholder.md
experiments/cr_scizor/stage3a/method_v02r/features/cache/can/can_demo_116_reverse_motion_t76_m1.00.npz	152641	dataset, feature, index, or evaluation table artifact	experiments/cr_scizor/stage3a/method_v02r/features/cache/can/can_demo_116_reverse_motion_t76_m1.00.npz.placeholder.md
experiments/cr_scizor/stage3a/method_v02r/features/cache/can/can_demo_116_zero_motion_t30_m1.00.npz	152641	dataset, feature, index, or evaluation table artifact	experiments/cr_scizor/stage3a/method_v02r/features/cache/can/can_demo_116_zero_motion_t30_m1.00.npz.placeholder.md
experiments/cr_scizor/stage3a/method_v02r/features/cache/can/can_demo_116_zero_motion_t47_m1.00.npz	152641	dataset, feature, index, or evaluation table artifact	experiments/cr_scizor/stage3a/method_v02r/features/cache/can/can_demo_116_zero_motion_t47_m1.00.npz.placeholder.md
experiments/cr_scizor/stage3a/method_v02r/features/cache/can/can_demo_116_zero_motion_t57_m1.00.npz	152641	dataset, feature, index, or evaluation table artifact	experiments/cr_scizor/stage3a/method_v02r/features/cache/can/can_demo_116_zero_motion_t57_m1.00.npz.placeholder.md
experiments/cr_scizor/stage3a/method_v02r/features/cache/can/can_demo_116_zero_motion_t76_m1.00.npz	152641	dataset, feature, index, or evaluation table artifact	experiments/cr_scizor/stage3a/method_v02r/features/cache/can/can_demo_116_zero_motion_t76_m1.00.npz.placeholder.md
experiments/cr_scizor/stage3a/method_v02r/features/cache/can/can_demo_117_axis_impulse_t115_m1.00.npz	237649	dataset, feature, index, or evaluation table artifact	experiments/cr_scizor/stage3a/method_v02r/features/cache/can/can_demo_117_axis_impulse_t115_m1.00.npz.placeholder.md
experiments/cr_scizor/stage3a/method_v02r/features/cache/can/can_demo_117_axis_impulse_t64_m1.00.npz	237649	dataset, feature, index, or evaluation table artifact	experiments/cr_scizor/stage3a/method_v02r/features/cache/can/can_demo_117_axis_impulse_t64_m1.00.npz.placeholder.md
experiments/cr_scizor/stage3a/method_v02r/features/cache/can/can_demo_117_axis_impulse_t85_m1.00.npz	237649	dataset, feature, index, or evaluation table artifact	experiments/cr_scizor/stage3a/method_v02r/features/cache/can/can_demo_117_axis_impulse_t85_m1.00.npz.placeholder.md
experiments/cr_scizor/stage3a/method_v02r/features/cache/can/can_demo_117_axis_impulse_t95_m1.00.npz	237649	dataset, feature, index, or evaluation table artifact	experiments/cr_scizor/stage3a/method_v02r/features/cache/can/can_demo_117_axis_impulse_t95_m1.00.npz.placeholder.md
experiments/cr_scizor/stage3a/method_v02r/features/cache/can/can_demo_117_clean.npz	237649	dataset, feature, index, or evaluation table artifact	experiments/cr_scizor/stage3a/method_v02r/features/cache/can/can_demo_117_clean.npz.placeholder.md
experiments/cr_scizor/stage3a/method_v02r/features/cache/can/can_demo_117_flip_gripper_t115_m1.00.npz	237649	dataset, feature, index, or evaluation table artifact	experiments/cr_scizor/stage3a/method_v02r/features/cache/can/can_demo_117_flip_gripper_t115_m1.00.npz.placeholder.md
experiments/cr_scizor/stage3a/method_v02r/features/cache/can/can_demo_117_flip_gripper_t64_m1.00.npz	237649	dataset, feature, index, or evaluation table artifact	experiments/cr_scizor/stage3a/method_v02r/features/cache/can/can_demo_117_flip_gripper_t64_m1.00.npz.placeholder.md
experiments/cr_scizor/stage3a/method_v02r/features/cache/can/can_demo_117_flip_gripper_t85_m1.00.npz	237649	dataset, feature, index, or evaluation table artifact	experiments/cr_scizor/stage3a/method_v02r/features/cache/can/can_demo_117_flip_gripper_t85_m1.00.npz.placeholder.md
experiments/cr_scizor/stage3a/method_v02r/features/cache/can/can_demo_117_flip_gripper_t95_m1.00.npz	237649	dataset, feature, index, or evaluation table artifact	experiments/cr_scizor/stage3a/method_v02r/features/cache/can/can_demo_117_flip_gripper_t95_m1.00.npz.placeholder.md
experiments/cr_scizor/stage3a/method_v02r/features/cache/can/can_demo_117_reverse_motion_t115_m1.00.npz	237649	dataset, feature, index, or evaluation table artifact	experiments/cr_scizor/stage3a/method_v02r/features/cache/can/can_demo_117_reverse_motion_t115_m1.00.npz.placeholder.md
experiments/cr_scizor/stage3a/method_v02r/features/cache/can/can_demo_117_reverse_motion_t64_m1.00.npz	237649	dataset, feature, index, or evaluation table artifact	experiments/cr_scizor/stage3a/method_v02r/features/cache/can/can_demo_117_reverse_motion_t64_m1.00.npz.placeholder.md
experiments/cr_scizor/stage3a/method_v02r/features/cache/can/can_demo_117_reverse_motion_t85_m1.00.npz	237649	dataset, feature, index, or evaluation table artifact	experiments/cr_scizor/stage3a/method_v02r/features/cache/can/can_demo_117_reverse_motion_t85_m1.00.npz.placeholder.md
experiments/cr_scizor/stage3a/method_v02r/features/cache/can/can_demo_117_reverse_motion_t95_m1.00.npz	237649	dataset, feature, index, or evaluation table artifact	experiments/cr_scizor/stage3a/method_v02r/features/cache/can/can_demo_117_reverse_motion_t95_m1.00.npz.placeholder.md
experiments/cr_scizor/stage3a/method_v02r/features/cache/can/can_demo_117_zero_motion_t115_m1.00.npz	237649	dataset, feature, index, or evaluation table artifact	experiments/cr_scizor/stage3a/method_v02r/features/cache/can/can_demo_117_zero_motion_t115_m1.00.npz.placeholder.md
experiments/cr_scizor/stage3a/method_v02r/features/cache/can/can_demo_117_zero_motion_t64_m1.00.npz	237649	dataset, feature, index, or evaluation table artifact	experiments/cr_scizor/stage3a/method_v02r/features/cache/can/can_demo_117_zero_motion_t64_m1.00.npz.placeholder.md
experiments/cr_scizor/stage3a/method_v02r/features/cache/can/can_demo_117_zero_motion_t85_m1.00.npz	237649	dataset, feature, index, or evaluation table artifact	experiments/cr_scizor/stage3a/method_v02r/features/cache/can/can_demo_117_zero_motion_t85_m1.00.npz.placeholder.md
experiments/cr_scizor/stage3a/method_v02r/features/cache/can/can_demo_117_zero_motion_t95_m1.00.npz	237649	dataset, feature, index, or evaluation table artifact	experiments/cr_scizor/stage3a/method_v02r/features/cache/can/can_demo_117_zero_motion_t95_m1.00.npz.placeholder.md
experiments/cr_scizor/stage3a/method_v02r/features/cache/can/can_demo_118_axis_impulse_t32_m1.00.npz	158185	dataset, feature, index, or evaluation table artifact	experiments/cr_scizor/stage3a/method_v02r/features/cache/can/can_demo_118_axis_impulse_t32_m1.00.npz.placeholder.md
experiments/cr_scizor/stage3a/method_v02r/features/cache/can/can_demo_118_axis_impulse_t42_m1.00.npz	158185	dataset, feature, index, or evaluation table artifact	experiments/cr_scizor/stage3a/method_v02r/features/cache/can/can_demo_118_axis_impulse_t42_m1.00.npz.placeholder.md
experiments/cr_scizor/stage3a/method_v02r/features/cache/can/can_demo_118_axis_impulse_t53_m1.00.npz	158185	dataset, feature, index, or evaluation table artifact	experiments/cr_scizor/stage3a/method_v02r/features/cache/can/can_demo_118_axis_impulse_t53_m1.00.npz.placeholder.md
experiments/cr_scizor/stage3a/method_v02r/features/cache/can/can_demo_118_axis_impulse_t78_m1.00.npz	158185	dataset, feature, index, or evaluation table artifact	experiments/cr_scizor/stage3a/method_v02r/features/cache/can/can_demo_118_axis_impulse_t78_m1.00.npz.placeholder.md
experiments/cr_scizor/stage3a/method_v02r/features/cache/can/can_demo_118_clean.npz	158185	dataset, feature, index, or evaluation table artifact	experiments/cr_scizor/stage3a/method_v02r/features/cache/can/can_demo_118_clean.npz.placeholder.md
experiments/cr_scizor/stage3a/method_v02r/features/cache/can/can_demo_118_flip_gripper_t32_m1.00.npz	158185	dataset, feature, index, or evaluation table artifact	experiments/cr_scizor/stage3a/method_v02r/features/cache/can/can_demo_118_flip_gripper_t32_m1.00.npz.placeholder.md
experiments/cr_scizor/stage3a/method_v02r/features/cache/can/can_demo_118_flip_gripper_t42_m1.00.npz	158185	dataset, feature, index, or evaluation table artifact	experiments/cr_scizor/stage3a/method_v02r/features/cache/can/can_demo_118_flip_gripper_t42_m1.00.npz.placeholder.md
experiments/cr_scizor/stage3a/method_v02r/features/cache/can/can_demo_118_flip_gripper_t53_m1.00.npz	158185	dataset, feature, index, or evaluation table artifact	experiments/cr_scizor/stage3a/method_v02r/features/cache/can/can_demo_118_flip_gripper_t53_m1.00.npz.placeholder.md
experiments/cr_scizor/stage3a/method_v02r/features/cache/can/can_demo_118_flip_gripper_t78_m1.00.npz	158185	dataset, feature, index, or evaluation table artifact	experiments/cr_scizor/stage3a/method_v02r/features/cache/can/can_demo_118_flip_gripper_t78_m1.00.npz.placeholder.md
experiments/cr_scizor/stage3a/method_v02r/features/cache/can/can_demo_118_reverse_motion_t32_m1.00.npz	158185	dataset, feature, index, or evaluation table artifact	experiments/cr_scizor/stage3a/method_v02r/features/cache/can/can_demo_118_reverse_motion_t32_m1.00.npz.placeholder.md
experiments/cr_scizor/stage3a/method_v02r/features/cache/can/can_demo_118_reverse_motion_t42_m1.00.npz	158185	dataset, feature, index, or evaluation table artifact	experiments/cr_scizor/stage3a/method_v02r/features/cache/can/can_demo_118_reverse_motion_t42_m1.00.npz.placeholder.md
experiments/cr_scizor/stage3a/method_v02r/features/cache/can/can_demo_118_reverse_motion_t53_m1.00.npz	158185	dataset, feature, index, or evaluation table artifact	experiments/cr_scizor/stage3a/method_v02r/features/cache/can/can_demo_118_reverse_motion_t53_m1.00.npz.placeholder.md
experiments/cr_scizor/stage3a/method_v02r/features/cache/can/can_demo_118_reverse_motion_t78_m1.00.npz	158185	dataset, feature, index, or evaluation table artifact	experiments/cr_scizor/stage3a/method_v02r/features/cache/can/can_demo_118_reverse_motion_t78_m1.00.npz.placeholder.md
experiments/cr_scizor/stage3a/method_v02r/features/cache/can/can_demo_118_zero_motion_t32_m1.00.npz	158185	dataset, feature, index, or evaluation table artifact	experiments/cr_scizor/stage3a/method_v02r/features/cache/can/can_demo_118_zero_motion_t32_m1.00.npz.placeholder.md
experiments/cr_scizor/stage3a/method_v02r/features/cache/can/can_demo_118_zero_motion_t42_m1.00.npz	158185	dataset, feature, index, or evaluation table artifact	experiments/cr_scizor/stage3a/method_v02r/features/cache/can/can_demo_118_zero_motion_t42_m1.00.npz.placeholder.md
experiments/cr_scizor/stage3a/method_v02r/features/cache/can/can_demo_118_zero_motion_t53_m1.00.npz	158185	dataset, feature, index, or evaluation table artifact	experiments/cr_scizor/stage3a/method_v02r/features/cache/can/can_demo_118_zero_motion_t53_m1.00.npz.placeholder.md
experiments/cr_scizor/stage3a/method_v02r/features/cache/can/can_demo_118_zero_motion_t78_m1.00.npz	158185	dataset, feature, index, or evaluation table artifact	experiments/cr_scizor/stage3a/method_v02r/features/cache/can/can_demo_118_zero_motion_t78_m1.00.npz.placeholder.md
experiments/cr_scizor/stage3a/method_v02r/features/cache/can/can_demo_119_axis_impulse_t106_m1.00.npz	222865	dataset, feature, index, or evaluation table artifact	experiments/cr_scizor/stage3a/method_v02r/features/cache/can/can_demo_119_axis_impulse_t106_m1.00.npz.placeholder.md
experiments/cr_scizor/stage3a/method_v02r/features/cache/can/can_demo_119_axis_impulse_t54_m1.00.npz	222865	dataset, feature, index, or evaluation table artifact	experiments/cr_scizor/stage3a/method_v02r/features/cache/can/can_demo_119_axis_impulse_t54_m1.00.npz.placeholder.md
experiments/cr_scizor/stage3a/method_v02r/features/cache/can/can_demo_119_axis_impulse_t64_m1.00.npz	222865	dataset, feature, index, or evaluation table artifact	experiments/cr_scizor/stage3a/method_v02r/features/cache/can/can_demo_119_axis_impulse_t64_m1.00.npz.placeholder.md
experiments/cr_scizor/stage3a/method_v02r/features/cache/can/can_demo_119_axis_impulse_t86_m1.00.npz	222865	dataset, feature, index, or evaluation table artifact	experiments/cr_scizor/stage3a/method_v02r/features/cache/can/can_demo_119_axis_impulse_t86_m1.00.npz.placeholder.md
experiments/cr_scizor/stage3a/method_v02r/features/cache/can/can_demo_119_clean.npz	222865	dataset, feature, index, or evaluation table artifact	experiments/cr_scizor/stage3a/method_v02r/features/cache/can/can_demo_119_clean.npz.placeholder.md
experiments/cr_scizor/stage3a/method_v02r/features/cache/can/can_demo_119_flip_gripper_t106_m1.00.npz	222865	dataset, feature, index, or evaluation table artifact	experiments/cr_scizor/stage3a/method_v02r/features/cache/can/can_demo_119_flip_gripper_t106_m1.00.npz.placeholder.md
experiments/cr_scizor/stage3a/method_v02r/features/cache/can/can_demo_119_flip_gripper_t54_m1.00.npz	222865	dataset, feature, index, or evaluation table artifact	experiments/cr_scizor/stage3a/method_v02r/features/cache/can/can_demo_119_flip_gripper_t54_m1.00.npz.placeholder.md
experiments/cr_scizor/stage3a/method_v02r/features/cache/can/can_demo_119_flip_gripper_t64_m1.00.npz	222865	dataset, feature, index, or evaluation table artifact	experiments/cr_scizor/stage3a/method_v02r/features/cache/can/can_demo_119_flip_gripper_t64_m1.00.npz.placeholder.md
experiments/cr_scizor/stage3a/method_v02r/features/cache/can/can_demo_119_flip_gripper_t86_m1.00.npz	222865	dataset, feature, index, or evaluation table artifact	experiments/cr_scizor/stage3a/method_v02r/features/cache/can/can_demo_119_flip_gripper_t86_m1.00.npz.placeholder.md
experiments/cr_scizor/stage3a/method_v02r/features/cache/can/can_demo_119_reverse_motion_t106_m1.00.npz	222865	dataset, feature, index, or evaluation table artifact	experiments/cr_scizor/stage3a/method_v02r/features/cache/can/can_demo_119_reverse_motion_t106_m1.00.npz.placeholder.md
experiments/cr_scizor/stage3a/method_v02r/features/cache/can/can_demo_119_reverse_motion_t54_m1.00.npz	222865	dataset, feature, index, or evaluation table artifact	experiments/cr_scizor/stage3a/method_v02r/features/cache/can/can_demo_119_reverse_motion_t54_m1.00.npz.placeholder.md
experiments/cr_scizor/stage3a/method_v02r/features/cache/can/can_demo_119_reverse_motion_t64_m1.00.npz	222865	dataset, feature, index, or evaluation table artifact	experiments/cr_scizor/stage3a/method_v02r/features/cache/can/can_demo_119_reverse_motion_t64_m1.00.npz.placeholder.md
experiments/cr_scizor/stage3a/method_v02r/features/cache/can/can_demo_119_reverse_motion_t86_m1.00.npz	222865	dataset, feature, index, or evaluation table artifact	experiments/cr_scizor/stage3a/method_v02r/features/cache/can/can_demo_119_reverse_motion_t86_m1.00.npz.placeholder.md
experiments/cr_scizor/stage3a/method_v02r/features/cache/can/can_demo_119_zero_motion_t106_m1.00.npz	222865	dataset, feature, index, or evaluation table artifact	experiments/cr_scizor/stage3a/method_v02r/features/cache/can/can_demo_119_zero_motion_t106_m1.00.npz.placeholder.md
experiments/cr_scizor/stage3a/method_v02r/features/cache/can/can_demo_119_zero_motion_t54_m1.00.npz	222865	dataset, feature, index, or evaluation table artifact	experiments/cr_scizor/stage3a/method_v02r/features/cache/can/can_demo_119_zero_motion_t54_m1.00.npz.placeholder.md
experiments/cr_scizor/stage3a/method_v02r/features/cache/can/can_demo_119_zero_motion_t64_m1.00.npz	222865	dataset, feature, index, or evaluation table artifact	experiments/cr_scizor/stage3a/method_v02r/features/cache/can/can_demo_119_zero_motion_t64_m1.00.npz.placeholder.md
experiments/cr_scizor/stage3a/method_v02r/features/cache/can/can_demo_119_zero_motion_t86_m1.00.npz	222865	dataset, feature, index, or evaluation table artifact	experiments/cr_scizor/stage3a/method_v02r/features/cache/can/can_demo_119_zero_motion_t86_m1.00.npz.placeholder.md
experiments/cr_scizor/stage3a/method_v02r/features/cache/can/can_demo_11_axis_impulse_t38_m1.00.npz	174817	dataset, feature, index, or evaluation table artifact	experiments/cr_scizor/stage3a/method_v02r/features/cache/can/can_demo_11_axis_impulse_t38_m1.00.npz.placeholder.md
experiments/cr_scizor/stage3a/method_v02r/features/cache/can/can_demo_11_axis_impulse_t48_m1.00.npz	174817	dataset, feature, index, or evaluation table artifact	experiments/cr_scizor/stage3a/method_v02r/features/cache/can/can_demo_11_axis_impulse_t48_m1.00.npz.placeholder.md
experiments/cr_scizor/stage3a/method_v02r/features/cache/can/can_demo_11_axis_impulse_t74_m1.00.npz	174817	dataset, feature, index, or evaluation table artifact	experiments/cr_scizor/stage3a/method_v02r/features/cache/can/can_demo_11_axis_impulse_t74_m1.00.npz.placeholder.md
experiments/cr_scizor/stage3a/method_v02r/features/cache/can/can_demo_11_axis_impulse_t87_m1.00.npz	174817	dataset, feature, index, or evaluation table artifact	experiments/cr_scizor/stage3a/method_v02r/features/cache/can/can_demo_11_axis_impulse_t87_m1.00.npz.placeholder.md
experiments/cr_scizor/stage3a/method_v02r/features/cache/can/can_demo_11_clean.npz	174817	dataset, feature, index, or evaluation table artifact	experiments/cr_scizor/stage3a/method_v02r/features/cache/can/can_demo_11_clean.npz.placeholder.md
experiments/cr_scizor/stage3a/method_v02r/features/cache/can/can_demo_11_flip_gripper_t38_m1.00.npz	174817	dataset, feature, index, or evaluation table artifact	experiments/cr_scizor/stage3a/method_v02r/features/cache/can/can_demo_11_flip_gripper_t38_m1.00.npz.placeholder.md
experiments/cr_scizor/stage3a/method_v02r/features/cache/can/can_demo_11_flip_gripper_t48_m1.00.npz	174817	dataset, feature, index, or evaluation table artifact	experiments/cr_scizor/stage3a/method_v02r/features/cache/can/can_demo_11_flip_gripper_t48_m1.00.npz.placeholder.md
experiments/cr_scizor/stage3a/method_v02r/features/cache/can/can_demo_11_flip_gripper_t74_m1.00.npz	174817	dataset, feature, index, or evaluation table artifact	experiments/cr_scizor/stage3a/method_v02r/features/cache/can/can_demo_11_flip_gripper_t74_m1.00.npz.placeholder.md
experiments/cr_scizor/stage3a/method_v02r/features/cache/can/can_demo_11_flip_gripper_t87_m1.00.npz	174817	dataset, feature, index, or evaluation table artifact	experiments/cr_scizor/stage3a/method_v02r/features/cache/can/can_demo_11_flip_gripper_t87_m1.00.npz.placeholder.md
experiments/cr_scizor/stage3a/method_v02r/features/cache/can/can_demo_11_reverse_motion_t38_m1.00.npz	174817	dataset, feature, index, or evaluation table artifact	experiments/cr_scizor/stage3a/method_v02r/features/cache/can/can_demo_11_reverse_motion_t38_m1.00.npz.placeholder.md
experiments/cr_scizor/stage3a/method_v02r/features/cache/can/can_demo_11_reverse_motion_t48_m1.00.npz	174817	dataset, feature, index, or evaluation table artifact	experiments/cr_scizor/stage3a/method_v02r/features/cache/can/can_demo_11_reverse_motion_t48_m1.00.npz.placeholder.md
experiments/cr_scizor/stage3a/method_v02r/features/cache/can/can_demo_11_reverse_motion_t74_m1.00.npz	174817	dataset, feature, index, or evaluation table artifact	experiments/cr_scizor/stage3a/method_v02r/features/cache/can/can_demo_11_reverse_motion_t74_m1.00.npz.placeholder.md
experiments/cr_scizor/stage3a/method_v02r/features/cache/can/can_demo_11_reverse_motion_t87_m1.00.npz	174817	dataset, feature, index, or evaluation table artifact	experiments/cr_scizor/stage3a/method_v02r/features/cache/can/can_demo_11_reverse_motion_t87_m1.00.npz.placeholder.md
experiments/cr_scizor/stage3a/method_v02r/features/cache/can/can_demo_11_zero_motion_t38_m1.00.npz	174817	dataset, feature, index, or evaluation table artifact	experiments/cr_scizor/stage3a/method_v02r/features/cache/can/can_demo_11_zero_motion_t38_m1.00.npz.placeholder.md
experiments/cr_scizor/stage3a/method_v02r/features/cache/can/can_demo_11_zero_motion_t48_m1.00.npz	174817	dataset, feature, index, or evaluation table artifact	experiments/cr_scizor/stage3a/method_v02r/features/cache/can/can_demo_11_zero_motion_t48_m1.00.npz.placeholder.md
experiments/cr_scizor/stage3a/method_v02r/features/cache/can/can_demo_11_zero_motion_t74_m1.00.npz	174817	dataset, feature, index, or evaluation table artifact	experiments/cr_scizor/stage3a/method_v02r/features/cache/can/can_demo_11_zero_motion_t74_m1.00.npz.placeholder.md
experiments/cr_scizor/stage3a/method_v02r/features/cache/can/can_demo_11_zero_motion_t87_m1.00.npz	174817	dataset, feature, index, or evaluation table artifact	experiments/cr_scizor/stage3a/method_v02r/features/cache/can/can_demo_11_zero_motion_t87_m1.00.npz.placeholder.md
experiments/cr_scizor/stage3a/method_v02r/features/cache/can/can_demo_120_axis_impulse_t36_m1.00.npz	189601	dataset, feature, index, or evaluation table artifact	experiments/cr_scizor/stage3a/method_v02r/features/cache/can/can_demo_120_axis_impulse_t36_m1.00.npz.placeholder.md
experiments/cr_scizor/stage3a/method_v02r/features/cache/can/can_demo_120_axis_impulse_t50_m1.00.npz	189601	dataset, feature, index, or evaluation table artifact	experiments/cr_scizor/stage3a/method_v02r/features/cache/can/can_demo_120_axis_impulse_t50_m1.00.npz.placeholder.md
experiments/cr_scizor/stage3a/method_v02r/features/cache/can/can_demo_120_axis_impulse_t60_m1.00.npz	189601	dataset, feature, index, or evaluation table artifact	experiments/cr_scizor/stage3a/method_v02r/features/cache/can/can_demo_120_axis_impulse_t60_m1.00.npz.placeholder.md
experiments/cr_scizor/stage3a/method_v02r/features/cache/can/can_demo_120_axis_impulse_t95_m1.00.npz	189601	dataset, feature, index, or evaluation table artifact	experiments/cr_scizor/stage3a/method_v02r/features/cache/can/can_demo_120_axis_impulse_t95_m1.00.npz.placeholder.md
experiments/cr_scizor/stage3a/method_v02r/features/cache/can/can_demo_120_clean.npz	189601	dataset, feature, index, or evaluation table artifact	experiments/cr_scizor/stage3a/method_v02r/features/cache/can/can_demo_120_clean.npz.placeholder.md
experiments/cr_scizor/stage3a/method_v02r/features/cache/can/can_demo_120_flip_gripper_t36_m1.00.npz	189601	dataset, feature, index, or evaluation table artifact	experiments/cr_scizor/stage3a/method_v02r/features/cache/can/can_demo_120_flip_gripper_t36_m1.00.npz.placeholder.md
experiments/cr_scizor/stage3a/method_v02r/features/cache/can/can_demo_120_flip_gripper_t50_m1.00.npz	189601	dataset, feature, index, or evaluation table artifact	experiments/cr_scizor/stage3a/method_v02r/features/cache/can/can_demo_120_flip_gripper_t50_m1.00.npz.placeholder.md
experiments/cr_scizor/stage3a/method_v02r/features/cache/can/can_demo_120_flip_gripper_t60_m1.00.npz	189601	dataset, feature, index, or evaluation table artifact	experiments/cr_scizor/stage3a/method_v02r/features/cache/can/can_demo_120_flip_gripper_t60_m1.00.npz.placeholder.md
experiments/cr_scizor/stage3a/method_v02r/features/cache/can/can_demo_120_flip_gripper_t95_m1.00.npz	189601	dataset, feature, index, or evaluation table artifact	experiments/cr_scizor/stage3a/method_v02r/features/cache/can/can_demo_120_flip_gripper_t95_m1.00.npz.placeholder.md
experiments/cr_scizor/stage3a/method_v02r/features/cache/can/can_demo_120_reverse_motion_t36_m1.00.npz	189601	dataset, feature, index, or evaluation table artifact	experiments/cr_scizor/stage3a/method_v02r/features/cache/can/can_demo_120_reverse_motion_t36_m1.00.npz.placeholder.md
experiments/cr_scizor/stage3a/method_v02r/features/cache/can/can_demo_120_reverse_motion_t50_m1.00.npz	189601	dataset, feature, index, or evaluation table artifact	experiments/cr_scizor/stage3a/method_v02r/features/cache/can/can_demo_120_reverse_motion_t50_m1.00.npz.placeholder.md
experiments/cr_scizor/stage3a/method_v02r/features/cache/can/can_demo_120_reverse_motion_t60_m1.00.npz	189601	dataset, feature, index, or evaluation table artifact	experiments/cr_scizor/stage3a/method_v02r/features/cache/can/can_demo_120_reverse_motion_t60_m1.00.npz.placeholder.md
experiments/cr_scizor/stage3a/method_v02r/features/cache/can/can_demo_120_reverse_motion_t95_m1.00.npz	189601	dataset, feature, index, or evaluation table artifact	experiments/cr_scizor/stage3a/method_v02r/features/cache/can/can_demo_120_reverse_motion_t95_m1.00.npz.placeholder.md
experiments/cr_scizor/stage3a/method_v02r/features/cache/can/can_demo_120_zero_motion_t36_m1.00.npz	189601	dataset, feature, index, or evaluation table artifact	experiments/cr_scizor/stage3a/method_v02r/features/cache/can/can_demo_120_zero_motion_t36_m1.00.npz.placeholder.md
experiments/cr_scizor/stage3a/method_v02r/features/cache/can/can_demo_120_zero_motion_t50_m1.00.npz	189601	dataset, feature, index, or evaluation table artifact	experiments/cr_scizor/stage3a/method_v02r/features/cache/can/can_demo_120_zero_motion_t50_m1.00.npz.placeholder.md
experiments/cr_scizor/stage3a/method_v02r/features/cache/can/can_demo_120_zero_motion_t60_m1.00.npz	189601	dataset, feature, index, or evaluation table artifact	experiments/cr_scizor/stage3a/method_v02r/features/cache/can/can_demo_120_zero_motion_t60_m1.00.npz.placeholder.md
experiments/cr_scizor/stage3a/method_v02r/features/cache/can/can_demo_120_zero_motion_t95_m1.00.npz	189601	dataset, feature, index, or evaluation table artifact	experiments/cr_scizor/stage3a/method_v02r/features/cache/can/can_demo_120_zero_motion_t95_m1.00.npz.placeholder.md
experiments/cr_scizor/stage3a/method_v02r/features/cache/can/can_demo_121_axis_impulse_t48_m1.00.npz	178513	dataset, feature, index, or evaluation table artifact	experiments/cr_scizor/stage3a/method_v02r/features/cache/can/can_demo_121_axis_impulse_t48_m1.00.npz.placeholder.md
experiments/cr_scizor/stage3a/method_v02r/features/cache/can/can_demo_121_axis_impulse_t62_m1.00.npz	178513	dataset, feature, index, or evaluation table artifact	experiments/cr_scizor/stage3a/method_v02r/features/cache/can/can_demo_121_axis_impulse_t62_m1.00.npz.placeholder.md
experiments/cr_scizor/stage3a/method_v02r/features/cache/can/can_demo_121_axis_impulse_t72_m1.00.npz	178513	dataset, feature, index, or evaluation table artifact	experiments/cr_scizor/stage3a/method_v02r/features/cache/can/can_demo_121_axis_impulse_t72_m1.00.npz.placeholder.md
experiments/cr_scizor/stage3a/method_v02r/features/cache/can/can_demo_121_axis_impulse_t82_m1.00.npz	178513	dataset, feature, index, or evaluation table artifact	experiments/cr_scizor/stage3a/method_v02r/features/cache/can/can_demo_121_axis_impulse_t82_m1.00.npz.placeholder.md
experiments/cr_scizor/stage3a/method_v02r/features/cache/can/can_demo_121_clean.npz	178513	dataset, feature, index, or evaluation table artifact	experiments/cr_scizor/stage3a/method_v02r/features/cache/can/can_demo_121_clean.npz.placeholder.md
experiments/cr_scizor/stage3a/method_v02r/features/cache/can/can_demo_121_flip_gripper_t48_m1.00.npz	178513	dataset, feature, index, or evaluation table artifact	experiments/cr_scizor/stage3a/method_v02r/features/cache/can/can_demo_121_flip_gripper_t48_m1.00.npz.placeholder.md
experiments/cr_scizor/stage3a/method_v02r/features/cache/can/can_demo_121_flip_gripper_t62_m1.00.npz	178513	dataset, feature, index, or evaluation table artifact	experiments/cr_scizor/stage3a/method_v02r/features/cache/can/can_demo_121_flip_gripper_t62_m1.00.npz.placeholder.md
experiments/cr_scizor/stage3a/method_v02r/features/cache/can/can_demo_121_flip_gripper_t72_m1.00.npz	178513	dataset, feature, index, or evaluation table artifact	experiments/cr_scizor/stage3a/method_v02r/features/cache/can/can_demo_121_flip_gripper_t72_m1.00.npz.placeholder.md
experiments/cr_scizor/stage3a/method_v02r/features/cache/can/can_demo_121_flip_gripper_t82_m1.00.npz	178513	dataset, feature, index, or evaluation table artifact	experiments/cr_scizor/stage3a/method_v02r/features/cache/can/can_demo_121_flip_gripper_t82_m1.00.npz.placeholder.md
experiments/cr_scizor/stage3a/method_v02r/features/cache/can/can_demo_121_reverse_motion_t48_m1.00.npz	178513	dataset, feature, index, or evaluation table artifact	experiments/cr_scizor/stage3a/method_v02r/features/cache/can/can_demo_121_reverse_motion_t48_m1.00.npz.placeholder.md
experiments/cr_scizor/stage3a/method_v02r/features/cache/can/can_demo_121_reverse_motion_t62_m1.00.npz	178513	dataset, feature, index, or evaluation table artifact	experiments/cr_scizor/stage3a/method_v02r/features/cache/can/can_demo_121_reverse_motion_t62_m1.00.npz.placeholder.md
experiments/cr_scizor/stage3a/method_v02r/features/cache/can/can_demo_121_reverse_motion_t72_m1.00.npz	178513	dataset, feature, index, or evaluation table artifact	experiments/cr_scizor/stage3a/method_v02r/features/cache/can/can_demo_121_reverse_motion_t72_m1.00.npz.placeholder.md
experiments/cr_scizor/stage3a/method_v02r/features/cache/can/can_demo_121_reverse_motion_t82_m1.00.npz	178513	dataset, feature, index, or evaluation table artifact	experiments/cr_scizor/stage3a/method_v02r/features/cache/can/can_demo_121_reverse_motion_t82_m1.00.npz.placeholder.md
experiments/cr_scizor/stage3a/method_v02r/features/cache/can/can_demo_121_zero_motion_t48_m1.00.npz	178513	dataset, feature, index, or evaluation table artifact	experiments/cr_scizor/stage3a/method_v02r/features/cache/can/can_demo_121_zero_motion_t48_m1.00.npz.placeholder.md
experiments/cr_scizor/stage3a/method_v02r/features/cache/can/can_demo_121_zero_motion_t62_m1.00.npz	178513	dataset, feature, index, or evaluation table artifact	experiments/cr_scizor/stage3a/method_v02r/features/cache/can/can_demo_121_zero_motion_t62_m1.00.npz.placeholder.md
experiments/cr_scizor/stage3a/method_v02r/features/cache/can/can_demo_121_zero_motion_t72_m1.00.npz	178513	dataset, feature, index, or evaluation table artifact	experiments/cr_scizor/stage3a/method_v02r/features/cache/can/can_demo_121_zero_motion_t72_m1.00.npz.placeholder.md
experiments/cr_scizor/stage3a/method_v02r/features/cache/can/can_demo_121_zero_motion_t82_m1.00.npz	178513	dataset, feature, index, or evaluation table artifact	experiments/cr_scizor/stage3a/method_v02r/features/cache/can/can_demo_121_zero_motion_t82_m1.00.npz.placeholder.md
experiments/cr_scizor/stage3a/method_v02r/features/cache/can/can_demo_122_axis_impulse_t119_m1.00.npz	233953	dataset, feature, index, or evaluation table artifact	experiments/cr_scizor/stage3a/method_v02r/features/cache/can/can_demo_122_axis_impulse_t119_m1.00.npz.placeholder.md
experiments/cr_scizor/stage3a/method_v02r/features/cache/can/can_demo_122_axis_impulse_t50_m1.00.npz	233953	dataset, feature, index, or evaluation table artifact	experiments/cr_scizor/stage3a/method_v02r/features/cache/can/can_demo_122_axis_impulse_t50_m1.00.npz.placeholder.md
experiments/cr_scizor/stage3a/method_v02r/features/cache/can/can_demo_122_axis_impulse_t60_m1.00.npz	233953	dataset, feature, index, or evaluation table artifact	experiments/cr_scizor/stage3a/method_v02r/features/cache/can/can_demo_122_axis_impulse_t60_m1.00.npz.placeholder.md
experiments/cr_scizor/stage3a/method_v02r/features/cache/can/can_demo_122_axis_impulse_t76_m1.00.npz	233953	dataset, feature, index, or evaluation table artifact	experiments/cr_scizor/stage3a/method_v02r/features/cache/can/can_demo_122_axis_impulse_t76_m1.00.npz.placeholder.md
experiments/cr_scizor/stage3a/method_v02r/features/cache/can/can_demo_122_clean.npz	233953	dataset, feature, index, or evaluation table artifact	experiments/cr_scizor/stage3a/method_v02r/features/cache/can/can_demo_122_clean.npz.placeholder.md
experiments/cr_scizor/stage3a/method_v02r/features/cache/can/can_demo_122_flip_gripper_t119_m1.00.npz	233953	dataset, feature, index, or evaluation table artifact	experiments/cr_scizor/stage3a/method_v02r/features/cache/can/can_demo_122_flip_gripper_t119_m1.00.npz.placeholder.md
experiments/cr_scizor/stage3a/method_v02r/features/cache/can/can_demo_122_flip_gripper_t50_m1.00.npz	233953	dataset, feature, index, or evaluation table artifact	experiments/cr_scizor/stage3a/method_v02r/features/cache/can/can_demo_122_flip_gripper_t50_m1.00.npz.placeholder.md
experiments/cr_scizor/stage3a/method_v02r/features/cache/can/can_demo_122_flip_gripper_t60_m1.00.npz	233953	dataset, feature, index, or evaluation table artifact	experiments/cr_scizor/stage3a/method_v02r/features/cache/can/can_demo_122_flip_gripper_t60_m1.00.npz.placeholder.md
experiments/cr_scizor/stage3a/method_v02r/features/cache/can/can_demo_122_flip_gripper_t76_m1.00.npz	233953	dataset, feature, index, or evaluation table artifact	experiments/cr_scizor/stage3a/method_v02r/features/cache/can/can_demo_122_flip_gripper_t76_m1.00.npz.placeholder.md
experiments/cr_scizor/stage3a/method_v02r/features/cache/can/can_demo_122_reverse_motion_t119_m1.00.npz	233953	dataset, feature, index, or evaluation table artifact	experiments/cr_scizor/stage3a/method_v02r/features/cache/can/can_demo_122_reverse_motion_t119_m1.00.npz.placeholder.md
experiments/cr_scizor/stage3a/method_v02r/features/cache/can/can_demo_122_reverse_motion_t50_m1.00.npz	233953	dataset, feature, index, or evaluation table artifact	experiments/cr_scizor/stage3a/method_v02r/features/cache/can/can_demo_122_reverse_motion_t50_m1.00.npz.placeholder.md
experiments/cr_scizor/stage3a/method_v02r/features/cache/can/can_demo_122_reverse_motion_t60_m1.00.npz	233953	dataset, feature, index, or evaluation table artifact	experiments/cr_scizor/stage3a/method_v02r/features/cache/can/can_demo_122_reverse_motion_t60_m1.00.npz.placeholder.md
experiments/cr_scizor/stage3a/method_v02r/features/cache/can/can_demo_122_reverse_motion_t76_m1.00.npz	233953	dataset, feature, index, or evaluation table artifact	experiments/cr_scizor/stage3a/method_v02r/features/cache/can/can_demo_122_reverse_motion_t76_m1.00.npz.placeholder.md
experiments/cr_scizor/stage3a/method_v02r/features/cache/can/can_demo_122_zero_motion_t119_m1.00.npz	233953	dataset, feature, index, or evaluation table artifact	experiments/cr_scizor/stage3a/method_v02r/features/cache/can/can_demo_122_zero_motion_t119_m1.00.npz.placeholder.md
experiments/cr_scizor/stage3a/method_v02r/features/cache/can/can_demo_122_zero_motion_t50_m1.00.npz	233953	dataset, feature, index, or evaluation table artifact	experiments/cr_scizor/stage3a/method_v02r/features/cache/can/can_demo_122_zero_motion_t50_m1.00.npz.placeholder.md
experiments/cr_scizor/stage3a/method_v02r/features/cache/can/can_demo_122_zero_motion_t60_m1.00.npz	233953	dataset, feature, index, or evaluation table artifact	experiments/cr_scizor/stage3a/method_v02r/features/cache/can/can_demo_122_zero_motion_t60_m1.00.npz.placeholder.md
experiments/cr_scizor/stage3a/method_v02r/features/cache/can/can_demo_122_zero_motion_t76_m1.00.npz	233953	dataset, feature, index, or evaluation table artifact	experiments/cr_scizor/stage3a/method_v02r/features/cache/can/can_demo_122_zero_motion_t76_m1.00.npz.placeholder.md
experiments/cr_scizor/stage3a/method_v02r/features/cache/can/can_demo_123_axis_impulse_t138_m1.00.npz	270913	dataset, feature, index, or evaluation table artifact	experiments/cr_scizor/stage3a/method_v02r/features/cache/can/can_demo_123_axis_impulse_t138_m1.00.npz.placeholder.md
experiments/cr_scizor/stage3a/method_v02r/features/cache/can/can_demo_123_axis_impulse_t68_m1.00.npz	270913	dataset, feature, index, or evaluation table artifact	experiments/cr_scizor/stage3a/method_v02r/features/cache/can/can_demo_123_axis_impulse_t68_m1.00.npz.placeholder.md
experiments/cr_scizor/stage3a/method_v02r/features/cache/can/can_demo_123_axis_impulse_t78_m1.00.npz	270913	dataset, feature, index, or evaluation table artifact	experiments/cr_scizor/stage3a/method_v02r/features/cache/can/can_demo_123_axis_impulse_t78_m1.00.npz.placeholder.md
experiments/cr_scizor/stage3a/method_v02r/features/cache/can/can_demo_123_axis_impulse_t92_m1.00.npz	270913	dataset, feature, index, or evaluation table artifact	experiments/cr_scizor/stage3a/method_v02r/features/cache/can/can_demo_123_axis_impulse_t92_m1.00.npz.placeholder.md
experiments/cr_scizor/stage3a/method_v02r/features/cache/can/can_demo_123_clean.npz	270913	dataset, feature, index, or evaluation table artifact	experiments/cr_scizor/stage3a/method_v02r/features/cache/can/can_demo_123_clean.npz.placeholder.md
experiments/cr_scizor/stage3a/method_v02r/features/cache/can/can_demo_123_flip_gripper_t138_m1.00.npz	270913	dataset, feature, index, or evaluation table artifact	experiments/cr_scizor/stage3a/method_v02r/features/cache/can/can_demo_123_flip_gripper_t138_m1.00.npz.placeholder.md
experiments/cr_scizor/stage3a/method_v02r/features/cache/can/can_demo_123_flip_gripper_t68_m1.00.npz	270913	dataset, feature, index, or evaluation table artifact	experiments/cr_scizor/stage3a/method_v02r/features/cache/can/can_demo_123_flip_gripper_t68_m1.00.npz.placeholder.md
experiments/cr_scizor/stage3a/method_v02r/features/cache/can/can_demo_123_flip_gripper_t78_m1.00.npz	270913	dataset, feature, index, or evaluation table artifact	experiments/cr_scizor/stage3a/method_v02r/features/cache/can/can_demo_123_flip_gripper_t78_m1.00.npz.placeholder.md
experiments/cr_scizor/stage3a/method_v02r/features/cache/can/can_demo_123_flip_gripper_t92_m1.00.npz	270913	dataset, feature, index, or evaluation table artifact	experiments/cr_scizor/stage3a/method_v02r/features/cache/can/can_demo_123_flip_gripper_t92_m1.00.npz.placeholder.md
experiments/cr_scizor/stage3a/method_v02r/features/cache/can/can_demo_123_reverse_motion_t138_m1.00.npz	270913	dataset, feature, index, or evaluation table artifact	experiments/cr_scizor/stage3a/method_v02r/features/cache/can/can_demo_123_reverse_motion_t138_m1.00.npz.placeholder.md
experiments/cr_scizor/stage3a/method_v02r/features/cache/can/can_demo_123_reverse_motion_t68_m1.00.npz	270913	dataset, feature, index, or evaluation table artifact	experiments/cr_scizor/stage3a/method_v02r/features/cache/can/can_demo_123_reverse_motion_t68_m1.00.npz.placeholder.md
experiments/cr_scizor/stage3a/method_v02r/features/cache/can/can_demo_123_reverse_motion_t78_m1.00.npz	270913	dataset, feature, index, or evaluation table artifact	experiments/cr_scizor/stage3a/method_v02r/features/cache/can/can_demo_123_reverse_motion_t78_m1.00.npz.placeholder.md
experiments/cr_scizor/stage3a/method_v02r/features/cache/can/can_demo_123_reverse_motion_t92_m1.00.npz	270913	dataset, feature, index, or evaluation table artifact	experiments/cr_scizor/stage3a/method_v02r/features/cache/can/can_demo_123_reverse_motion_t92_m1.00.npz.placeholder.md
experiments/cr_scizor/stage3a/method_v02r/features/cache/can/can_demo_123_zero_motion_t138_m1.00.npz	270913	dataset, feature, index, or evaluation table artifact	experiments/cr_scizor/stage3a/method_v02r/features/cache/can/can_demo_123_zero_motion_t138_m1.00.npz.placeholder.md
experiments/cr_scizor/stage3a/method_v02r/features/cache/can/can_demo_123_zero_motion_t68_m1.00.npz	270913	dataset, feature, index, or evaluation table artifact	experiments/cr_scizor/stage3a/method_v02r/features/cache/can/can_demo_123_zero_motion_t68_m1.00.npz.placeholder.md
experiments/cr_scizor/stage3a/method_v02r/features/cache/can/can_demo_123_zero_motion_t78_m1.00.npz	270913	dataset, feature, index, or evaluation table artifact	experiments/cr_scizor/stage3a/method_v02r/features/cache/can/can_demo_123_zero_motion_t78_m1.00.npz.placeholder.md
experiments/cr_scizor/stage3a/method_v02r/features/cache/can/can_demo_123_zero_motion_t92_m1.00.npz	270913	dataset, feature, index, or evaluation table artifact	experiments/cr_scizor/stage3a/method_v02r/features/cache/can/can_demo_123_zero_motion_t92_m1.00.npz.placeholder.md
experiments/cr_scizor/stage3a/method_v02r/features/cache/can/can_demo_124_axis_impulse_t119_m1.00.npz	239497	dataset, feature, index, or evaluation table artifact	experiments/cr_scizor/stage3a/method_v02r/features/cache/can/can_demo_124_axis_impulse_t119_m1.00.npz.placeholder.md
experiments/cr_scizor/stage3a/method_v02r/features/cache/can/can_demo_124_axis_impulse_t50_m1.00.npz	239497	dataset, feature, index, or evaluation table artifact	experiments/cr_scizor/stage3a/method_v02r/features/cache/can/can_demo_124_axis_impulse_t50_m1.00.npz.placeholder.md
experiments/cr_scizor/stage3a/method_v02r/features/cache/can/can_demo_124_axis_impulse_t60_m1.00.npz	239497	dataset, feature, index, or evaluation table artifact	experiments/cr_scizor/stage3a/method_v02r/features/cache/can/can_demo_124_axis_impulse_t60_m1.00.npz.placeholder.md
experiments/cr_scizor/stage3a/method_v02r/features/cache/can/can_demo_124_axis_impulse_t75_m1.00.npz	239497	dataset, feature, index, or evaluation table artifact	experiments/cr_scizor/stage3a/method_v02r/features/cache/can/can_demo_124_axis_impulse_t75_m1.00.npz.placeholder.md
experiments/cr_scizor/stage3a/method_v02r/features/cache/can/can_demo_124_clean.npz	239497	dataset, feature, index, or evaluation table artifact	experiments/cr_scizor/stage3a/method_v02r/features/cache/can/can_demo_124_clean.npz.placeholder.md
experiments/cr_scizor/stage3a/method_v02r/features/cache/can/can_demo_124_flip_gripper_t119_m1.00.npz	239497	dataset, feature, index, or evaluation table artifact	experiments/cr_scizor/stage3a/method_v02r/features/cache/can/can_demo_124_flip_gripper_t119_m1.00.npz.placeholder.md
experiments/cr_scizor/stage3a/method_v02r/features/cache/can/can_demo_124_flip_gripper_t50_m1.00.npz	239497	dataset, feature, index, or evaluation table artifact	experiments/cr_scizor/stage3a/method_v02r/features/cache/can/can_demo_124_flip_gripper_t50_m1.00.npz.placeholder.md
experiments/cr_scizor/stage3a/method_v02r/features/cache/can/can_demo_124_flip_gripper_t60_m1.00.npz	239497	dataset, feature, index, or evaluation table artifact	experiments/cr_scizor/stage3a/method_v02r/features/cache/can/can_demo_124_flip_gripper_t60_m1.00.npz.placeholder.md
experiments/cr_scizor/stage3a/method_v02r/features/cache/can/can_demo_124_flip_gripper_t75_m1.00.npz	239497	dataset, feature, index, or evaluation table artifact	experiments/cr_scizor/stage3a/method_v02r/features/cache/can/can_demo_124_flip_gripper_t75_m1.00.npz.placeholder.md
experiments/cr_scizor/stage3a/method_v02r/features/cache/can/can_demo_124_reverse_motion_t119_m1.00.npz	239497	dataset, feature, index, or evaluation table artifact	experiments/cr_scizor/stage3a/method_v02r/features/cache/can/can_demo_124_reverse_motion_t119_m1.00.npz.placeholder.md
experiments/cr_scizor/stage3a/method_v02r/features/cache/can/can_demo_124_reverse_motion_t50_m1.00.npz	239497	dataset, feature, index, or evaluation table artifact	experiments/cr_scizor/stage3a/method_v02r/features/cache/can/can_demo_124_reverse_motion_t50_m1.00.npz.placeholder.md
experiments/cr_scizor/stage3a/method_v02r/features/cache/can/can_demo_124_reverse_motion_t60_m1.00.npz	239497	dataset, feature, index, or evaluation table artifact	experiments/cr_scizor/stage3a/method_v02r/features/cache/can/can_demo_124_reverse_motion_t60_m1.00.npz.placeholder.md
experiments/cr_scizor/stage3a/method_v02r/features/cache/can/can_demo_124_reverse_motion_t75_m1.00.npz	239497	dataset, feature, index, or evaluation table artifact	experiments/cr_scizor/stage3a/method_v02r/features/cache/can/can_demo_124_reverse_motion_t75_m1.00.npz.placeholder.md
experiments/cr_scizor/stage3a/method_v02r/features/cache/can/can_demo_124_zero_motion_t119_m1.00.npz	239497	dataset, feature, index, or evaluation table artifact	experiments/cr_scizor/stage3a/method_v02r/features/cache/can/can_demo_124_zero_motion_t119_m1.00.npz.placeholder.md
experiments/cr_scizor/stage3a/method_v02r/features/cache/can/can_demo_124_zero_motion_t50_m1.00.npz	239497	dataset, feature, index, or evaluation table artifact	experiments/cr_scizor/stage3a/method_v02r/features/cache/can/can_demo_124_zero_motion_t50_m1.00.npz.placeholder.md
experiments/cr_scizor/stage3a/method_v02r/features/cache/can/can_demo_124_zero_motion_t60_m1.00.npz	239497	dataset, feature, index, or evaluation table artifact	experiments/cr_scizor/stage3a/method_v02r/features/cache/can/can_demo_124_zero_motion_t60_m1.00.npz.placeholder.md
experiments/cr_scizor/stage3a/method_v02r/features/cache/can/can_demo_124_zero_motion_t75_m1.00.npz	239497	dataset, feature, index, or evaluation table artifact	experiments/cr_scizor/stage3a/method_v02r/features/cache/can/can_demo_124_zero_motion_t75_m1.00.npz.placeholder.md
experiments/cr_scizor/stage3a/method_v02r/features/cache/can/can_demo_127_axis_impulse_t52_m1.00.npz	191449	dataset, feature, index, or evaluation table artifact	experiments/cr_scizor/stage3a/method_v02r/features/cache/can/can_demo_127_axis_impulse_t52_m1.00.npz.placeholder.md
experiments/cr_scizor/stage3a/method_v02r/features/cache/can/can_demo_127_axis_impulse_t62_m1.00.npz	191449	dataset, feature, index, or evaluation table artifact	experiments/cr_scizor/stage3a/method_v02r/features/cache/can/can_demo_127_axis_impulse_t62_m1.00.npz.placeholder.md
experiments/cr_scizor/stage3a/method_v02r/features/cache/can/can_demo_127_axis_impulse_t78_m1.00.npz	191449	dataset, feature, index, or evaluation table artifact	experiments/cr_scizor/stage3a/method_v02r/features/cache/can/can_demo_127_axis_impulse_t78_m1.00.npz.placeholder.md
experiments/cr_scizor/stage3a/method_v02r/features/cache/can/can_demo_127_axis_impulse_t90_m1.00.npz	191449	dataset, feature, index, or evaluation table artifact	experiments/cr_scizor/stage3a/method_v02r/features/cache/can/can_demo_127_axis_impulse_t90_m1.00.npz.placeholder.md
experiments/cr_scizor/stage3a/method_v02r/features/cache/can/can_demo_127_clean.npz	191449	dataset, feature, index, or evaluation table artifact	experiments/cr_scizor/stage3a/method_v02r/features/cache/can/can_demo_127_clean.npz.placeholder.md
experiments/cr_scizor/stage3a/method_v02r/features/cache/can/can_demo_127_flip_gripper_t52_m1.00.npz	191449	dataset, feature, index, or evaluation table artifact	experiments/cr_scizor/stage3a/method_v02r/features/cache/can/can_demo_127_flip_gripper_t52_m1.00.npz.placeholder.md
experiments/cr_scizor/stage3a/method_v02r/features/cache/can/can_demo_127_flip_gripper_t62_m1.00.npz	191449	dataset, feature, index, or evaluation table artifact	experiments/cr_scizor/stage3a/method_v02r/features/cache/can/can_demo_127_flip_gripper_t62_m1.00.npz.placeholder.md
experiments/cr_scizor/stage3a/method_v02r/features/cache/can/can_demo_127_flip_gripper_t78_m1.00.npz	191449	dataset, feature, index, or evaluation table artifact	experiments/cr_scizor/stage3a/method_v02r/features/cache/can/can_demo_127_flip_gripper_t78_m1.00.npz.placeholder.md
experiments/cr_scizor/stage3a/method_v02r/features/cache/can/can_demo_127_flip_gripper_t90_m1.00.npz	191449	dataset, feature, index, or evaluation table artifact	experiments/cr_scizor/stage3a/method_v02r/features/cache/can/can_demo_127_flip_gripper_t90_m1.00.npz.placeholder.md
experiments/cr_scizor/stage3a/method_v02r/features/cache/can/can_demo_127_reverse_motion_t52_m1.00.npz	191449	dataset, feature, index, or evaluation table artifact	experiments/cr_scizor/stage3a/method_v02r/features/cache/can/can_demo_127_reverse_motion_t52_m1.00.npz.placeholder.md
experiments/cr_scizor/stage3a/method_v02r/features/cache/can/can_demo_127_reverse_motion_t62_m1.00.npz	191449	dataset, feature, index, or evaluation table artifact	experiments/cr_scizor/stage3a/method_v02r/features/cache/can/can_demo_127_reverse_motion_t62_m1.00.npz.placeholder.md
experiments/cr_scizor/stage3a/method_v02r/features/cache/can/can_demo_127_reverse_motion_t78_m1.00.npz	191449	dataset, feature, index, or evaluation table artifact	experiments/cr_scizor/stage3a/method_v02r/features/cache/can/can_demo_127_reverse_motion_t78_m1.00.npz.placeholder.md
experiments/cr_scizor/stage3a/method_v02r/features/cache/can/can_demo_127_reverse_motion_t90_m1.00.npz	191449	dataset, feature, index, or evaluation table artifact	experiments/cr_scizor/stage3a/method_v02r/features/cache/can/can_demo_127_reverse_motion_t90_m1.00.npz.placeholder.md
experiments/cr_scizor/stage3a/method_v02r/features/cache/can/can_demo_127_zero_motion_t52_m1.00.npz	191449	dataset, feature, index, or evaluation table artifact	experiments/cr_scizor/stage3a/method_v02r/features/cache/can/can_demo_127_zero_motion_t52_m1.00.npz.placeholder.md
experiments/cr_scizor/stage3a/method_v02r/features/cache/can/can_demo_127_zero_motion_t62_m1.00.npz	191449	dataset, feature, index, or evaluation table artifact	experiments/cr_scizor/stage3a/method_v02r/features/cache/can/can_demo_127_zero_motion_t62_m1.00.npz.placeholder.md
experiments/cr_scizor/stage3a/method_v02r/features/cache/can/can_demo_127_zero_motion_t78_m1.00.npz	191449	dataset, feature, index, or evaluation table artifact	experiments/cr_scizor/stage3a/method_v02r/features/cache/can/can_demo_127_zero_motion_t78_m1.00.npz.placeholder.md
experiments/cr_scizor/stage3a/method_v02r/features/cache/can/can_demo_127_zero_motion_t90_m1.00.npz	191449	dataset, feature, index, or evaluation table artifact	experiments/cr_scizor/stage3a/method_v02r/features/cache/can/can_demo_127_zero_motion_t90_m1.00.npz.placeholder.md
experiments/cr_scizor/stage3a/method_v02r/features/cache/can/can_demo_131_axis_impulse_t116_m1.00.npz	233953	dataset, feature, index, or evaluation table artifact	experiments/cr_scizor/stage3a/method_v02r/features/cache/can/can_demo_131_axis_impulse_t116_m1.00.npz.placeholder.md
experiments/cr_scizor/stage3a/method_v02r/features/cache/can/can_demo_131_axis_impulse_t51_m1.00.npz	233953	dataset, feature, index, or evaluation table artifact	experiments/cr_scizor/stage3a/method_v02r/features/cache/can/can_demo_131_axis_impulse_t51_m1.00.npz.placeholder.md
experiments/cr_scizor/stage3a/method_v02r/features/cache/can/can_demo_131_axis_impulse_t61_m1.00.npz	233953	dataset, feature, index, or evaluation table artifact	experiments/cr_scizor/stage3a/method_v02r/features/cache/can/can_demo_131_axis_impulse_t61_m1.00.npz.placeholder.md
experiments/cr_scizor/stage3a/method_v02r/features/cache/can/can_demo_131_axis_impulse_t80_m1.00.npz	233953	dataset, feature, index, or evaluation table artifact	experiments/cr_scizor/stage3a/method_v02r/features/cache/can/can_demo_131_axis_impulse_t80_m1.00.npz.placeholder.md
experiments/cr_scizor/stage3a/method_v02r/features/cache/can/can_demo_131_clean.npz	233953	dataset, feature, index, or evaluation table artifact	experiments/cr_scizor/stage3a/method_v02r/features/cache/can/can_demo_131_clean.npz.placeholder.md
experiments/cr_scizor/stage3a/method_v02r/features/cache/can/can_demo_131_flip_gripper_t116_m1.00.npz	233953	dataset, feature, index, or evaluation table artifact	experiments/cr_scizor/stage3a/method_v02r/features/cache/can/can_demo_131_flip_gripper_t116_m1.00.npz.placeholder.md
experiments/cr_scizor/stage3a/method_v02r/features/cache/can/can_demo_131_flip_gripper_t51_m1.00.npz	233953	dataset, feature, index, or evaluation table artifact	experiments/cr_scizor/stage3a/method_v02r/features/cache/can/can_demo_131_flip_gripper_t51_m1.00.npz.placeholder.md
experiments/cr_scizor/stage3a/method_v02r/features/cache/can/can_demo_131_flip_gripper_t61_m1.00.npz	233953	dataset, feature, index, or evaluation table artifact	experiments/cr_scizor/stage3a/method_v02r/features/cache/can/can_demo_131_flip_gripper_t61_m1.00.npz.placeholder.md
experiments/cr_scizor/stage3a/method_v02r/features/cache/can/can_demo_131_flip_gripper_t80_m1.00.npz	233953	dataset, feature, index, or evaluation table artifact	experiments/cr_scizor/stage3a/method_v02r/features/cache/can/can_demo_131_flip_gripper_t80_m1.00.npz.placeholder.md
experiments/cr_scizor/stage3a/method_v02r/features/cache/can/can_demo_131_reverse_motion_t116_m1.00.npz	233953	dataset, feature, index, or evaluation table artifact	experiments/cr_scizor/stage3a/method_v02r/features/cache/can/can_demo_131_reverse_motion_t116_m1.00.npz.placeholder.md
experiments/cr_scizor/stage3a/method_v02r/features/cache/can/can_demo_131_reverse_motion_t51_m1.00.npz	233953	dataset, feature, index, or evaluation table artifact	experiments/cr_scizor/stage3a/method_v02r/features/cache/can/can_demo_131_reverse_motion_t51_m1.00.npz.placeholder.md
experiments/cr_scizor/stage3a/method_v02r/features/cache/can/can_demo_131_reverse_motion_t61_m1.00.npz	233953	dataset, feature, index, or evaluation table artifact	experiments/cr_scizor/stage3a/method_v02r/features/cache/can/can_demo_131_reverse_motion_t61_m1.00.npz.placeholder.md
experiments/cr_scizor/stage3a/method_v02r/features/cache/can/can_demo_131_reverse_motion_t80_m1.00.npz	233953	dataset, feature, index, or evaluation table artifact	experiments/cr_scizor/stage3a/method_v02r/features/cache/can/can_demo_131_reverse_motion_t80_m1.00.npz.placeholder.md
experiments/cr_scizor/stage3a/method_v02r/features/cache/can/can_demo_131_zero_motion_t116_m1.00.npz	233953	dataset, feature, index, or evaluation table artifact	experiments/cr_scizor/stage3a/method_v02r/features/cache/can/can_demo_131_zero_motion_t116_m1.00.npz.placeholder.md
experiments/cr_scizor/stage3a/method_v02r/features/cache/can/can_demo_131_zero_motion_t51_m1.00.npz	233953	dataset, feature, index, or evaluation table artifact	experiments/cr_scizor/stage3a/method_v02r/features/cache/can/can_demo_131_zero_motion_t51_m1.00.npz.placeholder.md
experiments/cr_scizor/stage3a/method_v02r/features/cache/can/can_demo_131_zero_motion_t61_m1.00.npz	233953	dataset, feature, index, or evaluation table artifact	experiments/cr_scizor/stage3a/method_v02r/features/cache/can/can_demo_131_zero_motion_t61_m1.00.npz.placeholder.md
experiments/cr_scizor/stage3a/method_v02r/features/cache/can/can_demo_131_zero_motion_t80_m1.00.npz	233953	dataset, feature, index, or evaluation table artifact	experiments/cr_scizor/stage3a/method_v02r/features/cache/can/can_demo_131_zero_motion_t80_m1.00.npz.placeholder.md
experiments/cr_scizor/stage3a/method_v02r/features/cache/can/can_demo_132_axis_impulse_t106_m1.00.npz	213625	dataset, feature, index, or evaluation table artifact	experiments/cr_scizor/stage3a/method_v02r/features/cache/can/can_demo_132_axis_impulse_t106_m1.00.npz.placeholder.md
experiments/cr_scizor/stage3a/method_v02r/features/cache/can/can_demo_132_axis_impulse_t43_m1.00.npz	213625	dataset, feature, index, or evaluation table artifact	experiments/cr_scizor/stage3a/method_v02r/features/cache/can/can_demo_132_axis_impulse_t43_m1.00.npz.placeholder.md
experiments/cr_scizor/stage3a/method_v02r/features/cache/can/can_demo_132_axis_impulse_t53_m1.00.npz	213625	dataset, feature, index, or evaluation table artifact	experiments/cr_scizor/stage3a/method_v02r/features/cache/can/can_demo_132_axis_impulse_t53_m1.00.npz.placeholder.md
experiments/cr_scizor/stage3a/method_v02r/features/cache/can/can_demo_132_axis_impulse_t68_m1.00.npz	213625	dataset, feature, index, or evaluation table artifact	experiments/cr_scizor/stage3a/method_v02r/features/cache/can/can_demo_132_axis_impulse_t68_m1.00.npz.placeholder.md
experiments/cr_scizor/stage3a/method_v02r/features/cache/can/can_demo_132_clean.npz	213625	dataset, feature, index, or evaluation table artifact	experiments/cr_scizor/stage3a/method_v02r/features/cache/can/can_demo_132_clean.npz.placeholder.md
experiments/cr_scizor/stage3a/method_v02r/features/cache/can/can_demo_132_flip_gripper_t106_m1.00.npz	213625	dataset, feature, index, or evaluation table artifact	experiments/cr_scizor/stage3a/method_v02r/features/cache/can/can_demo_132_flip_gripper_t106_m1.00.npz.placeholder.md
experiments/cr_scizor/stage3a/method_v02r/features/cache/can/can_demo_132_flip_gripper_t43_m1.00.npz	213625	dataset, feature, index, or evaluation table artifact	experiments/cr_scizor/stage3a/method_v02r/features/cache/can/can_demo_132_flip_gripper_t43_m1.00.npz.placeholder.md
experiments/cr_scizor/stage3a/method_v02r/features/cache/can/can_demo_132_flip_gripper_t53_m1.00.npz	213625	dataset, feature, index, or evaluation table artifact	experiments/cr_scizor/stage3a/method_v02r/features/cache/can/can_demo_132_flip_gripper_t53_m1.00.npz.placeholder.md
experiments/cr_scizor/stage3a/method_v02r/features/cache/can/can_demo_132_flip_gripper_t68_m1.00.npz	213625	dataset, feature, index, or evaluation table artifact	experiments/cr_scizor/stage3a/method_v02r/features/cache/can/can_demo_132_flip_gripper_t68_m1.00.npz.placeholder.md
experiments/cr_scizor/stage3a/method_v02r/features/cache/can/can_demo_132_reverse_motion_t106_m1.00.npz	213625	dataset, feature, index, or evaluation table artifact	experiments/cr_scizor/stage3a/method_v02r/features/cache/can/can_demo_132_reverse_motion_t106_m1.00.npz.placeholder.md
experiments/cr_scizor/stage3a/method_v02r/features/cache/can/can_demo_132_reverse_motion_t43_m1.00.npz	213625	dataset, feature, index, or evaluation table artifact	experiments/cr_scizor/stage3a/method_v02r/features/cache/can/can_demo_132_reverse_motion_t43_m1.00.npz.placeholder.md
experiments/cr_scizor/stage3a/method_v02r/features/cache/can/can_demo_132_reverse_motion_t53_m1.00.npz	213625	dataset, feature, index, or evaluation table artifact	experiments/cr_scizor/stage3a/method_v02r/features/cache/can/can_demo_132_reverse_motion_t53_m1.00.npz.placeholder.md
experiments/cr_scizor/stage3a/method_v02r/features/cache/can/can_demo_132_reverse_motion_t68_m1.00.npz	213625	dataset, feature, index, or evaluation table artifact	experiments/cr_scizor/stage3a/method_v02r/features/cache/can/can_demo_132_reverse_motion_t68_m1.00.npz.placeholder.md
experiments/cr_scizor/stage3a/method_v02r/features/cache/can/can_demo_132_zero_motion_t106_m1.00.npz	213625	dataset, feature, index, or evaluation table artifact	experiments/cr_scizor/stage3a/method_v02r/features/cache/can/can_demo_132_zero_motion_t106_m1.00.npz.placeholder.md
experiments/cr_scizor/stage3a/method_v02r/features/cache/can/can_demo_132_zero_motion_t43_m1.00.npz	213625	dataset, feature, index, or evaluation table artifact	experiments/cr_scizor/stage3a/method_v02r/features/cache/can/can_demo_132_zero_motion_t43_m1.00.npz.placeholder.md
experiments/cr_scizor/stage3a/method_v02r/features/cache/can/can_demo_132_zero_motion_t53_m1.00.npz	213625	dataset, feature, index, or evaluation table artifact	experiments/cr_scizor/stage3a/method_v02r/features/cache/can/can_demo_132_zero_motion_t53_m1.00.npz.placeholder.md
experiments/cr_scizor/stage3a/method_v02r/features/cache/can/can_demo_132_zero_motion_t68_m1.00.npz	213625	dataset, feature, index, or evaluation table artifact	experiments/cr_scizor/stage3a/method_v02r/features/cache/can/can_demo_132_zero_motion_t68_m1.00.npz.placeholder.md
experiments/cr_scizor/stage3a/method_v02r/features/cache/can/can_demo_133_axis_impulse_t46_m1.00.npz	189601	dataset, feature, index, or evaluation table artifact	experiments/cr_scizor/stage3a/method_v02r/features/cache/can/can_demo_133_axis_impulse_t46_m1.00.npz.placeholder.md
experiments/cr_scizor/stage3a/method_v02r/features/cache/can/can_demo_133_axis_impulse_t56_m1.00.npz	189601	dataset, feature, index, or evaluation table artifact	experiments/cr_scizor/stage3a/method_v02r/features/cache/can/can_demo_133_axis_impulse_t56_m1.00.npz.placeholder.md
experiments/cr_scizor/stage3a/method_v02r/features/cache/can/can_demo_133_axis_impulse_t67_m1.00.npz	189601	dataset, feature, index, or evaluation table artifact	experiments/cr_scizor/stage3a/method_v02r/features/cache/can/can_demo_133_axis_impulse_t67_m1.00.npz.placeholder.md
experiments/cr_scizor/stage3a/method_v02r/features/cache/can/can_demo_133_axis_impulse_t95_m1.00.npz	189601	dataset, feature, index, or evaluation table artifact	experiments/cr_scizor/stage3a/method_v02r/features/cache/can/can_demo_133_axis_impulse_t95_m1.00.npz.placeholder.md
experiments/cr_scizor/stage3a/method_v02r/features/cache/can/can_demo_133_clean.npz	189601	dataset, feature, index, or evaluation table artifact	experiments/cr_scizor/stage3a/method_v02r/features/cache/can/can_demo_133_clean.npz.placeholder.md
experiments/cr_scizor/stage3a/method_v02r/features/cache/can/can_demo_133_flip_gripper_t46_m1.00.npz	189601	dataset, feature, index, or evaluation table artifact	experiments/cr_scizor/stage3a/method_v02r/features/cache/can/can_demo_133_flip_gripper_t46_m1.00.npz.placeholder.md
experiments/cr_scizor/stage3a/method_v02r/features/cache/can/can_demo_133_flip_gripper_t56_m1.00.npz	189601	dataset, feature, index, or evaluation table artifact	experiments/cr_scizor/stage3a/method_v02r/features/cache/can/can_demo_133_flip_gripper_t56_m1.00.npz.placeholder.md
experiments/cr_scizor/stage3a/method_v02r/features/cache/can/can_demo_133_flip_gripper_t67_m1.00.npz	189601	dataset, feature, index, or evaluation table artifact	experiments/cr_scizor/stage3a/method_v02r/features/cache/can/can_demo_133_flip_gripper_t67_m1.00.npz.placeholder.md
experiments/cr_scizor/stage3a/method_v02r/features/cache/can/can_demo_133_flip_gripper_t95_m1.00.npz	189601	dataset, feature, index, or evaluation table artifact	experiments/cr_scizor/stage3a/method_v02r/features/cache/can/can_demo_133_flip_gripper_t95_m1.00.npz.placeholder.md
experiments/cr_scizor/stage3a/method_v02r/features/cache/can/can_demo_133_reverse_motion_t46_m1.00.npz	189601	dataset, feature, index, or evaluation table artifact	experiments/cr_scizor/stage3a/method_v02r/features/cache/can/can_demo_133_reverse_motion_t46_m1.00.npz.placeholder.md
experiments/cr_scizor/stage3a/method_v02r/features/cache/can/can_demo_133_reverse_motion_t56_m1.00.npz	189601	dataset, feature, index, or evaluation table artifact	experiments/cr_scizor/stage3a/method_v02r/features/cache/can/can_demo_133_reverse_motion_t56_m1.00.npz.placeholder.md
experiments/cr_scizor/stage3a/method_v02r/features/cache/can/can_demo_133_reverse_motion_t67_m1.00.npz	189601	dataset, feature, index, or evaluation table artifact	experiments/cr_scizor/stage3a/method_v02r/features/cache/can/can_demo_133_reverse_motion_t67_m1.00.npz.placeholder.md
experiments/cr_scizor/stage3a/method_v02r/features/cache/can/can_demo_133_reverse_motion_t95_m1.00.npz	189601	dataset, feature, index, or evaluation table artifact	experiments/cr_scizor/stage3a/method_v02r/features/cache/can/can_demo_133_reverse_motion_t95_m1.00.npz.placeholder.md
experiments/cr_scizor/stage3a/method_v02r/features/cache/can/can_demo_133_zero_motion_t46_m1.00.npz	189601	dataset, feature, index, or evaluation table artifact	experiments/cr_scizor/stage3a/method_v02r/features/cache/can/can_demo_133_zero_motion_t46_m1.00.npz.placeholder.md
experiments/cr_scizor/stage3a/method_v02r/features/cache/can/can_demo_133_zero_motion_t56_m1.00.npz	189601	dataset, feature, index, or evaluation table artifact	experiments/cr_scizor/stage3a/method_v02r/features/cache/can/can_demo_133_zero_motion_t56_m1.00.npz.placeholder.md
experiments/cr_scizor/stage3a/method_v02r/features/cache/can/can_demo_133_zero_motion_t67_m1.00.npz	189601	dataset, feature, index, or evaluation table artifact	experiments/cr_scizor/stage3a/method_v02r/features/cache/can/can_demo_133_zero_motion_t67_m1.00.npz.placeholder.md
experiments/cr_scizor/stage3a/method_v02r/features/cache/can/can_demo_133_zero_motion_t95_m1.00.npz	189601	dataset, feature, index, or evaluation table artifact	experiments/cr_scizor/stage3a/method_v02r/features/cache/can/can_demo_133_zero_motion_t95_m1.00.npz.placeholder.md
experiments/cr_scizor/stage3a/method_v02r/features/cache/can/can_demo_134_axis_impulse_t130_m1.00.npz	257977	dataset, feature, index, or evaluation table artifact	experiments/cr_scizor/stage3a/method_v02r/features/cache/can/can_demo_134_axis_impulse_t130_m1.00.npz.placeholder.md
experiments/cr_scizor/stage3a/method_v02r/features/cache/can/can_demo_134_axis_impulse_t16_m1.00.npz	257977	dataset, feature, index, or evaluation table artifact	experiments/cr_scizor/stage3a/method_v02r/features/cache/can/can_demo_134_axis_impulse_t16_m1.00.npz.placeholder.md
experiments/cr_scizor/stage3a/method_v02r/features/cache/can/can_demo_134_axis_impulse_t56_m1.00.npz	257977	dataset, feature, index, or evaluation table artifact	experiments/cr_scizor/stage3a/method_v02r/features/cache/can/can_demo_134_axis_impulse_t56_m1.00.npz.placeholder.md
experiments/cr_scizor/stage3a/method_v02r/features/cache/can/can_demo_134_axis_impulse_t70_m1.00.npz	257977	dataset, feature, index, or evaluation table artifact	experiments/cr_scizor/stage3a/method_v02r/features/cache/can/can_demo_134_axis_impulse_t70_m1.00.npz.placeholder.md
experiments/cr_scizor/stage3a/method_v02r/features/cache/can/can_demo_134_clean.npz	257977	dataset, feature, index, or evaluation table artifact	experiments/cr_scizor/stage3a/method_v02r/features/cache/can/can_demo_134_clean.npz.placeholder.md
experiments/cr_scizor/stage3a/method_v02r/features/cache/can/can_demo_134_flip_gripper_t130_m1.00.npz	257977	dataset, feature, index, or evaluation table artifact	experiments/cr_scizor/stage3a/method_v02r/features/cache/can/can_demo_134_flip_gripper_t130_m1.00.npz.placeholder.md
experiments/cr_scizor/stage3a/method_v02r/features/cache/can/can_demo_134_flip_gripper_t16_m1.00.npz	257977	dataset, feature, index, or evaluation table artifact	experiments/cr_scizor/stage3a/method_v02r/features/cache/can/can_demo_134_flip_gripper_t16_m1.00.npz.placeholder.md
experiments/cr_scizor/stage3a/method_v02r/features/cache/can/can_demo_134_flip_gripper_t56_m1.00.npz	257977	dataset, feature, index, or evaluation table artifact	experiments/cr_scizor/stage3a/method_v02r/features/cache/can/can_demo_134_flip_gripper_t56_m1.00.npz.placeholder.md
experiments/cr_scizor/stage3a/method_v02r/features/cache/can/can_demo_134_flip_gripper_t70_m1.00.npz	257977	dataset, feature, index, or evaluation table artifact	experiments/cr_scizor/stage3a/method_v02r/features/cache/can/can_demo_134_flip_gripper_t70_m1.00.npz.placeholder.md
experiments/cr_scizor/stage3a/method_v02r/features/cache/can/can_demo_134_reverse_motion_t130_m1.00.npz	257977	dataset, feature, index, or evaluation table artifact	experiments/cr_scizor/stage3a/method_v02r/features/cache/can/can_demo_134_reverse_motion_t130_m1.00.npz.placeholder.md
experiments/cr_scizor/stage3a/method_v02r/features/cache/can/can_demo_134_reverse_motion_t16_m1.00.npz	257977	dataset, feature, index, or evaluation table artifact	experiments/cr_scizor/stage3a/method_v02r/features/cache/can/can_demo_134_reverse_motion_t16_m1.00.npz.placeholder.md
experiments/cr_scizor/stage3a/method_v02r/features/cache/can/can_demo_134_reverse_motion_t56_m1.00.npz	257977	dataset, feature, index, or evaluation table artifact	experiments/cr_scizor/stage3a/method_v02r/features/cache/can/can_demo_134_reverse_motion_t56_m1.00.npz.placeholder.md
experiments/cr_scizor/stage3a/method_v02r/features/cache/can/can_demo_134_reverse_motion_t70_m1.00.npz	257977	dataset, feature, index, or evaluation table artifact	experiments/cr_scizor/stage3a/method_v02r/features/cache/can/can_demo_134_reverse_motion_t70_m1.00.npz.placeholder.md
experiments/cr_scizor/stage3a/method_v02r/features/cache/can/can_demo_134_zero_motion_t130_m1.00.npz	257977	dataset, feature, index, or evaluation table artifact	experiments/cr_scizor/stage3a/method_v02r/features/cache/can/can_demo_134_zero_motion_t130_m1.00.npz.placeholder.md
experiments/cr_scizor/stage3a/method_v02r/features/cache/can/can_demo_134_zero_motion_t16_m1.00.npz	257977	dataset, feature, index, or evaluation table artifact	experiments/cr_scizor/stage3a/method_v02r/features/cache/can/can_demo_134_zero_motion_t16_m1.00.npz.placeholder.md
experiments/cr_scizor/stage3a/method_v02r/features/cache/can/can_demo_134_zero_motion_t56_m1.00.npz	257977	dataset, feature, index, or evaluation table artifact	experiments/cr_scizor/stage3a/method_v02r/features/cache/can/can_demo_134_zero_motion_t56_m1.00.npz.placeholder.md
experiments/cr_scizor/stage3a/method_v02r/features/cache/can/can_demo_134_zero_motion_t70_m1.00.npz	257977	dataset, feature, index, or evaluation table artifact	experiments/cr_scizor/stage3a/method_v02r/features/cache/can/can_demo_134_zero_motion_t70_m1.00.npz.placeholder.md
experiments/cr_scizor/stage3a/method_v02r/features/cache/can/can_demo_135_axis_impulse_t117_m1.00.npz	233953	dataset, feature, index, or evaluation table artifact	experiments/cr_scizor/stage3a/method_v02r/features/cache/can/can_demo_135_axis_impulse_t117_m1.00.npz.placeholder.md
experiments/cr_scizor/stage3a/method_v02r/features/cache/can/can_demo_135_axis_impulse_t60_m1.00.npz	233953	dataset, feature, index, or evaluation table artifact	experiments/cr_scizor/stage3a/method_v02r/features/cache/can/can_demo_135_axis_impulse_t60_m1.00.npz.placeholder.md
experiments/cr_scizor/stage3a/method_v02r/features/cache/can/can_demo_135_axis_impulse_t70_m1.00.npz	233953	dataset, feature, index, or evaluation table artifact	experiments/cr_scizor/stage3a/method_v02r/features/cache/can/can_demo_135_axis_impulse_t70_m1.00.npz.placeholder.md
experiments/cr_scizor/stage3a/method_v02r/features/cache/can/can_demo_135_axis_impulse_t85_m1.00.npz	233953	dataset, feature, index, or evaluation table artifact	experiments/cr_scizor/stage3a/method_v02r/features/cache/can/can_demo_135_axis_impulse_t85_m1.00.npz.placeholder.md
experiments/cr_scizor/stage3a/method_v02r/features/cache/can/can_demo_135_clean.npz	233953	dataset, feature, index, or evaluation table artifact	experiments/cr_scizor/stage3a/method_v02r/features/cache/can/can_demo_135_clean.npz.placeholder.md
experiments/cr_scizor/stage3a/method_v02r/features/cache/can/can_demo_135_flip_gripper_t117_m1.00.npz	233953	dataset, feature, index, or evaluation table artifact	experiments/cr_scizor/stage3a/method_v02r/features/cache/can/can_demo_135_flip_gripper_t117_m1.00.npz.placeholder.md
experiments/cr_scizor/stage3a/method_v02r/features/cache/can/can_demo_135_flip_gripper_t60_m1.00.npz	233953	dataset, feature, index, or evaluation table artifact	experiments/cr_scizor/stage3a/method_v02r/features/cache/can/can_demo_135_flip_gripper_t60_m1.00.npz.placeholder.md
experiments/cr_scizor/stage3a/method_v02r/features/cache/can/can_demo_135_flip_gripper_t70_m1.00.npz	233953	dataset, feature, index, or evaluation table artifact	experiments/cr_scizor/stage3a/method_v02r/features/cache/can/can_demo_135_flip_gripper_t70_m1.00.npz.placeholder.md
experiments/cr_scizor/stage3a/method_v02r/features/cache/can/can_demo_135_flip_gripper_t85_m1.00.npz	233953	dataset, feature, index, or evaluation table artifact	experiments/cr_scizor/stage3a/method_v02r/features/cache/can/can_demo_135_flip_gripper_t85_m1.00.npz.placeholder.md
experiments/cr_scizor/stage3a/method_v02r/features/cache/can/can_demo_135_reverse_motion_t117_m1.00.npz	233953	dataset, feature, index, or evaluation table artifact	experiments/cr_scizor/stage3a/method_v02r/features/cache/can/can_demo_135_reverse_motion_t117_m1.00.npz.placeholder.md
experiments/cr_scizor/stage3a/method_v02r/features/cache/can/can_demo_135_reverse_motion_t60_m1.00.npz	233953	dataset, feature, index, or evaluation table artifact	experiments/cr_scizor/stage3a/method_v02r/features/cache/can/can_demo_135_reverse_motion_t60_m1.00.npz.placeholder.md
experiments/cr_scizor/stage3a/method_v02r/features/cache/can/can_demo_135_reverse_motion_t70_m1.00.npz	233953	dataset, feature, index, or evaluation table artifact	experiments/cr_scizor/stage3a/method_v02r/features/cache/can/can_demo_135_reverse_motion_t70_m1.00.npz.placeholder.md
experiments/cr_scizor/stage3a/method_v02r/features/cache/can/can_demo_135_reverse_motion_t85_m1.00.npz	233953	dataset, feature, index, or evaluation table artifact	experiments/cr_scizor/stage3a/method_v02r/features/cache/can/can_demo_135_reverse_motion_t85_m1.00.npz.placeholder.md
experiments/cr_scizor/stage3a/method_v02r/features/cache/can/can_demo_135_zero_motion_t117_m1.00.npz	233953	dataset, feature, index, or evaluation table artifact	experiments/cr_scizor/stage3a/method_v02r/features/cache/can/can_demo_135_zero_motion_t117_m1.00.npz.placeholder.md
experiments/cr_scizor/stage3a/method_v02r/features/cache/can/can_demo_135_zero_motion_t60_m1.00.npz	233953	dataset, feature, index, or evaluation table artifact	experiments/cr_scizor/stage3a/method_v02r/features/cache/can/can_demo_135_zero_motion_t60_m1.00.npz.placeholder.md
experiments/cr_scizor/stage3a/method_v02r/features/cache/can/can_demo_135_zero_motion_t70_m1.00.npz	233953	dataset, feature, index, or evaluation table artifact	experiments/cr_scizor/stage3a/method_v02r/features/cache/can/can_demo_135_zero_motion_t70_m1.00.npz.placeholder.md
experiments/cr_scizor/stage3a/method_v02r/features/cache/can/can_demo_135_zero_motion_t85_m1.00.npz	233953	dataset, feature, index, or evaluation table artifact	experiments/cr_scizor/stage3a/method_v02r/features/cache/can/can_demo_135_zero_motion_t85_m1.00.npz.placeholder.md
experiments/cr_scizor/stage3a/method_v02r/features/cache/can/can_demo_14_axis_impulse_t106_m1.00.npz	209929	dataset, feature, index, or evaluation table artifact	experiments/cr_scizor/stage3a/method_v02r/features/cache/can/can_demo_14_axis_impulse_t106_m1.00.npz.placeholder.md
experiments/cr_scizor/stage3a/method_v02r/features/cache/can/can_demo_14_axis_impulse_t48_m1.00.npz	209929	dataset, feature, index, or evaluation table artifact	experiments/cr_scizor/stage3a/method_v02r/features/cache/can/can_demo_14_axis_impulse_t48_m1.00.npz.placeholder.md
experiments/cr_scizor/stage3a/method_v02r/features/cache/can/can_demo_14_axis_impulse_t63_m1.00.npz	209929	dataset, feature, index, or evaluation table artifact	experiments/cr_scizor/stage3a/method_v02r/features/cache/can/can_demo_14_axis_impulse_t63_m1.00.npz.placeholder.md
experiments/cr_scizor/stage3a/method_v02r/features/cache/can/can_demo_14_axis_impulse_t73_m1.00.npz	209929	dataset, feature, index, or evaluation table artifact	experiments/cr_scizor/stage3a/method_v02r/features/cache/can/can_demo_14_axis_impulse_t73_m1.00.npz.placeholder.md
experiments/cr_scizor/stage3a/method_v02r/features/cache/can/can_demo_14_clean.npz	209929	dataset, feature, index, or evaluation table artifact	experiments/cr_scizor/stage3a/method_v02r/features/cache/can/can_demo_14_clean.npz.placeholder.md
experiments/cr_scizor/stage3a/method_v02r/features/cache/can/can_demo_14_flip_gripper_t106_m1.00.npz	209929	dataset, feature, index, or evaluation table artifact	experiments/cr_scizor/stage3a/method_v02r/features/cache/can/can_demo_14_flip_gripper_t106_m1.00.npz.placeholder.md
experiments/cr_scizor/stage3a/method_v02r/features/cache/can/can_demo_14_flip_gripper_t48_m1.00.npz	209929	dataset, feature, index, or evaluation table artifact	experiments/cr_scizor/stage3a/method_v02r/features/cache/can/can_demo_14_flip_gripper_t48_m1.00.npz.placeholder.md
experiments/cr_scizor/stage3a/method_v02r/features/cache/can/can_demo_14_flip_gripper_t63_m1.00.npz	209929	dataset, feature, index, or evaluation table artifact	experiments/cr_scizor/stage3a/method_v02r/features/cache/can/can_demo_14_flip_gripper_t63_m1.00.npz.placeholder.md
experiments/cr_scizor/stage3a/method_v02r/features/cache/can/can_demo_14_flip_gripper_t73_m1.00.npz	209929	dataset, feature, index, or evaluation table artifact	experiments/cr_scizor/stage3a/method_v02r/features/cache/can/can_demo_14_flip_gripper_t73_m1.00.npz.placeholder.md
experiments/cr_scizor/stage3a/method_v02r/features/cache/can/can_demo_14_reverse_motion_t106_m1.00.npz	209929	dataset, feature, index, or evaluation table artifact	experiments/cr_scizor/stage3a/method_v02r/features/cache/can/can_demo_14_reverse_motion_t106_m1.00.npz.placeholder.md
experiments/cr_scizor/stage3a/method_v02r/features/cache/can/can_demo_14_reverse_motion_t48_m1.00.npz	209929	dataset, feature, index, or evaluation table artifact	experiments/cr_scizor/stage3a/method_v02r/features/cache/can/can_demo_14_reverse_motion_t48_m1.00.npz.placeholder.md
experiments/cr_scizor/stage3a/method_v02r/features/cache/can/can_demo_14_reverse_motion_t63_m1.00.npz	209929	dataset, feature, index, or evaluation table artifact	experiments/cr_scizor/stage3a/method_v02r/features/cache/can/can_demo_14_reverse_motion_t63_m1.00.npz.placeholder.md
experiments/cr_scizor/stage3a/method_v02r/features/cache/can/can_demo_14_reverse_motion_t73_m1.00.npz	209929	dataset, feature, index, or evaluation table artifact	experiments/cr_scizor/stage3a/method_v02r/features/cache/can/can_demo_14_reverse_motion_t73_m1.00.npz.placeholder.md
experiments/cr_scizor/stage3a/method_v02r/features/cache/can/can_demo_14_zero_motion_t106_m1.00.npz	209929	dataset, feature, index, or evaluation table artifact	experiments/cr_scizor/stage3a/method_v02r/features/cache/can/can_demo_14_zero_motion_t106_m1.00.npz.placeholder.md
experiments/cr_scizor/stage3a/method_v02r/features/cache/can/can_demo_14_zero_motion_t48_m1.00.npz	209929	dataset, feature, index, or evaluation table artifact	experiments/cr_scizor/stage3a/method_v02r/features/cache/can/can_demo_14_zero_motion_t48_m1.00.npz.placeholder.md
experiments/cr_scizor/stage3a/method_v02r/features/cache/can/can_demo_14_zero_motion_t63_m1.00.npz	209929	dataset, feature, index, or evaluation table artifact	experiments/cr_scizor/stage3a/method_v02r/features/cache/can/can_demo_14_zero_motion_t63_m1.00.npz.placeholder.md
experiments/cr_scizor/stage3a/method_v02r/features/cache/can/can_demo_14_zero_motion_t73_m1.00.npz	209929	dataset, feature, index, or evaluation table artifact	experiments/cr_scizor/stage3a/method_v02r/features/cache/can/can_demo_14_zero_motion_t73_m1.00.npz.placeholder.md
experiments/cr_scizor/stage3a/method_v02r/features/cache/can/can_demo_1_axis_impulse_t112_m1.00.npz	219169	dataset, feature, index, or evaluation table artifact	experiments/cr_scizor/stage3a/method_v02r/features/cache/can/can_demo_1_axis_impulse_t112_m1.00.npz.placeholder.md
experiments/cr_scizor/stage3a/method_v02r/features/cache/can/can_demo_1_axis_impulse_t44_m1.00.npz	219169	dataset, feature, index, or evaluation table artifact	experiments/cr_scizor/stage3a/method_v02r/features/cache/can/can_demo_1_axis_impulse_t44_m1.00.npz.placeholder.md
experiments/cr_scizor/stage3a/method_v02r/features/cache/can/can_demo_1_axis_impulse_t54_m1.00.npz	219169	dataset, feature, index, or evaluation table artifact	experiments/cr_scizor/stage3a/method_v02r/features/cache/can/can_demo_1_axis_impulse_t54_m1.00.npz.placeholder.md
experiments/cr_scizor/stage3a/method_v02r/features/cache/can/can_demo_1_axis_impulse_t69_m1.00.npz	219169	dataset, feature, index, or evaluation table artifact	experiments/cr_scizor/stage3a/method_v02r/features/cache/can/can_demo_1_axis_impulse_t69_m1.00.npz.placeholder.md
experiments/cr_scizor/stage3a/method_v02r/features/cache/can/can_demo_1_clean.npz	219169	dataset, feature, index, or evaluation table artifact	experiments/cr_scizor/stage3a/method_v02r/features/cache/can/can_demo_1_clean.npz.placeholder.md
experiments/cr_scizor/stage3a/method_v02r/features/cache/can/can_demo_1_flip_gripper_t112_m1.00.npz	219169	dataset, feature, index, or evaluation table artifact	experiments/cr_scizor/stage3a/method_v02r/features/cache/can/can_demo_1_flip_gripper_t112_m1.00.npz.placeholder.md
experiments/cr_scizor/stage3a/method_v02r/features/cache/can/can_demo_1_flip_gripper_t44_m1.00.npz	219169	dataset, feature, index, or evaluation table artifact	experiments/cr_scizor/stage3a/method_v02r/features/cache/can/can_demo_1_flip_gripper_t44_m1.00.npz.placeholder.md
experiments/cr_scizor/stage3a/method_v02r/features/cache/can/can_demo_1_flip_gripper_t54_m1.00.npz	219169	dataset, feature, index, or evaluation table artifact	experiments/cr_scizor/stage3a/method_v02r/features/cache/can/can_demo_1_flip_gripper_t54_m1.00.npz.placeholder.md
experiments/cr_scizor/stage3a/method_v02r/features/cache/can/can_demo_1_flip_gripper_t69_m1.00.npz	219169	dataset, feature, index, or evaluation table artifact	experiments/cr_scizor/stage3a/method_v02r/features/cache/can/can_demo_1_flip_gripper_t69_m1.00.npz.placeholder.md
experiments/cr_scizor/stage3a/method_v02r/features/cache/can/can_demo_1_reverse_motion_t112_m1.00.npz	219169	dataset, feature, index, or evaluation table artifact	experiments/cr_scizor/stage3a/method_v02r/features/cache/can/can_demo_1_reverse_motion_t112_m1.00.npz.placeholder.md
experiments/cr_scizor/stage3a/method_v02r/features/cache/can/can_demo_1_reverse_motion_t44_m1.00.npz	219169	dataset, feature, index, or evaluation table artifact	experiments/cr_scizor/stage3a/method_v02r/features/cache/can/can_demo_1_reverse_motion_t44_m1.00.npz.placeholder.md
experiments/cr_scizor/stage3a/method_v02r/features/cache/can/can_demo_1_reverse_motion_t54_m1.00.npz	219169	dataset, feature, index, or evaluation table artifact	experiments/cr_scizor/stage3a/method_v02r/features/cache/can/can_demo_1_reverse_motion_t54_m1.00.npz.placeholder.md
experiments/cr_scizor/stage3a/method_v02r/features/cache/can/can_demo_1_reverse_motion_t69_m1.00.npz	219169	dataset, feature, index, or evaluation table artifact	experiments/cr_scizor/stage3a/method_v02r/features/cache/can/can_demo_1_reverse_motion_t69_m1.00.npz.placeholder.md
experiments/cr_scizor/stage3a/method_v02r/features/cache/can/can_demo_1_zero_motion_t112_m1.00.npz	219169	dataset, feature, index, or evaluation table artifact	experiments/cr_scizor/stage3a/method_v02r/features/cache/can/can_demo_1_zero_motion_t112_m1.00.npz.placeholder.md
experiments/cr_scizor/stage3a/method_v02r/features/cache/can/can_demo_1_zero_motion_t44_m1.00.npz	219169	dataset, feature, index, or evaluation table artifact	experiments/cr_scizor/stage3a/method_v02r/features/cache/can/can_demo_1_zero_motion_t44_m1.00.npz.placeholder.md
experiments/cr_scizor/stage3a/method_v02r/features/cache/can/can_demo_1_zero_motion_t54_m1.00.npz	219169	dataset, feature, index, or evaluation table artifact	experiments/cr_scizor/stage3a/method_v02r/features/cache/can/can_demo_1_zero_motion_t54_m1.00.npz.placeholder.md
experiments/cr_scizor/stage3a/method_v02r/features/cache/can/can_demo_1_zero_motion_t69_m1.00.npz	219169	dataset, feature, index, or evaluation table artifact	experiments/cr_scizor/stage3a/method_v02r/features/cache/can/can_demo_1_zero_motion_t69_m1.00.npz.placeholder.md
experiments/cr_scizor/stage3a/method_v02r/features/cache/square/square_demo_0_axis_impulse_t106_m0.25.npz	235801	dataset, feature, index, or evaluation table artifact	experiments/cr_scizor/stage3a/method_v02r/features/cache/square/square_demo_0_axis_impulse_t106_m0.25.npz.placeholder.md
experiments/cr_scizor/stage3a/method_v02r/features/cache/square/square_demo_0_axis_impulse_t116_m0.25.npz	235801	dataset, feature, index, or evaluation table artifact	experiments/cr_scizor/stage3a/method_v02r/features/cache/square/square_demo_0_axis_impulse_t116_m0.25.npz.placeholder.md
experiments/cr_scizor/stage3a/method_v02r/features/cache/square/square_demo_0_axis_impulse_t55_m0.25.npz	235801	dataset, feature, index, or evaluation table artifact	experiments/cr_scizor/stage3a/method_v02r/features/cache/square/square_demo_0_axis_impulse_t55_m0.25.npz.placeholder.md
experiments/cr_scizor/stage3a/method_v02r/features/cache/square/square_demo_0_axis_impulse_t65_m0.25.npz	235801	dataset, feature, index, or evaluation table artifact	experiments/cr_scizor/stage3a/method_v02r/features/cache/square/square_demo_0_axis_impulse_t65_m0.25.npz.placeholder.md
experiments/cr_scizor/stage3a/method_v02r/features/cache/square/square_demo_0_clean.npz	235801	dataset, feature, index, or evaluation table artifact	experiments/cr_scizor/stage3a/method_v02r/features/cache/square/square_demo_0_clean.npz.placeholder.md
experiments/cr_scizor/stage3a/method_v02r/features/cache/square/square_demo_0_flip_gripper_t106_m0.50.npz	235801	dataset, feature, index, or evaluation table artifact	experiments/cr_scizor/stage3a/method_v02r/features/cache/square/square_demo_0_flip_gripper_t106_m0.50.npz.placeholder.md
experiments/cr_scizor/stage3a/method_v02r/features/cache/square/square_demo_0_flip_gripper_t116_m0.50.npz	235801	dataset, feature, index, or evaluation table artifact	experiments/cr_scizor/stage3a/method_v02r/features/cache/square/square_demo_0_flip_gripper_t116_m0.50.npz.placeholder.md
experiments/cr_scizor/stage3a/method_v02r/features/cache/square/square_demo_0_flip_gripper_t55_m0.50.npz	235801	dataset, feature, index, or evaluation table artifact	experiments/cr_scizor/stage3a/method_v02r/features/cache/square/square_demo_0_flip_gripper_t55_m0.50.npz.placeholder.md
experiments/cr_scizor/stage3a/method_v02r/features/cache/square/square_demo_0_flip_gripper_t65_m0.50.npz	235801	dataset, feature, index, or evaluation table artifact	experiments/cr_scizor/stage3a/method_v02r/features/cache/square/square_demo_0_flip_gripper_t65_m0.50.npz.placeholder.md
experiments/cr_scizor/stage3a/method_v02r/features/cache/square/square_demo_0_reverse_motion_t106_m0.25.npz	235801	dataset, feature, index, or evaluation table artifact	experiments/cr_scizor/stage3a/method_v02r/features/cache/square/square_demo_0_reverse_motion_t106_m0.25.npz.placeholder.md
experiments/cr_scizor/stage3a/method_v02r/features/cache/square/square_demo_0_reverse_motion_t116_m0.25.npz	235801	dataset, feature, index, or evaluation table artifact	experiments/cr_scizor/stage3a/method_v02r/features/cache/square/square_demo_0_reverse_motion_t116_m0.25.npz.placeholder.md
experiments/cr_scizor/stage3a/method_v02r/features/cache/square/square_demo_0_reverse_motion_t55_m0.25.npz	235801	dataset, feature, index, or evaluation table artifact	experiments/cr_scizor/stage3a/method_v02r/features/cache/square/square_demo_0_reverse_motion_t55_m0.25.npz.placeholder.md
experiments/cr_scizor/stage3a/method_v02r/features/cache/square/square_demo_0_reverse_motion_t65_m0.25.npz	235801	dataset, feature, index, or evaluation table artifact	experiments/cr_scizor/stage3a/method_v02r/features/cache/square/square_demo_0_reverse_motion_t65_m0.25.npz.placeholder.md
experiments/cr_scizor/stage3a/method_v02r/features/cache/square/square_demo_0_zero_motion_t106_m0.50.npz	235801	dataset, feature, index, or evaluation table artifact	experiments/cr_scizor/stage3a/method_v02r/features/cache/square/square_demo_0_zero_motion_t106_m0.50.npz.placeholder.md
experiments/cr_scizor/stage3a/method_v02r/features/cache/square/square_demo_0_zero_motion_t116_m0.50.npz	235801	dataset, feature, index, or evaluation table artifact	experiments/cr_scizor/stage3a/method_v02r/features/cache/square/square_demo_0_zero_motion_t116_m0.50.npz.placeholder.md
experiments/cr_scizor/stage3a/method_v02r/features/cache/square/square_demo_0_zero_motion_t55_m0.50.npz	235801	dataset, feature, index, or evaluation table artifact	experiments/cr_scizor/stage3a/method_v02r/features/cache/square/square_demo_0_zero_motion_t55_m0.50.npz.placeholder.md
experiments/cr_scizor/stage3a/method_v02r/features/cache/square/square_demo_0_zero_motion_t65_m0.50.npz	235801	dataset, feature, index, or evaluation table artifact	experiments/cr_scizor/stage3a/method_v02r/features/cache/square/square_demo_0_zero_motion_t65_m0.50.npz.placeholder.md
experiments/cr_scizor/stage3a/method_v02r/features/cache/square/square_demo_100_axis_impulse_t121_m0.25.npz	254281	dataset, feature, index, or evaluation table artifact	experiments/cr_scizor/stage3a/method_v02r/features/cache/square/square_demo_100_axis_impulse_t121_m0.25.npz.placeholder.md
experiments/cr_scizor/stage3a/method_v02r/features/cache/square/square_demo_100_axis_impulse_t131_m0.25.npz	254281	dataset, feature, index, or evaluation table artifact	experiments/cr_scizor/stage3a/method_v02r/features/cache/square/square_demo_100_axis_impulse_t131_m0.25.npz.placeholder.md
experiments/cr_scizor/stage3a/method_v02r/features/cache/square/square_demo_100_axis_impulse_t68_m0.25.npz	254281	dataset, feature, index, or evaluation table artifact	experiments/cr_scizor/stage3a/method_v02r/features/cache/square/square_demo_100_axis_impulse_t68_m0.25.npz.placeholder.md
experiments/cr_scizor/stage3a/method_v02r/features/cache/square/square_demo_100_axis_impulse_t84_m0.25.npz	254281	dataset, feature, index, or evaluation table artifact	experiments/cr_scizor/stage3a/method_v02r/features/cache/square/square_demo_100_axis_impulse_t84_m0.25.npz.placeholder.md
experiments/cr_scizor/stage3a/method_v02r/features/cache/square/square_demo_100_clean.npz	254281	dataset, feature, index, or evaluation table artifact	experiments/cr_scizor/stage3a/method_v02r/features/cache/square/square_demo_100_clean.npz.placeholder.md
experiments/cr_scizor/stage3a/method_v02r/features/cache/square/square_demo_100_flip_gripper_t121_m0.50.npz	254281	dataset, feature, index, or evaluation table artifact	experiments/cr_scizor/stage3a/method_v02r/features/cache/square/square_demo_100_flip_gripper_t121_m0.50.npz.placeholder.md
experiments/cr_scizor/stage3a/method_v02r/features/cache/square/square_demo_100_flip_gripper_t131_m0.50.npz	254281	dataset, feature, index, or evaluation table artifact	experiments/cr_scizor/stage3a/method_v02r/features/cache/square/square_demo_100_flip_gripper_t131_m0.50.npz.placeholder.md
experiments/cr_scizor/stage3a/method_v02r/features/cache/square/square_demo_100_flip_gripper_t68_m0.50.npz	254281	dataset, feature, index, or evaluation table artifact	experiments/cr_scizor/stage3a/method_v02r/features/cache/square/square_demo_100_flip_gripper_t68_m0.50.npz.placeholder.md
experiments/cr_scizor/stage3a/method_v02r/features/cache/square/square_demo_100_flip_gripper_t84_m0.50.npz	254281	dataset, feature, index, or evaluation table artifact	experiments/cr_scizor/stage3a/method_v02r/features/cache/square/square_demo_100_flip_gripper_t84_m0.50.npz.placeholder.md
experiments/cr_scizor/stage3a/method_v02r/features/cache/square/square_demo_100_reverse_motion_t121_m0.25.npz	254281	dataset, feature, index, or evaluation table artifact	experiments/cr_scizor/stage3a/method_v02r/features/cache/square/square_demo_100_reverse_motion_t121_m0.25.npz.placeholder.md
experiments/cr_scizor/stage3a/method_v02r/features/cache/square/square_demo_100_reverse_motion_t131_m0.25.npz	254281	dataset, feature, index, or evaluation table artifact	experiments/cr_scizor/stage3a/method_v02r/features/cache/square/square_demo_100_reverse_motion_t131_m0.25.npz.placeholder.md
experiments/cr_scizor/stage3a/method_v02r/features/cache/square/square_demo_100_reverse_motion_t68_m0.25.npz	254281	dataset, feature, index, or evaluation table artifact	experiments/cr_scizor/stage3a/method_v02r/features/cache/square/square_demo_100_reverse_motion_t68_m0.25.npz.placeholder.md
experiments/cr_scizor/stage3a/method_v02r/features/cache/square/square_demo_100_reverse_motion_t84_m0.25.npz	254281	dataset, feature, index, or evaluation table artifact	experiments/cr_scizor/stage3a/method_v02r/features/cache/square/square_demo_100_reverse_motion_t84_m0.25.npz.placeholder.md
experiments/cr_scizor/stage3a/method_v02r/features/cache/square/square_demo_100_zero_motion_t121_m0.50.npz	254281	dataset, feature, index, or evaluation table artifact	experiments/cr_scizor/stage3a/method_v02r/features/cache/square/square_demo_100_zero_motion_t121_m0.50.npz.placeholder.md
experiments/cr_scizor/stage3a/method_v02r/features/cache/square/square_demo_100_zero_motion_t131_m0.50.npz	254281	dataset, feature, index, or evaluation table artifact	experiments/cr_scizor/stage3a/method_v02r/features/cache/square/square_demo_100_zero_motion_t131_m0.50.npz.placeholder.md
experiments/cr_scizor/stage3a/method_v02r/features/cache/square/square_demo_100_zero_motion_t68_m0.50.npz	254281	dataset, feature, index, or evaluation table artifact	experiments/cr_scizor/stage3a/method_v02r/features/cache/square/square_demo_100_zero_motion_t68_m0.50.npz.placeholder.md
experiments/cr_scizor/stage3a/method_v02r/features/cache/square/square_demo_100_zero_motion_t84_m0.50.npz	254281	dataset, feature, index, or evaluation table artifact	experiments/cr_scizor/stage3a/method_v02r/features/cache/square/square_demo_100_zero_motion_t84_m0.50.npz.placeholder.md
experiments/cr_scizor/stage3a/method_v02r/features/cache/square/square_demo_101_axis_impulse_t155_m0.25.npz	304177	dataset, feature, index, or evaluation table artifact	experiments/cr_scizor/stage3a/method_v02r/features/cache/square/square_demo_101_axis_impulse_t155_m0.25.npz.placeholder.md
experiments/cr_scizor/stage3a/method_v02r/features/cache/square/square_demo_101_axis_impulse_t65_m0.25.npz	304177	dataset, feature, index, or evaluation table artifact	experiments/cr_scizor/stage3a/method_v02r/features/cache/square/square_demo_101_axis_impulse_t65_m0.25.npz.placeholder.md
experiments/cr_scizor/stage3a/method_v02r/features/cache/square/square_demo_101_axis_impulse_t78_m0.25.npz	304177	dataset, feature, index, or evaluation table artifact	experiments/cr_scizor/stage3a/method_v02r/features/cache/square/square_demo_101_axis_impulse_t78_m0.25.npz.placeholder.md
experiments/cr_scizor/stage3a/method_v02r/features/cache/square/square_demo_101_axis_impulse_t88_m0.25.npz	304177	dataset, feature, index, or evaluation table artifact	experiments/cr_scizor/stage3a/method_v02r/features/cache/square/square_demo_101_axis_impulse_t88_m0.25.npz.placeholder.md
experiments/cr_scizor/stage3a/method_v02r/features/cache/square/square_demo_101_clean.npz	304177	dataset, feature, index, or evaluation table artifact	experiments/cr_scizor/stage3a/method_v02r/features/cache/square/square_demo_101_clean.npz.placeholder.md
experiments/cr_scizor/stage3a/method_v02r/features/cache/square/square_demo_101_flip_gripper_t155_m0.50.npz	304177	dataset, feature, index, or evaluation table artifact	experiments/cr_scizor/stage3a/method_v02r/features/cache/square/square_demo_101_flip_gripper_t155_m0.50.npz.placeholder.md
experiments/cr_scizor/stage3a/method_v02r/features/cache/square/square_demo_101_flip_gripper_t65_m0.50.npz	304177	dataset, feature, index, or evaluation table artifact	experiments/cr_scizor/stage3a/method_v02r/features/cache/square/square_demo_101_flip_gripper_t65_m0.50.npz.placeholder.md
experiments/cr_scizor/stage3a/method_v02r/features/cache/square/square_demo_101_flip_gripper_t78_m0.50.npz	304177	dataset, feature, index, or evaluation table artifact	experiments/cr_scizor/stage3a/method_v02r/features/cache/square/square_demo_101_flip_gripper_t78_m0.50.npz.placeholder.md
experiments/cr_scizor/stage3a/method_v02r/features/cache/square/square_demo_101_flip_gripper_t88_m0.50.npz	304177	dataset, feature, index, or evaluation table artifact	experiments/cr_scizor/stage3a/method_v02r/features/cache/square/square_demo_101_flip_gripper_t88_m0.50.npz.placeholder.md
experiments/cr_scizor/stage3a/method_v02r/features/cache/square/square_demo_101_reverse_motion_t155_m0.25.npz	304177	dataset, feature, index, or evaluation table artifact	experiments/cr_scizor/stage3a/method_v02r/features/cache/square/square_demo_101_reverse_motion_t155_m0.25.npz.placeholder.md
experiments/cr_scizor/stage3a/method_v02r/features/cache/square/square_demo_101_reverse_motion_t65_m0.25.npz	304177	dataset, feature, index, or evaluation table artifact	experiments/cr_scizor/stage3a/method_v02r/features/cache/square/square_demo_101_reverse_motion_t65_m0.25.npz.placeholder.md
experiments/cr_scizor/stage3a/method_v02r/features/cache/square/square_demo_101_reverse_motion_t78_m0.25.npz	304177	dataset, feature, index, or evaluation table artifact	experiments/cr_scizor/stage3a/method_v02r/features/cache/square/square_demo_101_reverse_motion_t78_m0.25.npz.placeholder.md
experiments/cr_scizor/stage3a/method_v02r/features/cache/square/square_demo_101_reverse_motion_t88_m0.25.npz	304177	dataset, feature, index, or evaluation table artifact	experiments/cr_scizor/stage3a/method_v02r/features/cache/square/square_demo_101_reverse_motion_t88_m0.25.npz.placeholder.md
experiments/cr_scizor/stage3a/method_v02r/features/cache/square/square_demo_101_zero_motion_t155_m0.50.npz	304177	dataset, feature, index, or evaluation table artifact	experiments/cr_scizor/stage3a/method_v02r/features/cache/square/square_demo_101_zero_motion_t155_m0.50.npz.placeholder.md
experiments/cr_scizor/stage3a/method_v02r/features/cache/square/square_demo_101_zero_motion_t65_m0.50.npz	304177	dataset, feature, index, or evaluation table artifact	experiments/cr_scizor/stage3a/method_v02r/features/cache/square/square_demo_101_zero_motion_t65_m0.50.npz.placeholder.md
experiments/cr_scizor/stage3a/method_v02r/features/cache/square/square_demo_101_zero_motion_t78_m0.50.npz	304177	dataset, feature, index, or evaluation table artifact	experiments/cr_scizor/stage3a/method_v02r/features/cache/square/square_demo_101_zero_motion_t78_m0.50.npz.placeholder.md
experiments/cr_scizor/stage3a/method_v02r/features/cache/square/square_demo_101_zero_motion_t88_m0.50.npz	304177	dataset, feature, index, or evaluation table artifact	experiments/cr_scizor/stage3a/method_v02r/features/cache/square/square_demo_101_zero_motion_t88_m0.50.npz.placeholder.md
experiments/cr_scizor/stage3a/method_v02r/features/cache/square/square_demo_103_axis_impulse_t115_m0.25.npz	293089	dataset, feature, index, or evaluation table artifact	experiments/cr_scizor/stage3a/method_v02r/features/cache/square/square_demo_103_axis_impulse_t115_m0.25.npz.placeholder.md
experiments/cr_scizor/stage3a/method_v02r/features/cache/square/square_demo_103_axis_impulse_t147_m0.25.npz	293089	dataset, feature, index, or evaluation table artifact	experiments/cr_scizor/stage3a/method_v02r/features/cache/square/square_demo_103_axis_impulse_t147_m0.25.npz.placeholder.md
experiments/cr_scizor/stage3a/method_v02r/features/cache/square/square_demo_103_axis_impulse_t72_m0.25.npz	293089	dataset, feature, index, or evaluation table artifact	experiments/cr_scizor/stage3a/method_v02r/features/cache/square/square_demo_103_axis_impulse_t72_m0.25.npz.placeholder.md
experiments/cr_scizor/stage3a/method_v02r/features/cache/square/square_demo_103_axis_impulse_t82_m0.25.npz	293089	dataset, feature, index, or evaluation table artifact	experiments/cr_scizor/stage3a/method_v02r/features/cache/square/square_demo_103_axis_impulse_t82_m0.25.npz.placeholder.md
experiments/cr_scizor/stage3a/method_v02r/features/cache/square/square_demo_103_clean.npz	293089	dataset, feature, index, or evaluation table artifact	experiments/cr_scizor/stage3a/method_v02r/features/cache/square/square_demo_103_clean.npz.placeholder.md
experiments/cr_scizor/stage3a/method_v02r/features/cache/square/square_demo_103_flip_gripper_t115_m0.50.npz	293089	dataset, feature, index, or evaluation table artifact	experiments/cr_scizor/stage3a/method_v02r/features/cache/square/square_demo_103_flip_gripper_t115_m0.50.npz.placeholder.md
experiments/cr_scizor/stage3a/method_v02r/features/cache/square/square_demo_103_flip_gripper_t147_m0.50.npz	293089	dataset, feature, index, or evaluation table artifact	experiments/cr_scizor/stage3a/method_v02r/features/cache/square/square_demo_103_flip_gripper_t147_m0.50.npz.placeholder.md
experiments/cr_scizor/stage3a/method_v02r/features/cache/square/square_demo_103_flip_gripper_t72_m0.50.npz	293089	dataset, feature, index, or evaluation table artifact	experiments/cr_scizor/stage3a/method_v02r/features/cache/square/square_demo_103_flip_gripper_t72_m0.50.npz.placeholder.md
experiments/cr_scizor/stage3a/method_v02r/features/cache/square/square_demo_103_flip_gripper_t82_m0.50.npz	293089	dataset, feature, index, or evaluation table artifact	experiments/cr_scizor/stage3a/method_v02r/features/cache/square/square_demo_103_flip_gripper_t82_m0.50.npz.placeholder.md
experiments/cr_scizor/stage3a/method_v02r/features/cache/square/square_demo_103_reverse_motion_t115_m0.25.npz	293089	dataset, feature, index, or evaluation table artifact	experiments/cr_scizor/stage3a/method_v02r/features/cache/square/square_demo_103_reverse_motion_t115_m0.25.npz.placeholder.md
experiments/cr_scizor/stage3a/method_v02r/features/cache/square/square_demo_103_reverse_motion_t147_m0.25.npz	293089	dataset, feature, index, or evaluation table artifact	experiments/cr_scizor/stage3a/method_v02r/features/cache/square/square_demo_103_reverse_motion_t147_m0.25.npz.placeholder.md
experiments/cr_scizor/stage3a/method_v02r/features/cache/square/square_demo_103_reverse_motion_t72_m0.25.npz	293089	dataset, feature, index, or evaluation table artifact	experiments/cr_scizor/stage3a/method_v02r/features/cache/square/square_demo_103_reverse_motion_t72_m0.25.npz.placeholder.md
experiments/cr_scizor/stage3a/method_v02r/features/cache/square/square_demo_103_reverse_motion_t82_m0.25.npz	293089	dataset, feature, index, or evaluation table artifact	experiments/cr_scizor/stage3a/method_v02r/features/cache/square/square_demo_103_reverse_motion_t82_m0.25.npz.placeholder.md
experiments/cr_scizor/stage3a/method_v02r/features/cache/square/square_demo_103_zero_motion_t115_m0.50.npz	293089	dataset, feature, index, or evaluation table artifact	experiments/cr_scizor/stage3a/method_v02r/features/cache/square/square_demo_103_zero_motion_t115_m0.50.npz.placeholder.md
experiments/cr_scizor/stage3a/method_v02r/features/cache/square/square_demo_103_zero_motion_t147_m0.50.npz	293089	dataset, feature, index, or evaluation table artifact	experiments/cr_scizor/stage3a/method_v02r/features/cache/square/square_demo_103_zero_motion_t147_m0.50.npz.placeholder.md
experiments/cr_scizor/stage3a/method_v02r/features/cache/square/square_demo_103_zero_motion_t72_m0.50.npz	293089	dataset, feature, index, or evaluation table artifact	experiments/cr_scizor/stage3a/method_v02r/features/cache/square/square_demo_103_zero_motion_t72_m0.50.npz.placeholder.md
experiments/cr_scizor/stage3a/method_v02r/features/cache/square/square_demo_103_zero_motion_t82_m0.50.npz	293089	dataset, feature, index, or evaluation table artifact	experiments/cr_scizor/stage3a/method_v02r/features/cache/square/square_demo_103_zero_motion_t82_m0.50.npz.placeholder.md
experiments/cr_scizor/stage3a/method_v02r/features/cache/square/square_demo_104_axis_impulse_t45_m0.25.npz	222865	dataset, feature, index, or evaluation table artifact	experiments/cr_scizor/stage3a/method_v02r/features/cache/square/square_demo_104_axis_impulse_t45_m0.25.npz.placeholder.md
experiments/cr_scizor/stage3a/method_v02r/features/cache/square/square_demo_104_axis_impulse_t60_m0.25.npz	222865	dataset, feature, index, or evaluation table artifact	experiments/cr_scizor/stage3a/method_v02r/features/cache/square/square_demo_104_axis_impulse_t60_m0.25.npz.placeholder.md
experiments/cr_scizor/stage3a/method_v02r/features/cache/square/square_demo_104_axis_impulse_t70_m0.25.npz	222865	dataset, feature, index, or evaluation table artifact	experiments/cr_scizor/stage3a/method_v02r/features/cache/square/square_demo_104_axis_impulse_t70_m0.25.npz.placeholder.md
experiments/cr_scizor/stage3a/method_v02r/features/cache/square/square_demo_104_axis_impulse_t87_m0.25.npz	222865	dataset, feature, index, or evaluation table artifact	experiments/cr_scizor/stage3a/method_v02r/features/cache/square/square_demo_104_axis_impulse_t87_m0.25.npz.placeholder.md
experiments/cr_scizor/stage3a/method_v02r/features/cache/square/square_demo_104_clean.npz	222865	dataset, feature, index, or evaluation table artifact	experiments/cr_scizor/stage3a/method_v02r/features/cache/square/square_demo_104_clean.npz.placeholder.md
experiments/cr_scizor/stage3a/method_v02r/features/cache/square/square_demo_104_flip_gripper_t45_m0.50.npz	222865	dataset, feature, index, or evaluation table artifact	experiments/cr_scizor/stage3a/method_v02r/features/cache/square/square_demo_104_flip_gripper_t45_m0.50.npz.placeholder.md
experiments/cr_scizor/stage3a/method_v02r/features/cache/square/square_demo_104_flip_gripper_t60_m0.50.npz	222865	dataset, feature, index, or evaluation table artifact	experiments/cr_scizor/stage3a/method_v02r/features/cache/square/square_demo_104_flip_gripper_t60_m0.50.npz.placeholder.md
experiments/cr_scizor/stage3a/method_v02r/features/cache/square/square_demo_104_flip_gripper_t70_m0.50.npz	222865	dataset, feature, index, or evaluation table artifact	experiments/cr_scizor/stage3a/method_v02r/features/cache/square/square_demo_104_flip_gripper_t70_m0.50.npz.placeholder.md
experiments/cr_scizor/stage3a/method_v02r/features/cache/square/square_demo_104_flip_gripper_t87_m0.50.npz	222865	dataset, feature, index, or evaluation table artifact	experiments/cr_scizor/stage3a/method_v02r/features/cache/square/square_demo_104_flip_gripper_t87_m0.50.npz.placeholder.md
experiments/cr_scizor/stage3a/method_v02r/features/cache/square/square_demo_104_reverse_motion_t45_m0.25.npz	222865	dataset, feature, index, or evaluation table artifact	experiments/cr_scizor/stage3a/method_v02r/features/cache/square/square_demo_104_reverse_motion_t45_m0.25.npz.placeholder.md
experiments/cr_scizor/stage3a/method_v02r/features/cache/square/square_demo_104_reverse_motion_t60_m0.25.npz	222865	dataset, feature, index, or evaluation table artifact	experiments/cr_scizor/stage3a/method_v02r/features/cache/square/square_demo_104_reverse_motion_t60_m0.25.npz.placeholder.md
experiments/cr_scizor/stage3a/method_v02r/features/cache/square/square_demo_104_reverse_motion_t70_m0.25.npz	222865	dataset, feature, index, or evaluation table artifact	experiments/cr_scizor/stage3a/method_v02r/features/cache/square/square_demo_104_reverse_motion_t70_m0.25.npz.placeholder.md
experiments/cr_scizor/stage3a/method_v02r/features/cache/square/square_demo_104_reverse_motion_t87_m0.25.npz	222865	dataset, feature, index, or evaluation table artifact	experiments/cr_scizor/stage3a/method_v02r/features/cache/square/square_demo_104_reverse_motion_t87_m0.25.npz.placeholder.md
experiments/cr_scizor/stage3a/method_v02r/features/cache/square/square_demo_104_zero_motion_t45_m0.50.npz	222865	dataset, feature, index, or evaluation table artifact	experiments/cr_scizor/stage3a/method_v02r/features/cache/square/square_demo_104_zero_motion_t45_m0.50.npz.placeholder.md
experiments/cr_scizor/stage3a/method_v02r/features/cache/square/square_demo_104_zero_motion_t60_m0.50.npz	222865	dataset, feature, index, or evaluation table artifact	experiments/cr_scizor/stage3a/method_v02r/features/cache/square/square_demo_104_zero_motion_t60_m0.50.npz.placeholder.md
experiments/cr_scizor/stage3a/method_v02r/features/cache/square/square_demo_104_zero_motion_t70_m0.50.npz	222865	dataset, feature, index, or evaluation table artifact	experiments/cr_scizor/stage3a/method_v02r/features/cache/square/square_demo_104_zero_motion_t70_m0.50.npz.placeholder.md
experiments/cr_scizor/stage3a/method_v02r/features/cache/square/square_demo_104_zero_motion_t87_m0.50.npz	222865	dataset, feature, index, or evaluation table artifact	experiments/cr_scizor/stage3a/method_v02r/features/cache/square/square_demo_104_zero_motion_t87_m0.50.npz.placeholder.md
experiments/cr_scizor/stage3a/method_v02r/features/cache/square/square_demo_105_axis_impulse_t134_m0.25.npz	285697	dataset, feature, index, or evaluation table artifact	experiments/cr_scizor/stage3a/method_v02r/features/cache/square/square_demo_105_axis_impulse_t134_m0.25.npz.placeholder.md
experiments/cr_scizor/stage3a/method_v02r/features/cache/square/square_demo_105_axis_impulse_t63_m0.25.npz	285697	dataset, feature, index, or evaluation table artifact	experiments/cr_scizor/stage3a/method_v02r/features/cache/square/square_demo_105_axis_impulse_t63_m0.25.npz.placeholder.md
experiments/cr_scizor/stage3a/method_v02r/features/cache/square/square_demo_105_axis_impulse_t73_m0.25.npz	285697	dataset, feature, index, or evaluation table artifact	experiments/cr_scizor/stage3a/method_v02r/features/cache/square/square_demo_105_axis_impulse_t73_m0.25.npz.placeholder.md
experiments/cr_scizor/stage3a/method_v02r/features/cache/square/square_demo_105_axis_impulse_t83_m0.25.npz	285697	dataset, feature, index, or evaluation table artifact	experiments/cr_scizor/stage3a/method_v02r/features/cache/square/square_demo_105_axis_impulse_t83_m0.25.npz.placeholder.md
experiments/cr_scizor/stage3a/method_v02r/features/cache/square/square_demo_105_clean.npz	285697	dataset, feature, index, or evaluation table artifact	experiments/cr_scizor/stage3a/method_v02r/features/cache/square/square_demo_105_clean.npz.placeholder.md
experiments/cr_scizor/stage3a/method_v02r/features/cache/square/square_demo_105_flip_gripper_t134_m0.50.npz	285697	dataset, feature, index, or evaluation table artifact	experiments/cr_scizor/stage3a/method_v02r/features/cache/square/square_demo_105_flip_gripper_t134_m0.50.npz.placeholder.md
experiments/cr_scizor/stage3a/method_v02r/features/cache/square/square_demo_105_flip_gripper_t63_m0.50.npz	285697	dataset, feature, index, or evaluation table artifact	experiments/cr_scizor/stage3a/method_v02r/features/cache/square/square_demo_105_flip_gripper_t63_m0.50.npz.placeholder.md
experiments/cr_scizor/stage3a/method_v02r/features/cache/square/square_demo_105_flip_gripper_t73_m0.50.npz	285697	dataset, feature, index, or evaluation table artifact	experiments/cr_scizor/stage3a/method_v02r/features/cache/square/square_demo_105_flip_gripper_t73_m0.50.npz.placeholder.md
experiments/cr_scizor/stage3a/method_v02r/features/cache/square/square_demo_105_flip_gripper_t83_m0.50.npz	285697	dataset, feature, index, or evaluation table artifact	experiments/cr_scizor/stage3a/method_v02r/features/cache/square/square_demo_105_flip_gripper_t83_m0.50.npz.placeholder.md
experiments/cr_scizor/stage3a/method_v02r/features/cache/square/square_demo_105_reverse_motion_t134_m0.25.npz	285697	dataset, feature, index, or evaluation table artifact	experiments/cr_scizor/stage3a/method_v02r/features/cache/square/square_demo_105_reverse_motion_t134_m0.25.npz.placeholder.md
experiments/cr_scizor/stage3a/method_v02r/features/cache/square/square_demo_105_reverse_motion_t63_m0.25.npz	285697	dataset, feature, index, or evaluation table artifact	experiments/cr_scizor/stage3a/method_v02r/features/cache/square/square_demo_105_reverse_motion_t63_m0.25.npz.placeholder.md
experiments/cr_scizor/stage3a/method_v02r/features/cache/square/square_demo_105_reverse_motion_t73_m0.25.npz	285697	dataset, feature, index, or evaluation table artifact	experiments/cr_scizor/stage3a/method_v02r/features/cache/square/square_demo_105_reverse_motion_t73_m0.25.npz.placeholder.md
experiments/cr_scizor/stage3a/method_v02r/features/cache/square/square_demo_105_reverse_motion_t83_m0.25.npz	285697	dataset, feature, index, or evaluation table artifact	experiments/cr_scizor/stage3a/method_v02r/features/cache/square/square_demo_105_reverse_motion_t83_m0.25.npz.placeholder.md
experiments/cr_scizor/stage3a/method_v02r/features/cache/square/square_demo_105_zero_motion_t134_m0.50.npz	285697	dataset, feature, index, or evaluation table artifact	experiments/cr_scizor/stage3a/method_v02r/features/cache/square/square_demo_105_zero_motion_t134_m0.50.npz.placeholder.md
experiments/cr_scizor/stage3a/method_v02r/features/cache/square/square_demo_105_zero_motion_t63_m0.50.npz	285697	dataset, feature, index, or evaluation table artifact	experiments/cr_scizor/stage3a/method_v02r/features/cache/square/square_demo_105_zero_motion_t63_m0.50.npz.placeholder.md
experiments/cr_scizor/stage3a/method_v02r/features/cache/square/square_demo_105_zero_motion_t73_m0.50.npz	285697	dataset, feature, index, or evaluation table artifact	experiments/cr_scizor/stage3a/method_v02r/features/cache/square/square_demo_105_zero_motion_t73_m0.50.npz.placeholder.md
experiments/cr_scizor/stage3a/method_v02r/features/cache/square/square_demo_105_zero_motion_t83_m0.50.npz	285697	dataset, feature, index, or evaluation table artifact	experiments/cr_scizor/stage3a/method_v02r/features/cache/square/square_demo_105_zero_motion_t83_m0.50.npz.placeholder.md
experiments/cr_scizor/stage3a/method_v02r/features/cache/square/square_demo_108_axis_impulse_t121_m0.25.npz	269065	dataset, feature, index, or evaluation table artifact	experiments/cr_scizor/stage3a/method_v02r/features/cache/square/square_demo_108_axis_impulse_t121_m0.25.npz.placeholder.md
experiments/cr_scizor/stage3a/method_v02r/features/cache/square/square_demo_108_axis_impulse_t132_m0.25.npz	269065	dataset, feature, index, or evaluation table artifact	experiments/cr_scizor/stage3a/method_v02r/features/cache/square/square_demo_108_axis_impulse_t132_m0.25.npz.placeholder.md
experiments/cr_scizor/stage3a/method_v02r/features/cache/square/square_demo_108_axis_impulse_t68_m0.25.npz	269065	dataset, feature, index, or evaluation table artifact	experiments/cr_scizor/stage3a/method_v02r/features/cache/square/square_demo_108_axis_impulse_t68_m0.25.npz.placeholder.md
experiments/cr_scizor/stage3a/method_v02r/features/cache/square/square_demo_108_axis_impulse_t78_m0.25.npz	269065	dataset, feature, index, or evaluation table artifact	experiments/cr_scizor/stage3a/method_v02r/features/cache/square/square_demo_108_axis_impulse_t78_m0.25.npz.placeholder.md
experiments/cr_scizor/stage3a/method_v02r/features/cache/square/square_demo_108_clean.npz	269065	dataset, feature, index, or evaluation table artifact	experiments/cr_scizor/stage3a/method_v02r/features/cache/square/square_demo_108_clean.npz.placeholder.md
experiments/cr_scizor/stage3a/method_v02r/features/cache/square/square_demo_108_flip_gripper_t121_m0.50.npz	269065	dataset, feature, index, or evaluation table artifact	experiments/cr_scizor/stage3a/method_v02r/features/cache/square/square_demo_108_flip_gripper_t121_m0.50.npz.placeholder.md
experiments/cr_scizor/stage3a/method_v02r/features/cache/square/square_demo_108_flip_gripper_t132_m0.50.npz	269065	dataset, feature, index, or evaluation table artifact	experiments/cr_scizor/stage3a/method_v02r/features/cache/square/square_demo_108_flip_gripper_t132_m0.50.npz.placeholder.md
experiments/cr_scizor/stage3a/method_v02r/features/cache/square/square_demo_108_flip_gripper_t68_m0.50.npz	269065	dataset, feature, index, or evaluation table artifact	experiments/cr_scizor/stage3a/method_v02r/features/cache/square/square_demo_108_flip_gripper_t68_m0.50.npz.placeholder.md
experiments/cr_scizor/stage3a/method_v02r/features/cache/square/square_demo_108_flip_gripper_t78_m0.50.npz	269065	dataset, feature, index, or evaluation table artifact	experiments/cr_scizor/stage3a/method_v02r/features/cache/square/square_demo_108_flip_gripper_t78_m0.50.npz.placeholder.md
experiments/cr_scizor/stage3a/method_v02r/features/cache/square/square_demo_108_reverse_motion_t121_m0.25.npz	269065	dataset, feature, index, or evaluation table artifact	experiments/cr_scizor/stage3a/method_v02r/features/cache/square/square_demo_108_reverse_motion_t121_m0.25.npz.placeholder.md
experiments/cr_scizor/stage3a/method_v02r/features/cache/square/square_demo_108_reverse_motion_t132_m0.25.npz	269065	dataset, feature, index, or evaluation table artifact	experiments/cr_scizor/stage3a/method_v02r/features/cache/square/square_demo_108_reverse_motion_t132_m0.25.npz.placeholder.md
experiments/cr_scizor/stage3a/method_v02r/features/cache/square/square_demo_108_reverse_motion_t68_m0.25.npz	269065	dataset, feature, index, or evaluation table artifact	experiments/cr_scizor/stage3a/method_v02r/features/cache/square/square_demo_108_reverse_motion_t68_m0.25.npz.placeholder.md
experiments/cr_scizor/stage3a/method_v02r/features/cache/square/square_demo_108_reverse_motion_t78_m0.25.npz	269065	dataset, feature, index, or evaluation table artifact	experiments/cr_scizor/stage3a/method_v02r/features/cache/square/square_demo_108_reverse_motion_t78_m0.25.npz.placeholder.md
experiments/cr_scizor/stage3a/method_v02r/features/cache/square/square_demo_108_zero_motion_t121_m0.50.npz	269065	dataset, feature, index, or evaluation table artifact	experiments/cr_scizor/stage3a/method_v02r/features/cache/square/square_demo_108_zero_motion_t121_m0.50.npz.placeholder.md
experiments/cr_scizor/stage3a/method_v02r/features/cache/square/square_demo_108_zero_motion_t132_m0.50.npz	269065	dataset, feature, index, or evaluation table artifact	experiments/cr_scizor/stage3a/method_v02r/features/cache/square/square_demo_108_zero_motion_t132_m0.50.npz.placeholder.md
experiments/cr_scizor/stage3a/method_v02r/features/cache/square/square_demo_108_zero_motion_t68_m0.50.npz	269065	dataset, feature, index, or evaluation table artifact	experiments/cr_scizor/stage3a/method_v02r/features/cache/square/square_demo_108_zero_motion_t68_m0.50.npz.placeholder.md
experiments/cr_scizor/stage3a/method_v02r/features/cache/square/square_demo_108_zero_motion_t78_m0.50.npz	269065	dataset, feature, index, or evaluation table artifact	experiments/cr_scizor/stage3a/method_v02r/features/cache/square/square_demo_108_zero_motion_t78_m0.50.npz.placeholder.md
experiments/cr_scizor/stage3a/method_v02r/features/cache/square/square_demo_109_axis_impulse_t144_m0.25.npz	289393	dataset, feature, index, or evaluation table artifact	experiments/cr_scizor/stage3a/method_v02r/features/cache/square/square_demo_109_axis_impulse_t144_m0.25.npz.placeholder.md
experiments/cr_scizor/stage3a/method_v02r/features/cache/square/square_demo_109_axis_impulse_t46_m0.25.npz	289393	dataset, feature, index, or evaluation table artifact	experiments/cr_scizor/stage3a/method_v02r/features/cache/square/square_demo_109_axis_impulse_t46_m0.25.npz.placeholder.md
experiments/cr_scizor/stage3a/method_v02r/features/cache/square/square_demo_109_axis_impulse_t62_m0.25.npz	289393	dataset, feature, index, or evaluation table artifact	experiments/cr_scizor/stage3a/method_v02r/features/cache/square/square_demo_109_axis_impulse_t62_m0.25.npz.placeholder.md
experiments/cr_scizor/stage3a/method_v02r/features/cache/square/square_demo_109_axis_impulse_t78_m0.25.npz	289393	dataset, feature, index, or evaluation table artifact	experiments/cr_scizor/stage3a/method_v02r/features/cache/square/square_demo_109_axis_impulse_t78_m0.25.npz.placeholder.md
experiments/cr_scizor/stage3a/method_v02r/features/cache/square/square_demo_109_clean.npz	289393	dataset, feature, index, or evaluation table artifact	experiments/cr_scizor/stage3a/method_v02r/features/cache/square/square_demo_109_clean.npz.placeholder.md
experiments/cr_scizor/stage3a/method_v02r/features/cache/square/square_demo_109_flip_gripper_t144_m0.50.npz	289393	dataset, feature, index, or evaluation table artifact	experiments/cr_scizor/stage3a/method_v02r/features/cache/square/square_demo_109_flip_gripper_t144_m0.50.npz.placeholder.md
experiments/cr_scizor/stage3a/method_v02r/features/cache/square/square_demo_109_flip_gripper_t46_m0.50.npz	289393	dataset, feature, index, or evaluation table artifact	experiments/cr_scizor/stage3a/method_v02r/features/cache/square/square_demo_109_flip_gripper_t46_m0.50.npz.placeholder.md
experiments/cr_scizor/stage3a/method_v02r/features/cache/square/square_demo_109_flip_gripper_t62_m0.50.npz	289393	dataset, feature, index, or evaluation table artifact	experiments/cr_scizor/stage3a/method_v02r/features/cache/square/square_demo_109_flip_gripper_t62_m0.50.npz.placeholder.md
experiments/cr_scizor/stage3a/method_v02r/features/cache/square/square_demo_109_flip_gripper_t78_m0.50.npz	289393	dataset, feature, index, or evaluation table artifact	experiments/cr_scizor/stage3a/method_v02r/features/cache/square/square_demo_109_flip_gripper_t78_m0.50.npz.placeholder.md
experiments/cr_scizor/stage3a/method_v02r/features/cache/square/square_demo_109_reverse_motion_t144_m0.25.npz	289393	dataset, feature, index, or evaluation table artifact	experiments/cr_scizor/stage3a/method_v02r/features/cache/square/square_demo_109_reverse_motion_t144_m0.25.npz.placeholder.md
experiments/cr_scizor/stage3a/method_v02r/features/cache/square/square_demo_109_reverse_motion_t46_m0.25.npz	289393	dataset, feature, index, or evaluation table artifact	experiments/cr_scizor/stage3a/method_v02r/features/cache/square/square_demo_109_reverse_motion_t46_m0.25.npz.placeholder.md
experiments/cr_scizor/stage3a/method_v02r/features/cache/square/square_demo_109_reverse_motion_t62_m0.25.npz	289393	dataset, feature, index, or evaluation table artifact	experiments/cr_scizor/stage3a/method_v02r/features/cache/square/square_demo_109_reverse_motion_t62_m0.25.npz.placeholder.md
experiments/cr_scizor/stage3a/method_v02r/features/cache/square/square_demo_109_reverse_motion_t78_m0.25.npz	289393	dataset, feature, index, or evaluation table artifact	experiments/cr_scizor/stage3a/method_v02r/features/cache/square/square_demo_109_reverse_motion_t78_m0.25.npz.placeholder.md
experiments/cr_scizor/stage3a/method_v02r/features/cache/square/square_demo_109_zero_motion_t144_m0.50.npz	289393	dataset, feature, index, or evaluation table artifact	experiments/cr_scizor/stage3a/method_v02r/features/cache/square/square_demo_109_zero_motion_t144_m0.50.npz.placeholder.md
experiments/cr_scizor/stage3a/method_v02r/features/cache/square/square_demo_109_zero_motion_t46_m0.50.npz	289393	dataset, feature, index, or evaluation table artifact	experiments/cr_scizor/stage3a/method_v02r/features/cache/square/square_demo_109_zero_motion_t46_m0.50.npz.placeholder.md
experiments/cr_scizor/stage3a/method_v02r/features/cache/square/square_demo_109_zero_motion_t62_m0.50.npz	289393	dataset, feature, index, or evaluation table artifact	experiments/cr_scizor/stage3a/method_v02r/features/cache/square/square_demo_109_zero_motion_t62_m0.50.npz.placeholder.md
experiments/cr_scizor/stage3a/method_v02r/features/cache/square/square_demo_109_zero_motion_t78_m0.50.npz	289393	dataset, feature, index, or evaluation table artifact	experiments/cr_scizor/stage3a/method_v02r/features/cache/square/square_demo_109_zero_motion_t78_m0.50.npz.placeholder.md
experiments/cr_scizor/stage3a/method_v02r/features/cache/square/square_demo_10_axis_impulse_t126_m0.25.npz	248737	dataset, feature, index, or evaluation table artifact	experiments/cr_scizor/stage3a/method_v02r/features/cache/square/square_demo_10_axis_impulse_t126_m0.25.npz.placeholder.md
experiments/cr_scizor/stage3a/method_v02r/features/cache/square/square_demo_10_axis_impulse_t54_m0.25.npz	248737	dataset, feature, index, or evaluation table artifact	experiments/cr_scizor/stage3a/method_v02r/features/cache/square/square_demo_10_axis_impulse_t54_m0.25.npz.placeholder.md
experiments/cr_scizor/stage3a/method_v02r/features/cache/square/square_demo_10_axis_impulse_t64_m0.25.npz	248737	dataset, feature, index, or evaluation table artifact	experiments/cr_scizor/stage3a/method_v02r/features/cache/square/square_demo_10_axis_impulse_t64_m0.25.npz.placeholder.md
experiments/cr_scizor/stage3a/method_v02r/features/cache/square/square_demo_10_axis_impulse_t79_m0.25.npz	248737	dataset, feature, index, or evaluation table artifact	experiments/cr_scizor/stage3a/method_v02r/features/cache/square/square_demo_10_axis_impulse_t79_m0.25.npz.placeholder.md
experiments/cr_scizor/stage3a/method_v02r/features/cache/square/square_demo_10_clean.npz	248737	dataset, feature, index, or evaluation table artifact	experiments/cr_scizor/stage3a/method_v02r/features/cache/square/square_demo_10_clean.npz.placeholder.md
experiments/cr_scizor/stage3a/method_v02r/features/cache/square/square_demo_10_flip_gripper_t126_m0.50.npz	248737	dataset, feature, index, or evaluation table artifact	experiments/cr_scizor/stage3a/method_v02r/features/cache/square/square_demo_10_flip_gripper_t126_m0.50.npz.placeholder.md
experiments/cr_scizor/stage3a/method_v02r/features/cache/square/square_demo_10_flip_gripper_t54_m0.50.npz	248737	dataset, feature, index, or evaluation table artifact	experiments/cr_scizor/stage3a/method_v02r/features/cache/square/square_demo_10_flip_gripper_t54_m0.50.npz.placeholder.md
experiments/cr_scizor/stage3a/method_v02r/features/cache/square/square_demo_10_flip_gripper_t64_m0.50.npz	248737	dataset, feature, index, or evaluation table artifact	experiments/cr_scizor/stage3a/method_v02r/features/cache/square/square_demo_10_flip_gripper_t64_m0.50.npz.placeholder.md
experiments/cr_scizor/stage3a/method_v02r/features/cache/square/square_demo_10_flip_gripper_t79_m0.50.npz	248737	dataset, feature, index, or evaluation table artifact	experiments/cr_scizor/stage3a/method_v02r/features/cache/square/square_demo_10_flip_gripper_t79_m0.50.npz.placeholder.md
experiments/cr_scizor/stage3a/method_v02r/features/cache/square/square_demo_10_reverse_motion_t126_m0.25.npz	248737	dataset, feature, index, or evaluation table artifact	experiments/cr_scizor/stage3a/method_v02r/features/cache/square/square_demo_10_reverse_motion_t126_m0.25.npz.placeholder.md
experiments/cr_scizor/stage3a/method_v02r/features/cache/square/square_demo_10_reverse_motion_t54_m0.25.npz	248737	dataset, feature, index, or evaluation table artifact	experiments/cr_scizor/stage3a/method_v02r/features/cache/square/square_demo_10_reverse_motion_t54_m0.25.npz.placeholder.md
experiments/cr_scizor/stage3a/method_v02r/features/cache/square/square_demo_10_reverse_motion_t64_m0.25.npz	248737	dataset, feature, index, or evaluation table artifact	experiments/cr_scizor/stage3a/method_v02r/features/cache/square/square_demo_10_reverse_motion_t64_m0.25.npz.placeholder.md
experiments/cr_scizor/stage3a/method_v02r/features/cache/square/square_demo_10_reverse_motion_t79_m0.25.npz	248737	dataset, feature, index, or evaluation table artifact	experiments/cr_scizor/stage3a/method_v02r/features/cache/square/square_demo_10_reverse_motion_t79_m0.25.npz.placeholder.md
experiments/cr_scizor/stage3a/method_v02r/features/cache/square/square_demo_10_zero_motion_t126_m0.50.npz	248737	dataset, feature, index, or evaluation table artifact	experiments/cr_scizor/stage3a/method_v02r/features/cache/square/square_demo_10_zero_motion_t126_m0.50.npz.placeholder.md
experiments/cr_scizor/stage3a/method_v02r/features/cache/square/square_demo_10_zero_motion_t54_m0.50.npz	248737	dataset, feature, index, or evaluation table artifact	experiments/cr_scizor/stage3a/method_v02r/features/cache/square/square_demo_10_zero_motion_t54_m0.50.npz.placeholder.md
experiments/cr_scizor/stage3a/method_v02r/features/cache/square/square_demo_10_zero_motion_t64_m0.50.npz	248737	dataset, feature, index, or evaluation table artifact	experiments/cr_scizor/stage3a/method_v02r/features/cache/square/square_demo_10_zero_motion_t64_m0.50.npz.placeholder.md
experiments/cr_scizor/stage3a/method_v02r/features/cache/square/square_demo_10_zero_motion_t79_m0.50.npz	248737	dataset, feature, index, or evaluation table artifact	experiments/cr_scizor/stage3a/method_v02r/features/cache/square/square_demo_10_zero_motion_t79_m0.50.npz.placeholder.md
experiments/cr_scizor/stage3a/method_v02r/features/cache/square/square_demo_110_axis_impulse_t119_m0.25.npz	241345	dataset, feature, index, or evaluation table artifact	experiments/cr_scizor/stage3a/method_v02r/features/cache/square/square_demo_110_axis_impulse_t119_m0.25.npz.placeholder.md
experiments/cr_scizor/stage3a/method_v02r/features/cache/square/square_demo_110_axis_impulse_t55_m0.25.npz	241345	dataset, feature, index, or evaluation table artifact	experiments/cr_scizor/stage3a/method_v02r/features/cache/square/square_demo_110_axis_impulse_t55_m0.25.npz.placeholder.md
experiments/cr_scizor/stage3a/method_v02r/features/cache/square/square_demo_110_axis_impulse_t65_m0.25.npz	241345	dataset, feature, index, or evaluation table artifact	experiments/cr_scizor/stage3a/method_v02r/features/cache/square/square_demo_110_axis_impulse_t65_m0.25.npz.placeholder.md
experiments/cr_scizor/stage3a/method_v02r/features/cache/square/square_demo_110_axis_impulse_t85_m0.25.npz	241345	dataset, feature, index, or evaluation table artifact	experiments/cr_scizor/stage3a/method_v02r/features/cache/square/square_demo_110_axis_impulse_t85_m0.25.npz.placeholder.md
experiments/cr_scizor/stage3a/method_v02r/features/cache/square/square_demo_110_clean.npz	241345	dataset, feature, index, or evaluation table artifact	experiments/cr_scizor/stage3a/method_v02r/features/cache/square/square_demo_110_clean.npz.placeholder.md
experiments/cr_scizor/stage3a/method_v02r/features/cache/square/square_demo_110_flip_gripper_t119_m0.50.npz	241345	dataset, feature, index, or evaluation table artifact	experiments/cr_scizor/stage3a/method_v02r/features/cache/square/square_demo_110_flip_gripper_t119_m0.50.npz.placeholder.md
experiments/cr_scizor/stage3a/method_v02r/features/cache/square/square_demo_110_flip_gripper_t55_m0.50.npz	241345	dataset, feature, index, or evaluation table artifact	experiments/cr_scizor/stage3a/method_v02r/features/cache/square/square_demo_110_flip_gripper_t55_m0.50.npz.placeholder.md
experiments/cr_scizor/stage3a/method_v02r/features/cache/square/square_demo_110_flip_gripper_t65_m0.50.npz	241345	dataset, feature, index, or evaluation table artifact	experiments/cr_scizor/stage3a/method_v02r/features/cache/square/square_demo_110_flip_gripper_t65_m0.50.npz.placeholder.md
experiments/cr_scizor/stage3a/method_v02r/features/cache/square/square_demo_110_flip_gripper_t85_m0.50.npz	241345	dataset, feature, index, or evaluation table artifact	experiments/cr_scizor/stage3a/method_v02r/features/cache/square/square_demo_110_flip_gripper_t85_m0.50.npz.placeholder.md
experiments/cr_scizor/stage3a/method_v02r/features/cache/square/square_demo_110_reverse_motion_t119_m0.25.npz	241345	dataset, feature, index, or evaluation table artifact	experiments/cr_scizor/stage3a/method_v02r/features/cache/square/square_demo_110_reverse_motion_t119_m0.25.npz.placeholder.md
experiments/cr_scizor/stage3a/method_v02r/features/cache/square/square_demo_110_reverse_motion_t55_m0.25.npz	241345	dataset, feature, index, or evaluation table artifact	experiments/cr_scizor/stage3a/method_v02r/features/cache/square/square_demo_110_reverse_motion_t55_m0.25.npz.placeholder.md
experiments/cr_scizor/stage3a/method_v02r/features/cache/square/square_demo_110_reverse_motion_t65_m0.25.npz	241345	dataset, feature, index, or evaluation table artifact	experiments/cr_scizor/stage3a/method_v02r/features/cache/square/square_demo_110_reverse_motion_t65_m0.25.npz.placeholder.md
experiments/cr_scizor/stage3a/method_v02r/features/cache/square/square_demo_110_reverse_motion_t85_m0.25.npz	241345	dataset, feature, index, or evaluation table artifact	experiments/cr_scizor/stage3a/method_v02r/features/cache/square/square_demo_110_reverse_motion_t85_m0.25.npz.placeholder.md
experiments/cr_scizor/stage3a/method_v02r/features/cache/square/square_demo_110_zero_motion_t119_m0.50.npz	241345	dataset, feature, index, or evaluation table artifact	experiments/cr_scizor/stage3a/method_v02r/features/cache/square/square_demo_110_zero_motion_t119_m0.50.npz.placeholder.md
experiments/cr_scizor/stage3a/method_v02r/features/cache/square/square_demo_110_zero_motion_t55_m0.50.npz	241345	dataset, feature, index, or evaluation table artifact	experiments/cr_scizor/stage3a/method_v02r/features/cache/square/square_demo_110_zero_motion_t55_m0.50.npz.placeholder.md
experiments/cr_scizor/stage3a/method_v02r/features/cache/square/square_demo_110_zero_motion_t65_m0.50.npz	241345	dataset, feature, index, or evaluation table artifact	experiments/cr_scizor/stage3a/method_v02r/features/cache/square/square_demo_110_zero_motion_t65_m0.50.npz.placeholder.md
experiments/cr_scizor/stage3a/method_v02r/features/cache/square/square_demo_110_zero_motion_t85_m0.50.npz	241345	dataset, feature, index, or evaluation table artifact	experiments/cr_scizor/stage3a/method_v02r/features/cache/square/square_demo_110_zero_motion_t85_m0.50.npz.placeholder.md
experiments/cr_scizor/stage3a/method_v02r/features/cache/square/square_demo_111_axis_impulse_t119_m0.25.npz	241345	dataset, feature, index, or evaluation table artifact	experiments/cr_scizor/stage3a/method_v02r/features/cache/square/square_demo_111_axis_impulse_t119_m0.25.npz.placeholder.md
experiments/cr_scizor/stage3a/method_v02r/features/cache/square/square_demo_111_axis_impulse_t61_m0.25.npz	241345	dataset, feature, index, or evaluation table artifact	experiments/cr_scizor/stage3a/method_v02r/features/cache/square/square_demo_111_axis_impulse_t61_m0.25.npz.placeholder.md
experiments/cr_scizor/stage3a/method_v02r/features/cache/square/square_demo_111_axis_impulse_t71_m0.25.npz	241345	dataset, feature, index, or evaluation table artifact	experiments/cr_scizor/stage3a/method_v02r/features/cache/square/square_demo_111_axis_impulse_t71_m0.25.npz.placeholder.md
experiments/cr_scizor/stage3a/method_v02r/features/cache/square/square_demo_111_axis_impulse_t97_m0.25.npz	241345	dataset, feature, index, or evaluation table artifact	experiments/cr_scizor/stage3a/method_v02r/features/cache/square/square_demo_111_axis_impulse_t97_m0.25.npz.placeholder.md
experiments/cr_scizor/stage3a/method_v02r/features/cache/square/square_demo_111_clean.npz	241345	dataset, feature, index, or evaluation table artifact	experiments/cr_scizor/stage3a/method_v02r/features/cache/square/square_demo_111_clean.npz.placeholder.md
experiments/cr_scizor/stage3a/method_v02r/features/cache/square/square_demo_111_flip_gripper_t119_m0.50.npz	241345	dataset, feature, index, or evaluation table artifact	experiments/cr_scizor/stage3a/method_v02r/features/cache/square/square_demo_111_flip_gripper_t119_m0.50.npz.placeholder.md
experiments/cr_scizor/stage3a/method_v02r/features/cache/square/square_demo_111_flip_gripper_t61_m0.50.npz	241345	dataset, feature, index, or evaluation table artifact	experiments/cr_scizor/stage3a/method_v02r/features/cache/square/square_demo_111_flip_gripper_t61_m0.50.npz.placeholder.md
experiments/cr_scizor/stage3a/method_v02r/features/cache/square/square_demo_111_flip_gripper_t71_m0.50.npz	241345	dataset, feature, index, or evaluation table artifact	experiments/cr_scizor/stage3a/method_v02r/features/cache/square/square_demo_111_flip_gripper_t71_m0.50.npz.placeholder.md
experiments/cr_scizor/stage3a/method_v02r/features/cache/square/square_demo_111_flip_gripper_t97_m0.50.npz	241345	dataset, feature, index, or evaluation table artifact	experiments/cr_scizor/stage3a/method_v02r/features/cache/square/square_demo_111_flip_gripper_t97_m0.50.npz.placeholder.md
experiments/cr_scizor/stage3a/method_v02r/features/cache/square/square_demo_111_reverse_motion_t119_m0.25.npz	241345	dataset, feature, index, or evaluation table artifact	experiments/cr_scizor/stage3a/method_v02r/features/cache/square/square_demo_111_reverse_motion_t119_m0.25.npz.placeholder.md
experiments/cr_scizor/stage3a/method_v02r/features/cache/square/square_demo_111_reverse_motion_t61_m0.25.npz	241345	dataset, feature, index, or evaluation table artifact	experiments/cr_scizor/stage3a/method_v02r/features/cache/square/square_demo_111_reverse_motion_t61_m0.25.npz.placeholder.md
experiments/cr_scizor/stage3a/method_v02r/features/cache/square/square_demo_111_reverse_motion_t71_m0.25.npz	241345	dataset, feature, index, or evaluation table artifact	experiments/cr_scizor/stage3a/method_v02r/features/cache/square/square_demo_111_reverse_motion_t71_m0.25.npz.placeholder.md
experiments/cr_scizor/stage3a/method_v02r/features/cache/square/square_demo_111_reverse_motion_t97_m0.25.npz	241345	dataset, feature, index, or evaluation table artifact	experiments/cr_scizor/stage3a/method_v02r/features/cache/square/square_demo_111_reverse_motion_t97_m0.25.npz.placeholder.md
experiments/cr_scizor/stage3a/method_v02r/features/cache/square/square_demo_111_zero_motion_t119_m0.50.npz	241345	dataset, feature, index, or evaluation table artifact	experiments/cr_scizor/stage3a/method_v02r/features/cache/square/square_demo_111_zero_motion_t119_m0.50.npz.placeholder.md
experiments/cr_scizor/stage3a/method_v02r/features/cache/square/square_demo_111_zero_motion_t61_m0.50.npz	241345	dataset, feature, index, or evaluation table artifact	experiments/cr_scizor/stage3a/method_v02r/features/cache/square/square_demo_111_zero_motion_t61_m0.50.npz.placeholder.md
experiments/cr_scizor/stage3a/method_v02r/features/cache/square/square_demo_111_zero_motion_t71_m0.50.npz	241345	dataset, feature, index, or evaluation table artifact	experiments/cr_scizor/stage3a/method_v02r/features/cache/square/square_demo_111_zero_motion_t71_m0.50.npz.placeholder.md
experiments/cr_scizor/stage3a/method_v02r/features/cache/square/square_demo_111_zero_motion_t97_m0.50.npz	241345	dataset, feature, index, or evaluation table artifact	experiments/cr_scizor/stage3a/method_v02r/features/cache/square/square_demo_111_zero_motion_t97_m0.50.npz.placeholder.md
experiments/cr_scizor/stage3a/method_v02r/features/cache/square/square_demo_112_axis_impulse_t102_m0.25.npz	239497	dataset, feature, index, or evaluation table artifact	experiments/cr_scizor/stage3a/method_v02r/features/cache/square/square_demo_112_axis_impulse_t102_m0.25.npz.placeholder.md
experiments/cr_scizor/stage3a/method_v02r/features/cache/square/square_demo_112_axis_impulse_t118_m0.25.npz	239497	dataset, feature, index, or evaluation table artifact	experiments/cr_scizor/stage3a/method_v02r/features/cache/square/square_demo_112_axis_impulse_t118_m0.25.npz.placeholder.md
experiments/cr_scizor/stage3a/method_v02r/features/cache/square/square_demo_112_axis_impulse_t64_m0.25.npz	239497	dataset, feature, index, or evaluation table artifact	experiments/cr_scizor/stage3a/method_v02r/features/cache/square/square_demo_112_axis_impulse_t64_m0.25.npz.placeholder.md
experiments/cr_scizor/stage3a/method_v02r/features/cache/square/square_demo_112_axis_impulse_t74_m0.25.npz	239497	dataset, feature, index, or evaluation table artifact	experiments/cr_scizor/stage3a/method_v02r/features/cache/square/square_demo_112_axis_impulse_t74_m0.25.npz.placeholder.md
experiments/cr_scizor/stage3a/method_v02r/features/cache/square/square_demo_112_clean.npz	239497	dataset, feature, index, or evaluation table artifact	experiments/cr_scizor/stage3a/method_v02r/features/cache/square/square_demo_112_clean.npz.placeholder.md
experiments/cr_scizor/stage3a/method_v02r/features/cache/square/square_demo_112_flip_gripper_t102_m0.50.npz	239497	dataset, feature, index, or evaluation table artifact	experiments/cr_scizor/stage3a/method_v02r/features/cache/square/square_demo_112_flip_gripper_t102_m0.50.npz.placeholder.md
experiments/cr_scizor/stage3a/method_v02r/features/cache/square/square_demo_112_flip_gripper_t118_m0.50.npz	239497	dataset, feature, index, or evaluation table artifact	experiments/cr_scizor/stage3a/method_v02r/features/cache/square/square_demo_112_flip_gripper_t118_m0.50.npz.placeholder.md
experiments/cr_scizor/stage3a/method_v02r/features/cache/square/square_demo_112_flip_gripper_t64_m0.50.npz	239497	dataset, feature, index, or evaluation table artifact	experiments/cr_scizor/stage3a/method_v02r/features/cache/square/square_demo_112_flip_gripper_t64_m0.50.npz.placeholder.md
experiments/cr_scizor/stage3a/method_v02r/features/cache/square/square_demo_112_flip_gripper_t74_m0.50.npz	239497	dataset, feature, index, or evaluation table artifact	experiments/cr_scizor/stage3a/method_v02r/features/cache/square/square_demo_112_flip_gripper_t74_m0.50.npz.placeholder.md
experiments/cr_scizor/stage3a/method_v02r/features/cache/square/square_demo_112_reverse_motion_t102_m0.25.npz	239497	dataset, feature, index, or evaluation table artifact	experiments/cr_scizor/stage3a/method_v02r/features/cache/square/square_demo_112_reverse_motion_t102_m0.25.npz.placeholder.md
experiments/cr_scizor/stage3a/method_v02r/features/cache/square/square_demo_112_reverse_motion_t118_m0.25.npz	239497	dataset, feature, index, or evaluation table artifact	experiments/cr_scizor/stage3a/method_v02r/features/cache/square/square_demo_112_reverse_motion_t118_m0.25.npz.placeholder.md
experiments/cr_scizor/stage3a/method_v02r/features/cache/square/square_demo_112_reverse_motion_t64_m0.25.npz	239497	dataset, feature, index, or evaluation table artifact	experiments/cr_scizor/stage3a/method_v02r/features/cache/square/square_demo_112_reverse_motion_t64_m0.25.npz.placeholder.md
experiments/cr_scizor/stage3a/method_v02r/features/cache/square/square_demo_112_reverse_motion_t74_m0.25.npz	239497	dataset, feature, index, or evaluation table artifact	experiments/cr_scizor/stage3a/method_v02r/features/cache/square/square_demo_112_reverse_motion_t74_m0.25.npz.placeholder.md
experiments/cr_scizor/stage3a/method_v02r/features/cache/square/square_demo_112_zero_motion_t102_m0.50.npz	239497	dataset, feature, index, or evaluation table artifact	experiments/cr_scizor/stage3a/method_v02r/features/cache/square/square_demo_112_zero_motion_t102_m0.50.npz.placeholder.md
experiments/cr_scizor/stage3a/method_v02r/features/cache/square/square_demo_112_zero_motion_t118_m0.50.npz	239497	dataset, feature, index, or evaluation table artifact	experiments/cr_scizor/stage3a/method_v02r/features/cache/square/square_demo_112_zero_motion_t118_m0.50.npz.placeholder.md
experiments/cr_scizor/stage3a/method_v02r/features/cache/square/square_demo_112_zero_motion_t64_m0.50.npz	239497	dataset, feature, index, or evaluation table artifact	experiments/cr_scizor/stage3a/method_v02r/features/cache/square/square_demo_112_zero_motion_t64_m0.50.npz.placeholder.md
experiments/cr_scizor/stage3a/method_v02r/features/cache/square/square_demo_112_zero_motion_t74_m0.50.npz	239497	dataset, feature, index, or evaluation table artifact	experiments/cr_scizor/stage3a/method_v02r/features/cache/square/square_demo_112_zero_motion_t74_m0.50.npz.placeholder.md
experiments/cr_scizor/stage3a/method_v02r/features/cache/square/square_demo_113_axis_impulse_t167_m0.25.npz	335593	dataset, feature, index, or evaluation table artifact	experiments/cr_scizor/stage3a/method_v02r/features/cache/square/square_demo_113_axis_impulse_t167_m0.25.npz.placeholder.md
experiments/cr_scizor/stage3a/method_v02r/features/cache/square/square_demo_113_axis_impulse_t66_m0.25.npz	335593	dataset, feature, index, or evaluation table artifact	experiments/cr_scizor/stage3a/method_v02r/features/cache/square/square_demo_113_axis_impulse_t66_m0.25.npz.placeholder.md
experiments/cr_scizor/stage3a/method_v02r/features/cache/square/square_demo_113_axis_impulse_t84_m0.25.npz	335593	dataset, feature, index, or evaluation table artifact	experiments/cr_scizor/stage3a/method_v02r/features/cache/square/square_demo_113_axis_impulse_t84_m0.25.npz.placeholder.md
experiments/cr_scizor/stage3a/method_v02r/features/cache/square/square_demo_113_axis_impulse_t94_m0.25.npz	335593	dataset, feature, index, or evaluation table artifact	experiments/cr_scizor/stage3a/method_v02r/features/cache/square/square_demo_113_axis_impulse_t94_m0.25.npz.placeholder.md
experiments/cr_scizor/stage3a/method_v02r/features/cache/square/square_demo_113_clean.npz	335593	dataset, feature, index, or evaluation table artifact	experiments/cr_scizor/stage3a/method_v02r/features/cache/square/square_demo_113_clean.npz.placeholder.md
experiments/cr_scizor/stage3a/method_v02r/features/cache/square/square_demo_113_flip_gripper_t167_m0.50.npz	335593	dataset, feature, index, or evaluation table artifact	experiments/cr_scizor/stage3a/method_v02r/features/cache/square/square_demo_113_flip_gripper_t167_m0.50.npz.placeholder.md
experiments/cr_scizor/stage3a/method_v02r/features/cache/square/square_demo_113_flip_gripper_t66_m0.50.npz	335593	dataset, feature, index, or evaluation table artifact	experiments/cr_scizor/stage3a/method_v02r/features/cache/square/square_demo_113_flip_gripper_t66_m0.50.npz.placeholder.md
experiments/cr_scizor/stage3a/method_v02r/features/cache/square/square_demo_113_flip_gripper_t84_m0.50.npz	335593	dataset, feature, index, or evaluation table artifact	experiments/cr_scizor/stage3a/method_v02r/features/cache/square/square_demo_113_flip_gripper_t84_m0.50.npz.placeholder.md
experiments/cr_scizor/stage3a/method_v02r/features/cache/square/square_demo_113_flip_gripper_t94_m0.50.npz	335593	dataset, feature, index, or evaluation table artifact	experiments/cr_scizor/stage3a/method_v02r/features/cache/square/square_demo_113_flip_gripper_t94_m0.50.npz.placeholder.md
experiments/cr_scizor/stage3a/method_v02r/features/cache/square/square_demo_113_reverse_motion_t167_m0.25.npz	335593	dataset, feature, index, or evaluation table artifact	experiments/cr_scizor/stage3a/method_v02r/features/cache/square/square_demo_113_reverse_motion_t167_m0.25.npz.placeholder.md
experiments/cr_scizor/stage3a/method_v02r/features/cache/square/square_demo_113_reverse_motion_t66_m0.25.npz	335593	dataset, feature, index, or evaluation table artifact	experiments/cr_scizor/stage3a/method_v02r/features/cache/square/square_demo_113_reverse_motion_t66_m0.25.npz.placeholder.md
experiments/cr_scizor/stage3a/method_v02r/features/cache/square/square_demo_113_reverse_motion_t84_m0.25.npz	335593	dataset, feature, index, or evaluation table artifact	experiments/cr_scizor/stage3a/method_v02r/features/cache/square/square_demo_113_reverse_motion_t84_m0.25.npz.placeholder.md
experiments/cr_scizor/stage3a/method_v02r/features/cache/square/square_demo_113_reverse_motion_t94_m0.25.npz	335593	dataset, feature, index, or evaluation table artifact	experiments/cr_scizor/stage3a/method_v02r/features/cache/square/square_demo_113_reverse_motion_t94_m0.25.npz.placeholder.md
experiments/cr_scizor/stage3a/method_v02r/features/cache/square/square_demo_113_zero_motion_t167_m0.50.npz	335593	dataset, feature, index, or evaluation table artifact	experiments/cr_scizor/stage3a/method_v02r/features/cache/square/square_demo_113_zero_motion_t167_m0.50.npz.placeholder.md
experiments/cr_scizor/stage3a/method_v02r/features/cache/square/square_demo_113_zero_motion_t66_m0.50.npz	335593	dataset, feature, index, or evaluation table artifact	experiments/cr_scizor/stage3a/method_v02r/features/cache/square/square_demo_113_zero_motion_t66_m0.50.npz.placeholder.md
experiments/cr_scizor/stage3a/method_v02r/features/cache/square/square_demo_113_zero_motion_t84_m0.50.npz	335593	dataset, feature, index, or evaluation table artifact	experiments/cr_scizor/stage3a/method_v02r/features/cache/square/square_demo_113_zero_motion_t84_m0.50.npz.placeholder.md
experiments/cr_scizor/stage3a/method_v02r/features/cache/square/square_demo_113_zero_motion_t94_m0.50.npz	335593	dataset, feature, index, or evaluation table artifact	experiments/cr_scizor/stage3a/method_v02r/features/cache/square/square_demo_113_zero_motion_t94_m0.50.npz.placeholder.md
experiments/cr_scizor/stage3a/method_v02r/features/cache/square/square_demo_114_axis_impulse_t103_m0.25.npz	248737	dataset, feature, index, or evaluation table artifact	experiments/cr_scizor/stage3a/method_v02r/features/cache/square/square_demo_114_axis_impulse_t103_m0.25.npz.placeholder.md
experiments/cr_scizor/stage3a/method_v02r/features/cache/square/square_demo_114_axis_impulse_t122_m0.25.npz	248737	dataset, feature, index, or evaluation table artifact	experiments/cr_scizor/stage3a/method_v02r/features/cache/square/square_demo_114_axis_impulse_t122_m0.25.npz.placeholder.md
experiments/cr_scizor/stage3a/method_v02r/features/cache/square/square_demo_114_axis_impulse_t59_m0.25.npz	248737	dataset, feature, index, or evaluation table artifact	experiments/cr_scizor/stage3a/method_v02r/features/cache/square/square_demo_114_axis_impulse_t59_m0.25.npz.placeholder.md
experiments/cr_scizor/stage3a/method_v02r/features/cache/square/square_demo_114_axis_impulse_t69_m0.25.npz	248737	dataset, feature, index, or evaluation table artifact	experiments/cr_scizor/stage3a/method_v02r/features/cache/square/square_demo_114_axis_impulse_t69_m0.25.npz.placeholder.md
experiments/cr_scizor/stage3a/method_v02r/features/cache/square/square_demo_114_clean.npz	248737	dataset, feature, index, or evaluation table artifact	experiments/cr_scizor/stage3a/method_v02r/features/cache/square/square_demo_114_clean.npz.placeholder.md
experiments/cr_scizor/stage3a/method_v02r/features/cache/square/square_demo_114_flip_gripper_t103_m0.50.npz	248737	dataset, feature, index, or evaluation table artifact	experiments/cr_scizor/stage3a/method_v02r/features/cache/square/square_demo_114_flip_gripper_t103_m0.50.npz.placeholder.md
experiments/cr_scizor/stage3a/method_v02r/features/cache/square/square_demo_114_flip_gripper_t122_m0.50.npz	248737	dataset, feature, index, or evaluation table artifact	experiments/cr_scizor/stage3a/method_v02r/features/cache/square/square_demo_114_flip_gripper_t122_m0.50.npz.placeholder.md
experiments/cr_scizor/stage3a/method_v02r/features/cache/square/square_demo_114_flip_gripper_t59_m0.50.npz	248737	dataset, feature, index, or evaluation table artifact	experiments/cr_scizor/stage3a/method_v02r/features/cache/square/square_demo_114_flip_gripper_t59_m0.50.npz.placeholder.md
experiments/cr_scizor/stage3a/method_v02r/features/cache/square/square_demo_114_flip_gripper_t69_m0.50.npz	248737	dataset, feature, index, or evaluation table artifact	experiments/cr_scizor/stage3a/method_v02r/features/cache/square/square_demo_114_flip_gripper_t69_m0.50.npz.placeholder.md
experiments/cr_scizor/stage3a/method_v02r/features/cache/square/square_demo_114_reverse_motion_t103_m0.25.npz	248737	dataset, feature, index, or evaluation table artifact	experiments/cr_scizor/stage3a/method_v02r/features/cache/square/square_demo_114_reverse_motion_t103_m0.25.npz.placeholder.md
experiments/cr_scizor/stage3a/method_v02r/features/cache/square/square_demo_114_reverse_motion_t122_m0.25.npz	248737	dataset, feature, index, or evaluation table artifact	experiments/cr_scizor/stage3a/method_v02r/features/cache/square/square_demo_114_reverse_motion_t122_m0.25.npz.placeholder.md
experiments/cr_scizor/stage3a/method_v02r/features/cache/square/square_demo_114_reverse_motion_t59_m0.25.npz	248737	dataset, feature, index, or evaluation table artifact	experiments/cr_scizor/stage3a/method_v02r/features/cache/square/square_demo_114_reverse_motion_t59_m0.25.npz.placeholder.md
experiments/cr_scizor/stage3a/method_v02r/features/cache/square/square_demo_114_reverse_motion_t69_m0.25.npz	248737	dataset, feature, index, or evaluation table artifact	experiments/cr_scizor/stage3a/method_v02r/features/cache/square/square_demo_114_reverse_motion_t69_m0.25.npz.placeholder.md
experiments/cr_scizor/stage3a/method_v02r/features/cache/square/square_demo_114_zero_motion_t103_m0.50.npz	248737	dataset, feature, index, or evaluation table artifact	experiments/cr_scizor/stage3a/method_v02r/features/cache/square/square_demo_114_zero_motion_t103_m0.50.npz.placeholder.md
experiments/cr_scizor/stage3a/method_v02r/features/cache/square/square_demo_114_zero_motion_t122_m0.50.npz	248737	dataset, feature, index, or evaluation table artifact	experiments/cr_scizor/stage3a/method_v02r/features/cache/square/square_demo_114_zero_motion_t122_m0.50.npz.placeholder.md
experiments/cr_scizor/stage3a/method_v02r/features/cache/square/square_demo_114_zero_motion_t59_m0.50.npz	248737	dataset, feature, index, or evaluation table artifact	experiments/cr_scizor/stage3a/method_v02r/features/cache/square/square_demo_114_zero_motion_t59_m0.50.npz.placeholder.md
experiments/cr_scizor/stage3a/method_v02r/features/cache/square/square_demo_114_zero_motion_t69_m0.50.npz	248737	dataset, feature, index, or evaluation table artifact	experiments/cr_scizor/stage3a/method_v02r/features/cache/square/square_demo_114_zero_motion_t69_m0.50.npz.placeholder.md
experiments/cr_scizor/stage3a/method_v02r/features/cache/square/square_demo_116_axis_impulse_t129_m0.25.npz	302329	dataset, feature, index, or evaluation table artifact	experiments/cr_scizor/stage3a/method_v02r/features/cache/square/square_demo_116_axis_impulse_t129_m0.25.npz.placeholder.md
experiments/cr_scizor/stage3a/method_v02r/features/cache/square/square_demo_116_axis_impulse_t152_m0.25.npz	302329	dataset, feature, index, or evaluation table artifact	experiments/cr_scizor/stage3a/method_v02r/features/cache/square/square_demo_116_axis_impulse_t152_m0.25.npz.placeholder.md
experiments/cr_scizor/stage3a/method_v02r/features/cache/square/square_demo_116_axis_impulse_t70_m0.25.npz	302329	dataset, feature, index, or evaluation table artifact	experiments/cr_scizor/stage3a/method_v02r/features/cache/square/square_demo_116_axis_impulse_t70_m0.25.npz.placeholder.md
experiments/cr_scizor/stage3a/method_v02r/features/cache/square/square_demo_116_axis_impulse_t82_m0.25.npz	302329	dataset, feature, index, or evaluation table artifact	experiments/cr_scizor/stage3a/method_v02r/features/cache/square/square_demo_116_axis_impulse_t82_m0.25.npz.placeholder.md
experiments/cr_scizor/stage3a/method_v02r/features/cache/square/square_demo_116_clean.npz	302329	dataset, feature, index, or evaluation table artifact	experiments/cr_scizor/stage3a/method_v02r/features/cache/square/square_demo_116_clean.npz.placeholder.md
experiments/cr_scizor/stage3a/method_v02r/features/cache/square/square_demo_116_flip_gripper_t129_m0.50.npz	302329	dataset, feature, index, or evaluation table artifact	experiments/cr_scizor/stage3a/method_v02r/features/cache/square/square_demo_116_flip_gripper_t129_m0.50.npz.placeholder.md
experiments/cr_scizor/stage3a/method_v02r/features/cache/square/square_demo_116_flip_gripper_t152_m0.50.npz	302329	dataset, feature, index, or evaluation table artifact	experiments/cr_scizor/stage3a/method_v02r/features/cache/square/square_demo_116_flip_gripper_t152_m0.50.npz.placeholder.md
experiments/cr_scizor/stage3a/method_v02r/features/cache/square/square_demo_116_flip_gripper_t70_m0.50.npz	302329	dataset, feature, index, or evaluation table artifact	experiments/cr_scizor/stage3a/method_v02r/features/cache/square/square_demo_116_flip_gripper_t70_m0.50.npz.placeholder.md
experiments/cr_scizor/stage3a/method_v02r/features/cache/square/square_demo_116_flip_gripper_t82_m0.50.npz	302329	dataset, feature, index, or evaluation table artifact	experiments/cr_scizor/stage3a/method_v02r/features/cache/square/square_demo_116_flip_gripper_t82_m0.50.npz.placeholder.md
experiments/cr_scizor/stage3a/method_v02r/features/cache/square/square_demo_116_reverse_motion_t129_m0.25.npz	302329	dataset, feature, index, or evaluation table artifact	experiments/cr_scizor/stage3a/method_v02r/features/cache/square/square_demo_116_reverse_motion_t129_m0.25.npz.placeholder.md
experiments/cr_scizor/stage3a/method_v02r/features/cache/square/square_demo_116_reverse_motion_t152_m0.25.npz	302329	dataset, feature, index, or evaluation table artifact	experiments/cr_scizor/stage3a/method_v02r/features/cache/square/square_demo_116_reverse_motion_t152_m0.25.npz.placeholder.md
experiments/cr_scizor/stage3a/method_v02r/features/cache/square/square_demo_116_reverse_motion_t70_m0.25.npz	302329	dataset, feature, index, or evaluation table artifact	experiments/cr_scizor/stage3a/method_v02r/features/cache/square/square_demo_116_reverse_motion_t70_m0.25.npz.placeholder.md
experiments/cr_scizor/stage3a/method_v02r/features/cache/square/square_demo_116_reverse_motion_t82_m0.25.npz	302329	dataset, feature, index, or evaluation table artifact	experiments/cr_scizor/stage3a/method_v02r/features/cache/square/square_demo_116_reverse_motion_t82_m0.25.npz.placeholder.md
experiments/cr_scizor/stage3a/method_v02r/features/cache/square/square_demo_116_zero_motion_t129_m0.50.npz	302329	dataset, feature, index, or evaluation table artifact	experiments/cr_scizor/stage3a/method_v02r/features/cache/square/square_demo_116_zero_motion_t129_m0.50.npz.placeholder.md
experiments/cr_scizor/stage3a/method_v02r/features/cache/square/square_demo_116_zero_motion_t152_m0.50.npz	302329	dataset, feature, index, or evaluation table artifact	experiments/cr_scizor/stage3a/method_v02r/features/cache/square/square_demo_116_zero_motion_t152_m0.50.npz.placeholder.md
experiments/cr_scizor/stage3a/method_v02r/features/cache/square/square_demo_116_zero_motion_t70_m0.50.npz	302329	dataset, feature, index, or evaluation table artifact	experiments/cr_scizor/stage3a/method_v02r/features/cache/square/square_demo_116_zero_motion_t70_m0.50.npz.placeholder.md
experiments/cr_scizor/stage3a/method_v02r/features/cache/square/square_demo_116_zero_motion_t82_m0.50.npz	302329	dataset, feature, index, or evaluation table artifact	experiments/cr_scizor/stage3a/method_v02r/features/cache/square/square_demo_116_zero_motion_t82_m0.50.npz.placeholder.md
experiments/cr_scizor/stage3a/method_v02r/features/cache/square/square_demo_117_axis_impulse_t102_m0.25.npz	241345	dataset, feature, index, or evaluation table artifact	experiments/cr_scizor/stage3a/method_v02r/features/cache/square/square_demo_117_axis_impulse_t102_m0.25.npz.placeholder.md
experiments/cr_scizor/stage3a/method_v02r/features/cache/square/square_demo_117_axis_impulse_t117_m0.25.npz	241345	dataset, feature, index, or evaluation table artifact	experiments/cr_scizor/stage3a/method_v02r/features/cache/square/square_demo_117_axis_impulse_t117_m0.25.npz.placeholder.md
experiments/cr_scizor/stage3a/method_v02r/features/cache/square/square_demo_117_axis_impulse_t62_m0.25.npz	241345	dataset, feature, index, or evaluation table artifact	experiments/cr_scizor/stage3a/method_v02r/features/cache/square/square_demo_117_axis_impulse_t62_m0.25.npz.placeholder.md
experiments/cr_scizor/stage3a/method_v02r/features/cache/square/square_demo_117_axis_impulse_t72_m0.25.npz	241345	dataset, feature, index, or evaluation table artifact	experiments/cr_scizor/stage3a/method_v02r/features/cache/square/square_demo_117_axis_impulse_t72_m0.25.npz.placeholder.md
experiments/cr_scizor/stage3a/method_v02r/features/cache/square/square_demo_117_clean.npz	241345	dataset, feature, index, or evaluation table artifact	experiments/cr_scizor/stage3a/method_v02r/features/cache/square/square_demo_117_clean.npz.placeholder.md
experiments/cr_scizor/stage3a/method_v02r/features/cache/square/square_demo_117_flip_gripper_t102_m0.50.npz	241345	dataset, feature, index, or evaluation table artifact	experiments/cr_scizor/stage3a/method_v02r/features/cache/square/square_demo_117_flip_gripper_t102_m0.50.npz.placeholder.md
experiments/cr_scizor/stage3a/method_v02r/features/cache/square/square_demo_117_flip_gripper_t117_m0.50.npz	241345	dataset, feature, index, or evaluation table artifact	experiments/cr_scizor/stage3a/method_v02r/features/cache/square/square_demo_117_flip_gripper_t117_m0.50.npz.placeholder.md
experiments/cr_scizor/stage3a/method_v02r/features/cache/square/square_demo_117_flip_gripper_t62_m0.50.npz	241345	dataset, feature, index, or evaluation table artifact	experiments/cr_scizor/stage3a/method_v02r/features/cache/square/square_demo_117_flip_gripper_t62_m0.50.npz.placeholder.md
experiments/cr_scizor/stage3a/method_v02r/features/cache/square/square_demo_117_flip_gripper_t72_m0.50.npz	241345	dataset, feature, index, or evaluation table artifact	experiments/cr_scizor/stage3a/method_v02r/features/cache/square/square_demo_117_flip_gripper_t72_m0.50.npz.placeholder.md
experiments/cr_scizor/stage3a/method_v02r/features/cache/square/square_demo_117_reverse_motion_t102_m0.25.npz	241345	dataset, feature, index, or evaluation table artifact	experiments/cr_scizor/stage3a/method_v02r/features/cache/square/square_demo_117_reverse_motion_t102_m0.25.npz.placeholder.md
experiments/cr_scizor/stage3a/method_v02r/features/cache/square/square_demo_117_reverse_motion_t117_m0.25.npz	241345	dataset, feature, index, or evaluation table artifact	experiments/cr_scizor/stage3a/method_v02r/features/cache/square/square_demo_117_reverse_motion_t117_m0.25.npz.placeholder.md
experiments/cr_scizor/stage3a/method_v02r/features/cache/square/square_demo_117_reverse_motion_t62_m0.25.npz	241345	dataset, feature, index, or evaluation table artifact	experiments/cr_scizor/stage3a/method_v02r/features/cache/square/square_demo_117_reverse_motion_t62_m0.25.npz.placeholder.md
experiments/cr_scizor/stage3a/method_v02r/features/cache/square/square_demo_117_reverse_motion_t72_m0.25.npz	241345	dataset, feature, index, or evaluation table artifact	experiments/cr_scizor/stage3a/method_v02r/features/cache/square/square_demo_117_reverse_motion_t72_m0.25.npz.placeholder.md
experiments/cr_scizor/stage3a/method_v02r/features/cache/square/square_demo_117_zero_motion_t102_m0.50.npz	241345	dataset, feature, index, or evaluation table artifact	experiments/cr_scizor/stage3a/method_v02r/features/cache/square/square_demo_117_zero_motion_t102_m0.50.npz.placeholder.md
experiments/cr_scizor/stage3a/method_v02r/features/cache/square/square_demo_117_zero_motion_t117_m0.50.npz	241345	dataset, feature, index, or evaluation table artifact	experiments/cr_scizor/stage3a/method_v02r/features/cache/square/square_demo_117_zero_motion_t117_m0.50.npz.placeholder.md
experiments/cr_scizor/stage3a/method_v02r/features/cache/square/square_demo_117_zero_motion_t62_m0.50.npz	241345	dataset, feature, index, or evaluation table artifact	experiments/cr_scizor/stage3a/method_v02r/features/cache/square/square_demo_117_zero_motion_t62_m0.50.npz.placeholder.md
experiments/cr_scizor/stage3a/method_v02r/features/cache/square/square_demo_117_zero_motion_t72_m0.50.npz	241345	dataset, feature, index, or evaluation table artifact	experiments/cr_scizor/stage3a/method_v02r/features/cache/square/square_demo_117_zero_motion_t72_m0.50.npz.placeholder.md
experiments/cr_scizor/stage3a/method_v02r/features/cache/square/square_demo_118_axis_impulse_t110_m0.25.npz	252433	dataset, feature, index, or evaluation table artifact	experiments/cr_scizor/stage3a/method_v02r/features/cache/square/square_demo_118_axis_impulse_t110_m0.25.npz.placeholder.md
experiments/cr_scizor/stage3a/method_v02r/features/cache/square/square_demo_118_axis_impulse_t53_m0.25.npz	252433	dataset, feature, index, or evaluation table artifact	experiments/cr_scizor/stage3a/method_v02r/features/cache/square/square_demo_118_axis_impulse_t53_m0.25.npz.placeholder.md
experiments/cr_scizor/stage3a/method_v02r/features/cache/square/square_demo_118_axis_impulse_t71_m0.25.npz	252433	dataset, feature, index, or evaluation table artifact	experiments/cr_scizor/stage3a/method_v02r/features/cache/square/square_demo_118_axis_impulse_t71_m0.25.npz.placeholder.md
experiments/cr_scizor/stage3a/method_v02r/features/cache/square/square_demo_118_axis_impulse_t81_m0.25.npz	252433	dataset, feature, index, or evaluation table artifact	experiments/cr_scizor/stage3a/method_v02r/features/cache/square/square_demo_118_axis_impulse_t81_m0.25.npz.placeholder.md
experiments/cr_scizor/stage3a/method_v02r/features/cache/square/square_demo_118_clean.npz	252433	dataset, feature, index, or evaluation table artifact	experiments/cr_scizor/stage3a/method_v02r/features/cache/square/square_demo_118_clean.npz.placeholder.md
experiments/cr_scizor/stage3a/method_v02r/features/cache/square/square_demo_118_flip_gripper_t110_m0.50.npz	252433	dataset, feature, index, or evaluation table artifact	experiments/cr_scizor/stage3a/method_v02r/features/cache/square/square_demo_118_flip_gripper_t110_m0.50.npz.placeholder.md
experiments/cr_scizor/stage3a/method_v02r/features/cache/square/square_demo_118_flip_gripper_t53_m0.50.npz	252433	dataset, feature, index, or evaluation table artifact	experiments/cr_scizor/stage3a/method_v02r/features/cache/square/square_demo_118_flip_gripper_t53_m0.50.npz.placeholder.md
experiments/cr_scizor/stage3a/method_v02r/features/cache/square/square_demo_118_flip_gripper_t71_m0.50.npz	252433	dataset, feature, index, or evaluation table artifact	experiments/cr_scizor/stage3a/method_v02r/features/cache/square/square_demo_118_flip_gripper_t71_m0.50.npz.placeholder.md
experiments/cr_scizor/stage3a/method_v02r/features/cache/square/square_demo_118_flip_gripper_t81_m0.50.npz	252433	dataset, feature, index, or evaluation table artifact	experiments/cr_scizor/stage3a/method_v02r/features/cache/square/square_demo_118_flip_gripper_t81_m0.50.npz.placeholder.md
experiments/cr_scizor/stage3a/method_v02r/features/cache/square/square_demo_118_reverse_motion_t110_m0.25.npz	252433	dataset, feature, index, or evaluation table artifact	experiments/cr_scizor/stage3a/method_v02r/features/cache/square/square_demo_118_reverse_motion_t110_m0.25.npz.placeholder.md
experiments/cr_scizor/stage3a/method_v02r/features/cache/square/square_demo_118_reverse_motion_t53_m0.25.npz	252433	dataset, feature, index, or evaluation table artifact	experiments/cr_scizor/stage3a/method_v02r/features/cache/square/square_demo_118_reverse_motion_t53_m0.25.npz.placeholder.md
experiments/cr_scizor/stage3a/method_v02r/features/cache/square/square_demo_118_reverse_motion_t71_m0.25.npz	252433	dataset, feature, index, or evaluation table artifact	experiments/cr_scizor/stage3a/method_v02r/features/cache/square/square_demo_118_reverse_motion_t71_m0.25.npz.placeholder.md
experiments/cr_scizor/stage3a/method_v02r/features/cache/square/square_demo_118_reverse_motion_t81_m0.25.npz	252433	dataset, feature, index, or evaluation table artifact	experiments/cr_scizor/stage3a/method_v02r/features/cache/square/square_demo_118_reverse_motion_t81_m0.25.npz.placeholder.md
experiments/cr_scizor/stage3a/method_v02r/features/cache/square/square_demo_118_zero_motion_t110_m0.50.npz	252433	dataset, feature, index, or evaluation table artifact	experiments/cr_scizor/stage3a/method_v02r/features/cache/square/square_demo_118_zero_motion_t110_m0.50.npz.placeholder.md
experiments/cr_scizor/stage3a/method_v02r/features/cache/square/square_demo_118_zero_motion_t53_m0.50.npz	252433	dataset, feature, index, or evaluation table artifact	experiments/cr_scizor/stage3a/method_v02r/features/cache/square/square_demo_118_zero_motion_t53_m0.50.npz.placeholder.md
experiments/cr_scizor/stage3a/method_v02r/features/cache/square/square_demo_118_zero_motion_t71_m0.50.npz	252433	dataset, feature, index, or evaluation table artifact	experiments/cr_scizor/stage3a/method_v02r/features/cache/square/square_demo_118_zero_motion_t71_m0.50.npz.placeholder.md
experiments/cr_scizor/stage3a/method_v02r/features/cache/square/square_demo_118_zero_motion_t81_m0.50.npz	252433	dataset, feature, index, or evaluation table artifact	experiments/cr_scizor/stage3a/method_v02r/features/cache/square/square_demo_118_zero_motion_t81_m0.50.npz.placeholder.md
experiments/cr_scizor/stage3a/method_v02r/features/cache/square/square_demo_119_axis_impulse_t140_m0.25.npz	307873	dataset, feature, index, or evaluation table artifact	experiments/cr_scizor/stage3a/method_v02r/features/cache/square/square_demo_119_axis_impulse_t140_m0.25.npz.placeholder.md
experiments/cr_scizor/stage3a/method_v02r/features/cache/square/square_demo_119_axis_impulse_t77_m0.25.npz	307873	dataset, feature, index, or evaluation table artifact	experiments/cr_scizor/stage3a/method_v02r/features/cache/square/square_demo_119_axis_impulse_t77_m0.25.npz.placeholder.md
experiments/cr_scizor/stage3a/method_v02r/features/cache/square/square_demo_119_axis_impulse_t87_m0.25.npz	307873	dataset, feature, index, or evaluation table artifact	experiments/cr_scizor/stage3a/method_v02r/features/cache/square/square_demo_119_axis_impulse_t87_m0.25.npz.placeholder.md
experiments/cr_scizor/stage3a/method_v02r/features/cache/square/square_demo_119_axis_impulse_t98_m0.25.npz	307873	dataset, feature, index, or evaluation table artifact	experiments/cr_scizor/stage3a/method_v02r/features/cache/square/square_demo_119_axis_impulse_t98_m0.25.npz.placeholder.md
experiments/cr_scizor/stage3a/method_v02r/features/cache/square/square_demo_119_clean.npz	307873	dataset, feature, index, or evaluation table artifact	experiments/cr_scizor/stage3a/method_v02r/features/cache/square/square_demo_119_clean.npz.placeholder.md
experiments/cr_scizor/stage3a/method_v02r/features/cache/square/square_demo_119_flip_gripper_t140_m0.50.npz	307873	dataset, feature, index, or evaluation table artifact	experiments/cr_scizor/stage3a/method_v02r/features/cache/square/square_demo_119_flip_gripper_t140_m0.50.npz.placeholder.md
experiments/cr_scizor/stage3a/method_v02r/features/cache/square/square_demo_119_flip_gripper_t77_m0.50.npz	307873	dataset, feature, index, or evaluation table artifact	experiments/cr_scizor/stage3a/method_v02r/features/cache/square/square_demo_119_flip_gripper_t77_m0.50.npz.placeholder.md
experiments/cr_scizor/stage3a/method_v02r/features/cache/square/square_demo_119_flip_gripper_t87_m0.50.npz	307873	dataset, feature, index, or evaluation table artifact	experiments/cr_scizor/stage3a/method_v02r/features/cache/square/square_demo_119_flip_gripper_t87_m0.50.npz.placeholder.md
experiments/cr_scizor/stage3a/method_v02r/features/cache/square/square_demo_119_flip_gripper_t98_m0.50.npz	307873	dataset, feature, index, or evaluation table artifact	experiments/cr_scizor/stage3a/method_v02r/features/cache/square/square_demo_119_flip_gripper_t98_m0.50.npz.placeholder.md
experiments/cr_scizor/stage3a/method_v02r/features/cache/square/square_demo_119_reverse_motion_t140_m0.25.npz	307873	dataset, feature, index, or evaluation table artifact	experiments/cr_scizor/stage3a/method_v02r/features/cache/square/square_demo_119_reverse_motion_t140_m0.25.npz.placeholder.md
experiments/cr_scizor/stage3a/method_v02r/features/cache/square/square_demo_119_reverse_motion_t77_m0.25.npz	307873	dataset, feature, index, or evaluation table artifact	experiments/cr_scizor/stage3a/method_v02r/features/cache/square/square_demo_119_reverse_motion_t77_m0.25.npz.placeholder.md
experiments/cr_scizor/stage3a/method_v02r/features/cache/square/square_demo_119_reverse_motion_t87_m0.25.npz	307873	dataset, feature, index, or evaluation table artifact	experiments/cr_scizor/stage3a/method_v02r/features/cache/square/square_demo_119_reverse_motion_t87_m0.25.npz.placeholder.md
experiments/cr_scizor/stage3a/method_v02r/features/cache/square/square_demo_119_reverse_motion_t98_m0.25.npz	307873	dataset, feature, index, or evaluation table artifact	experiments/cr_scizor/stage3a/method_v02r/features/cache/square/square_demo_119_reverse_motion_t98_m0.25.npz.placeholder.md
experiments/cr_scizor/stage3a/method_v02r/features/cache/square/square_demo_119_zero_motion_t140_m0.50.npz	307873	dataset, feature, index, or evaluation table artifact	experiments/cr_scizor/stage3a/method_v02r/features/cache/square/square_demo_119_zero_motion_t140_m0.50.npz.placeholder.md
experiments/cr_scizor/stage3a/method_v02r/features/cache/square/square_demo_119_zero_motion_t77_m0.50.npz	307873	dataset, feature, index, or evaluation table artifact	experiments/cr_scizor/stage3a/method_v02r/features/cache/square/square_demo_119_zero_motion_t77_m0.50.npz.placeholder.md
experiments/cr_scizor/stage3a/method_v02r/features/cache/square/square_demo_119_zero_motion_t87_m0.50.npz	307873	dataset, feature, index, or evaluation table artifact	experiments/cr_scizor/stage3a/method_v02r/features/cache/square/square_demo_119_zero_motion_t87_m0.50.npz.placeholder.md
experiments/cr_scizor/stage3a/method_v02r/features/cache/square/square_demo_119_zero_motion_t98_m0.50.npz	307873	dataset, feature, index, or evaluation table artifact	experiments/cr_scizor/stage3a/method_v02r/features/cache/square/square_demo_119_zero_motion_t98_m0.50.npz.placeholder.md
experiments/cr_scizor/stage3a/method_v02r/features/cache/square/square_demo_120_axis_impulse_t161_m0.25.npz	309721	dataset, feature, index, or evaluation table artifact	experiments/cr_scizor/stage3a/method_v02r/features/cache/square/square_demo_120_axis_impulse_t161_m0.25.npz.placeholder.md
experiments/cr_scizor/stage3a/method_v02r/features/cache/square/square_demo_120_axis_impulse_t61_m0.25.npz	309721	dataset, feature, index, or evaluation table artifact	experiments/cr_scizor/stage3a/method_v02r/features/cache/square/square_demo_120_axis_impulse_t61_m0.25.npz.placeholder.md
experiments/cr_scizor/stage3a/method_v02r/features/cache/square/square_demo_120_axis_impulse_t82_m0.25.npz	309721	dataset, feature, index, or evaluation table artifact	experiments/cr_scizor/stage3a/method_v02r/features/cache/square/square_demo_120_axis_impulse_t82_m0.25.npz.placeholder.md
experiments/cr_scizor/stage3a/method_v02r/features/cache/square/square_demo_120_axis_impulse_t92_m0.25.npz	309721	dataset, feature, index, or evaluation table artifact	experiments/cr_scizor/stage3a/method_v02r/features/cache/square/square_demo_120_axis_impulse_t92_m0.25.npz.placeholder.md
experiments/cr_scizor/stage3a/method_v02r/features/cache/square/square_demo_120_clean.npz	309721	dataset, feature, index, or evaluation table artifact	experiments/cr_scizor/stage3a/method_v02r/features/cache/square/square_demo_120_clean.npz.placeholder.md
experiments/cr_scizor/stage3a/method_v02r/features/cache/square/square_demo_120_flip_gripper_t161_m0.50.npz	309721	dataset, feature, index, or evaluation table artifact	experiments/cr_scizor/stage3a/method_v02r/features/cache/square/square_demo_120_flip_gripper_t161_m0.50.npz.placeholder.md
experiments/cr_scizor/stage3a/method_v02r/features/cache/square/square_demo_120_flip_gripper_t61_m0.50.npz	309721	dataset, feature, index, or evaluation table artifact	experiments/cr_scizor/stage3a/method_v02r/features/cache/square/square_demo_120_flip_gripper_t61_m0.50.npz.placeholder.md
experiments/cr_scizor/stage3a/method_v02r/features/cache/square/square_demo_120_flip_gripper_t82_m0.50.npz	309721	dataset, feature, index, or evaluation table artifact	experiments/cr_scizor/stage3a/method_v02r/features/cache/square/square_demo_120_flip_gripper_t82_m0.50.npz.placeholder.md
experiments/cr_scizor/stage3a/method_v02r/features/cache/square/square_demo_120_flip_gripper_t92_m0.50.npz	309721	dataset, feature, index, or evaluation table artifact	experiments/cr_scizor/stage3a/method_v02r/features/cache/square/square_demo_120_flip_gripper_t92_m0.50.npz.placeholder.md
experiments/cr_scizor/stage3a/method_v02r/features/cache/square/square_demo_120_reverse_motion_t161_m0.25.npz	309721	dataset, feature, index, or evaluation table artifact	experiments/cr_scizor/stage3a/method_v02r/features/cache/square/square_demo_120_reverse_motion_t161_m0.25.npz.placeholder.md
experiments/cr_scizor/stage3a/method_v02r/features/cache/square/square_demo_120_reverse_motion_t61_m0.25.npz	309721	dataset, feature, index, or evaluation table artifact	experiments/cr_scizor/stage3a/method_v02r/features/cache/square/square_demo_120_reverse_motion_t61_m0.25.npz.placeholder.md
experiments/cr_scizor/stage3a/method_v02r/features/cache/square/square_demo_120_reverse_motion_t82_m0.25.npz	309721	dataset, feature, index, or evaluation table artifact	experiments/cr_scizor/stage3a/method_v02r/features/cache/square/square_demo_120_reverse_motion_t82_m0.25.npz.placeholder.md
experiments/cr_scizor/stage3a/method_v02r/features/cache/square/square_demo_120_reverse_motion_t92_m0.25.npz	309721	dataset, feature, index, or evaluation table artifact	experiments/cr_scizor/stage3a/method_v02r/features/cache/square/square_demo_120_reverse_motion_t92_m0.25.npz.placeholder.md
experiments/cr_scizor/stage3a/method_v02r/features/cache/square/square_demo_120_zero_motion_t161_m0.50.npz	309721	dataset, feature, index, or evaluation table artifact	experiments/cr_scizor/stage3a/method_v02r/features/cache/square/square_demo_120_zero_motion_t161_m0.50.npz.placeholder.md
experiments/cr_scizor/stage3a/method_v02r/features/cache/square/square_demo_120_zero_motion_t61_m0.50.npz	309721	dataset, feature, index, or evaluation table artifact	experiments/cr_scizor/stage3a/method_v02r/features/cache/square/square_demo_120_zero_motion_t61_m0.50.npz.placeholder.md
experiments/cr_scizor/stage3a/method_v02r/features/cache/square/square_demo_120_zero_motion_t82_m0.50.npz	309721	dataset, feature, index, or evaluation table artifact	experiments/cr_scizor/stage3a/method_v02r/features/cache/square/square_demo_120_zero_motion_t82_m0.50.npz.placeholder.md
experiments/cr_scizor/stage3a/method_v02r/features/cache/square/square_demo_120_zero_motion_t92_m0.50.npz	309721	dataset, feature, index, or evaluation table artifact	experiments/cr_scizor/stage3a/method_v02r/features/cache/square/square_demo_120_zero_motion_t92_m0.50.npz.placeholder.md
experiments/cr_scizor/stage3a/method_v02r/features/cache/square/square_demo_121_axis_impulse_t131_m0.25.npz	257977	dataset, feature, index, or evaluation table artifact	experiments/cr_scizor/stage3a/method_v02r/features/cache/square/square_demo_121_axis_impulse_t131_m0.25.npz.placeholder.md
experiments/cr_scizor/stage3a/method_v02r/features/cache/square/square_demo_121_axis_impulse_t56_m0.25.npz	257977	dataset, feature, index, or evaluation table artifact	experiments/cr_scizor/stage3a/method_v02r/features/cache/square/square_demo_121_axis_impulse_t56_m0.25.npz.placeholder.md
experiments/cr_scizor/stage3a/method_v02r/features/cache/square/square_demo_121_axis_impulse_t66_m0.25.npz	257977	dataset, feature, index, or evaluation table artifact	experiments/cr_scizor/stage3a/method_v02r/features/cache/square/square_demo_121_axis_impulse_t66_m0.25.npz.placeholder.md
experiments/cr_scizor/stage3a/method_v02r/features/cache/square/square_demo_121_axis_impulse_t76_m0.25.npz	257977	dataset, feature, index, or evaluation table artifact	experiments/cr_scizor/stage3a/method_v02r/features/cache/square/square_demo_121_axis_impulse_t76_m0.25.npz.placeholder.md
experiments/cr_scizor/stage3a/method_v02r/features/cache/square/square_demo_121_clean.npz	257977	dataset, feature, index, or evaluation table artifact	experiments/cr_scizor/stage3a/method_v02r/features/cache/square/square_demo_121_clean.npz.placeholder.md
experiments/cr_scizor/stage3a/method_v02r/features/cache/square/square_demo_121_flip_gripper_t131_m0.50.npz	257977	dataset, feature, index, or evaluation table artifact	experiments/cr_scizor/stage3a/method_v02r/features/cache/square/square_demo_121_flip_gripper_t131_m0.50.npz.placeholder.md
experiments/cr_scizor/stage3a/method_v02r/features/cache/square/square_demo_121_flip_gripper_t56_m0.50.npz	257977	dataset, feature, index, or evaluation table artifact	experiments/cr_scizor/stage3a/method_v02r/features/cache/square/square_demo_121_flip_gripper_t56_m0.50.npz.placeholder.md
experiments/cr_scizor/stage3a/method_v02r/features/cache/square/square_demo_121_flip_gripper_t66_m0.50.npz	257977	dataset, feature, index, or evaluation table artifact	experiments/cr_scizor/stage3a/method_v02r/features/cache/square/square_demo_121_flip_gripper_t66_m0.50.npz.placeholder.md
experiments/cr_scizor/stage3a/method_v02r/features/cache/square/square_demo_121_flip_gripper_t76_m0.50.npz	257977	dataset, feature, index, or evaluation table artifact	experiments/cr_scizor/stage3a/method_v02r/features/cache/square/square_demo_121_flip_gripper_t76_m0.50.npz.placeholder.md
experiments/cr_scizor/stage3a/method_v02r/features/cache/square/square_demo_121_reverse_motion_t131_m0.25.npz	257977	dataset, feature, index, or evaluation table artifact	experiments/cr_scizor/stage3a/method_v02r/features/cache/square/square_demo_121_reverse_motion_t131_m0.25.npz.placeholder.md
experiments/cr_scizor/stage3a/method_v02r/features/cache/square/square_demo_121_reverse_motion_t56_m0.25.npz	257977	dataset, feature, index, or evaluation table artifact	experiments/cr_scizor/stage3a/method_v02r/features/cache/square/square_demo_121_reverse_motion_t56_m0.25.npz.placeholder.md
experiments/cr_scizor/stage3a/method_v02r/features/cache/square/square_demo_121_reverse_motion_t66_m0.25.npz	257977	dataset, feature, index, or evaluation table artifact	experiments/cr_scizor/stage3a/method_v02r/features/cache/square/square_demo_121_reverse_motion_t66_m0.25.npz.placeholder.md
experiments/cr_scizor/stage3a/method_v02r/features/cache/square/square_demo_121_reverse_motion_t76_m0.25.npz	257977	dataset, feature, index, or evaluation table artifact	experiments/cr_scizor/stage3a/method_v02r/features/cache/square/square_demo_121_reverse_motion_t76_m0.25.npz.placeholder.md
experiments/cr_scizor/stage3a/method_v02r/features/cache/square/square_demo_121_zero_motion_t131_m0.50.npz	257977	dataset, feature, index, or evaluation table artifact	experiments/cr_scizor/stage3a/method_v02r/features/cache/square/square_demo_121_zero_motion_t131_m0.50.npz.placeholder.md
experiments/cr_scizor/stage3a/method_v02r/features/cache/square/square_demo_121_zero_motion_t56_m0.50.npz	257977	dataset, feature, index, or evaluation table artifact	experiments/cr_scizor/stage3a/method_v02r/features/cache/square/square_demo_121_zero_motion_t56_m0.50.npz.placeholder.md
experiments/cr_scizor/stage3a/method_v02r/features/cache/square/square_demo_121_zero_motion_t66_m0.50.npz	257977	dataset, feature, index, or evaluation table artifact	experiments/cr_scizor/stage3a/method_v02r/features/cache/square/square_demo_121_zero_motion_t66_m0.50.npz.placeholder.md
experiments/cr_scizor/stage3a/method_v02r/features/cache/square/square_demo_121_zero_motion_t76_m0.50.npz	257977	dataset, feature, index, or evaluation table artifact	experiments/cr_scizor/stage3a/method_v02r/features/cache/square/square_demo_121_zero_motion_t76_m0.50.npz.placeholder.md
experiments/cr_scizor/stage3a/method_v02r/features/cache/square/square_demo_122_axis_impulse_t122_m0.25.npz	272761	dataset, feature, index, or evaluation table artifact	experiments/cr_scizor/stage3a/method_v02r/features/cache/square/square_demo_122_axis_impulse_t122_m0.25.npz.placeholder.md
experiments/cr_scizor/stage3a/method_v02r/features/cache/square/square_demo_122_axis_impulse_t136_m0.25.npz	272761	dataset, feature, index, or evaluation table artifact	experiments/cr_scizor/stage3a/method_v02r/features/cache/square/square_demo_122_axis_impulse_t136_m0.25.npz.placeholder.md
experiments/cr_scizor/stage3a/method_v02r/features/cache/square/square_demo_122_axis_impulse_t64_m0.25.npz	272761	dataset, feature, index, or evaluation table artifact	experiments/cr_scizor/stage3a/method_v02r/features/cache/square/square_demo_122_axis_impulse_t64_m0.25.npz.placeholder.md
experiments/cr_scizor/stage3a/method_v02r/features/cache/square/square_demo_122_axis_impulse_t74_m0.25.npz	272761	dataset, feature, index, or evaluation table artifact	experiments/cr_scizor/stage3a/method_v02r/features/cache/square/square_demo_122_axis_impulse_t74_m0.25.npz.placeholder.md
experiments/cr_scizor/stage3a/method_v02r/features/cache/square/square_demo_122_clean.npz	272761	dataset, feature, index, or evaluation table artifact	experiments/cr_scizor/stage3a/method_v02r/features/cache/square/square_demo_122_clean.npz.placeholder.md
experiments/cr_scizor/stage3a/method_v02r/features/cache/square/square_demo_122_flip_gripper_t122_m0.50.npz	272761	dataset, feature, index, or evaluation table artifact	experiments/cr_scizor/stage3a/method_v02r/features/cache/square/square_demo_122_flip_gripper_t122_m0.50.npz.placeholder.md
experiments/cr_scizor/stage3a/method_v02r/features/cache/square/square_demo_122_flip_gripper_t136_m0.50.npz	272761	dataset, feature, index, or evaluation table artifact	experiments/cr_scizor/stage3a/method_v02r/features/cache/square/square_demo_122_flip_gripper_t136_m0.50.npz.placeholder.md
experiments/cr_scizor/stage3a/method_v02r/features/cache/square/square_demo_122_flip_gripper_t64_m0.50.npz	272761	dataset, feature, index, or evaluation table artifact	experiments/cr_scizor/stage3a/method_v02r/features/cache/square/square_demo_122_flip_gripper_t64_m0.50.npz.placeholder.md
experiments/cr_scizor/stage3a/method_v02r/features/cache/square/square_demo_122_flip_gripper_t74_m0.50.npz	272761	dataset, feature, index, or evaluation table artifact	experiments/cr_scizor/stage3a/method_v02r/features/cache/square/square_demo_122_flip_gripper_t74_m0.50.npz.placeholder.md
experiments/cr_scizor/stage3a/method_v02r/features/cache/square/square_demo_122_reverse_motion_t122_m0.25.npz	272761	dataset, feature, index, or evaluation table artifact	experiments/cr_scizor/stage3a/method_v02r/features/cache/square/square_demo_122_reverse_motion_t122_m0.25.npz.placeholder.md
experiments/cr_scizor/stage3a/method_v02r/features/cache/square/square_demo_122_reverse_motion_t136_m0.25.npz	272761	dataset, feature, index, or evaluation table artifact	experiments/cr_scizor/stage3a/method_v02r/features/cache/square/square_demo_122_reverse_motion_t136_m0.25.npz.placeholder.md
experiments/cr_scizor/stage3a/method_v02r/features/cache/square/square_demo_122_reverse_motion_t64_m0.25.npz	272761	dataset, feature, index, or evaluation table artifact	experiments/cr_scizor/stage3a/method_v02r/features/cache/square/square_demo_122_reverse_motion_t64_m0.25.npz.placeholder.md
experiments/cr_scizor/stage3a/method_v02r/features/cache/square/square_demo_122_reverse_motion_t74_m0.25.npz	272761	dataset, feature, index, or evaluation table artifact	experiments/cr_scizor/stage3a/method_v02r/features/cache/square/square_demo_122_reverse_motion_t74_m0.25.npz.placeholder.md
experiments/cr_scizor/stage3a/method_v02r/features/cache/square/square_demo_122_zero_motion_t122_m0.50.npz	272761	dataset, feature, index, or evaluation table artifact	experiments/cr_scizor/stage3a/method_v02r/features/cache/square/square_demo_122_zero_motion_t122_m0.50.npz.placeholder.md
experiments/cr_scizor/stage3a/method_v02r/features/cache/square/square_demo_122_zero_motion_t136_m0.50.npz	272761	dataset, feature, index, or evaluation table artifact	experiments/cr_scizor/stage3a/method_v02r/features/cache/square/square_demo_122_zero_motion_t136_m0.50.npz.placeholder.md
experiments/cr_scizor/stage3a/method_v02r/features/cache/square/square_demo_122_zero_motion_t64_m0.50.npz	272761	dataset, feature, index, or evaluation table artifact	experiments/cr_scizor/stage3a/method_v02r/features/cache/square/square_demo_122_zero_motion_t64_m0.50.npz.placeholder.md
experiments/cr_scizor/stage3a/method_v02r/features/cache/square/square_demo_122_zero_motion_t74_m0.50.npz	272761	dataset, feature, index, or evaluation table artifact	experiments/cr_scizor/stage3a/method_v02r/features/cache/square/square_demo_122_zero_motion_t74_m0.50.npz.placeholder.md
experiments/cr_scizor/stage3a/method_v02r/features/cache/square/square_demo_123_axis_impulse_t118_m0.25.npz	259825	dataset, feature, index, or evaluation table artifact	experiments/cr_scizor/stage3a/method_v02r/features/cache/square/square_demo_123_axis_impulse_t118_m0.25.npz.placeholder.md
experiments/cr_scizor/stage3a/method_v02r/features/cache/square/square_demo_123_axis_impulse_t41_m0.25.npz	259825	dataset, feature, index, or evaluation table artifact	experiments/cr_scizor/stage3a/method_v02r/features/cache/square/square_demo_123_axis_impulse_t41_m0.25.npz.placeholder.md
experiments/cr_scizor/stage3a/method_v02r/features/cache/square/square_demo_123_axis_impulse_t65_m0.25.npz	259825	dataset, feature, index, or evaluation table artifact	experiments/cr_scizor/stage3a/method_v02r/features/cache/square/square_demo_123_axis_impulse_t65_m0.25.npz.placeholder.md
experiments/cr_scizor/stage3a/method_v02r/features/cache/square/square_demo_123_axis_impulse_t75_m0.25.npz	259825	dataset, feature, index, or evaluation table artifact	experiments/cr_scizor/stage3a/method_v02r/features/cache/square/square_demo_123_axis_impulse_t75_m0.25.npz.placeholder.md
experiments/cr_scizor/stage3a/method_v02r/features/cache/square/square_demo_123_clean.npz	259825	dataset, feature, index, or evaluation table artifact	experiments/cr_scizor/stage3a/method_v02r/features/cache/square/square_demo_123_clean.npz.placeholder.md
experiments/cr_scizor/stage3a/method_v02r/features/cache/square/square_demo_123_flip_gripper_t118_m0.50.npz	259825	dataset, feature, index, or evaluation table artifact	experiments/cr_scizor/stage3a/method_v02r/features/cache/square/square_demo_123_flip_gripper_t118_m0.50.npz.placeholder.md
experiments/cr_scizor/stage3a/method_v02r/features/cache/square/square_demo_123_flip_gripper_t41_m0.50.npz	259825	dataset, feature, index, or evaluation table artifact	experiments/cr_scizor/stage3a/method_v02r/features/cache/square/square_demo_123_flip_gripper_t41_m0.50.npz.placeholder.md
experiments/cr_scizor/stage3a/method_v02r/features/cache/square/square_demo_123_flip_gripper_t65_m0.50.npz	259825	dataset, feature, index, or evaluation table artifact	experiments/cr_scizor/stage3a/method_v02r/features/cache/square/square_demo_123_flip_gripper_t65_m0.50.npz.placeholder.md
experiments/cr_scizor/stage3a/method_v02r/features/cache/square/square_demo_123_flip_gripper_t75_m0.50.npz	259825	dataset, feature, index, or evaluation table artifact	experiments/cr_scizor/stage3a/method_v02r/features/cache/square/square_demo_123_flip_gripper_t75_m0.50.npz.placeholder.md
experiments/cr_scizor/stage3a/method_v02r/features/cache/square/square_demo_123_reverse_motion_t118_m0.25.npz	259825	dataset, feature, index, or evaluation table artifact	experiments/cr_scizor/stage3a/method_v02r/features/cache/square/square_demo_123_reverse_motion_t118_m0.25.npz.placeholder.md
experiments/cr_scizor/stage3a/method_v02r/features/cache/square/square_demo_123_reverse_motion_t41_m0.25.npz	259825	dataset, feature, index, or evaluation table artifact	experiments/cr_scizor/stage3a/method_v02r/features/cache/square/square_demo_123_reverse_motion_t41_m0.25.npz.placeholder.md
experiments/cr_scizor/stage3a/method_v02r/features/cache/square/square_demo_123_reverse_motion_t65_m0.25.npz	259825	dataset, feature, index, or evaluation table artifact	experiments/cr_scizor/stage3a/method_v02r/features/cache/square/square_demo_123_reverse_motion_t65_m0.25.npz.placeholder.md
experiments/cr_scizor/stage3a/method_v02r/features/cache/square/square_demo_123_reverse_motion_t75_m0.25.npz	259825	dataset, feature, index, or evaluation table artifact	experiments/cr_scizor/stage3a/method_v02r/features/cache/square/square_demo_123_reverse_motion_t75_m0.25.npz.placeholder.md
experiments/cr_scizor/stage3a/method_v02r/features/cache/square/square_demo_123_zero_motion_t118_m0.50.npz	259825	dataset, feature, index, or evaluation table artifact	experiments/cr_scizor/stage3a/method_v02r/features/cache/square/square_demo_123_zero_motion_t118_m0.50.npz.placeholder.md
experiments/cr_scizor/stage3a/method_v02r/features/cache/square/square_demo_123_zero_motion_t41_m0.50.npz	259825	dataset, feature, index, or evaluation table artifact	experiments/cr_scizor/stage3a/method_v02r/features/cache/square/square_demo_123_zero_motion_t41_m0.50.npz.placeholder.md
experiments/cr_scizor/stage3a/method_v02r/features/cache/square/square_demo_123_zero_motion_t65_m0.50.npz	259825	dataset, feature, index, or evaluation table artifact	experiments/cr_scizor/stage3a/method_v02r/features/cache/square/square_demo_123_zero_motion_t65_m0.50.npz.placeholder.md
experiments/cr_scizor/stage3a/method_v02r/features/cache/square/square_demo_123_zero_motion_t75_m0.50.npz	259825	dataset, feature, index, or evaluation table artifact	experiments/cr_scizor/stage3a/method_v02r/features/cache/square/square_demo_123_zero_motion_t75_m0.50.npz.placeholder.md
experiments/cr_scizor/stage3a/method_v02r/features/cache/square/square_demo_125_axis_impulse_t103_m0.25.npz	267217	dataset, feature, index, or evaluation table artifact	experiments/cr_scizor/stage3a/method_v02r/features/cache/square/square_demo_125_axis_impulse_t103_m0.25.npz.placeholder.md
experiments/cr_scizor/stage3a/method_v02r/features/cache/square/square_demo_125_axis_impulse_t132_m0.25.npz	267217	dataset, feature, index, or evaluation table artifact	experiments/cr_scizor/stage3a/method_v02r/features/cache/square/square_demo_125_axis_impulse_t132_m0.25.npz.placeholder.md
experiments/cr_scizor/stage3a/method_v02r/features/cache/square/square_demo_125_axis_impulse_t68_m0.25.npz	267217	dataset, feature, index, or evaluation table artifact	experiments/cr_scizor/stage3a/method_v02r/features/cache/square/square_demo_125_axis_impulse_t68_m0.25.npz.placeholder.md
experiments/cr_scizor/stage3a/method_v02r/features/cache/square/square_demo_125_axis_impulse_t78_m0.25.npz	267217	dataset, feature, index, or evaluation table artifact	experiments/cr_scizor/stage3a/method_v02r/features/cache/square/square_demo_125_axis_impulse_t78_m0.25.npz.placeholder.md
experiments/cr_scizor/stage3a/method_v02r/features/cache/square/square_demo_125_clean.npz	267217	dataset, feature, index, or evaluation table artifact	experiments/cr_scizor/stage3a/method_v02r/features/cache/square/square_demo_125_clean.npz.placeholder.md
experiments/cr_scizor/stage3a/method_v02r/features/cache/square/square_demo_125_flip_gripper_t103_m0.50.npz	267217	dataset, feature, index, or evaluation table artifact	experiments/cr_scizor/stage3a/method_v02r/features/cache/square/square_demo_125_flip_gripper_t103_m0.50.npz.placeholder.md
experiments/cr_scizor/stage3a/method_v02r/features/cache/square/square_demo_125_flip_gripper_t132_m0.50.npz	267217	dataset, feature, index, or evaluation table artifact	experiments/cr_scizor/stage3a/method_v02r/features/cache/square/square_demo_125_flip_gripper_t132_m0.50.npz.placeholder.md
experiments/cr_scizor/stage3a/method_v02r/features/cache/square/square_demo_125_flip_gripper_t68_m0.50.npz	267217	dataset, feature, index, or evaluation table artifact	experiments/cr_scizor/stage3a/method_v02r/features/cache/square/square_demo_125_flip_gripper_t68_m0.50.npz.placeholder.md
experiments/cr_scizor/stage3a/method_v02r/features/cache/square/square_demo_125_flip_gripper_t78_m0.50.npz	267217	dataset, feature, index, or evaluation table artifact	experiments/cr_scizor/stage3a/method_v02r/features/cache/square/square_demo_125_flip_gripper_t78_m0.50.npz.placeholder.md
experiments/cr_scizor/stage3a/method_v02r/features/cache/square/square_demo_125_reverse_motion_t103_m0.25.npz	267217	dataset, feature, index, or evaluation table artifact	experiments/cr_scizor/stage3a/method_v02r/features/cache/square/square_demo_125_reverse_motion_t103_m0.25.npz.placeholder.md
experiments/cr_scizor/stage3a/method_v02r/features/cache/square/square_demo_125_reverse_motion_t132_m0.25.npz	267217	dataset, feature, index, or evaluation table artifact	experiments/cr_scizor/stage3a/method_v02r/features/cache/square/square_demo_125_reverse_motion_t132_m0.25.npz.placeholder.md
experiments/cr_scizor/stage3a/method_v02r/features/cache/square/square_demo_125_reverse_motion_t68_m0.25.npz	267217	dataset, feature, index, or evaluation table artifact	experiments/cr_scizor/stage3a/method_v02r/features/cache/square/square_demo_125_reverse_motion_t68_m0.25.npz.placeholder.md
experiments/cr_scizor/stage3a/method_v02r/features/cache/square/square_demo_125_reverse_motion_t78_m0.25.npz	267217	dataset, feature, index, or evaluation table artifact	experiments/cr_scizor/stage3a/method_v02r/features/cache/square/square_demo_125_reverse_motion_t78_m0.25.npz.placeholder.md
experiments/cr_scizor/stage3a/method_v02r/features/cache/square/square_demo_125_zero_motion_t103_m0.50.npz	267217	dataset, feature, index, or evaluation table artifact	experiments/cr_scizor/stage3a/method_v02r/features/cache/square/square_demo_125_zero_motion_t103_m0.50.npz.placeholder.md
experiments/cr_scizor/stage3a/method_v02r/features/cache/square/square_demo_125_zero_motion_t132_m0.50.npz	267217	dataset, feature, index, or evaluation table artifact	experiments/cr_scizor/stage3a/method_v02r/features/cache/square/square_demo_125_zero_motion_t132_m0.50.npz.placeholder.md
experiments/cr_scizor/stage3a/method_v02r/features/cache/square/square_demo_125_zero_motion_t68_m0.50.npz	267217	dataset, feature, index, or evaluation table artifact	experiments/cr_scizor/stage3a/method_v02r/features/cache/square/square_demo_125_zero_motion_t68_m0.50.npz.placeholder.md
experiments/cr_scizor/stage3a/method_v02r/features/cache/square/square_demo_125_zero_motion_t78_m0.50.npz	267217	dataset, feature, index, or evaluation table artifact	experiments/cr_scizor/stage3a/method_v02r/features/cache/square/square_demo_125_zero_motion_t78_m0.50.npz.placeholder.md
experiments/cr_scizor/stage3a/method_v02r/features/cache/square/square_demo_128_axis_impulse_t103_m0.25.npz	265369	dataset, feature, index, or evaluation table artifact	experiments/cr_scizor/stage3a/method_v02r/features/cache/square/square_demo_128_axis_impulse_t103_m0.25.npz.placeholder.md
experiments/cr_scizor/stage3a/method_v02r/features/cache/square/square_demo_128_axis_impulse_t125_m0.25.npz	265369	dataset, feature, index, or evaluation table artifact	experiments/cr_scizor/stage3a/method_v02r/features/cache/square/square_demo_128_axis_impulse_t125_m0.25.npz.placeholder.md
experiments/cr_scizor/stage3a/method_v02r/features/cache/square/square_demo_128_axis_impulse_t61_m0.25.npz	265369	dataset, feature, index, or evaluation table artifact	experiments/cr_scizor/stage3a/method_v02r/features/cache/square/square_demo_128_axis_impulse_t61_m0.25.npz.placeholder.md
experiments/cr_scizor/stage3a/method_v02r/features/cache/square/square_demo_128_axis_impulse_t72_m0.25.npz	265369	dataset, feature, index, or evaluation table artifact	experiments/cr_scizor/stage3a/method_v02r/features/cache/square/square_demo_128_axis_impulse_t72_m0.25.npz.placeholder.md
experiments/cr_scizor/stage3a/method_v02r/features/cache/square/square_demo_128_clean.npz	265369	dataset, feature, index, or evaluation table artifact	experiments/cr_scizor/stage3a/method_v02r/features/cache/square/square_demo_128_clean.npz.placeholder.md
experiments/cr_scizor/stage3a/method_v02r/features/cache/square/square_demo_128_flip_gripper_t103_m0.50.npz	265369	dataset, feature, index, or evaluation table artifact	experiments/cr_scizor/stage3a/method_v02r/features/cache/square/square_demo_128_flip_gripper_t103_m0.50.npz.placeholder.md
experiments/cr_scizor/stage3a/method_v02r/features/cache/square/square_demo_128_flip_gripper_t125_m0.50.npz	265369	dataset, feature, index, or evaluation table artifact	experiments/cr_scizor/stage3a/method_v02r/features/cache/square/square_demo_128_flip_gripper_t125_m0.50.npz.placeholder.md
experiments/cr_scizor/stage3a/method_v02r/features/cache/square/square_demo_128_flip_gripper_t61_m0.50.npz	265369	dataset, feature, index, or evaluation table artifact	experiments/cr_scizor/stage3a/method_v02r/features/cache/square/square_demo_128_flip_gripper_t61_m0.50.npz.placeholder.md
experiments/cr_scizor/stage3a/method_v02r/features/cache/square/square_demo_128_flip_gripper_t72_m0.50.npz	265369	dataset, feature, index, or evaluation table artifact	experiments/cr_scizor/stage3a/method_v02r/features/cache/square/square_demo_128_flip_gripper_t72_m0.50.npz.placeholder.md
experiments/cr_scizor/stage3a/method_v02r/features/cache/square/square_demo_128_reverse_motion_t103_m0.25.npz	265369	dataset, feature, index, or evaluation table artifact	experiments/cr_scizor/stage3a/method_v02r/features/cache/square/square_demo_128_reverse_motion_t103_m0.25.npz.placeholder.md
experiments/cr_scizor/stage3a/method_v02r/features/cache/square/square_demo_128_reverse_motion_t125_m0.25.npz	265369	dataset, feature, index, or evaluation table artifact	experiments/cr_scizor/stage3a/method_v02r/features/cache/square/square_demo_128_reverse_motion_t125_m0.25.npz.placeholder.md
experiments/cr_scizor/stage3a/method_v02r/features/cache/square/square_demo_128_reverse_motion_t61_m0.25.npz	265369	dataset, feature, index, or evaluation table artifact	experiments/cr_scizor/stage3a/method_v02r/features/cache/square/square_demo_128_reverse_motion_t61_m0.25.npz.placeholder.md
experiments/cr_scizor/stage3a/method_v02r/features/cache/square/square_demo_128_reverse_motion_t72_m0.25.npz	265369	dataset, feature, index, or evaluation table artifact	experiments/cr_scizor/stage3a/method_v02r/features/cache/square/square_demo_128_reverse_motion_t72_m0.25.npz.placeholder.md
experiments/cr_scizor/stage3a/method_v02r/features/cache/square/square_demo_128_zero_motion_t103_m0.50.npz	265369	dataset, feature, index, or evaluation table artifact	experiments/cr_scizor/stage3a/method_v02r/features/cache/square/square_demo_128_zero_motion_t103_m0.50.npz.placeholder.md
experiments/cr_scizor/stage3a/method_v02r/features/cache/square/square_demo_128_zero_motion_t125_m0.50.npz	265369	dataset, feature, index, or evaluation table artifact	experiments/cr_scizor/stage3a/method_v02r/features/cache/square/square_demo_128_zero_motion_t125_m0.50.npz.placeholder.md
experiments/cr_scizor/stage3a/method_v02r/features/cache/square/square_demo_128_zero_motion_t61_m0.50.npz	265369	dataset, feature, index, or evaluation table artifact	experiments/cr_scizor/stage3a/method_v02r/features/cache/square/square_demo_128_zero_motion_t61_m0.50.npz.placeholder.md
experiments/cr_scizor/stage3a/method_v02r/features/cache/square/square_demo_128_zero_motion_t72_m0.50.npz	265369	dataset, feature, index, or evaluation table artifact	experiments/cr_scizor/stage3a/method_v02r/features/cache/square/square_demo_128_zero_motion_t72_m0.50.npz.placeholder.md
experiments/cr_scizor/stage3a/method_v02r/features/cache/square/square_demo_129_axis_impulse_t133_m0.25.npz	285697	dataset, feature, index, or evaluation table artifact	experiments/cr_scizor/stage3a/method_v02r/features/cache/square/square_demo_129_axis_impulse_t133_m0.25.npz.placeholder.md
experiments/cr_scizor/stage3a/method_v02r/features/cache/square/square_demo_129_axis_impulse_t143_m0.25.npz	285697	dataset, feature, index, or evaluation table artifact	experiments/cr_scizor/stage3a/method_v02r/features/cache/square/square_demo_129_axis_impulse_t143_m0.25.npz.placeholder.md
experiments/cr_scizor/stage3a/method_v02r/features/cache/square/square_demo_129_axis_impulse_t77_m0.25.npz	285697	dataset, feature, index, or evaluation table artifact	experiments/cr_scizor/stage3a/method_v02r/features/cache/square/square_demo_129_axis_impulse_t77_m0.25.npz.placeholder.md
experiments/cr_scizor/stage3a/method_v02r/features/cache/square/square_demo_129_axis_impulse_t96_m0.25.npz	285697	dataset, feature, index, or evaluation table artifact	experiments/cr_scizor/stage3a/method_v02r/features/cache/square/square_demo_129_axis_impulse_t96_m0.25.npz.placeholder.md
experiments/cr_scizor/stage3a/method_v02r/features/cache/square/square_demo_129_clean.npz	285697	dataset, feature, index, or evaluation table artifact	experiments/cr_scizor/stage3a/method_v02r/features/cache/square/square_demo_129_clean.npz.placeholder.md
experiments/cr_scizor/stage3a/method_v02r/features/cache/square/square_demo_129_flip_gripper_t133_m0.50.npz	285697	dataset, feature, index, or evaluation table artifact	experiments/cr_scizor/stage3a/method_v02r/features/cache/square/square_demo_129_flip_gripper_t133_m0.50.npz.placeholder.md
experiments/cr_scizor/stage3a/method_v02r/features/cache/square/square_demo_129_flip_gripper_t143_m0.50.npz	285697	dataset, feature, index, or evaluation table artifact	experiments/cr_scizor/stage3a/method_v02r/features/cache/square/square_demo_129_flip_gripper_t143_m0.50.npz.placeholder.md
experiments/cr_scizor/stage3a/method_v02r/features/cache/square/square_demo_129_flip_gripper_t77_m0.50.npz	285697	dataset, feature, index, or evaluation table artifact	experiments/cr_scizor/stage3a/method_v02r/features/cache/square/square_demo_129_flip_gripper_t77_m0.50.npz.placeholder.md
experiments/cr_scizor/stage3a/method_v02r/features/cache/square/square_demo_129_flip_gripper_t96_m0.50.npz	285697	dataset, feature, index, or evaluation table artifact	experiments/cr_scizor/stage3a/method_v02r/features/cache/square/square_demo_129_flip_gripper_t96_m0.50.npz.placeholder.md
experiments/cr_scizor/stage3a/method_v02r/features/cache/square/square_demo_129_reverse_motion_t133_m0.25.npz	285697	dataset, feature, index, or evaluation table artifact	experiments/cr_scizor/stage3a/method_v02r/features/cache/square/square_demo_129_reverse_motion_t133_m0.25.npz.placeholder.md
experiments/cr_scizor/stage3a/method_v02r/features/cache/square/square_demo_129_reverse_motion_t143_m0.25.npz	285697	dataset, feature, index, or evaluation table artifact	experiments/cr_scizor/stage3a/method_v02r/features/cache/square/square_demo_129_reverse_motion_t143_m0.25.npz.placeholder.md
experiments/cr_scizor/stage3a/method_v02r/features/cache/square/square_demo_129_reverse_motion_t77_m0.25.npz	285697	dataset, feature, index, or evaluation table artifact	experiments/cr_scizor/stage3a/method_v02r/features/cache/square/square_demo_129_reverse_motion_t77_m0.25.npz.placeholder.md
experiments/cr_scizor/stage3a/method_v02r/features/cache/square/square_demo_129_reverse_motion_t96_m0.25.npz	285697	dataset, feature, index, or evaluation table artifact	experiments/cr_scizor/stage3a/method_v02r/features/cache/square/square_demo_129_reverse_motion_t96_m0.25.npz.placeholder.md
experiments/cr_scizor/stage3a/method_v02r/features/cache/square/square_demo_129_zero_motion_t133_m0.50.npz	285697	dataset, feature, index, or evaluation table artifact	experiments/cr_scizor/stage3a/method_v02r/features/cache/square/square_demo_129_zero_motion_t133_m0.50.npz.placeholder.md
experiments/cr_scizor/stage3a/method_v02r/features/cache/square/square_demo_129_zero_motion_t143_m0.50.npz	285697	dataset, feature, index, or evaluation table artifact	experiments/cr_scizor/stage3a/method_v02r/features/cache/square/square_demo_129_zero_motion_t143_m0.50.npz.placeholder.md
experiments/cr_scizor/stage3a/method_v02r/features/cache/square/square_demo_129_zero_motion_t77_m0.50.npz	285697	dataset, feature, index, or evaluation table artifact	experiments/cr_scizor/stage3a/method_v02r/features/cache/square/square_demo_129_zero_motion_t77_m0.50.npz.placeholder.md
experiments/cr_scizor/stage3a/method_v02r/features/cache/square/square_demo_129_zero_motion_t96_m0.50.npz	285697	dataset, feature, index, or evaluation table artifact	experiments/cr_scizor/stage3a/method_v02r/features/cache/square/square_demo_129_zero_motion_t96_m0.50.npz.placeholder.md
experiments/cr_scizor/stage3a/method_v02r/features/cache/square/square_demo_12_axis_impulse_t105_m0.25.npz	246889	dataset, feature, index, or evaluation table artifact	experiments/cr_scizor/stage3a/method_v02r/features/cache/square/square_demo_12_axis_impulse_t105_m0.25.npz.placeholder.md
experiments/cr_scizor/stage3a/method_v02r/features/cache/square/square_demo_12_axis_impulse_t119_m0.25.npz	246889	dataset, feature, index, or evaluation table artifact	experiments/cr_scizor/stage3a/method_v02r/features/cache/square/square_demo_12_axis_impulse_t119_m0.25.npz.placeholder.md
experiments/cr_scizor/stage3a/method_v02r/features/cache/square/square_demo_12_axis_impulse_t66_m0.25.npz	246889	dataset, feature, index, or evaluation table artifact	experiments/cr_scizor/stage3a/method_v02r/features/cache/square/square_demo_12_axis_impulse_t66_m0.25.npz.placeholder.md
experiments/cr_scizor/stage3a/method_v02r/features/cache/square/square_demo_12_axis_impulse_t91_m0.25.npz	246889	dataset, feature, index, or evaluation table artifact	experiments/cr_scizor/stage3a/method_v02r/features/cache/square/square_demo_12_axis_impulse_t91_m0.25.npz.placeholder.md
experiments/cr_scizor/stage3a/method_v02r/features/cache/square/square_demo_12_clean.npz	246889	dataset, feature, index, or evaluation table artifact	experiments/cr_scizor/stage3a/method_v02r/features/cache/square/square_demo_12_clean.npz.placeholder.md
experiments/cr_scizor/stage3a/method_v02r/features/cache/square/square_demo_12_flip_gripper_t105_m0.50.npz	246889	dataset, feature, index, or evaluation table artifact	experiments/cr_scizor/stage3a/method_v02r/features/cache/square/square_demo_12_flip_gripper_t105_m0.50.npz.placeholder.md
experiments/cr_scizor/stage3a/method_v02r/features/cache/square/square_demo_12_flip_gripper_t119_m0.50.npz	246889	dataset, feature, index, or evaluation table artifact	experiments/cr_scizor/stage3a/method_v02r/features/cache/square/square_demo_12_flip_gripper_t119_m0.50.npz.placeholder.md
experiments/cr_scizor/stage3a/method_v02r/features/cache/square/square_demo_12_flip_gripper_t66_m0.50.npz	246889	dataset, feature, index, or evaluation table artifact	experiments/cr_scizor/stage3a/method_v02r/features/cache/square/square_demo_12_flip_gripper_t66_m0.50.npz.placeholder.md
experiments/cr_scizor/stage3a/method_v02r/features/cache/square/square_demo_12_flip_gripper_t91_m0.50.npz	246889	dataset, feature, index, or evaluation table artifact	experiments/cr_scizor/stage3a/method_v02r/features/cache/square/square_demo_12_flip_gripper_t91_m0.50.npz.placeholder.md
experiments/cr_scizor/stage3a/method_v02r/features/cache/square/square_demo_12_reverse_motion_t105_m0.25.npz	246889	dataset, feature, index, or evaluation table artifact	experiments/cr_scizor/stage3a/method_v02r/features/cache/square/square_demo_12_reverse_motion_t105_m0.25.npz.placeholder.md
experiments/cr_scizor/stage3a/method_v02r/features/cache/square/square_demo_12_reverse_motion_t119_m0.25.npz	246889	dataset, feature, index, or evaluation table artifact	experiments/cr_scizor/stage3a/method_v02r/features/cache/square/square_demo_12_reverse_motion_t119_m0.25.npz.placeholder.md
experiments/cr_scizor/stage3a/method_v02r/features/cache/square/square_demo_12_reverse_motion_t66_m0.25.npz	246889	dataset, feature, index, or evaluation table artifact	experiments/cr_scizor/stage3a/method_v02r/features/cache/square/square_demo_12_reverse_motion_t66_m0.25.npz.placeholder.md
experiments/cr_scizor/stage3a/method_v02r/features/cache/square/square_demo_12_reverse_motion_t91_m0.25.npz	246889	dataset, feature, index, or evaluation table artifact	experiments/cr_scizor/stage3a/method_v02r/features/cache/square/square_demo_12_reverse_motion_t91_m0.25.npz.placeholder.md
experiments/cr_scizor/stage3a/method_v02r/features/cache/square/square_demo_12_zero_motion_t105_m0.50.npz	246889	dataset, feature, index, or evaluation table artifact	experiments/cr_scizor/stage3a/method_v02r/features/cache/square/square_demo_12_zero_motion_t105_m0.50.npz.placeholder.md
experiments/cr_scizor/stage3a/method_v02r/features/cache/square/square_demo_12_zero_motion_t119_m0.50.npz	246889	dataset, feature, index, or evaluation table artifact	experiments/cr_scizor/stage3a/method_v02r/features/cache/square/square_demo_12_zero_motion_t119_m0.50.npz.placeholder.md
experiments/cr_scizor/stage3a/method_v02r/features/cache/square/square_demo_12_zero_motion_t66_m0.50.npz	246889	dataset, feature, index, or evaluation table artifact	experiments/cr_scizor/stage3a/method_v02r/features/cache/square/square_demo_12_zero_motion_t66_m0.50.npz.placeholder.md
experiments/cr_scizor/stage3a/method_v02r/features/cache/square/square_demo_12_zero_motion_t91_m0.50.npz	246889	dataset, feature, index, or evaluation table artifact	experiments/cr_scizor/stage3a/method_v02r/features/cache/square/square_demo_12_zero_motion_t91_m0.50.npz.placeholder.md
experiments/cr_scizor/stage3a/method_v02r/features/cache/square/square_demo_131_axis_impulse_t129_m0.25.npz	252433	dataset, feature, index, or evaluation table artifact	experiments/cr_scizor/stage3a/method_v02r/features/cache/square/square_demo_131_axis_impulse_t129_m0.25.npz.placeholder.md
experiments/cr_scizor/stage3a/method_v02r/features/cache/square/square_demo_131_axis_impulse_t50_m0.25.npz	252433	dataset, feature, index, or evaluation table artifact	experiments/cr_scizor/stage3a/method_v02r/features/cache/square/square_demo_131_axis_impulse_t50_m0.25.npz.placeholder.md
experiments/cr_scizor/stage3a/method_v02r/features/cache/square/square_demo_131_axis_impulse_t60_m0.25.npz	252433	dataset, feature, index, or evaluation table artifact	experiments/cr_scizor/stage3a/method_v02r/features/cache/square/square_demo_131_axis_impulse_t60_m0.25.npz.placeholder.md
experiments/cr_scizor/stage3a/method_v02r/features/cache/square/square_demo_131_axis_impulse_t70_m0.25.npz	252433	dataset, feature, index, or evaluation table artifact	experiments/cr_scizor/stage3a/method_v02r/features/cache/square/square_demo_131_axis_impulse_t70_m0.25.npz.placeholder.md
experiments/cr_scizor/stage3a/method_v02r/features/cache/square/square_demo_131_clean.npz	252433	dataset, feature, index, or evaluation table artifact	experiments/cr_scizor/stage3a/method_v02r/features/cache/square/square_demo_131_clean.npz.placeholder.md
experiments/cr_scizor/stage3a/method_v02r/features/cache/square/square_demo_131_flip_gripper_t129_m0.50.npz	252433	dataset, feature, index, or evaluation table artifact	experiments/cr_scizor/stage3a/method_v02r/features/cache/square/square_demo_131_flip_gripper_t129_m0.50.npz.placeholder.md
experiments/cr_scizor/stage3a/method_v02r/features/cache/square/square_demo_131_flip_gripper_t50_m0.50.npz	252433	dataset, feature, index, or evaluation table artifact	experiments/cr_scizor/stage3a/method_v02r/features/cache/square/square_demo_131_flip_gripper_t50_m0.50.npz.placeholder.md
experiments/cr_scizor/stage3a/method_v02r/features/cache/square/square_demo_131_flip_gripper_t60_m0.50.npz	252433	dataset, feature, index, or evaluation table artifact	experiments/cr_scizor/stage3a/method_v02r/features/cache/square/square_demo_131_flip_gripper_t60_m0.50.npz.placeholder.md
experiments/cr_scizor/stage3a/method_v02r/features/cache/square/square_demo_131_flip_gripper_t70_m0.50.npz	252433	dataset, feature, index, or evaluation table artifact	experiments/cr_scizor/stage3a/method_v02r/features/cache/square/square_demo_131_flip_gripper_t70_m0.50.npz.placeholder.md
experiments/cr_scizor/stage3a/method_v02r/features/cache/square/square_demo_131_reverse_motion_t129_m0.25.npz	252433	dataset, feature, index, or evaluation table artifact	experiments/cr_scizor/stage3a/method_v02r/features/cache/square/square_demo_131_reverse_motion_t129_m0.25.npz.placeholder.md
experiments/cr_scizor/stage3a/method_v02r/features/cache/square/square_demo_131_reverse_motion_t50_m0.25.npz	252433	dataset, feature, index, or evaluation table artifact	experiments/cr_scizor/stage3a/method_v02r/features/cache/square/square_demo_131_reverse_motion_t50_m0.25.npz.placeholder.md
experiments/cr_scizor/stage3a/method_v02r/features/cache/square/square_demo_131_reverse_motion_t60_m0.25.npz	252433	dataset, feature, index, or evaluation table artifact	experiments/cr_scizor/stage3a/method_v02r/features/cache/square/square_demo_131_reverse_motion_t60_m0.25.npz.placeholder.md
experiments/cr_scizor/stage3a/method_v02r/features/cache/square/square_demo_131_reverse_motion_t70_m0.25.npz	252433	dataset, feature, index, or evaluation table artifact	experiments/cr_scizor/stage3a/method_v02r/features/cache/square/square_demo_131_reverse_motion_t70_m0.25.npz.placeholder.md
experiments/cr_scizor/stage3a/method_v02r/features/cache/square/square_demo_131_zero_motion_t129_m0.50.npz	252433	dataset, feature, index, or evaluation table artifact	experiments/cr_scizor/stage3a/method_v02r/features/cache/square/square_demo_131_zero_motion_t129_m0.50.npz.placeholder.md
experiments/cr_scizor/stage3a/method_v02r/features/cache/square/square_demo_131_zero_motion_t50_m0.50.npz	252433	dataset, feature, index, or evaluation table artifact	experiments/cr_scizor/stage3a/method_v02r/features/cache/square/square_demo_131_zero_motion_t50_m0.50.npz.placeholder.md
experiments/cr_scizor/stage3a/method_v02r/features/cache/square/square_demo_131_zero_motion_t60_m0.50.npz	252433	dataset, feature, index, or evaluation table artifact	experiments/cr_scizor/stage3a/method_v02r/features/cache/square/square_demo_131_zero_motion_t60_m0.50.npz.placeholder.md
experiments/cr_scizor/stage3a/method_v02r/features/cache/square/square_demo_131_zero_motion_t70_m0.50.npz	252433	dataset, feature, index, or evaluation table artifact	experiments/cr_scizor/stage3a/method_v02r/features/cache/square/square_demo_131_zero_motion_t70_m0.50.npz.placeholder.md
experiments/cr_scizor/stage3a/method_v02r/features/cache/square/square_demo_132_axis_impulse_t142_m0.25.npz	294937	dataset, feature, index, or evaluation table artifact	experiments/cr_scizor/stage3a/method_v02r/features/cache/square/square_demo_132_axis_impulse_t142_m0.25.npz.placeholder.md
experiments/cr_scizor/stage3a/method_v02r/features/cache/square/square_demo_132_axis_impulse_t61_m0.25.npz	294937	dataset, feature, index, or evaluation table artifact	experiments/cr_scizor/stage3a/method_v02r/features/cache/square/square_demo_132_axis_impulse_t61_m0.25.npz.placeholder.md
experiments/cr_scizor/stage3a/method_v02r/features/cache/square/square_demo_132_axis_impulse_t74_m0.25.npz	294937	dataset, feature, index, or evaluation table artifact	experiments/cr_scizor/stage3a/method_v02r/features/cache/square/square_demo_132_axis_impulse_t74_m0.25.npz.placeholder.md
experiments/cr_scizor/stage3a/method_v02r/features/cache/square/square_demo_132_axis_impulse_t84_m0.25.npz	294937	dataset, feature, index, or evaluation table artifact	experiments/cr_scizor/stage3a/method_v02r/features/cache/square/square_demo_132_axis_impulse_t84_m0.25.npz.placeholder.md
experiments/cr_scizor/stage3a/method_v02r/features/cache/square/square_demo_132_clean.npz	294937	dataset, feature, index, or evaluation table artifact	experiments/cr_scizor/stage3a/method_v02r/features/cache/square/square_demo_132_clean.npz.placeholder.md
experiments/cr_scizor/stage3a/method_v02r/features/cache/square/square_demo_132_flip_gripper_t142_m0.50.npz	294937	dataset, feature, index, or evaluation table artifact	experiments/cr_scizor/stage3a/method_v02r/features/cache/square/square_demo_132_flip_gripper_t142_m0.50.npz.placeholder.md
experiments/cr_scizor/stage3a/method_v02r/features/cache/square/square_demo_132_flip_gripper_t61_m0.50.npz	294937	dataset, feature, index, or evaluation table artifact	experiments/cr_scizor/stage3a/method_v02r/features/cache/square/square_demo_132_flip_gripper_t61_m0.50.npz.placeholder.md
experiments/cr_scizor/stage3a/method_v02r/features/cache/square/square_demo_132_flip_gripper_t74_m0.50.npz	294937	dataset, feature, index, or evaluation table artifact	experiments/cr_scizor/stage3a/method_v02r/features/cache/square/square_demo_132_flip_gripper_t74_m0.50.npz.placeholder.md
experiments/cr_scizor/stage3a/method_v02r/features/cache/square/square_demo_132_flip_gripper_t84_m0.50.npz	294937	dataset, feature, index, or evaluation table artifact	experiments/cr_scizor/stage3a/method_v02r/features/cache/square/square_demo_132_flip_gripper_t84_m0.50.npz.placeholder.md
experiments/cr_scizor/stage3a/method_v02r/features/cache/square/square_demo_132_reverse_motion_t142_m0.25.npz	294937	dataset, feature, index, or evaluation table artifact	experiments/cr_scizor/stage3a/method_v02r/features/cache/square/square_demo_132_reverse_motion_t142_m0.25.npz.placeholder.md
experiments/cr_scizor/stage3a/method_v02r/features/cache/square/square_demo_132_reverse_motion_t61_m0.25.npz	294937	dataset, feature, index, or evaluation table artifact	experiments/cr_scizor/stage3a/method_v02r/features/cache/square/square_demo_132_reverse_motion_t61_m0.25.npz.placeholder.md
experiments/cr_scizor/stage3a/method_v02r/features/cache/square/square_demo_132_reverse_motion_t74_m0.25.npz	294937	dataset, feature, index, or evaluation table artifact	experiments/cr_scizor/stage3a/method_v02r/features/cache/square/square_demo_132_reverse_motion_t74_m0.25.npz.placeholder.md
experiments/cr_scizor/stage3a/method_v02r/features/cache/square/square_demo_132_reverse_motion_t84_m0.25.npz	294937	dataset, feature, index, or evaluation table artifact	experiments/cr_scizor/stage3a/method_v02r/features/cache/square/square_demo_132_reverse_motion_t84_m0.25.npz.placeholder.md
experiments/cr_scizor/stage3a/method_v02r/features/cache/square/square_demo_132_zero_motion_t142_m0.50.npz	294937	dataset, feature, index, or evaluation table artifact	experiments/cr_scizor/stage3a/method_v02r/features/cache/square/square_demo_132_zero_motion_t142_m0.50.npz.placeholder.md
experiments/cr_scizor/stage3a/method_v02r/features/cache/square/square_demo_132_zero_motion_t61_m0.50.npz	294937	dataset, feature, index, or evaluation table artifact	experiments/cr_scizor/stage3a/method_v02r/features/cache/square/square_demo_132_zero_motion_t61_m0.50.npz.placeholder.md
experiments/cr_scizor/stage3a/method_v02r/features/cache/square/square_demo_132_zero_motion_t74_m0.50.npz	294937	dataset, feature, index, or evaluation table artifact	experiments/cr_scizor/stage3a/method_v02r/features/cache/square/square_demo_132_zero_motion_t74_m0.50.npz.placeholder.md
experiments/cr_scizor/stage3a/method_v02r/features/cache/square/square_demo_132_zero_motion_t84_m0.50.npz	294937	dataset, feature, index, or evaluation table artifact	experiments/cr_scizor/stage3a/method_v02r/features/cache/square/square_demo_132_zero_motion_t84_m0.50.npz.placeholder.md
experiments/cr_scizor/stage3a/method_v02r/features/cache/square/square_demo_134_axis_impulse_t100_m0.25.npz	246889	dataset, feature, index, or evaluation table artifact	experiments/cr_scizor/stage3a/method_v02r/features/cache/square/square_demo_134_axis_impulse_t100_m0.25.npz.placeholder.md
experiments/cr_scizor/stage3a/method_v02r/features/cache/square/square_demo_134_axis_impulse_t122_m0.25.npz	246889	dataset, feature, index, or evaluation table artifact	experiments/cr_scizor/stage3a/method_v02r/features/cache/square/square_demo_134_axis_impulse_t122_m0.25.npz.placeholder.md
experiments/cr_scizor/stage3a/method_v02r/features/cache/square/square_demo_134_axis_impulse_t66_m0.25.npz	246889	dataset, feature, index, or evaluation table artifact	experiments/cr_scizor/stage3a/method_v02r/features/cache/square/square_demo_134_axis_impulse_t66_m0.25.npz.placeholder.md
experiments/cr_scizor/stage3a/method_v02r/features/cache/square/square_demo_134_axis_impulse_t77_m0.25.npz	246889	dataset, feature, index, or evaluation table artifact	experiments/cr_scizor/stage3a/method_v02r/features/cache/square/square_demo_134_axis_impulse_t77_m0.25.npz.placeholder.md
experiments/cr_scizor/stage3a/method_v02r/features/cache/square/square_demo_134_clean.npz	246889	dataset, feature, index, or evaluation table artifact	experiments/cr_scizor/stage3a/method_v02r/features/cache/square/square_demo_134_clean.npz.placeholder.md
experiments/cr_scizor/stage3a/method_v02r/features/cache/square/square_demo_134_flip_gripper_t100_m0.50.npz	246889	dataset, feature, index, or evaluation table artifact	experiments/cr_scizor/stage3a/method_v02r/features/cache/square/square_demo_134_flip_gripper_t100_m0.50.npz.placeholder.md
experiments/cr_scizor/stage3a/method_v02r/features/cache/square/square_demo_134_flip_gripper_t122_m0.50.npz	246889	dataset, feature, index, or evaluation table artifact	experiments/cr_scizor/stage3a/method_v02r/features/cache/square/square_demo_134_flip_gripper_t122_m0.50.npz.placeholder.md
experiments/cr_scizor/stage3a/method_v02r/features/cache/square/square_demo_134_flip_gripper_t66_m0.50.npz	246889	dataset, feature, index, or evaluation table artifact	experiments/cr_scizor/stage3a/method_v02r/features/cache/square/square_demo_134_flip_gripper_t66_m0.50.npz.placeholder.md
experiments/cr_scizor/stage3a/method_v02r/features/cache/square/square_demo_134_flip_gripper_t77_m0.50.npz	246889	dataset, feature, index, or evaluation table artifact	experiments/cr_scizor/stage3a/method_v02r/features/cache/square/square_demo_134_flip_gripper_t77_m0.50.npz.placeholder.md
experiments/cr_scizor/stage3a/method_v02r/features/cache/square/square_demo_134_reverse_motion_t100_m0.25.npz	246889	dataset, feature, index, or evaluation table artifact	experiments/cr_scizor/stage3a/method_v02r/features/cache/square/square_demo_134_reverse_motion_t100_m0.25.npz.placeholder.md
experiments/cr_scizor/stage3a/method_v02r/features/cache/square/square_demo_134_reverse_motion_t122_m0.25.npz	246889	dataset, feature, index, or evaluation table artifact	experiments/cr_scizor/stage3a/method_v02r/features/cache/square/square_demo_134_reverse_motion_t122_m0.25.npz.placeholder.md
experiments/cr_scizor/stage3a/method_v02r/features/cache/square/square_demo_134_reverse_motion_t66_m0.25.npz	246889	dataset, feature, index, or evaluation table artifact	experiments/cr_scizor/stage3a/method_v02r/features/cache/square/square_demo_134_reverse_motion_t66_m0.25.npz.placeholder.md
experiments/cr_scizor/stage3a/method_v02r/features/cache/square/square_demo_134_reverse_motion_t77_m0.25.npz	246889	dataset, feature, index, or evaluation table artifact	experiments/cr_scizor/stage3a/method_v02r/features/cache/square/square_demo_134_reverse_motion_t77_m0.25.npz.placeholder.md
experiments/cr_scizor/stage3a/method_v02r/features/cache/square/square_demo_134_zero_motion_t100_m0.50.npz	246889	dataset, feature, index, or evaluation table artifact	experiments/cr_scizor/stage3a/method_v02r/features/cache/square/square_demo_134_zero_motion_t100_m0.50.npz.placeholder.md
experiments/cr_scizor/stage3a/method_v02r/features/cache/square/square_demo_134_zero_motion_t122_m0.50.npz	246889	dataset, feature, index, or evaluation table artifact	experiments/cr_scizor/stage3a/method_v02r/features/cache/square/square_demo_134_zero_motion_t122_m0.50.npz.placeholder.md
experiments/cr_scizor/stage3a/method_v02r/features/cache/square/square_demo_134_zero_motion_t66_m0.50.npz	246889	dataset, feature, index, or evaluation table artifact	experiments/cr_scizor/stage3a/method_v02r/features/cache/square/square_demo_134_zero_motion_t66_m0.50.npz.placeholder.md
experiments/cr_scizor/stage3a/method_v02r/features/cache/square/square_demo_134_zero_motion_t77_m0.50.npz	246889	dataset, feature, index, or evaluation table artifact	experiments/cr_scizor/stage3a/method_v02r/features/cache/square/square_demo_134_zero_motion_t77_m0.50.npz.placeholder.md
experiments/cr_scizor/stage3a/method_v02r/features/cache/square/square_demo_135_axis_impulse_t129_m0.25.npz	250585	dataset, feature, index, or evaluation table artifact	experiments/cr_scizor/stage3a/method_v02r/features/cache/square/square_demo_135_axis_impulse_t129_m0.25.npz.placeholder.md
experiments/cr_scizor/stage3a/method_v02r/features/cache/square/square_demo_135_axis_impulse_t34_m0.25.npz	250585	dataset, feature, index, or evaluation table artifact	experiments/cr_scizor/stage3a/method_v02r/features/cache/square/square_demo_135_axis_impulse_t34_m0.25.npz.placeholder.md
experiments/cr_scizor/stage3a/method_v02r/features/cache/square/square_demo_135_axis_impulse_t56_m0.25.npz	250585	dataset, feature, index, or evaluation table artifact	experiments/cr_scizor/stage3a/method_v02r/features/cache/square/square_demo_135_axis_impulse_t56_m0.25.npz.placeholder.md
experiments/cr_scizor/stage3a/method_v02r/features/cache/square/square_demo_135_axis_impulse_t68_m0.25.npz	250585	dataset, feature, index, or evaluation table artifact	experiments/cr_scizor/stage3a/method_v02r/features/cache/square/square_demo_135_axis_impulse_t68_m0.25.npz.placeholder.md
experiments/cr_scizor/stage3a/method_v02r/features/cache/square/square_demo_135_clean.npz	250585	dataset, feature, index, or evaluation table artifact	experiments/cr_scizor/stage3a/method_v02r/features/cache/square/square_demo_135_clean.npz.placeholder.md
experiments/cr_scizor/stage3a/method_v02r/features/cache/square/square_demo_135_flip_gripper_t129_m0.50.npz	250585	dataset, feature, index, or evaluation table artifact	experiments/cr_scizor/stage3a/method_v02r/features/cache/square/square_demo_135_flip_gripper_t129_m0.50.npz.placeholder.md
experiments/cr_scizor/stage3a/method_v02r/features/cache/square/square_demo_135_flip_gripper_t34_m0.50.npz	250585	dataset, feature, index, or evaluation table artifact	experiments/cr_scizor/stage3a/method_v02r/features/cache/square/square_demo_135_flip_gripper_t34_m0.50.npz.placeholder.md
experiments/cr_scizor/stage3a/method_v02r/features/cache/square/square_demo_135_flip_gripper_t56_m0.50.npz	250585	dataset, feature, index, or evaluation table artifact	experiments/cr_scizor/stage3a/method_v02r/features/cache/square/square_demo_135_flip_gripper_t56_m0.50.npz.placeholder.md
experiments/cr_scizor/stage3a/method_v02r/features/cache/square/square_demo_135_flip_gripper_t68_m0.50.npz	250585	dataset, feature, index, or evaluation table artifact	experiments/cr_scizor/stage3a/method_v02r/features/cache/square/square_demo_135_flip_gripper_t68_m0.50.npz.placeholder.md
experiments/cr_scizor/stage3a/method_v02r/features/cache/square/square_demo_135_reverse_motion_t129_m0.25.npz	250585	dataset, feature, index, or evaluation table artifact	experiments/cr_scizor/stage3a/method_v02r/features/cache/square/square_demo_135_reverse_motion_t129_m0.25.npz.placeholder.md
experiments/cr_scizor/stage3a/method_v02r/features/cache/square/square_demo_135_reverse_motion_t34_m0.25.npz	250585	dataset, feature, index, or evaluation table artifact	experiments/cr_scizor/stage3a/method_v02r/features/cache/square/square_demo_135_reverse_motion_t34_m0.25.npz.placeholder.md
experiments/cr_scizor/stage3a/method_v02r/features/cache/square/square_demo_135_reverse_motion_t56_m0.25.npz	250585	dataset, feature, index, or evaluation table artifact	experiments/cr_scizor/stage3a/method_v02r/features/cache/square/square_demo_135_reverse_motion_t56_m0.25.npz.placeholder.md
experiments/cr_scizor/stage3a/method_v02r/features/cache/square/square_demo_135_reverse_motion_t68_m0.25.npz	250585	dataset, feature, index, or evaluation table artifact	experiments/cr_scizor/stage3a/method_v02r/features/cache/square/square_demo_135_reverse_motion_t68_m0.25.npz.placeholder.md
experiments/cr_scizor/stage3a/method_v02r/features/cache/square/square_demo_135_zero_motion_t129_m0.50.npz	250585	dataset, feature, index, or evaluation table artifact	experiments/cr_scizor/stage3a/method_v02r/features/cache/square/square_demo_135_zero_motion_t129_m0.50.npz.placeholder.md
experiments/cr_scizor/stage3a/method_v02r/features/cache/square/square_demo_135_zero_motion_t34_m0.50.npz	250585	dataset, feature, index, or evaluation table artifact	experiments/cr_scizor/stage3a/method_v02r/features/cache/square/square_demo_135_zero_motion_t34_m0.50.npz.placeholder.md
experiments/cr_scizor/stage3a/method_v02r/features/cache/square/square_demo_135_zero_motion_t56_m0.50.npz	250585	dataset, feature, index, or evaluation table artifact	experiments/cr_scizor/stage3a/method_v02r/features/cache/square/square_demo_135_zero_motion_t56_m0.50.npz.placeholder.md
experiments/cr_scizor/stage3a/method_v02r/features/cache/square/square_demo_135_zero_motion_t68_m0.50.npz	250585	dataset, feature, index, or evaluation table artifact	experiments/cr_scizor/stage3a/method_v02r/features/cache/square/square_demo_135_zero_motion_t68_m0.50.npz.placeholder.md
experiments/cr_scizor/stage3a/method_v02r/features/cache/square/square_demo_136_axis_impulse_t130_m0.25.npz	254281	dataset, feature, index, or evaluation table artifact	experiments/cr_scizor/stage3a/method_v02r/features/cache/square/square_demo_136_axis_impulse_t130_m0.25.npz.placeholder.md
experiments/cr_scizor/stage3a/method_v02r/features/cache/square/square_demo_136_axis_impulse_t57_m0.25.npz	254281	dataset, feature, index, or evaluation table artifact	experiments/cr_scizor/stage3a/method_v02r/features/cache/square/square_demo_136_axis_impulse_t57_m0.25.npz.placeholder.md
experiments/cr_scizor/stage3a/method_v02r/features/cache/square/square_demo_136_axis_impulse_t68_m0.25.npz	254281	dataset, feature, index, or evaluation table artifact	experiments/cr_scizor/stage3a/method_v02r/features/cache/square/square_demo_136_axis_impulse_t68_m0.25.npz.placeholder.md
experiments/cr_scizor/stage3a/method_v02r/features/cache/square/square_demo_136_axis_impulse_t82_m0.25.npz	254281	dataset, feature, index, or evaluation table artifact	experiments/cr_scizor/stage3a/method_v02r/features/cache/square/square_demo_136_axis_impulse_t82_m0.25.npz.placeholder.md
experiments/cr_scizor/stage3a/method_v02r/features/cache/square/square_demo_136_clean.npz	254281	dataset, feature, index, or evaluation table artifact	experiments/cr_scizor/stage3a/method_v02r/features/cache/square/square_demo_136_clean.npz.placeholder.md
experiments/cr_scizor/stage3a/method_v02r/features/cache/square/square_demo_136_flip_gripper_t130_m0.50.npz	254281	dataset, feature, index, or evaluation table artifact	experiments/cr_scizor/stage3a/method_v02r/features/cache/square/square_demo_136_flip_gripper_t130_m0.50.npz.placeholder.md
experiments/cr_scizor/stage3a/method_v02r/features/cache/square/square_demo_136_flip_gripper_t57_m0.50.npz	254281	dataset, feature, index, or evaluation table artifact	experiments/cr_scizor/stage3a/method_v02r/features/cache/square/square_demo_136_flip_gripper_t57_m0.50.npz.placeholder.md
experiments/cr_scizor/stage3a/method_v02r/features/cache/square/square_demo_136_flip_gripper_t68_m0.50.npz	254281	dataset, feature, index, or evaluation table artifact	experiments/cr_scizor/stage3a/method_v02r/features/cache/square/square_demo_136_flip_gripper_t68_m0.50.npz.placeholder.md
experiments/cr_scizor/stage3a/method_v02r/features/cache/square/square_demo_136_flip_gripper_t82_m0.50.npz	254281	dataset, feature, index, or evaluation table artifact	experiments/cr_scizor/stage3a/method_v02r/features/cache/square/square_demo_136_flip_gripper_t82_m0.50.npz.placeholder.md
experiments/cr_scizor/stage3a/method_v02r/features/cache/square/square_demo_136_reverse_motion_t130_m0.25.npz	254281	dataset, feature, index, or evaluation table artifact	experiments/cr_scizor/stage3a/method_v02r/features/cache/square/square_demo_136_reverse_motion_t130_m0.25.npz.placeholder.md
experiments/cr_scizor/stage3a/method_v02r/features/cache/square/square_demo_136_reverse_motion_t57_m0.25.npz	254281	dataset, feature, index, or evaluation table artifact	experiments/cr_scizor/stage3a/method_v02r/features/cache/square/square_demo_136_reverse_motion_t57_m0.25.npz.placeholder.md
experiments/cr_scizor/stage3a/method_v02r/features/cache/square/square_demo_136_reverse_motion_t68_m0.25.npz	254281	dataset, feature, index, or evaluation table artifact	experiments/cr_scizor/stage3a/method_v02r/features/cache/square/square_demo_136_reverse_motion_t68_m0.25.npz.placeholder.md
experiments/cr_scizor/stage3a/method_v02r/features/cache/square/square_demo_136_reverse_motion_t82_m0.25.npz	254281	dataset, feature, index, or evaluation table artifact	experiments/cr_scizor/stage3a/method_v02r/features/cache/square/square_demo_136_reverse_motion_t82_m0.25.npz.placeholder.md
experiments/cr_scizor/stage3a/method_v02r/features/cache/square/square_demo_136_zero_motion_t130_m0.50.npz	254281	dataset, feature, index, or evaluation table artifact	experiments/cr_scizor/stage3a/method_v02r/features/cache/square/square_demo_136_zero_motion_t130_m0.50.npz.placeholder.md
experiments/cr_scizor/stage3a/method_v02r/features/cache/square/square_demo_136_zero_motion_t57_m0.50.npz	254281	dataset, feature, index, or evaluation table artifact	experiments/cr_scizor/stage3a/method_v02r/features/cache/square/square_demo_136_zero_motion_t57_m0.50.npz.placeholder.md
experiments/cr_scizor/stage3a/method_v02r/features/cache/square/square_demo_136_zero_motion_t68_m0.50.npz	254281	dataset, feature, index, or evaluation table artifact	experiments/cr_scizor/stage3a/method_v02r/features/cache/square/square_demo_136_zero_motion_t68_m0.50.npz.placeholder.md
experiments/cr_scizor/stage3a/method_v02r/features/cache/square/square_demo_136_zero_motion_t82_m0.50.npz	254281	dataset, feature, index, or evaluation table artifact	experiments/cr_scizor/stage3a/method_v02r/features/cache/square/square_demo_136_zero_motion_t82_m0.50.npz.placeholder.md
experiments/cr_scizor/stage3a/method_v02r/features/cache/square/square_demo_14_axis_impulse_t104_m0.25.npz	282001	dataset, feature, index, or evaluation table artifact	experiments/cr_scizor/stage3a/method_v02r/features/cache/square/square_demo_14_axis_impulse_t104_m0.25.npz.placeholder.md
experiments/cr_scizor/stage3a/method_v02r/features/cache/square/square_demo_14_axis_impulse_t39_m0.25.npz	282001	dataset, feature, index, or evaluation table artifact	experiments/cr_scizor/stage3a/method_v02r/features/cache/square/square_demo_14_axis_impulse_t39_m0.25.npz.placeholder.md
experiments/cr_scizor/stage3a/method_v02r/features/cache/square/square_demo_14_axis_impulse_t57_m0.25.npz	282001	dataset, feature, index, or evaluation table artifact	experiments/cr_scizor/stage3a/method_v02r/features/cache/square/square_demo_14_axis_impulse_t57_m0.25.npz.placeholder.md
experiments/cr_scizor/stage3a/method_v02r/features/cache/square/square_demo_14_axis_impulse_t76_m0.25.npz	282001	dataset, feature, index, or evaluation table artifact	experiments/cr_scizor/stage3a/method_v02r/features/cache/square/square_demo_14_axis_impulse_t76_m0.25.npz.placeholder.md
experiments/cr_scizor/stage3a/method_v02r/features/cache/square/square_demo_14_clean.npz	282001	dataset, feature, index, or evaluation table artifact	experiments/cr_scizor/stage3a/method_v02r/features/cache/square/square_demo_14_clean.npz.placeholder.md
experiments/cr_scizor/stage3a/method_v02r/features/cache/square/square_demo_14_flip_gripper_t104_m0.50.npz	282001	dataset, feature, index, or evaluation table artifact	experiments/cr_scizor/stage3a/method_v02r/features/cache/square/square_demo_14_flip_gripper_t104_m0.50.npz.placeholder.md
experiments/cr_scizor/stage3a/method_v02r/features/cache/square/square_demo_14_flip_gripper_t39_m0.50.npz	282001	dataset, feature, index, or evaluation table artifact	experiments/cr_scizor/stage3a/method_v02r/features/cache/square/square_demo_14_flip_gripper_t39_m0.50.npz.placeholder.md
experiments/cr_scizor/stage3a/method_v02r/features/cache/square/square_demo_14_flip_gripper_t57_m0.50.npz	282001	dataset, feature, index, or evaluation table artifact	experiments/cr_scizor/stage3a/method_v02r/features/cache/square/square_demo_14_flip_gripper_t57_m0.50.npz.placeholder.md
experiments/cr_scizor/stage3a/method_v02r/features/cache/square/square_demo_14_flip_gripper_t76_m0.50.npz	282001	dataset, feature, index, or evaluation table artifact	experiments/cr_scizor/stage3a/method_v02r/features/cache/square/square_demo_14_flip_gripper_t76_m0.50.npz.placeholder.md
experiments/cr_scizor/stage3a/method_v02r/features/cache/square/square_demo_14_reverse_motion_t104_m0.25.npz	282001	dataset, feature, index, or evaluation table artifact	experiments/cr_scizor/stage3a/method_v02r/features/cache/square/square_demo_14_reverse_motion_t104_m0.25.npz.placeholder.md
experiments/cr_scizor/stage3a/method_v02r/features/cache/square/square_demo_14_reverse_motion_t39_m0.25.npz	282001	dataset, feature, index, or evaluation table artifact	experiments/cr_scizor/stage3a/method_v02r/features/cache/square/square_demo_14_reverse_motion_t39_m0.25.npz.placeholder.md
experiments/cr_scizor/stage3a/method_v02r/features/cache/square/square_demo_14_reverse_motion_t57_m0.25.npz	282001	dataset, feature, index, or evaluation table artifact	experiments/cr_scizor/stage3a/method_v02r/features/cache/square/square_demo_14_reverse_motion_t57_m0.25.npz.placeholder.md
experiments/cr_scizor/stage3a/method_v02r/features/cache/square/square_demo_14_reverse_motion_t76_m0.25.npz	282001	dataset, feature, index, or evaluation table artifact	experiments/cr_scizor/stage3a/method_v02r/features/cache/square/square_demo_14_reverse_motion_t76_m0.25.npz.placeholder.md
experiments/cr_scizor/stage3a/method_v02r/features/cache/square/square_demo_14_zero_motion_t104_m0.50.npz	282001	dataset, feature, index, or evaluation table artifact	experiments/cr_scizor/stage3a/method_v02r/features/cache/square/square_demo_14_zero_motion_t104_m0.50.npz.placeholder.md
experiments/cr_scizor/stage3a/method_v02r/features/cache/square/square_demo_14_zero_motion_t39_m0.50.npz	282001	dataset, feature, index, or evaluation table artifact	experiments/cr_scizor/stage3a/method_v02r/features/cache/square/square_demo_14_zero_motion_t39_m0.50.npz.placeholder.md
experiments/cr_scizor/stage3a/method_v02r/features/cache/square/square_demo_14_zero_motion_t57_m0.50.npz	282001	dataset, feature, index, or evaluation table artifact	experiments/cr_scizor/stage3a/method_v02r/features/cache/square/square_demo_14_zero_motion_t57_m0.50.npz.placeholder.md
experiments/cr_scizor/stage3a/method_v02r/features/cache/square/square_demo_14_zero_motion_t76_m0.50.npz	282001	dataset, feature, index, or evaluation table artifact	experiments/cr_scizor/stage3a/method_v02r/features/cache/square/square_demo_14_zero_motion_t76_m0.50.npz.placeholder.md
experiments/cr_scizor/stage3a/method_v02r/features/smoke/cache/can/can_demo_0_axis_impulse_t102_m1.00.npz	219169	dataset, feature, index, or evaluation table artifact	experiments/cr_scizor/stage3a/method_v02r/features/smoke/cache/can/can_demo_0_axis_impulse_t102_m1.00.npz.placeholder.md
experiments/cr_scizor/stage3a/method_v02r/features/smoke/cache/can/can_demo_0_axis_impulse_t112_m1.00.npz	219169	dataset, feature, index, or evaluation table artifact	experiments/cr_scizor/stage3a/method_v02r/features/smoke/cache/can/can_demo_0_axis_impulse_t112_m1.00.npz.placeholder.md
experiments/cr_scizor/stage3a/method_v02r/features/smoke/feature_index.parquet	8318	dataset, feature, index, or evaluation table artifact	experiments/cr_scizor/stage3a/method_v02r/features/smoke/feature_index.parquet.placeholder.md
experiments/cr_scizor/stage3a/method_v02r/features/feature_index.parquet	52008	dataset, feature, index, or evaluation table artifact	experiments/cr_scizor/stage3a/method_v02r/features/feature_index.parquet.placeholder.md
experiments/cr_scizor/stage3a/method_v02r/features/verifier_normalizer.npz	4430	dataset, feature, index, or evaluation table artifact	experiments/cr_scizor/stage3a/method_v02r/features/verifier_normalizer.npz.placeholder.md
experiments/cr_scizor/stage3a/method_v02r/labels/transition_labels_v02.parquet	229620	dataset, feature, index, or evaluation table artifact	experiments/cr_scizor/stage3a/method_v02r/labels/transition_labels_v02.parquet.placeholder.md
experiments/cr_scizor/stage3a/method_v02r/evidence/v02_scoring_adapter.hdf5	3226072	dataset, feature, index, or evaluation table artifact	experiments/cr_scizor/stage3a/method_v02r/evidence/v02_scoring_adapter.hdf5.placeholder.md
experiments/cr_scizor/stage3a/method_v02r/evidence/chunk_evidence_v02_smoke.parquet	17484	dataset, feature, index, or evaluation table artifact	experiments/cr_scizor/stage3a/method_v02r/evidence/chunk_evidence_v02_smoke.parquet.placeholder.md
experiments/cr_scizor/stage3a/method_v02r/evidence/chunk_evidence_v02.parquet	2407349	dataset, feature, index, or evaluation table artifact	experiments/cr_scizor/stage3a/method_v02r/evidence/chunk_evidence_v02.parquet.placeholder.md
experiments/cr_scizor/stage3a/method_v02r/proposals/train/full_proposer_v02_chunks.parquet	2431063	dataset, feature, index, or evaluation table artifact	experiments/cr_scizor/stage3a/method_v02r/proposals/train/full_proposer_v02_chunks.parquet.placeholder.md
experiments/cr_scizor/stage3a/method_v02r/proposals/train/full_proposer_v02_transitions.parquet	1880137	dataset, feature, index, or evaluation table artifact	experiments/cr_scizor/stage3a/method_v02r/proposals/train/full_proposer_v02_transitions.parquet.placeholder.md
experiments/cr_scizor/stage3a/method_v02r/proposals/train/action_proposer_v02_chunks.parquet	2499733	dataset, feature, index, or evaluation table artifact	experiments/cr_scizor/stage3a/method_v02r/proposals/train/action_proposer_v02_chunks.parquet.placeholder.md
experiments/cr_scizor/stage3a/method_v02r/proposals/train/action_proposer_v02_transitions.parquet	2201941	dataset, feature, index, or evaluation table artifact	experiments/cr_scizor/stage3a/method_v02r/proposals/train/action_proposer_v02_transitions.parquet.placeholder.md
experiments/cr_scizor/stage3a/method_v02r/proposals/validation/action_proposer_v02_chunks.parquet	881211	dataset, feature, index, or evaluation table artifact	experiments/cr_scizor/stage3a/method_v02r/proposals/validation/action_proposer_v02_chunks.parquet.placeholder.md
experiments/cr_scizor/stage3a/method_v02r/proposals/validation/action_proposer_v02_transitions.parquet	764388	dataset, feature, index, or evaluation table artifact	experiments/cr_scizor/stage3a/method_v02r/proposals/validation/action_proposer_v02_transitions.parquet.placeholder.md
experiments/cr_scizor/stage3a/method_v02r/proposals/validation/full_proposer_v02_chunks.parquet	862591	dataset, feature, index, or evaluation table artifact	experiments/cr_scizor/stage3a/method_v02r/proposals/validation/full_proposer_v02_chunks.parquet.placeholder.md
experiments/cr_scizor/stage3a/method_v02r/proposals/validation/full_proposer_v02_transitions.parquet	651917	dataset, feature, index, or evaluation table artifact	experiments/cr_scizor/stage3a/method_v02r/proposals/validation/full_proposer_v02_transitions.parquet.placeholder.md
experiments/cr_scizor/stage3a/method_v02r/proposals/proposal_candidates_train.parquet	408592	dataset, feature, index, or evaluation table artifact	experiments/cr_scizor/stage3a/method_v02r/proposals/proposal_candidates_train.parquet.placeholder.md
experiments/cr_scizor/stage3a/method_v02r/proposals/proposal_candidates_validation.parquet	155047	dataset, feature, index, or evaluation table artifact	experiments/cr_scizor/stage3a/method_v02r/proposals/proposal_candidates_validation.parquet.placeholder.md
experiments/cr_scizor/stage3a/method_v02r/oracle/plans/candidate_plans_train.parquet	762671	dataset, feature, index, or evaluation table artifact	experiments/cr_scizor/stage3a/method_v02r/oracle/plans/candidate_plans_train.parquet.placeholder.md
experiments/cr_scizor/stage3a/method_v02r/oracle/plans/candidate_plans_train.jsonl	26704252	large line-delimited oracle or metadata artifact	experiments/cr_scizor/stage3a/method_v02r/oracle/plans/candidate_plans_train.jsonl.placeholder.md
experiments/cr_scizor/stage3a/method_v02r/oracle/plans/candidate_plans_validation.parquet	279261	dataset, feature, index, or evaluation table artifact	experiments/cr_scizor/stage3a/method_v02r/oracle/plans/candidate_plans_validation.parquet.placeholder.md
experiments/cr_scizor/stage3a/method_v02r/oracle/plans/candidate_plans_validation.jsonl	9423738	large line-delimited oracle or metadata artifact	experiments/cr_scizor/stage3a/method_v02r/oracle/plans/candidate_plans_validation.jsonl.placeholder.md
experiments/cr_scizor/stage3a/method_v02r/oracle/candidates/parts/train/part11.jsonl	2545359	large line-delimited oracle or metadata artifact	experiments/cr_scizor/stage3a/method_v02r/oracle/candidates/parts/train/part11.jsonl.placeholder.md
experiments/cr_scizor/stage3a/method_v02r/oracle/candidates/parts/train/part6.jsonl	2545908	large line-delimited oracle or metadata artifact	experiments/cr_scizor/stage3a/method_v02r/oracle/candidates/parts/train/part6.jsonl.placeholder.md
experiments/cr_scizor/stage3a/method_v02r/oracle/candidates/parts/train/part13.jsonl	2544925	large line-delimited oracle or metadata artifact	experiments/cr_scizor/stage3a/method_v02r/oracle/candidates/parts/train/part13.jsonl.placeholder.md
experiments/cr_scizor/stage3a/method_v02r/oracle/candidates/parts/train/part15.jsonl	2545640	large line-delimited oracle or metadata artifact	experiments/cr_scizor/stage3a/method_v02r/oracle/candidates/parts/train/part15.jsonl.placeholder.md
experiments/cr_scizor/stage3a/method_v02r/oracle/candidates/parts/train/part7.jsonl	2546547	large line-delimited oracle or metadata artifact	experiments/cr_scizor/stage3a/method_v02r/oracle/candidates/parts/train/part7.jsonl.placeholder.md
experiments/cr_scizor/stage3a/method_v02r/oracle/candidates/parts/train/part5.jsonl	2544514	large line-delimited oracle or metadata artifact	experiments/cr_scizor/stage3a/method_v02r/oracle/candidates/parts/train/part5.jsonl.placeholder.md
experiments/cr_scizor/stage3a/method_v02r/oracle/candidates/parts/train/part3.jsonl	2545429	large line-delimited oracle or metadata artifact	experiments/cr_scizor/stage3a/method_v02r/oracle/candidates/parts/train/part3.jsonl.placeholder.md
experiments/cr_scizor/stage3a/method_v02r/oracle/candidates/parts/train/part12.jsonl	2546875	large line-delimited oracle or metadata artifact	experiments/cr_scizor/stage3a/method_v02r/oracle/candidates/parts/train/part12.jsonl.placeholder.md
experiments/cr_scizor/stage3a/method_v02r/oracle/candidates/parts/train/part14.jsonl	2546225	large line-delimited oracle or metadata artifact	experiments/cr_scizor/stage3a/method_v02r/oracle/candidates/parts/train/part14.jsonl.placeholder.md
experiments/cr_scizor/stage3a/method_v02r/oracle/candidates/parts/train/part8.jsonl	2546940	large line-delimited oracle or metadata artifact	experiments/cr_scizor/stage3a/method_v02r/oracle/candidates/parts/train/part8.jsonl.placeholder.md
experiments/cr_scizor/stage3a/method_v02r/oracle/candidates/parts/train/part0.jsonl	2546358	large line-delimited oracle or metadata artifact	experiments/cr_scizor/stage3a/method_v02r/oracle/candidates/parts/train/part0.jsonl.placeholder.md
experiments/cr_scizor/stage3a/method_v02r/oracle/candidates/parts/train/part10.jsonl	2545848	large line-delimited oracle or metadata artifact	experiments/cr_scizor/stage3a/method_v02r/oracle/candidates/parts/train/part10.jsonl.placeholder.md
experiments/cr_scizor/stage3a/method_v02r/oracle/candidates/parts/train/part1.jsonl	2545196	large line-delimited oracle or metadata artifact	experiments/cr_scizor/stage3a/method_v02r/oracle/candidates/parts/train/part1.jsonl.placeholder.md
experiments/cr_scizor/stage3a/method_v02r/oracle/candidates/parts/train/part9.jsonl	2544583	large line-delimited oracle or metadata artifact	experiments/cr_scizor/stage3a/method_v02r/oracle/candidates/parts/train/part9.jsonl.placeholder.md
experiments/cr_scizor/stage3a/method_v02r/oracle/candidates/parts/train/part4.jsonl	2543729	large line-delimited oracle or metadata artifact	experiments/cr_scizor/stage3a/method_v02r/oracle/candidates/parts/train/part4.jsonl.placeholder.md
experiments/cr_scizor/stage3a/method_v02r/oracle/candidates/parts/train/part2.jsonl	2545517	large line-delimited oracle or metadata artifact	experiments/cr_scizor/stage3a/method_v02r/oracle/candidates/parts/train/part2.jsonl.placeholder.md
experiments/cr_scizor/stage3a/method_v02r/oracle/candidates/parts/validation/part7.jsonl	1791181	large line-delimited oracle or metadata artifact	experiments/cr_scizor/stage3a/method_v02r/oracle/candidates/parts/validation/part7.jsonl.placeholder.md
experiments/cr_scizor/stage3a/method_v02r/oracle/candidates/parts/validation/part3.jsonl	1791485	large line-delimited oracle or metadata artifact	experiments/cr_scizor/stage3a/method_v02r/oracle/candidates/parts/validation/part3.jsonl.placeholder.md
experiments/cr_scizor/stage3a/method_v02r/oracle/candidates/parts/validation/part1.jsonl	1797565	large line-delimited oracle or metadata artifact	experiments/cr_scizor/stage3a/method_v02r/oracle/candidates/parts/validation/part1.jsonl.placeholder.md
experiments/cr_scizor/stage3a/method_v02r/oracle/candidates/parts/validation/part5.jsonl	1789936	large line-delimited oracle or metadata artifact	experiments/cr_scizor/stage3a/method_v02r/oracle/candidates/parts/validation/part5.jsonl.placeholder.md
experiments/cr_scizor/stage3a/method_v02r/oracle/candidates/parts/validation/part4.jsonl	1791164	large line-delimited oracle or metadata artifact	experiments/cr_scizor/stage3a/method_v02r/oracle/candidates/parts/validation/part4.jsonl.placeholder.md
experiments/cr_scizor/stage3a/method_v02r/oracle/candidates/parts/validation/part2.jsonl	1800169	large line-delimited oracle or metadata artifact	experiments/cr_scizor/stage3a/method_v02r/oracle/candidates/parts/validation/part2.jsonl.placeholder.md
experiments/cr_scizor/stage3a/method_v02r/oracle/candidates/parts/validation/part6.jsonl	1790584	large line-delimited oracle or metadata artifact	experiments/cr_scizor/stage3a/method_v02r/oracle/candidates/parts/validation/part6.jsonl.placeholder.md
experiments/cr_scizor/stage3a/method_v02r/oracle/candidates/parts/validation/part0.jsonl	1798535	large line-delimited oracle or metadata artifact	experiments/cr_scizor/stage3a/method_v02r/oracle/candidates/parts/validation/part0.jsonl.placeholder.md
experiments/cr_scizor/stage3a/method_v02r/oracle/candidates/candidate_feasible_train.jsonl	40729593	large line-delimited oracle or metadata artifact	experiments/cr_scizor/stage3a/method_v02r/oracle/candidates/candidate_feasible_train.jsonl.placeholder.md
experiments/cr_scizor/stage3a/method_v02r/oracle/candidates/candidate_feasible_validation.jsonl	14350619	large line-delimited oracle or metadata artifact	experiments/cr_scizor/stage3a/method_v02r/oracle/candidates/candidate_feasible_validation.jsonl.placeholder.md
experiments/cr_scizor/stage3a/method_v02r/oracle/datasets/verifier_samples_train.parquet	915612	dataset, feature, index, or evaluation table artifact	experiments/cr_scizor/stage3a/method_v02r/oracle/datasets/verifier_samples_train.parquet.placeholder.md
experiments/cr_scizor/stage3a/method_v02r/oracle/datasets/verifier_samples_validation.parquet	315229	dataset, feature, index, or evaluation table artifact	experiments/cr_scizor/stage3a/method_v02r/oracle/datasets/verifier_samples_validation.parquet.placeholder.md
experiments/cr_scizor/stage3a/method_v02r/runs/smoke/best.pt	2132729	model checkpoint	experiments/cr_scizor/stage3a/method_v02r/runs/smoke/best.pt.placeholder.md
experiments/cr_scizor/stage3a/method_v02r/runs/smoke/last.pt	2132729	model checkpoint	experiments/cr_scizor/stage3a/method_v02r/runs/smoke/last.pt.placeholder.md
experiments/cr_scizor/stage3a/method_v02r/runs/full_seed_0/best.pt	2132729	model checkpoint	experiments/cr_scizor/stage3a/method_v02r/runs/full_seed_0/best.pt.placeholder.md
experiments/cr_scizor/stage3a/method_v02r/runs/full_seed_0/last.pt	2132729	model checkpoint	experiments/cr_scizor/stage3a/method_v02r/runs/full_seed_0/last.pt.placeholder.md
experiments/cr_scizor/stage3a/method_v02r/runs/full_seed_1/best.pt	2132729	model checkpoint	experiments/cr_scizor/stage3a/method_v02r/runs/full_seed_1/best.pt.placeholder.md
experiments/cr_scizor/stage3a/method_v02r/runs/full_seed_1/last.pt	2132729	model checkpoint	experiments/cr_scizor/stage3a/method_v02r/runs/full_seed_1/last.pt.placeholder.md
experiments/cr_scizor/stage3a/method_v02r/runs/full_seed_2/best.pt	2132729	model checkpoint	experiments/cr_scizor/stage3a/method_v02r/runs/full_seed_2/best.pt.placeholder.md
experiments/cr_scizor/stage3a/method_v02r/runs/full_seed_2/last.pt	2132729	model checkpoint	experiments/cr_scizor/stage3a/method_v02r/runs/full_seed_2/last.pt.placeholder.md
experiments/cr_scizor/stage3a/method_v02r/runs/action_only_seed_0/best.pt	2132729	model checkpoint	experiments/cr_scizor/stage3a/method_v02r/runs/action_only_seed_0/best.pt.placeholder.md
experiments/cr_scizor/stage3a/method_v02r/runs/action_only_seed_0/last.pt	2132729	model checkpoint	experiments/cr_scizor/stage3a/method_v02r/runs/action_only_seed_0/last.pt.placeholder.md
experiments/cr_scizor/stage3a/method_v02r/predictions/validation/full_seed_2.parquet	157452	dataset, feature, index, or evaluation table artifact	experiments/cr_scizor/stage3a/method_v02r/predictions/validation/full_seed_2.parquet.placeholder.md
experiments/cr_scizor/stage3a/method_v02r/predictions/validation/full_seed_0.parquet	153259	dataset, feature, index, or evaluation table artifact	experiments/cr_scizor/stage3a/method_v02r/predictions/validation/full_seed_0.parquet.placeholder.md
experiments/cr_scizor/stage3a/method_v02r/predictions/validation/full_seed_1.parquet	155189	dataset, feature, index, or evaluation table artifact	experiments/cr_scizor/stage3a/method_v02r/predictions/validation/full_seed_1.parquet.placeholder.md
experiments/cr_scizor/stage3a/method_v02r/predictions/validation/action_only_seed_0.parquet	151292	dataset, feature, index, or evaluation table artifact	experiments/cr_scizor/stage3a/method_v02r/predictions/validation/action_only_seed_0.parquet.placeholder.md
experiments/cr_scizor/stage3a/method_v02r/predictions/validation/replacement_scores.parquet	854442	dataset, feature, index, or evaluation table artifact	experiments/cr_scizor/stage3a/method_v02r/predictions/validation/replacement_scores.parquet.placeholder.md
experiments/cr_scizor/stage3a/method_v02r/predictions/validation/transition_scores.parquet	71366	dataset, feature, index, or evaluation table artifact	experiments/cr_scizor/stage3a/method_v02r/predictions/validation/transition_scores.parquet.placeholder.md
experiments/cr_scizor/stage3a/method_v02r/predictions/validation/pair_scores.parquet	28141	dataset, feature, index, or evaluation table artifact	experiments/cr_scizor/stage3a/method_v02r/predictions/validation/pair_scores.parquet.placeholder.md
experiments/cr_scizor/stage3a/method_v02r/predictions/ensemble/validation_ensemble.parquet	695013	dataset, feature, index, or evaluation table artifact	experiments/cr_scizor/stage3a/method_v02r/predictions/ensemble/validation_ensemble.parquet.placeholder.md
experiments/cr_scizor/stage3a/method_v02r/package/stage3_v02r_progress_lightweight.zip	99882	archive artifact	experiments/cr_scizor/stage3a/method_v02r/package/stage3_v02r_progress_lightweight.zip.placeholder.md
experiments/cr_scizor/stage3a/method_v02r/package/stage3_v02r_progress_lightweight_current.zip	175275	archive artifact	experiments/cr_scizor/stage3a/method_v02r/package/stage3_v02r_progress_lightweight_current.zip.placeholder.md
experiments/cr_scizor/stage3a/method_v02r/package/stage3_v02r_related_nonlarge_current.zip	233321	archive artifact	experiments/cr_scizor/stage3a/method_v02r/package/stage3_v02r_related_nonlarge_current.zip.placeholder.md
experiments/cr_scizor/stage3a/method_v02r/package/stage3_v02r_results_lightweight.zip	233321	archive artifact	experiments/cr_scizor/stage3a/method_v02r/package/stage3_v02r_results_lightweight.zip.placeholder.md
experiments/cr_scizor/stage3a/method_v02r_aggregation_repair/predictions/train/full_seed_2.parquet	418728	dataset, feature, index, or evaluation table artifact	experiments/cr_scizor/stage3a/method_v02r_aggregation_repair/predictions/train/full_seed_2.parquet.placeholder.md
experiments/cr_scizor/stage3a/method_v02r_aggregation_repair/predictions/train/full_seed_0.parquet	406057	dataset, feature, index, or evaluation table artifact	experiments/cr_scizor/stage3a/method_v02r_aggregation_repair/predictions/train/full_seed_0.parquet.placeholder.md
experiments/cr_scizor/stage3a/method_v02r_aggregation_repair/predictions/train/full_seed_1.parquet	410516	dataset, feature, index, or evaluation table artifact	experiments/cr_scizor/stage3a/method_v02r_aggregation_repair/predictions/train/full_seed_1.parquet.placeholder.md
experiments/cr_scizor/stage3a/method_v02r_aggregation_repair/predictions/train/action_only_seed_0.parquet	402785	dataset, feature, index, or evaluation table artifact	experiments/cr_scizor/stage3a/method_v02r_aggregation_repair/predictions/train/action_only_seed_0.parquet.placeholder.md
experiments/cr_scizor/stage3a/method_v02r_aggregation_repair/predictions/train/train_ensemble.parquet	1876573	dataset, feature, index, or evaluation table artifact	experiments/cr_scizor/stage3a/method_v02r_aggregation_repair/predictions/train/train_ensemble.parquet.placeholder.md
experiments/cr_scizor/stage3a/method_v02r_aggregation_repair/predictions/teacher_forced_complete/full_seed_0.parquet	9446	dataset, feature, index, or evaluation table artifact	experiments/cr_scizor/stage3a/method_v02r_aggregation_repair/predictions/teacher_forced_complete/full_seed_0.parquet.placeholder.md
experiments/cr_scizor/stage3a/method_v02r_aggregation_repair/predictions/teacher_forced_complete/action_only_seed_0.parquet	9503	dataset, feature, index, or evaluation table artifact	experiments/cr_scizor/stage3a/method_v02r_aggregation_repair/predictions/teacher_forced_complete/action_only_seed_0.parquet.placeholder.md
experiments/cr_scizor/stage3a/method_v02r_aggregation_repair/predictions/teacher_forced_complete/full_seed_2.parquet	9449	dataset, feature, index, or evaluation table artifact	experiments/cr_scizor/stage3a/method_v02r_aggregation_repair/predictions/teacher_forced_complete/full_seed_2.parquet.placeholder.md
experiments/cr_scizor/stage3a/method_v02r_aggregation_repair/predictions/teacher_forced_complete/full_seed_1.parquet	9452	dataset, feature, index, or evaluation table artifact	experiments/cr_scizor/stage3a/method_v02r_aggregation_repair/predictions/teacher_forced_complete/full_seed_1.parquet.placeholder.md
experiments/cr_scizor/stage3a/method_v02r_aggregation_repair/predictions/teacher_forced_complete/ensemble.parquet	53923	dataset, feature, index, or evaluation table artifact	experiments/cr_scizor/stage3a/method_v02r_aggregation_repair/predictions/teacher_forced_complete/ensemble.parquet.placeholder.md
experiments/cr_scizor/stage3a/method_v02r_aggregation_repair/background/train_transition_background.parquet	202490	dataset, feature, index, or evaluation table artifact	experiments/cr_scizor/stage3a/method_v02r_aggregation_repair/background/train_transition_background.parquet.placeholder.md
experiments/cr_scizor/stage3a/method_v02r_aggregation_repair/development/teacher_forced_complete_samples.parquet	36885	dataset, feature, index, or evaluation table artifact	experiments/cr_scizor/stage3a/method_v02r_aggregation_repair/development/teacher_forced_complete_samples.parquet.placeholder.md
experiments/cr_scizor/stage3a/method_v02r_aggregation_repair/development/replacement_scores_all_methods.parquet	757767	dataset, feature, index, or evaluation table artifact	experiments/cr_scizor/stage3a/method_v02r_aggregation_repair/development/replacement_scores_all_methods.parquet.placeholder.md
experiments/cr_scizor/stage3a/method_v02r_aggregation_repair/development/transition_scores_all_methods.parquet	166685	dataset, feature, index, or evaluation table artifact	experiments/cr_scizor/stage3a/method_v02r_aggregation_repair/development/transition_scores_all_methods.parquet.placeholder.md
experiments/cr_scizor/stage3a/method_v02r_aggregation_repair/development/pair_scores_all_methods.parquet	26313	dataset, feature, index, or evaluation table artifact	experiments/cr_scizor/stage3a/method_v02r_aggregation_repair/development/pair_scores_all_methods.parquet.placeholder.md
experiments/cr_scizor/stage3a/method_v02r_aggregation_repair/package/stage3f_r_results_lightweight.zip	55744	archive artifact	experiments/cr_scizor/stage3a/method_v02r_aggregation_repair/package/stage3f_r_results_lightweight.zip.placeholder.md
