canonical_group_id,canonical_payload_path,eligible_short_handoff,exclusion_reasons,initial_state_hash,l60_autonomous_completion,l60_episode_end_state_index,l60_episode_json,l60_first_raw_success_state,l60_genuine_handoff_success,l60_handoff_state_index,l60_system_success,l60_trajectory_path,l80_autonomous_completion,l80_episode_end_state_index,l80_episode_json,l80_first_raw_success_state,l80_genuine_handoff_success,l80_handoff_state_index,l80_system_success,l80_trajectory_path,none_system_success,protocol_hash,root_id,root_rollout_path,root_seed,task
square:hb4_source:800000,/home/__compress_data/xushijie/work/cr_scizor/experiments/handback/hb3p_stop_continue_formal_v1/roots/payloads/000.npz,False,NONE_SUCCESS;L60_NOT_GENUINE_HANDOFF,f2f54173e3885ff3e8327af9b0d7d8062c9fa12db8f4d57cb16cfadaf07f0818,False,400,/home/__compress_data/xushijie/work/cr_scizor/experiments/handback/hb3p_stop_continue_formal_v1/episodes/shard0/FIXED_L60/square__hb3p_stop_continue_formal__800000.json,,False,80,False,/home/__compress_data/xushijie/work/cr_scizor/experiments/handback/hb3p_stop_continue_formal_v1/episodes/shard0/FIXED_L60/square__hb3p_stop_continue_formal__800000.npz,False,400,/home/__compress_data/xushijie/work/cr_scizor/experiments/handback/hb3p_stop_continue_formal_v1/episodes/shard0/FIXED_L80/square__hb3p_stop_continue_formal__800000.json,,False,100,False,/home/__compress_data/xushijie/work/cr_scizor/experiments/handback/hb3p_stop_continue_formal_v1/episodes/shard0/FIXED_L80/square__hb3p_stop_continue_formal__800000.npz,True,040b679569eaab02f577c056fdc85f2049a19af3ad8351fc50d35c7afe46c3d3,square:hb3p_stop_continue_formal:800000,/home/__compress_data/xushijie/work/cr_scizor/experiments/handback/hb3p_stop_continue_formal_v1/roots/rollout_000.npz,800000,square
square:hb4_source:800001,/home/__compress_data/xushijie/work/cr_scizor/experiments/handback/hb3p_stop_continue_formal_v1/roots/payloads/001.npz,False,L60_NOT_GENUINE_HANDOFF,512b9ffd052ce2fc0e31d2f43976fa6098f81860ff9834d261c40370dd4097b8,False,400,/home/__compress_data/xushijie/work/cr_scizor/experiments/handback/hb3p_stop_continue_formal_v1/episodes/shard1/FIXED_L60/square__hb3p_stop_continue_formal__800001.json,,False,80,False,/home/__compress_data/xushijie/work/cr_scizor/experiments/handback/hb3p_stop_continue_formal_v1/episodes/shard1/FIXED_L60/square__hb3p_stop_continue_formal__800001.npz,False,400,/home/__compress_data/xushijie/work/cr_scizor/experiments/handback/hb3p_stop_continue_formal_v1/episodes/shard1/FIXED_L80/square__hb3p_stop_continue_formal__800001.json,,False,100,False,/home/__compress_data/xushijie/work/cr_scizor/experiments/handback/hb3p_stop_continue_formal_v1/episodes/shard1/FIXED_L80/square__hb3p_stop_continue_formal__800001.npz,False,040b679569eaab02f577c056fdc85f2049a19af3ad8351fc50d35c7afe46c3d3,square:hb3p_stop_continue_formal:800001,/home/__compress_data/xushijie/work/cr_scizor/experiments/handback/hb3p_stop_continue_formal_v1/roots/rollout_001.npz,800001,square
square:hb4_source:800002,/home/__compress_data/xushijie/work/cr_scizor/experiments/handback/hb3p_stop_continue_formal_v1/roots/payloads/002.npz,False,L60_NOT_GENUINE_HANDOFF,05062a03642a4ffa3067b65795d91d594a3f8b41bf8b77cb486dabc1a70844e0,False,400,/home/__compress_data/xushijie/work/cr_scizor/experiments/handback/hb3p_stop_continue_formal_v1/episodes/shard2/FIXED_L60/square__hb3p_stop_continue_formal__800002.json,,False,80,False,/home/__compress_data/xushijie/work/cr_scizor/experiments/handback/hb3p_stop_continue_formal_v1/episodes/shard2/FIXED_L60/square__hb3p_stop_continue_formal__800002.npz,False,400,/home/__compress_data/xushijie/work/cr_scizor/experiments/handback/hb3p_stop_continue_formal_v1/episodes/shard2/FIXED_L80/square__hb3p_stop_continue_formal__800002.json,,False,100,False,/home/__compress_data/xushijie/work/cr_scizor/experiments/handback/hb3p_stop_continue_formal_v1/episodes/shard2/FIXED_L80/square__hb3p_stop_continue_formal__800002.npz,False,040b679569eaab02f577c056fdc85f2049a19af3ad8351fc50d35c7afe46c3d3,square:hb3p_stop_continue_formal:800002,/home/__compress_data/xushijie/work/cr_scizor/experiments/handback/hb3p_stop_continue_formal_v1/roots/rollout_002.npz,800002,square
square:hb4_source:800003,/home/__compress_data/xushijie/work/cr_scizor/experiments/handback/hb3p_stop_continue_formal_v1/roots/payloads/003.npz,False,L60_NOT_GENUINE_HANDOFF,43fa22abf3f1779084c08a3cd7e59bf7db9b443169d6e33f1b2cdb08847df437,False,400,/home/__compress_data/xushijie/work/cr_scizor/experiments/handback/hb3p_stop_continue_formal_v1/episodes/shard3/FIXED_L60/square__hb3p_stop_continue_formal__800003.json,,False,80,False,/home/__compress_data/xushijie/work/cr_scizor/experiments/handback/hb3p_stop_continue_formal_v1/episodes/shard3/FIXED_L60/square__hb3p_stop_continue_formal__800003.npz,False,400,/home/__compress_data/xushijie/work/cr_scizor/experiments/handback/hb3p_stop_continue_formal_v1/episodes/shard3/FIXED_L80/square__hb3p_stop_continue_formal__800003.json,,False,100,False,/home/__compress_data/xushijie/work/cr_scizor/experiments/handback/hb3p_stop_continue_formal_v1/episodes/shard3/FIXED_L80/square__hb3p_stop_continue_formal__800003.npz,False,040b679569eaab02f577c056fdc85f2049a19af3ad8351fc50d35c7afe46c3d3,square:hb3p_stop_continue_formal:800003,/home/__compress_data/xushijie/work/cr_scizor/experiments/handback/hb3p_stop_continue_formal_v1/roots/rollout_003.npz,800003,square
square:hb4_source:800004,/home/__compress_data/xushijie/work/cr_scizor/experiments/handback/hb3p_stop_continue_formal_v1/roots/payloads/004.npz,False,L60_NOT_GENUINE_HANDOFF,c3310558d43c23e1aa4a30e0107e5e79b5932de3f0546cafac0e77d3b7913ddd,False,400,/home/__compress_data/xushijie/work/cr_scizor/experiments/handback/hb3p_stop_continue_formal_v1/episodes/shard4/FIXED_L60/square__hb3p_stop_continue_formal__800004.json,,False,80,False,/home/__compress_data/xushijie/work/cr_scizor/experiments/handback/hb3p_stop_continue_formal_v1/episodes/shard4/FIXED_L60/square__hb3p_stop_continue_formal__800004.npz,False,400,/home/__compress_data/xushijie/work/cr_scizor/experiments/handback/hb3p_stop_continue_formal_v1/episodes/shard4/FIXED_L80/square__hb3p_stop_continue_formal__800004.json,,False,100,False,/home/__compress_data/xushijie/work/cr_scizor/experiments/handback/hb3p_stop_continue_formal_v1/episodes/shard4/FIXED_L80/square__hb3p_stop_continue_formal__800004.npz,False,040b679569eaab02f577c056fdc85f2049a19af3ad8351fc50d35c7afe46c3d3,square:hb3p_stop_continue_formal:800004,/home/__compress_data/xushijie/work/cr_scizor/experiments/handback/hb3p_stop_continue_formal_v1/roots/rollout_004.npz,800004,square
square:hb4_source:800005,/home/__compress_data/xushijie/work/cr_scizor/experiments/handback/hb3p_stop_continue_formal_v1/roots/payloads/005.npz,False,L60_NOT_GENUINE_HANDOFF,db57adbc140b8ea3e4a11a64c10ef662a66ec92a861a5178ba381c39318e1e8d,False,400,/home/__compress_data/xushijie/work/cr_scizor/experiments/handback/hb3p_stop_continue_formal_v1/episodes/shard5/FIXED_L60/square__hb3p_stop_continue_formal__800005.json,,False,80,False,/home/__compress_data/xushijie/work/cr_scizor/experiments/handback/hb3p_stop_continue_formal_v1/episodes/shard5/FIXED_L60/square__hb3p_stop_continue_formal__800005.npz,False,400,/home/__compress_data/xushijie/work/cr_scizor/experiments/handback/hb3p_stop_continue_formal_v1/episodes/shard5/FIXED_L80/square__hb3p_stop_continue_formal__800005.json,,False,100,False,/home/__compress_data/xushijie/work/cr_scizor/experiments/handback/hb3p_stop_continue_formal_v1/episodes/shard5/FIXED_L80/square__hb3p_stop_continue_formal__800005.npz,False,040b679569eaab02f577c056fdc85f2049a19af3ad8351fc50d35c7afe46c3d3,square:hb3p_stop_continue_formal:800005,/home/__compress_data/xushijie/work/cr_scizor/experiments/handback/hb3p_stop_continue_formal_v1/roots/rollout_005.npz,800005,square
square:hb4_source:800006,/home/__compress_data/xushijie/work/cr_scizor/experiments/handback/hb3p_stop_continue_formal_v1/roots/payloads/006.npz,False,L60_NOT_GENUINE_HANDOFF,bd0b490c9374e43baf9b6069ab4c8d7b6d841d19d379ed1366761f5991d0df90,False,400,/home/__compress_data/xushijie/work/cr_scizor/experiments/handback/hb3p_stop_continue_formal_v1/episodes/shard6/FIXED_L60/square__hb3p_stop_continue_formal__800006.json,,False,80,False,/home/__compress_data/xushijie/work/cr_scizor/experiments/handback/hb3p_stop_continue_formal_v1/episodes/shard6/FIXED_L60/square__hb3p_stop_continue_formal__800006.npz,False,400,/home/__compress_data/xushijie/work/cr_scizor/experiments/handback/hb3p_stop_continue_formal_v1/episodes/shard6/FIXED_L80/square__hb3p_stop_continue_formal__800006.json,,False,100,False,/home/__compress_data/xushijie/work/cr_scizor/experiments/handback/hb3p_stop_continue_formal_v1/episodes/shard6/FIXED_L80/square__hb3p_stop_continue_formal__800006.npz,False,040b679569eaab02f577c056fdc85f2049a19af3ad8351fc50d35c7afe46c3d3,square:hb3p_stop_continue_formal:800006,/home/__compress_data/xushijie/work/cr_scizor/experiments/handback/hb3p_stop_continue_formal_v1/roots/rollout_006.npz,800006,square
square:hb4_source:800007,/home/__compress_data/xushijie/work/cr_scizor/experiments/handback/hb3p_stop_continue_formal_v1/roots/payloads/007.npz,False,NONE_SUCCESS,4be57b60715f39bdcb8e563e4a7139777db4223935069b7096a0fab930198ed4,True,133,/home/__compress_data/xushijie/work/cr_scizor/experiments/handback/hb3p_stop_continue_formal_v1/episodes/shard0/FIXED_L60/square__hb3p_stop_continue_formal__800007.json,129,True,80,True,/home/__compress_data/xushijie/work/cr_scizor/experiments/handback/hb3p_stop_continue_formal_v1/episodes/shard0/FIXED_L60/square__hb3p_stop_continue_formal__800007.npz,False,400,/home/__compress_data/xushijie/work/cr_scizor/experiments/handback/hb3p_stop_continue_formal_v1/episodes/shard0/FIXED_L80/square__hb3p_stop_continue_formal__800007.json,,False,100,False,/home/__compress_data/xushijie/work/cr_scizor/experiments/handback/hb3p_stop_continue_formal_v1/episodes/shard0/FIXED_L80/square__hb3p_stop_continue_formal__800007.npz,True,040b679569eaab02f577c056fdc85f2049a19af3ad8351fc50d35c7afe46c3d3,square:hb3p_stop_continue_formal:800007,/home/__compress_data/xushijie/work/cr_scizor/experiments/handback/hb3p_stop_continue_formal_v1/roots/rollout_007.npz,800007,square
square:hb4_source:800008,/home/__compress_data/xushijie/work/cr_scizor/experiments/handback/hb3p_stop_continue_formal_v1/roots/payloads/008.npz,False,L60_NOT_GENUINE_HANDOFF,b73ace6cce2980a96bdf851caec2c32a2202a516fec583f2dd9a95eab1af3e2e,False,400,/home/__compress_data/xushijie/work/cr_scizor/experiments/handback/hb3p_stop_continue_formal_v1/episodes/shard1/FIXED_L60/square__hb3p_stop_continue_formal__800008.json,,False,80,False,/home/__compress_data/xushijie/work/cr_scizor/experiments/handback/hb3p_stop_continue_formal_v1/episodes/shard1/FIXED_L60/square__hb3p_stop_continue_formal__800008.npz,False,400,/home/__compress_data/xushijie/work/cr_scizor/experiments/handback/hb3p_stop_continue_formal_v1/episodes/shard1/FIXED_L80/square__hb3p_stop_continue_formal__800008.json,,False,100,False,/home/__compress_data/xushijie/work/cr_scizor/experiments/handback/hb3p_stop_continue_formal_v1/episodes/shard1/FIXED_L80/square__hb3p_stop_continue_formal__800008.npz,False,040b679569eaab02f577c056fdc85f2049a19af3ad8351fc50d35c7afe46c3d3,square:hb3p_stop_continue_formal:800008,/home/__compress_data/xushijie/work/cr_scizor/experiments/handback/hb3p_stop_continue_formal_v1/roots/rollout_008.npz,800008,square
square:hb4_source:800009,/home/__compress_data/xushijie/work/cr_scizor/experiments/handback/hb3p_stop_continue_formal_v1/roots/payloads/009.npz,False,L60_NOT_GENUINE_HANDOFF,5446f66dd30516c5e6ab426343135e6a49a83ce6c1a6eee599dc77d3caafadaa,False,400,/home/__compress_data/xushijie/work/cr_scizor/experiments/handback/hb3p_stop_continue_formal_v1/episodes/shard2/FIXED_L60/square__hb3p_stop_continue_formal__800009.json,,False,80,False,/home/__compress_data/xushijie/work/cr_scizor/experiments/handback/hb3p_stop_continue_formal_v1/episodes/shard2/FIXED_L60/square__hb3p_stop_continue_formal__800009.npz,False,400,/home/__compress_data/xushijie/work/cr_scizor/experiments/handback/hb3p_stop_continue_formal_v1/episodes/shard2/FIXED_L80/square__hb3p_stop_continue_formal__800009.json,,False,100,False,/home/__compress_data/xushijie/work/cr_scizor/experiments/handback/hb3p_stop_continue_formal_v1/episodes/shard2/FIXED_L80/square__hb3p_stop_continue_formal__800009.npz,False,040b679569eaab02f577c056fdc85f2049a19af3ad8351fc50d35c7afe46c3d3,square:hb3p_stop_continue_formal:800009,/home/__compress_data/xushijie/work/cr_scizor/experiments/handback/hb3p_stop_continue_formal_v1/roots/rollout_009.npz,800009,square
square:hb4_source:800010,/home/__compress_data/xushijie/work/cr_scizor/experiments/handback/hb3p_stop_continue_formal_v1/roots/payloads/010.npz,False,L60_NOT_GENUINE_HANDOFF,ec79c661da1e664dbfbcc993a9d7a46e9bf16273c6de2fe872664a89d180d1ca,False,400,/home/__compress_data/xushijie/work/cr_scizor/experiments/handback/hb3p_stop_continue_formal_v1/episodes/shard3/FIXED_L60/square__hb3p_stop_continue_formal__800010.json,,False,80,False,/home/__compress_data/xushijie/work/cr_scizor/experiments/handback/hb3p_stop_continue_formal_v1/episodes/shard3/FIXED_L60/square__hb3p_stop_continue_formal__800010.npz,False,400,/home/__compress_data/xushijie/work/cr_scizor/experiments/handback/hb3p_stop_continue_formal_v1/episodes/shard3/FIXED_L80/square__hb3p_stop_continue_formal__800010.json,,False,100,False,/home/__compress_data/xushijie/work/cr_scizor/experiments/handback/hb3p_stop_continue_formal_v1/episodes/shard3/FIXED_L80/square__hb3p_stop_continue_formal__800010.npz,False,040b679569eaab02f577c056fdc85f2049a19af3ad8351fc50d35c7afe46c3d3,square:hb3p_stop_continue_formal:800010,/home/__compress_data/xushijie/work/cr_scizor/experiments/handback/hb3p_stop_continue_formal_v1/roots/rollout_010.npz,800010,square
square:hb4_source:800011,/home/__compress_data/xushijie/work/cr_scizor/experiments/handback/hb3p_stop_continue_formal_v1/roots/payloads/011.npz,False,L60_NOT_GENUINE_HANDOFF,5ff22b046c57230ca6de66c1e3f0a93080de919e43682d6643bd3c9b9678edc6,False,400,/home/__compress_data/xushijie/work/cr_scizor/experiments/handback/hb3p_stop_continue_formal_v1/episodes/shard4/FIXED_L60/square__hb3p_stop_continue_formal__800011.json,,False,80,False,/home/__compress_data/xushijie/work/cr_scizor/experiments/handback/hb3p_stop_continue_formal_v1/episodes/shard4/FIXED_L60/square__hb3p_stop_continue_formal__800011.npz,False,400,/home/__compress_data/xushijie/work/cr_scizor/experiments/handback/hb3p_stop_continue_formal_v1/episodes/shard4/FIXED_L80/square__hb3p_stop_continue_formal__800011.json,,False,100,False,/home/__compress_data/xushijie/work/cr_scizor/experiments/handback/hb3p_stop_continue_formal_v1/episodes/shard4/FIXED_L80/square__hb3p_stop_continue_formal__800011.npz,False,040b679569eaab02f577c056fdc85f2049a19af3ad8351fc50d35c7afe46c3d3,square:hb3p_stop_continue_formal:800011,/home/__compress_data/xushijie/work/cr_scizor/experiments/handback/hb3p_stop_continue_formal_v1/roots/rollout_011.npz,800011,square
square:hb4_source:800012,/home/__compress_data/xushijie/work/cr_scizor/experiments/handback/hb3p_stop_continue_formal_v1/roots/payloads/012.npz,True,,9eef4e8fe365da07738916068106ccd545150acd527805e3e9d3a1878c31f5d4,True,178,/home/__compress_data/xushijie/work/cr_scizor/experiments/handback/hb3p_stop_continue_formal_v1/episodes/shard5/FIXED_L60/square__hb3p_stop_continue_formal__800012.json,174,True,80,True,/home/__compress_data/xushijie/work/cr_scizor/experiments/handback/hb3p_stop_continue_formal_v1/episodes/shard5/FIXED_L60/square__hb3p_stop_continue_formal__800012.npz,True,178,/home/__compress_data/xushijie/work/cr_scizor/experiments/handback/hb3p_stop_continue_formal_v1/episodes/shard5/FIXED_L80/square__hb3p_stop_continue_formal__800012.json,174,True,100,True,/home/__compress_data/xushijie/work/cr_scizor/experiments/handback/hb3p_stop_continue_formal_v1/episodes/shard5/FIXED_L80/square__hb3p_stop_continue_formal__800012.npz,False,040b679569eaab02f577c056fdc85f2049a19af3ad8351fc50d35c7afe46c3d3,square:hb3p_stop_continue_formal:800012,/home/__compress_data/xushijie/work/cr_scizor/experiments/handback/hb3p_stop_continue_formal_v1/roots/rollout_012.npz,800012,square
square:hb4_source:800013,/home/__compress_data/xushijie/work/cr_scizor/experiments/handback/hb3p_stop_continue_formal_v1/roots/payloads/013.npz,False,L60_NOT_GENUINE_HANDOFF,0048808c03ef3fff2e7c4f24747c9b5ecec94340cb59bed87e3be349d2bae44e,False,400,/home/__compress_data/xushijie/work/cr_scizor/experiments/handback/hb3p_stop_continue_formal_v1/episodes/shard6/FIXED_L60/square__hb3p_stop_continue_formal__800013.json,,False,80,False,/home/__compress_data/xushijie/work/cr_scizor/experiments/handback/hb3p_stop_continue_formal_v1/episodes/shard6/FIXED_L60/square__hb3p_stop_continue_formal__800013.npz,True,132,/home/__compress_data/xushijie/work/cr_scizor/experiments/handback/hb3p_stop_continue_formal_v1/episodes/shard6/FIXED_L80/square__hb3p_stop_continue_formal__800013.json,128,True,100,True,/home/__compress_data/xushijie/work/cr_scizor/experiments/handback/hb3p_stop_continue_formal_v1/episodes/shard6/FIXED_L80/square__hb3p_stop_continue_formal__800013.npz,False,040b679569eaab02f577c056fdc85f2049a19af3ad8351fc50d35c7afe46c3d3,square:hb3p_stop_continue_formal:800013,/home/__compress_data/xushijie/work/cr_scizor/experiments/handback/hb3p_stop_continue_formal_v1/roots/rollout_013.npz,800013,square
square:hb4_source:800014,/home/__compress_data/xushijie/work/cr_scizor/experiments/handback/hb3p_stop_continue_formal_v1/roots/payloads/014.npz,False,L60_NOT_GENUINE_HANDOFF,8d70cbf21d5477bf0e641cb73a795b0be7ebf9623b9b2aeb9489fa4bf394f6b8,False,400,/home/__compress_data/xushijie/work/cr_scizor/experiments/handback/hb3p_stop_continue_formal_v1/episodes/shard0/FIXED_L60/square__hb3p_stop_continue_formal__800014.json,,False,80,False,/home/__compress_data/xushijie/work/cr_scizor/experiments/handback/hb3p_stop_continue_formal_v1/episodes/shard0/FIXED_L60/square__hb3p_stop_continue_formal__800014.npz,False,400,/home/__compress_data/xushijie/work/cr_scizor/experiments/handback/hb3p_stop_continue_formal_v1/episodes/shard0/FIXED_L80/square__hb3p_stop_continue_formal__800014.json,,False,100,False,/home/__compress_data/xushijie/work/cr_scizor/experiments/handback/hb3p_stop_continue_formal_v1/episodes/shard0/FIXED_L80/square__hb3p_stop_continue_formal__800014.npz,False,040b679569eaab02f577c056fdc85f2049a19af3ad8351fc50d35c7afe46c3d3,square:hb3p_stop_continue_formal:800014,/home/__compress_data/xushijie/work/cr_scizor/experiments/handback/hb3p_stop_continue_formal_v1/roots/rollout_014.npz,800014,square
square:hb4_source:800015,/home/__compress_data/xushijie/work/cr_scizor/experiments/handback/hb3p_stop_continue_formal_v1/roots/payloads/015.npz,False,L60_NOT_GENUINE_HANDOFF,0877b51666a0124d03a6a6d3ec2888d3b2937fe12585ce7f156ed240d258978a,False,400,/home/__compress_data/xushijie/work/cr_scizor/experiments/handback/hb3p_stop_continue_formal_v1/episodes/shard1/FIXED_L60/square__hb3p_stop_continue_formal__800015.json,,False,80,False,/home/__compress_data/xushijie/work/cr_scizor/experiments/handback/hb3p_stop_continue_formal_v1/episodes/shard1/FIXED_L60/square__hb3p_stop_continue_formal__800015.npz,False,400,/home/__compress_data/xushijie/work/cr_scizor/experiments/handback/hb3p_stop_continue_formal_v1/episodes/shard1/FIXED_L80/square__hb3p_stop_continue_formal__800015.json,,False,100,False,/home/__compress_data/xushijie/work/cr_scizor/experiments/handback/hb3p_stop_continue_formal_v1/episodes/shard1/FIXED_L80/square__hb3p_stop_continue_formal__800015.npz,False,040b679569eaab02f577c056fdc85f2049a19af3ad8351fc50d35c7afe46c3d3,square:hb3p_stop_continue_formal:800015,/home/__compress_data/xushijie/work/cr_scizor/experiments/handback/hb3p_stop_continue_formal_v1/roots/rollout_015.npz,800015,square
square:hb4_source:800016,/home/__compress_data/xushijie/work/cr_scizor/experiments/handback/hb3p_stop_continue_formal_v1/roots/payloads/016.npz,False,L60_NOT_GENUINE_HANDOFF,a375d38696ee9a5763c7630445a54af67449a36b2a5b2a1dcee4fa2b7b99d805,False,400,/home/__compress_data/xushijie/work/cr_scizor/experiments/handback/hb3p_stop_continue_formal_v1/episodes/shard2/FIXED_L60/square__hb3p_stop_continue_formal__800016.json,,False,80,False,/home/__compress_data/xushijie/work/cr_scizor/experiments/handback/hb3p_stop_continue_formal_v1/episodes/shard2/FIXED_L60/square__hb3p_stop_continue_formal__800016.npz,True,174,/home/__compress_data/xushijie/work/cr_scizor/experiments/handback/hb3p_stop_continue_formal_v1/episodes/shard2/FIXED_L80/square__hb3p_stop_continue_formal__800016.json,170,True,100,True,/home/__compress_data/xushijie/work/cr_scizor/experiments/handback/hb3p_stop_continue_formal_v1/episodes/shard2/FIXED_L80/square__hb3p_stop_continue_formal__800016.npz,False,040b679569eaab02f577c056fdc85f2049a19af3ad8351fc50d35c7afe46c3d3,square:hb3p_stop_continue_formal:800016,/home/__compress_data/xushijie/work/cr_scizor/experiments/handback/hb3p_stop_continue_formal_v1/roots/rollout_016.npz,800016,square
square:hb4_source:800017,/home/__compress_data/xushijie/work/cr_scizor/experiments/handback/hb3p_stop_continue_formal_v1/roots/payloads/017.npz,False,NONE_SUCCESS,7ce18d5e2e8357eab3be56b249a188ecfc0b43e15926bb63fdb5a10fe9e7e6eb,True,110,/home/__compress_data/xushijie/work/cr_scizor/experiments/handback/hb3p_stop_continue_formal_v1/episodes/shard3/FIXED_L60/square__hb3p_stop_continue_formal__800017.json,106,True,80,True,/home/__compress_data/xushijie/work/cr_scizor/experiments/handback/hb3p_stop_continue_formal_v1/episodes/shard3/FIXED_L60/square__hb3p_stop_continue_formal__800017.npz,True,347,/home/__compress_data/xushijie/work/cr_scizor/experiments/handback/hb3p_stop_continue_formal_v1/episodes/shard3/FIXED_L80/square__hb3p_stop_continue_formal__800017.json,343,True,100,True,/home/__compress_data/xushijie/work/cr_scizor/experiments/handback/hb3p_stop_continue_formal_v1/episodes/shard3/FIXED_L80/square__hb3p_stop_continue_formal__800017.npz,True,040b679569eaab02f577c056fdc85f2049a19af3ad8351fc50d35c7afe46c3d3,square:hb3p_stop_continue_formal:800017,/home/__compress_data/xushijie/work/cr_scizor/experiments/handback/hb3p_stop_continue_formal_v1/roots/rollout_017.npz,800017,square
square:hb4_source:800018,/home/__compress_data/xushijie/work/cr_scizor/experiments/handback/hb3p_stop_continue_formal_v1/roots/payloads/018.npz,True,,ef6a5f32c48f3a3f5f4a703b123bf50db06e14545aaf82b2f91e81b4c2736126,True,132,/home/__compress_data/xushijie/work/cr_scizor/experiments/handback/hb3p_stop_continue_formal_v1/episodes/shard4/FIXED_L60/square__hb3p_stop_continue_formal__800018.json,128,True,80,True,/home/__compress_data/xushijie/work/cr_scizor/experiments/handback/hb3p_stop_continue_formal_v1/episodes/shard4/FIXED_L60/square__hb3p_stop_continue_formal__800018.npz,True,182,/home/__compress_data/xushijie/work/cr_scizor/experiments/handback/hb3p_stop_continue_formal_v1/episodes/shard4/FIXED_L80/square__hb3p_stop_continue_formal__800018.json,178,True,100,True,/home/__compress_data/xushijie/work/cr_scizor/experiments/handback/hb3p_stop_continue_formal_v1/episodes/shard4/FIXED_L80/square__hb3p_stop_continue_formal__800018.npz,False,040b679569eaab02f577c056fdc85f2049a19af3ad8351fc50d35c7afe46c3d3,square:hb3p_stop_continue_formal:800018,/home/__compress_data/xushijie/work/cr_scizor/experiments/handback/hb3p_stop_continue_formal_v1/roots/rollout_018.npz,800018,square
square:hb4_source:800019,/home/__compress_data/xushijie/work/cr_scizor/experiments/handback/hb3p_stop_continue_formal_v1/roots/payloads/019.npz,False,L60_NOT_GENUINE_HANDOFF,a6f32dd49e6b7d2c56322d4c469b23103d387f50a52820f2832e09d6bdc35b8a,False,400,/home/__compress_data/xushijie/work/cr_scizor/experiments/handback/hb3p_stop_continue_formal_v1/episodes/shard5/FIXED_L60/square__hb3p_stop_continue_formal__800019.json,,False,80,False,/home/__compress_data/xushijie/work/cr_scizor/experiments/handback/hb3p_stop_continue_formal_v1/episodes/shard5/FIXED_L60/square__hb3p_stop_continue_formal__800019.npz,False,400,/home/__compress_data/xushijie/work/cr_scizor/experiments/handback/hb3p_stop_continue_formal_v1/episodes/shard5/FIXED_L80/square__hb3p_stop_continue_formal__800019.json,,False,100,False,/home/__compress_data/xushijie/work/cr_scizor/experiments/handback/hb3p_stop_continue_formal_v1/episodes/shard5/FIXED_L80/square__hb3p_stop_continue_formal__800019.npz,False,040b679569eaab02f577c056fdc85f2049a19af3ad8351fc50d35c7afe46c3d3,square:hb3p_stop_continue_formal:800019,/home/__compress_data/xushijie/work/cr_scizor/experiments/handback/hb3p_stop_continue_formal_v1/roots/rollout_019.npz,800019,square
square:hb4_source:800020,/home/__compress_data/xushijie/work/cr_scizor/experiments/handback/hb3p_stop_continue_formal_v1/roots/payloads/020.npz,False,L60_NOT_GENUINE_HANDOFF,c46b6b119615baf47428bdc8005cb9086ec35195c9beeae44d5f74c7e974f1d4,False,400,/home/__compress_data/xushijie/work/cr_scizor/experiments/handback/hb3p_stop_continue_formal_v1/episodes/shard6/FIXED_L60/square__hb3p_stop_continue_formal__800020.json,,False,80,False,/home/__compress_data/xushijie/work/cr_scizor/experiments/handback/hb3p_stop_continue_formal_v1/episodes/shard6/FIXED_L60/square__hb3p_stop_continue_formal__800020.npz,False,400,/home/__compress_data/xushijie/work/cr_scizor/experiments/handback/hb3p_stop_continue_formal_v1/episodes/shard6/FIXED_L80/square__hb3p_stop_continue_formal__800020.json,,False,100,False,/home/__compress_data/xushijie/work/cr_scizor/experiments/handback/hb3p_stop_continue_formal_v1/episodes/shard6/FIXED_L80/square__hb3p_stop_continue_formal__800020.npz,False,040b679569eaab02f577c056fdc85f2049a19af3ad8351fc50d35c7afe46c3d3,square:hb3p_stop_continue_formal:800020,/home/__compress_data/xushijie/work/cr_scizor/experiments/handback/hb3p_stop_continue_formal_v1/roots/rollout_020.npz,800020,square
square:hb4_source:800021,/home/__compress_data/xushijie/work/cr_scizor/experiments/handback/hb3p_stop_continue_formal_v1/roots/payloads/021.npz,False,L60_NOT_GENUINE_HANDOFF,a7ccf80db57951c8f2c505f683dcc8f18d7583e73386102c623d1946413e1575,False,400,/home/__compress_data/xushijie/work/cr_scizor/experiments/handback/hb3p_stop_continue_formal_v1/episodes/shard0/FIXED_L60/square__hb3p_stop_continue_formal__800021.json,,False,80,False,/home/__compress_data/xushijie/work/cr_scizor/experiments/handback/hb3p_stop_continue_formal_v1/episodes/shard0/FIXED_L60/square__hb3p_stop_continue_formal__800021.npz,False,400,/home/__compress_data/xushijie/work/cr_scizor/experiments/handback/hb3p_stop_continue_formal_v1/episodes/shard0/FIXED_L80/square__hb3p_stop_continue_formal__800021.json,,False,100,False,/home/__compress_data/xushijie/work/cr_scizor/experiments/handback/hb3p_stop_continue_formal_v1/episodes/shard0/FIXED_L80/square__hb3p_stop_continue_formal__800021.npz,False,040b679569eaab02f577c056fdc85f2049a19af3ad8351fc50d35c7afe46c3d3,square:hb3p_stop_continue_formal:800021,/home/__compress_data/xushijie/work/cr_scizor/experiments/handback/hb3p_stop_continue_formal_v1/roots/rollout_021.npz,800021,square
square:hb4_source:800022,/home/__compress_data/xushijie/work/cr_scizor/experiments/handback/hb3p_stop_continue_formal_v1/roots/payloads/022.npz,True,,456760b1e97acc06c8cd4f58cb3d5d971020ad59bef345dcc56e0ccbbc7dbbf5,True,228,/home/__compress_data/xushijie/work/cr_scizor/experiments/handback/hb3p_stop_continue_formal_v1/episodes/shard1/FIXED_L60/square__hb3p_stop_continue_formal__800022.json,224,True,80,True,/home/__compress_data/xushijie/work/cr_scizor/experiments/handback/hb3p_stop_continue_formal_v1/episodes/shard1/FIXED_L60/square__hb3p_stop_continue_formal__800022.npz,True,166,/home/__compress_data/xushijie/work/cr_scizor/experiments/handback/hb3p_stop_continue_formal_v1/episodes/shard1/FIXED_L80/square__hb3p_stop_continue_formal__800022.json,162,True,100,True,/home/__compress_data/xushijie/work/cr_scizor/experiments/handback/hb3p_stop_continue_formal_v1/episodes/shard1/FIXED_L80/square__hb3p_stop_continue_formal__800022.npz,False,040b679569eaab02f577c056fdc85f2049a19af3ad8351fc50d35c7afe46c3d3,square:hb3p_stop_continue_formal:800022,/home/__compress_data/xushijie/work/cr_scizor/experiments/handback/hb3p_stop_continue_formal_v1/roots/rollout_022.npz,800022,square
square:hb4_source:800023,/home/__compress_data/xushijie/work/cr_scizor/experiments/handback/hb3p_stop_continue_formal_v1/roots/payloads/023.npz,False,L60_NOT_GENUINE_HANDOFF,d7ecd9f5563305018a5ba7ea8a8a90fc3f47e0224a64d949f98f333ac275ec74,False,400,/home/__compress_data/xushijie/work/cr_scizor/experiments/handback/hb3p_stop_continue_formal_v1/episodes/shard2/FIXED_L60/square__hb3p_stop_continue_formal__800023.json,,False,80,False,/home/__compress_data/xushijie/work/cr_scizor/experiments/handback/hb3p_stop_continue_formal_v1/episodes/shard2/FIXED_L60/square__hb3p_stop_continue_formal__800023.npz,False,400,/home/__compress_data/xushijie/work/cr_scizor/experiments/handback/hb3p_stop_continue_formal_v1/episodes/shard2/FIXED_L80/square__hb3p_stop_continue_formal__800023.json,,False,100,False,/home/__compress_data/xushijie/work/cr_scizor/experiments/handback/hb3p_stop_continue_formal_v1/episodes/shard2/FIXED_L80/square__hb3p_stop_continue_formal__800023.npz,False,040b679569eaab02f577c056fdc85f2049a19af3ad8351fc50d35c7afe46c3d3,square:hb3p_stop_continue_formal:800023,/home/__compress_data/xushijie/work/cr_scizor/experiments/handback/hb3p_stop_continue_formal_v1/roots/rollout_023.npz,800023,square
square:hb4_source:800024,/home/__compress_data/xushijie/work/cr_scizor/experiments/handback/hb3p_stop_continue_formal_v1/roots/payloads/024.npz,True,,b2b9572046755873ab8508efa8ff203b809cf4ecd0587f4e99b424a9e0f07dae,True,137,/home/__compress_data/xushijie/work/cr_scizor/experiments/handback/hb3p_stop_continue_formal_v1/episodes/shard3/FIXED_L60/square__hb3p_stop_continue_formal__800024.json,133,True,80,True,/home/__compress_data/xushijie/work/cr_scizor/experiments/handback/hb3p_stop_continue_formal_v1/episodes/shard3/FIXED_L60/square__hb3p_stop_continue_formal__800024.npz,True,142,/home/__compress_data/xushijie/work/cr_scizor/experiments/handback/hb3p_stop_continue_formal_v1/episodes/shard3/FIXED_L80/square__hb3p_stop_continue_formal__800024.json,138,True,100,True,/home/__compress_data/xushijie/work/cr_scizor/experiments/handback/hb3p_stop_continue_formal_v1/episodes/shard3/FIXED_L80/square__hb3p_stop_continue_formal__800024.npz,False,040b679569eaab02f577c056fdc85f2049a19af3ad8351fc50d35c7afe46c3d3,square:hb3p_stop_continue_formal:800024,/home/__compress_data/xushijie/work/cr_scizor/experiments/handback/hb3p_stop_continue_formal_v1/roots/rollout_024.npz,800024,square
square:hb4_source:800025,/home/__compress_data/xushijie/work/cr_scizor/experiments/handback/hb3p_stop_continue_formal_v1/roots/payloads/025.npz,True,,f662afce526b44b7eb7878a7ec030759259965343c9cc3272627dbfbe1e040e7,True,195,/home/__compress_data/xushijie/work/cr_scizor/experiments/handback/hb3p_stop_continue_formal_v1/episodes/shard4/FIXED_L60/square__hb3p_stop_continue_formal__800025.json,191,True,80,True,/home/__compress_data/xushijie/work/cr_scizor/experiments/handback/hb3p_stop_continue_formal_v1/episodes/shard4/FIXED_L60/square__hb3p_stop_continue_formal__800025.npz,False,400,/home/__compress_data/xushijie/work/cr_scizor/experiments/handback/hb3p_stop_continue_formal_v1/episodes/shard4/FIXED_L80/square__hb3p_stop_continue_formal__800025.json,,False,100,False,/home/__compress_data/xushijie/work/cr_scizor/experiments/handback/hb3p_stop_continue_formal_v1/episodes/shard4/FIXED_L80/square__hb3p_stop_continue_formal__800025.npz,False,040b679569eaab02f577c056fdc85f2049a19af3ad8351fc50d35c7afe46c3d3,square:hb3p_stop_continue_formal:800025,/home/__compress_data/xushijie/work/cr_scizor/experiments/handback/hb3p_stop_continue_formal_v1/roots/rollout_025.npz,800025,square
square:hb4_source:800026,/home/__compress_data/xushijie/work/cr_scizor/experiments/handback/hb3p_stop_continue_formal_v1/roots/payloads/026.npz,False,L60_NOT_GENUINE_HANDOFF,c89717994d044fc3f66ad583fe93b05d03e3a734d14aa86446718cfba2c0ba6c,False,400,/home/__compress_data/xushijie/work/cr_scizor/experiments/handback/hb3p_stop_continue_formal_v1/episodes/shard5/FIXED_L60/square__hb3p_stop_continue_formal__800026.json,,False,80,False,/home/__compress_data/xushijie/work/cr_scizor/experiments/handback/hb3p_stop_continue_formal_v1/episodes/shard5/FIXED_L60/square__hb3p_stop_continue_formal__800026.npz,False,400,/home/__compress_data/xushijie/work/cr_scizor/experiments/handback/hb3p_stop_continue_formal_v1/episodes/shard5/FIXED_L80/square__hb3p_stop_continue_formal__800026.json,,False,100,False,/home/__compress_data/xushijie/work/cr_scizor/experiments/handback/hb3p_stop_continue_formal_v1/episodes/shard5/FIXED_L80/square__hb3p_stop_continue_formal__800026.npz,False,040b679569eaab02f577c056fdc85f2049a19af3ad8351fc50d35c7afe46c3d3,square:hb3p_stop_continue_formal:800026,/home/__compress_data/xushijie/work/cr_scizor/experiments/handback/hb3p_stop_continue_formal_v1/roots/rollout_026.npz,800026,square
square:hb4_source:800027,/home/__compress_data/xushijie/work/cr_scizor/experiments/handback/hb3p_stop_continue_formal_v1/roots/payloads/027.npz,False,L60_NOT_GENUINE_HANDOFF,3be3e228400b4398b34b418cf4151c65a41dc6c5a369d5ce9a0855813ea00a6d,False,400,/home/__compress_data/xushijie/work/cr_scizor/experiments/handback/hb3p_stop_continue_formal_v1/episodes/shard6/FIXED_L60/square__hb3p_stop_continue_formal__800027.json,,False,80,False,/home/__compress_data/xushijie/work/cr_scizor/experiments/handback/hb3p_stop_continue_formal_v1/episodes/shard6/FIXED_L60/square__hb3p_stop_continue_formal__800027.npz,False,400,/home/__compress_data/xushijie/work/cr_scizor/experiments/handback/hb3p_stop_continue_formal_v1/episodes/shard6/FIXED_L80/square__hb3p_stop_continue_formal__800027.json,,False,100,False,/home/__compress_data/xushijie/work/cr_scizor/experiments/handback/hb3p_stop_continue_formal_v1/episodes/shard6/FIXED_L80/square__hb3p_stop_continue_formal__800027.npz,False,040b679569eaab02f577c056fdc85f2049a19af3ad8351fc50d35c7afe46c3d3,square:hb3p_stop_continue_formal:800027,/home/__compress_data/xushijie/work/cr_scizor/experiments/handback/hb3p_stop_continue_formal_v1/roots/rollout_027.npz,800027,square
square:hb4_source:800028,/home/__compress_data/xushijie/work/cr_scizor/experiments/handback/hb3p_stop_continue_formal_v1/roots/payloads/028.npz,False,L60_NOT_GENUINE_HANDOFF,9dc4c9799fc5c2a9967da8f90ded9be1ce4deb58e0b62600de5d326f3e89c97a,False,400,/home/__compress_data/xushijie/work/cr_scizor/experiments/handback/hb3p_stop_continue_formal_v1/episodes/shard0/FIXED_L60/square__hb3p_stop_continue_formal__800028.json,,False,80,False,/home/__compress_data/xushijie/work/cr_scizor/experiments/handback/hb3p_stop_continue_formal_v1/episodes/shard0/FIXED_L60/square__hb3p_stop_continue_formal__800028.npz,False,400,/home/__compress_data/xushijie/work/cr_scizor/experiments/handback/hb3p_stop_continue_formal_v1/episodes/shard0/FIXED_L80/square__hb3p_stop_continue_formal__800028.json,,False,100,False,/home/__compress_data/xushijie/work/cr_scizor/experiments/handback/hb3p_stop_continue_formal_v1/episodes/shard0/FIXED_L80/square__hb3p_stop_continue_formal__800028.npz,False,040b679569eaab02f577c056fdc85f2049a19af3ad8351fc50d35c7afe46c3d3,square:hb3p_stop_continue_formal:800028,/home/__compress_data/xushijie/work/cr_scizor/experiments/handback/hb3p_stop_continue_formal_v1/roots/rollout_028.npz,800028,square
square:hb4_source:800029,/home/__compress_data/xushijie/work/cr_scizor/experiments/handback/hb3p_stop_continue_formal_v1/roots/payloads/029.npz,False,L60_NOT_GENUINE_HANDOFF,2137136801117d318b917b46ec1afe87371fe02696e759b74e4e94cc7dc1a9d6,False,400,/home/__compress_data/xushijie/work/cr_scizor/experiments/handback/hb3p_stop_continue_formal_v1/episodes/shard1/FIXED_L60/square__hb3p_stop_continue_formal__800029.json,,False,80,False,/home/__compress_data/xushijie/work/cr_scizor/experiments/handback/hb3p_stop_continue_formal_v1/episodes/shard1/FIXED_L60/square__hb3p_stop_continue_formal__800029.npz,False,400,/home/__compress_data/xushijie/work/cr_scizor/experiments/handback/hb3p_stop_continue_formal_v1/episodes/shard1/FIXED_L80/square__hb3p_stop_continue_formal__800029.json,,False,100,False,/home/__compress_data/xushijie/work/cr_scizor/experiments/handback/hb3p_stop_continue_formal_v1/episodes/shard1/FIXED_L80/square__hb3p_stop_continue_formal__800029.npz,False,040b679569eaab02f577c056fdc85f2049a19af3ad8351fc50d35c7afe46c3d3,square:hb3p_stop_continue_formal:800029,/home/__compress_data/xushijie/work/cr_scizor/experiments/handback/hb3p_stop_continue_formal_v1/roots/rollout_029.npz,800029,square
square:hb4_source:800030,/home/__compress_data/xushijie/work/cr_scizor/experiments/handback/hb3p_stop_continue_formal_v1/roots/payloads/030.npz,False,L60_NOT_GENUINE_HANDOFF,7fa2e9345d4214a8bd6f0f9fe2b8b4ced54dce33a18874ed66a1050bdf5fb84a,False,400,/home/__compress_data/xushijie/work/cr_scizor/experiments/handback/hb3p_stop_continue_formal_v1/episodes/shard2/FIXED_L60/square__hb3p_stop_continue_formal__800030.json,,False,80,False,/home/__compress_data/xushijie/work/cr_scizor/experiments/handback/hb3p_stop_continue_formal_v1/episodes/shard2/FIXED_L60/square__hb3p_stop_continue_formal__800030.npz,False,400,/home/__compress_data/xushijie/work/cr_scizor/experiments/handback/hb3p_stop_continue_formal_v1/episodes/shard2/FIXED_L80/square__hb3p_stop_continue_formal__800030.json,,False,100,False,/home/__compress_data/xushijie/work/cr_scizor/experiments/handback/hb3p_stop_continue_formal_v1/episodes/shard2/FIXED_L80/square__hb3p_stop_continue_formal__800030.npz,False,040b679569eaab02f577c056fdc85f2049a19af3ad8351fc50d35c7afe46c3d3,square:hb3p_stop_continue_formal:800030,/home/__compress_data/xushijie/work/cr_scizor/experiments/handback/hb3p_stop_continue_formal_v1/roots/rollout_030.npz,800030,square
square:hb4_source:800031,/home/__compress_data/xushijie/work/cr_scizor/experiments/handback/hb3p_stop_continue_formal_v1/roots/payloads/031.npz,False,NONE_SUCCESS;L60_NOT_GENUINE_HANDOFF,90c447e20c7f430f5a3401e290de672945b972163d524edd0afe39ae1bfdd1a3,False,400,/home/__compress_data/xushijie/work/cr_scizor/experiments/handback/hb3p_stop_continue_formal_v1/episodes/shard3/FIXED_L60/square__hb3p_stop_continue_formal__800031.json,,False,80,False,/home/__compress_data/xushijie/work/cr_scizor/experiments/handback/hb3p_stop_continue_formal_v1/episodes/shard3/FIXED_L60/square__hb3p_stop_continue_formal__800031.npz,False,400,/home/__compress_data/xushijie/work/cr_scizor/experiments/handback/hb3p_stop_continue_formal_v1/episodes/shard3/FIXED_L80/square__hb3p_stop_continue_formal__800031.json,,False,100,False,/home/__compress_data/xushijie/work/cr_scizor/experiments/handback/hb3p_stop_continue_formal_v1/episodes/shard3/FIXED_L80/square__hb3p_stop_continue_formal__800031.npz,True,040b679569eaab02f577c056fdc85f2049a19af3ad8351fc50d35c7afe46c3d3,square:hb3p_stop_continue_formal:800031,/home/__compress_data/xushijie/work/cr_scizor/experiments/handback/hb3p_stop_continue_formal_v1/roots/rollout_031.npz,800031,square
square:hb4_source:800032,/home/__compress_data/xushijie/work/cr_scizor/experiments/handback/hb3p_stop_continue_formal_v1/roots/payloads/032.npz,False,L60_NOT_GENUINE_HANDOFF,029f2d488ae1441258d2eae25105eb562c20d8b285af0cfbf0a00033a5fe9afe,False,400,/home/__compress_data/xushijie/work/cr_scizor/experiments/handback/hb3p_stop_continue_formal_v1/episodes/shard4/FIXED_L60/square__hb3p_stop_continue_formal__800032.json,,False,80,False,/home/__compress_data/xushijie/work/cr_scizor/experiments/handback/hb3p_stop_continue_formal_v1/episodes/shard4/FIXED_L60/square__hb3p_stop_continue_formal__800032.npz,False,400,/home/__compress_data/xushijie/work/cr_scizor/experiments/handback/hb3p_stop_continue_formal_v1/episodes/shard4/FIXED_L80/square__hb3p_stop_continue_formal__800032.json,,False,100,False,/home/__compress_data/xushijie/work/cr_scizor/experiments/handback/hb3p_stop_continue_formal_v1/episodes/shard4/FIXED_L80/square__hb3p_stop_continue_formal__800032.npz,False,040b679569eaab02f577c056fdc85f2049a19af3ad8351fc50d35c7afe46c3d3,square:hb3p_stop_continue_formal:800032,/home/__compress_data/xushijie/work/cr_scizor/experiments/handback/hb3p_stop_continue_formal_v1/roots/rollout_032.npz,800032,square
square:hb4_source:800033,/home/__compress_data/xushijie/work/cr_scizor/experiments/handback/hb3p_stop_continue_formal_v1/roots/payloads/033.npz,False,NONE_SUCCESS;L60_NOT_GENUINE_HANDOFF,e056c1e3013e9ceda56979d163083daed98958a154067ea52bea236d2816d3f7,False,400,/home/__compress_data/xushijie/work/cr_scizor/experiments/handback/hb3p_stop_continue_formal_v1/episodes/shard5/FIXED_L60/square__hb3p_stop_continue_formal__800033.json,,False,80,False,/home/__compress_data/xushijie/work/cr_scizor/experiments/handback/hb3p_stop_continue_formal_v1/episodes/shard5/FIXED_L60/square__hb3p_stop_continue_formal__800033.npz,True,164,/home/__compress_data/xushijie/work/cr_scizor/experiments/handback/hb3p_stop_continue_formal_v1/episodes/shard5/FIXED_L80/square__hb3p_stop_continue_formal__800033.json,160,True,100,True,/home/__compress_data/xushijie/work/cr_scizor/experiments/handback/hb3p_stop_continue_formal_v1/episodes/shard5/FIXED_L80/square__hb3p_stop_continue_formal__800033.npz,True,040b679569eaab02f577c056fdc85f2049a19af3ad8351fc50d35c7afe46c3d3,square:hb3p_stop_continue_formal:800033,/home/__compress_data/xushijie/work/cr_scizor/experiments/handback/hb3p_stop_continue_formal_v1/roots/rollout_033.npz,800033,square
square:hb4_source:800034,/home/__compress_data/xushijie/work/cr_scizor/experiments/handback/hb3p_stop_continue_formal_v1/roots/payloads/034.npz,False,L60_NOT_GENUINE_HANDOFF,719080298db5b040d24adf5ace7af7c863fbfd354063b2808ad21b302d4eb71c,False,400,/home/__compress_data/xushijie/work/cr_scizor/experiments/handback/hb3p_stop_continue_formal_v1/episodes/shard6/FIXED_L60/square__hb3p_stop_continue_formal__800034.json,,False,80,False,/home/__compress_data/xushijie/work/cr_scizor/experiments/handback/hb3p_stop_continue_formal_v1/episodes/shard6/FIXED_L60/square__hb3p_stop_continue_formal__800034.npz,False,400,/home/__compress_data/xushijie/work/cr_scizor/experiments/handback/hb3p_stop_continue_formal_v1/episodes/shard6/FIXED_L80/square__hb3p_stop_continue_formal__800034.json,,False,100,False,/home/__compress_data/xushijie/work/cr_scizor/experiments/handback/hb3p_stop_continue_formal_v1/episodes/shard6/FIXED_L80/square__hb3p_stop_continue_formal__800034.npz,False,040b679569eaab02f577c056fdc85f2049a19af3ad8351fc50d35c7afe46c3d3,square:hb3p_stop_continue_formal:800034,/home/__compress_data/xushijie/work/cr_scizor/experiments/handback/hb3p_stop_continue_formal_v1/roots/rollout_034.npz,800034,square
square:hb4_source:800035,/home/__compress_data/xushijie/work/cr_scizor/experiments/handback/hb3p_stop_continue_formal_v1/roots/payloads/035.npz,False,L60_NOT_GENUINE_HANDOFF,b21e9cffea74ff33d87ac74fca0e8fb88020501fe7c799657bf356c5e1e89a61,False,400,/home/__compress_data/xushijie/work/cr_scizor/experiments/handback/hb3p_stop_continue_formal_v1/episodes/shard0/FIXED_L60/square__hb3p_stop_continue_formal__800035.json,,False,80,False,/home/__compress_data/xushijie/work/cr_scizor/experiments/handback/hb3p_stop_continue_formal_v1/episodes/shard0/FIXED_L60/square__hb3p_stop_continue_formal__800035.npz,False,400,/home/__compress_data/xushijie/work/cr_scizor/experiments/handback/hb3p_stop_continue_formal_v1/episodes/shard0/FIXED_L80/square__hb3p_stop_continue_formal__800035.json,,False,100,False,/home/__compress_data/xushijie/work/cr_scizor/experiments/handback/hb3p_stop_continue_formal_v1/episodes/shard0/FIXED_L80/square__hb3p_stop_continue_formal__800035.npz,False,040b679569eaab02f577c056fdc85f2049a19af3ad8351fc50d35c7afe46c3d3,square:hb3p_stop_continue_formal:800035,/home/__compress_data/xushijie/work/cr_scizor/experiments/handback/hb3p_stop_continue_formal_v1/roots/rollout_035.npz,800035,square
square:hb4_source:800036,/home/__compress_data/xushijie/work/cr_scizor/experiments/handback/hb3p_stop_continue_formal_v1/roots/payloads/036.npz,False,L60_NOT_GENUINE_HANDOFF,0e3fe832b41e69181853e4b3859844788c67c9a6d2f50279b6bf1ae22d0fa1e3,False,400,/home/__compress_data/xushijie/work/cr_scizor/experiments/handback/hb3p_stop_continue_formal_v1/episodes/shard1/FIXED_L60/square__hb3p_stop_continue_formal__800036.json,,False,80,False,/home/__compress_data/xushijie/work/cr_scizor/experiments/handback/hb3p_stop_continue_formal_v1/episodes/shard1/FIXED_L60/square__hb3p_stop_continue_formal__800036.npz,False,400,/home/__compress_data/xushijie/work/cr_scizor/experiments/handback/hb3p_stop_continue_formal_v1/episodes/shard1/FIXED_L80/square__hb3p_stop_continue_formal__800036.json,,False,100,False,/home/__compress_data/xushijie/work/cr_scizor/experiments/handback/hb3p_stop_continue_formal_v1/episodes/shard1/FIXED_L80/square__hb3p_stop_continue_formal__800036.npz,False,040b679569eaab02f577c056fdc85f2049a19af3ad8351fc50d35c7afe46c3d3,square:hb3p_stop_continue_formal:800036,/home/__compress_data/xushijie/work/cr_scizor/experiments/handback/hb3p_stop_continue_formal_v1/roots/rollout_036.npz,800036,square
square:hb4_source:800037,/home/__compress_data/xushijie/work/cr_scizor/experiments/handback/hb3p_stop_continue_formal_v1/roots/payloads/037.npz,False,L60_NOT_GENUINE_HANDOFF,f2b60305f0935a5f2243fc2821985e5c01a89f1dcb4f47c1e27a1ddfc9e8dc39,False,400,/home/__compress_data/xushijie/work/cr_scizor/experiments/handback/hb3p_stop_continue_formal_v1/episodes/shard2/FIXED_L60/square__hb3p_stop_continue_formal__800037.json,,False,80,False,/home/__compress_data/xushijie/work/cr_scizor/experiments/handback/hb3p_stop_continue_formal_v1/episodes/shard2/FIXED_L60/square__hb3p_stop_continue_formal__800037.npz,False,400,/home/__compress_data/xushijie/work/cr_scizor/experiments/handback/hb3p_stop_continue_formal_v1/episodes/shard2/FIXED_L80/square__hb3p_stop_continue_formal__800037.json,,False,100,False,/home/__compress_data/xushijie/work/cr_scizor/experiments/handback/hb3p_stop_continue_formal_v1/episodes/shard2/FIXED_L80/square__hb3p_stop_continue_formal__800037.npz,False,040b679569eaab02f577c056fdc85f2049a19af3ad8351fc50d35c7afe46c3d3,square:hb3p_stop_continue_formal:800037,/home/__compress_data/xushijie/work/cr_scizor/experiments/handback/hb3p_stop_continue_formal_v1/roots/rollout_037.npz,800037,square
square:hb4_source:800038,/home/__compress_data/xushijie/work/cr_scizor/experiments/handback/hb3p_stop_continue_formal_v1/roots/payloads/038.npz,True,,8b364d815eb68ac6fb9fc7900e80d762b84d77e7f79b9d54e434fa86e7e83b9b,True,117,/home/__compress_data/xushijie/work/cr_scizor/experiments/handback/hb3p_stop_continue_formal_v1/episodes/shard3/FIXED_L60/square__hb3p_stop_continue_formal__800038.json,113,True,80,True,/home/__compress_data/xushijie/work/cr_scizor/experiments/handback/hb3p_stop_continue_formal_v1/episodes/shard3/FIXED_L60/square__hb3p_stop_continue_formal__800038.npz,False,119,/home/__compress_data/xushijie/work/cr_scizor/experiments/handback/hb3p_stop_continue_formal_v1/episodes/shard3/FIXED_L80/square__hb3p_stop_continue_formal__800038.json,115,False,100,True,/home/__compress_data/xushijie/work/cr_scizor/experiments/handback/hb3p_stop_continue_formal_v1/episodes/shard3/FIXED_L80/square__hb3p_stop_continue_formal__800038.npz,False,040b679569eaab02f577c056fdc85f2049a19af3ad8351fc50d35c7afe46c3d3,square:hb3p_stop_continue_formal:800038,/home/__compress_data/xushijie/work/cr_scizor/experiments/handback/hb3p_stop_continue_formal_v1/roots/rollout_038.npz,800038,square
square:hb4_source:800039,/home/__compress_data/xushijie/work/cr_scizor/experiments/handback/hb3p_stop_continue_formal_v1/roots/payloads/039.npz,False,L60_NOT_GENUINE_HANDOFF,00b42cbe5f48d717e6abc0a684f3ecf0bccf353837aa63bf6ade3f5b2efb60e1,False,400,/home/__compress_data/xushijie/work/cr_scizor/experiments/handback/hb3p_stop_continue_formal_v1/episodes/shard4/FIXED_L60/square__hb3p_stop_continue_formal__800039.json,,False,80,False,/home/__compress_data/xushijie/work/cr_scizor/experiments/handback/hb3p_stop_continue_formal_v1/episodes/shard4/FIXED_L60/square__hb3p_stop_continue_formal__800039.npz,False,123,/home/__compress_data/xushijie/work/cr_scizor/experiments/handback/hb3p_stop_continue_formal_v1/episodes/shard4/FIXED_L80/square__hb3p_stop_continue_formal__800039.json,119,False,100,True,/home/__compress_data/xushijie/work/cr_scizor/experiments/handback/hb3p_stop_continue_formal_v1/episodes/shard4/FIXED_L80/square__hb3p_stop_continue_formal__800039.npz,False,040b679569eaab02f577c056fdc85f2049a19af3ad8351fc50d35c7afe46c3d3,square:hb3p_stop_continue_formal:800039,/home/__compress_data/xushijie/work/cr_scizor/experiments/handback/hb3p_stop_continue_formal_v1/roots/rollout_039.npz,800039,square
square:hb4_source:800040,/home/__compress_data/xushijie/work/cr_scizor/experiments/handback/hb3p_stop_continue_formal_v1/roots/payloads/040.npz,False,L60_NOT_GENUINE_HANDOFF,a9b1dc28ecd3b5226865f5f94466aaf36632cbbc593a2dcffd1973244e98f405,False,400,/home/__compress_data/xushijie/work/cr_scizor/experiments/handback/hb3p_stop_continue_formal_v1/episodes/shard5/FIXED_L60/square__hb3p_stop_continue_formal__800040.json,,False,80,False,/home/__compress_data/xushijie/work/cr_scizor/experiments/handback/hb3p_stop_continue_formal_v1/episodes/shard5/FIXED_L60/square__hb3p_stop_continue_formal__800040.npz,False,400,/home/__compress_data/xushijie/work/cr_scizor/experiments/handback/hb3p_stop_continue_formal_v1/episodes/shard5/FIXED_L80/square__hb3p_stop_continue_formal__800040.json,,False,100,False,/home/__compress_data/xushijie/work/cr_scizor/experiments/handback/hb3p_stop_continue_formal_v1/episodes/shard5/FIXED_L80/square__hb3p_stop_continue_formal__800040.npz,False,040b679569eaab02f577c056fdc85f2049a19af3ad8351fc50d35c7afe46c3d3,square:hb3p_stop_continue_formal:800040,/home/__compress_data/xushijie/work/cr_scizor/experiments/handback/hb3p_stop_continue_formal_v1/roots/rollout_040.npz,800040,square
square:hb4_source:800041,/home/__compress_data/xushijie/work/cr_scizor/experiments/handback/hb3p_stop_continue_formal_v1/roots/payloads/041.npz,False,L60_NOT_GENUINE_HANDOFF,36247d133eec59bce1aa6a74d693bffb71ca2302ce4ebfb91956b66265b51b85,False,400,/home/__compress_data/xushijie/work/cr_scizor/experiments/handback/hb3p_stop_continue_formal_v1/episodes/shard6/FIXED_L60/square__hb3p_stop_continue_formal__800041.json,,False,80,False,/home/__compress_data/xushijie/work/cr_scizor/experiments/handback/hb3p_stop_continue_formal_v1/episodes/shard6/FIXED_L60/square__hb3p_stop_continue_formal__800041.npz,False,400,/home/__compress_data/xushijie/work/cr_scizor/experiments/handback/hb3p_stop_continue_formal_v1/episodes/shard6/FIXED_L80/square__hb3p_stop_continue_formal__800041.json,,False,100,False,/home/__compress_data/xushijie/work/cr_scizor/experiments/handback/hb3p_stop_continue_formal_v1/episodes/shard6/FIXED_L80/square__hb3p_stop_continue_formal__800041.npz,False,040b679569eaab02f577c056fdc85f2049a19af3ad8351fc50d35c7afe46c3d3,square:hb3p_stop_continue_formal:800041,/home/__compress_data/xushijie/work/cr_scizor/experiments/handback/hb3p_stop_continue_formal_v1/roots/rollout_041.npz,800041,square
square:hb4_source:800042,/home/__compress_data/xushijie/work/cr_scizor/experiments/handback/hb3p_stop_continue_formal_v1/roots/payloads/042.npz,False,L60_NOT_GENUINE_HANDOFF,efc2127f597daac6ee2ddec35b2f15459acc1bbfb592e47e3ba7f14efd8a8c60,False,400,/home/__compress_data/xushijie/work/cr_scizor/experiments/handback/hb3p_stop_continue_formal_v1/episodes/shard0/FIXED_L60/square__hb3p_stop_continue_formal__800042.json,,False,80,False,/home/__compress_data/xushijie/work/cr_scizor/experiments/handback/hb3p_stop_continue_formal_v1/episodes/shard0/FIXED_L60/square__hb3p_stop_continue_formal__800042.npz,False,400,/home/__compress_data/xushijie/work/cr_scizor/experiments/handback/hb3p_stop_continue_formal_v1/episodes/shard0/FIXED_L80/square__hb3p_stop_continue_formal__800042.json,,False,100,False,/home/__compress_data/xushijie/work/cr_scizor/experiments/handback/hb3p_stop_continue_formal_v1/episodes/shard0/FIXED_L80/square__hb3p_stop_continue_formal__800042.npz,False,040b679569eaab02f577c056fdc85f2049a19af3ad8351fc50d35c7afe46c3d3,square:hb3p_stop_continue_formal:800042,/home/__compress_data/xushijie/work/cr_scizor/experiments/handback/hb3p_stop_continue_formal_v1/roots/rollout_042.npz,800042,square
square:hb4_source:800043,/home/__compress_data/xushijie/work/cr_scizor/experiments/handback/hb3p_stop_continue_formal_v1/roots/payloads/043.npz,False,L60_NOT_GENUINE_HANDOFF,7a9fd5820b4b0b4f1192a0d8c41f567aebbdfef5d5137cac4689c4117a51a112,False,400,/home/__compress_data/xushijie/work/cr_scizor/experiments/handback/hb3p_stop_continue_formal_v1/episodes/shard1/FIXED_L60/square__hb3p_stop_continue_formal__800043.json,,False,80,False,/home/__compress_data/xushijie/work/cr_scizor/experiments/handback/hb3p_stop_continue_formal_v1/episodes/shard1/FIXED_L60/square__hb3p_stop_continue_formal__800043.npz,False,400,/home/__compress_data/xushijie/work/cr_scizor/experiments/handback/hb3p_stop_continue_formal_v1/episodes/shard1/FIXED_L80/square__hb3p_stop_continue_formal__800043.json,,False,100,False,/home/__compress_data/xushijie/work/cr_scizor/experiments/handback/hb3p_stop_continue_formal_v1/episodes/shard1/FIXED_L80/square__hb3p_stop_continue_formal__800043.npz,False,040b679569eaab02f577c056fdc85f2049a19af3ad8351fc50d35c7afe46c3d3,square:hb3p_stop_continue_formal:800043,/home/__compress_data/xushijie/work/cr_scizor/experiments/handback/hb3p_stop_continue_formal_v1/roots/rollout_043.npz,800043,square
square:hb4_source:800044,/home/__compress_data/xushijie/work/cr_scizor/experiments/handback/hb3p_stop_continue_formal_v1/roots/payloads/044.npz,False,L60_NOT_GENUINE_HANDOFF,f56a1001e38a67195d35b1e2665e58f77e4502e1dceb8b20c1db91490cd981fd,False,400,/home/__compress_data/xushijie/work/cr_scizor/experiments/handback/hb3p_stop_continue_formal_v1/episodes/shard2/FIXED_L60/square__hb3p_stop_continue_formal__800044.json,,False,80,False,/home/__compress_data/xushijie/work/cr_scizor/experiments/handback/hb3p_stop_continue_formal_v1/episodes/shard2/FIXED_L60/square__hb3p_stop_continue_formal__800044.npz,False,400,/home/__compress_data/xushijie/work/cr_scizor/experiments/handback/hb3p_stop_continue_formal_v1/episodes/shard2/FIXED_L80/square__hb3p_stop_continue_formal__800044.json,,False,100,False,/home/__compress_data/xushijie/work/cr_scizor/experiments/handback/hb3p_stop_continue_formal_v1/episodes/shard2/FIXED_L80/square__hb3p_stop_continue_formal__800044.npz,False,040b679569eaab02f577c056fdc85f2049a19af3ad8351fc50d35c7afe46c3d3,square:hb3p_stop_continue_formal:800044,/home/__compress_data/xushijie/work/cr_scizor/experiments/handback/hb3p_stop_continue_formal_v1/roots/rollout_044.npz,800044,square
square:hb4_source:800045,/home/__compress_data/xushijie/work/cr_scizor/experiments/handback/hb3p_stop_continue_formal_v1/roots/payloads/045.npz,False,L60_NOT_GENUINE_HANDOFF,1108eeca42994be5a95a7189f539aea2047635e96652b68ceb18160b5bc45bbf,False,400,/home/__compress_data/xushijie/work/cr_scizor/experiments/handback/hb3p_stop_continue_formal_v1/episodes/shard3/FIXED_L60/square__hb3p_stop_continue_formal__800045.json,,False,80,False,/home/__compress_data/xushijie/work/cr_scizor/experiments/handback/hb3p_stop_continue_formal_v1/episodes/shard3/FIXED_L60/square__hb3p_stop_continue_formal__800045.npz,False,400,/home/__compress_data/xushijie/work/cr_scizor/experiments/handback/hb3p_stop_continue_formal_v1/episodes/shard3/FIXED_L80/square__hb3p_stop_continue_formal__800045.json,,False,100,False,/home/__compress_data/xushijie/work/cr_scizor/experiments/handback/hb3p_stop_continue_formal_v1/episodes/shard3/FIXED_L80/square__hb3p_stop_continue_formal__800045.npz,False,040b679569eaab02f577c056fdc85f2049a19af3ad8351fc50d35c7afe46c3d3,square:hb3p_stop_continue_formal:800045,/home/__compress_data/xushijie/work/cr_scizor/experiments/handback/hb3p_stop_continue_formal_v1/roots/rollout_045.npz,800045,square
square:hb4_source:800046,/home/__compress_data/xushijie/work/cr_scizor/experiments/handback/hb3p_stop_continue_formal_v1/roots/payloads/046.npz,False,L60_NOT_GENUINE_HANDOFF,e74c47da7e16dcc0524e9bc68f9e77dc0676bc422d9aaa78f1333516f01e48ec,False,400,/home/__compress_data/xushijie/work/cr_scizor/experiments/handback/hb3p_stop_continue_formal_v1/episodes/shard4/FIXED_L60/square__hb3p_stop_continue_formal__800046.json,,False,80,False,/home/__compress_data/xushijie/work/cr_scizor/experiments/handback/hb3p_stop_continue_formal_v1/episodes/shard4/FIXED_L60/square__hb3p_stop_continue_formal__800046.npz,False,400,/home/__compress_data/xushijie/work/cr_scizor/experiments/handback/hb3p_stop_continue_formal_v1/episodes/shard4/FIXED_L80/square__hb3p_stop_continue_formal__800046.json,,False,100,False,/home/__compress_data/xushijie/work/cr_scizor/experiments/handback/hb3p_stop_continue_formal_v1/episodes/shard4/FIXED_L80/square__hb3p_stop_continue_formal__800046.npz,False,040b679569eaab02f577c056fdc85f2049a19af3ad8351fc50d35c7afe46c3d3,square:hb3p_stop_continue_formal:800046,/home/__compress_data/xushijie/work/cr_scizor/experiments/handback/hb3p_stop_continue_formal_v1/roots/rollout_046.npz,800046,square
square:hb4_source:800047,/home/__compress_data/xushijie/work/cr_scizor/experiments/handback/hb3p_stop_continue_formal_v1/roots/payloads/047.npz,False,L60_NOT_GENUINE_HANDOFF,a56a56fbb5efa407f199c8beb4b586b8ae76ce1da712a84134bdb8edbdd7cf23,False,400,/home/__compress_data/xushijie/work/cr_scizor/experiments/handback/hb3p_stop_continue_formal_v1/episodes/shard5/FIXED_L60/square__hb3p_stop_continue_formal__800047.json,,False,80,False,/home/__compress_data/xushijie/work/cr_scizor/experiments/handback/hb3p_stop_continue_formal_v1/episodes/shard5/FIXED_L60/square__hb3p_stop_continue_formal__800047.npz,False,400,/home/__compress_data/xushijie/work/cr_scizor/experiments/handback/hb3p_stop_continue_formal_v1/episodes/shard5/FIXED_L80/square__hb3p_stop_continue_formal__800047.json,,False,100,False,/home/__compress_data/xushijie/work/cr_scizor/experiments/handback/hb3p_stop_continue_formal_v1/episodes/shard5/FIXED_L80/square__hb3p_stop_continue_formal__800047.npz,False,040b679569eaab02f577c056fdc85f2049a19af3ad8351fc50d35c7afe46c3d3,square:hb3p_stop_continue_formal:800047,/home/__compress_data/xushijie/work/cr_scizor/experiments/handback/hb3p_stop_continue_formal_v1/roots/rollout_047.npz,800047,square
square:hb4_source:800048,/home/__compress_data/xushijie/work/cr_scizor/experiments/handback/hb3p_stop_continue_formal_v1/roots/payloads/048.npz,False,L60_NOT_GENUINE_HANDOFF,005a2af3536ac0c694c7f4174984eb7d961eb62f61f2598d41fadf01ee4bc663,False,400,/home/__compress_data/xushijie/work/cr_scizor/experiments/handback/hb3p_stop_continue_formal_v1/episodes/shard6/FIXED_L60/square__hb3p_stop_continue_formal__800048.json,,False,80,False,/home/__compress_data/xushijie/work/cr_scizor/experiments/handback/hb3p_stop_continue_formal_v1/episodes/shard6/FIXED_L60/square__hb3p_stop_continue_formal__800048.npz,False,400,/home/__compress_data/xushijie/work/cr_scizor/experiments/handback/hb3p_stop_continue_formal_v1/episodes/shard6/FIXED_L80/square__hb3p_stop_continue_formal__800048.json,,False,100,False,/home/__compress_data/xushijie/work/cr_scizor/experiments/handback/hb3p_stop_continue_formal_v1/episodes/shard6/FIXED_L80/square__hb3p_stop_continue_formal__800048.npz,False,040b679569eaab02f577c056fdc85f2049a19af3ad8351fc50d35c7afe46c3d3,square:hb3p_stop_continue_formal:800048,/home/__compress_data/xushijie/work/cr_scizor/experiments/handback/hb3p_stop_continue_formal_v1/roots/rollout_048.npz,800048,square
square:hb4_source:800049,/home/__compress_data/xushijie/work/cr_scizor/experiments/handback/hb3p_stop_continue_formal_v1/roots/payloads/049.npz,False,L60_NOT_GENUINE_HANDOFF,03d8349c523a45490b784370c655e9a4554c2871914ed541bcf8b40a917c11f4,False,400,/home/__compress_data/xushijie/work/cr_scizor/experiments/handback/hb3p_stop_continue_formal_v1/episodes/shard0/FIXED_L60/square__hb3p_stop_continue_formal__800049.json,,False,80,False,/home/__compress_data/xushijie/work/cr_scizor/experiments/handback/hb3p_stop_continue_formal_v1/episodes/shard0/FIXED_L60/square__hb3p_stop_continue_formal__800049.npz,False,400,/home/__compress_data/xushijie/work/cr_scizor/experiments/handback/hb3p_stop_continue_formal_v1/episodes/shard0/FIXED_L80/square__hb3p_stop_continue_formal__800049.json,,False,100,False,/home/__compress_data/xushijie/work/cr_scizor/experiments/handback/hb3p_stop_continue_formal_v1/episodes/shard0/FIXED_L80/square__hb3p_stop_continue_formal__800049.npz,False,040b679569eaab02f577c056fdc85f2049a19af3ad8351fc50d35c7afe46c3d3,square:hb3p_stop_continue_formal:800049,/home/__compress_data/xushijie/work/cr_scizor/experiments/handback/hb3p_stop_continue_formal_v1/roots/rollout_049.npz,800049,square
square:hb4_source:800050,/home/__compress_data/xushijie/work/cr_scizor/experiments/handback/hb3p_stop_continue_formal_v1/roots/payloads/050.npz,False,L60_NOT_GENUINE_HANDOFF,a8af67a6f82037cf0dee940cb9c85c11b30063d7e5ed86519d32751c92c8d045,False,400,/home/__compress_data/xushijie/work/cr_scizor/experiments/handback/hb3p_stop_continue_formal_v1/episodes/shard1/FIXED_L60/square__hb3p_stop_continue_formal__800050.json,,False,80,False,/home/__compress_data/xushijie/work/cr_scizor/experiments/handback/hb3p_stop_continue_formal_v1/episodes/shard1/FIXED_L60/square__hb3p_stop_continue_formal__800050.npz,False,400,/home/__compress_data/xushijie/work/cr_scizor/experiments/handback/hb3p_stop_continue_formal_v1/episodes/shard1/FIXED_L80/square__hb3p_stop_continue_formal__800050.json,,False,100,False,/home/__compress_data/xushijie/work/cr_scizor/experiments/handback/hb3p_stop_continue_formal_v1/episodes/shard1/FIXED_L80/square__hb3p_stop_continue_formal__800050.npz,False,040b679569eaab02f577c056fdc85f2049a19af3ad8351fc50d35c7afe46c3d3,square:hb3p_stop_continue_formal:800050,/home/__compress_data/xushijie/work/cr_scizor/experiments/handback/hb3p_stop_continue_formal_v1/roots/rollout_050.npz,800050,square
square:hb4_source:800051,/home/__compress_data/xushijie/work/cr_scizor/experiments/handback/hb3p_stop_continue_formal_v1/roots/payloads/051.npz,False,L60_NOT_GENUINE_HANDOFF,44704682734fed2d21f05657a76747e87591dab0ceb816f8ce25aaaeba47d3c7,False,400,/home/__compress_data/xushijie/work/cr_scizor/experiments/handback/hb3p_stop_continue_formal_v1/episodes/shard2/FIXED_L60/square__hb3p_stop_continue_formal__800051.json,,False,80,False,/home/__compress_data/xushijie/work/cr_scizor/experiments/handback/hb3p_stop_continue_formal_v1/episodes/shard2/FIXED_L60/square__hb3p_stop_continue_formal__800051.npz,False,400,/home/__compress_data/xushijie/work/cr_scizor/experiments/handback/hb3p_stop_continue_formal_v1/episodes/shard2/FIXED_L80/square__hb3p_stop_continue_formal__800051.json,,False,100,False,/home/__compress_data/xushijie/work/cr_scizor/experiments/handback/hb3p_stop_continue_formal_v1/episodes/shard2/FIXED_L80/square__hb3p_stop_continue_formal__800051.npz,False,040b679569eaab02f577c056fdc85f2049a19af3ad8351fc50d35c7afe46c3d3,square:hb3p_stop_continue_formal:800051,/home/__compress_data/xushijie/work/cr_scizor/experiments/handback/hb3p_stop_continue_formal_v1/roots/rollout_051.npz,800051,square
square:hb4_source:800052,/home/__compress_data/xushijie/work/cr_scizor/experiments/handback/hb3p_stop_continue_formal_v1/roots/payloads/052.npz,False,L60_NOT_GENUINE_HANDOFF,8f9c13dc1820eb41e9fefe62c6fdcf2598012d8b9a68852d6e356064a950437f,False,400,/home/__compress_data/xushijie/work/cr_scizor/experiments/handback/hb3p_stop_continue_formal_v1/episodes/shard3/FIXED_L60/square__hb3p_stop_continue_formal__800052.json,,False,80,False,/home/__compress_data/xushijie/work/cr_scizor/experiments/handback/hb3p_stop_continue_formal_v1/episodes/shard3/FIXED_L60/square__hb3p_stop_continue_formal__800052.npz,False,400,/home/__compress_data/xushijie/work/cr_scizor/experiments/handback/hb3p_stop_continue_formal_v1/episodes/shard3/FIXED_L80/square__hb3p_stop_continue_formal__800052.json,,False,100,False,/home/__compress_data/xushijie/work/cr_scizor/experiments/handback/hb3p_stop_continue_formal_v1/episodes/shard3/FIXED_L80/square__hb3p_stop_continue_formal__800052.npz,False,040b679569eaab02f577c056fdc85f2049a19af3ad8351fc50d35c7afe46c3d3,square:hb3p_stop_continue_formal:800052,/home/__compress_data/xushijie/work/cr_scizor/experiments/handback/hb3p_stop_continue_formal_v1/roots/rollout_052.npz,800052,square
square:hb4_source:800053,/home/__compress_data/xushijie/work/cr_scizor/experiments/handback/hb3p_stop_continue_formal_v1/roots/payloads/053.npz,True,,bdd5b2ead34b3c0f877b58e244c8425f38774fb2929a5548ff22c095e27cd7ca,True,121,/home/__compress_data/xushijie/work/cr_scizor/experiments/handback/hb3p_stop_continue_formal_v1/episodes/shard4/FIXED_L60/square__hb3p_stop_continue_formal__800053.json,117,True,80,True,/home/__compress_data/xushijie/work/cr_scizor/experiments/handback/hb3p_stop_continue_formal_v1/episodes/shard4/FIXED_L60/square__hb3p_stop_continue_formal__800053.npz,True,159,/home/__compress_data/xushijie/work/cr_scizor/experiments/handback/hb3p_stop_continue_formal_v1/episodes/shard4/FIXED_L80/square__hb3p_stop_continue_formal__800053.json,155,True,100,True,/home/__compress_data/xushijie/work/cr_scizor/experiments/handback/hb3p_stop_continue_formal_v1/episodes/shard4/FIXED_L80/square__hb3p_stop_continue_formal__800053.npz,False,040b679569eaab02f577c056fdc85f2049a19af3ad8351fc50d35c7afe46c3d3,square:hb3p_stop_continue_formal:800053,/home/__compress_data/xushijie/work/cr_scizor/experiments/handback/hb3p_stop_continue_formal_v1/roots/rollout_053.npz,800053,square
square:hb4_source:800054,/home/__compress_data/xushijie/work/cr_scizor/experiments/handback/hb3p_stop_continue_formal_v1/roots/payloads/054.npz,True,,4f9c21904deaa32697fa483c344e8f3574ed02fe998c1100223df5996970c29a,True,224,/home/__compress_data/xushijie/work/cr_scizor/experiments/handback/hb3p_stop_continue_formal_v1/episodes/shard5/FIXED_L60/square__hb3p_stop_continue_formal__800054.json,220,True,80,True,/home/__compress_data/xushijie/work/cr_scizor/experiments/handback/hb3p_stop_continue_formal_v1/episodes/shard5/FIXED_L60/square__hb3p_stop_continue_formal__800054.npz,True,174,/home/__compress_data/xushijie/work/cr_scizor/experiments/handback/hb3p_stop_continue_formal_v1/episodes/shard5/FIXED_L80/square__hb3p_stop_continue_formal__800054.json,170,True,100,True,/home/__compress_data/xushijie/work/cr_scizor/experiments/handback/hb3p_stop_continue_formal_v1/episodes/shard5/FIXED_L80/square__hb3p_stop_continue_formal__800054.npz,False,040b679569eaab02f577c056fdc85f2049a19af3ad8351fc50d35c7afe46c3d3,square:hb3p_stop_continue_formal:800054,/home/__compress_data/xushijie/work/cr_scizor/experiments/handback/hb3p_stop_continue_formal_v1/roots/rollout_054.npz,800054,square
square:hb4_source:800055,/home/__compress_data/xushijie/work/cr_scizor/experiments/handback/hb3p_stop_continue_formal_v1/roots/payloads/055.npz,True,,b748aca144534dc2aee8512f8e668043abab4d7117ad7b112ad262e7dcfeabec,True,227,/home/__compress_data/xushijie/work/cr_scizor/experiments/handback/hb3p_stop_continue_formal_v1/episodes/shard6/FIXED_L60/square__hb3p_stop_continue_formal__800055.json,223,True,80,True,/home/__compress_data/xushijie/work/cr_scizor/experiments/handback/hb3p_stop_continue_formal_v1/episodes/shard6/FIXED_L60/square__hb3p_stop_continue_formal__800055.npz,False,400,/home/__compress_data/xushijie/work/cr_scizor/experiments/handback/hb3p_stop_continue_formal_v1/episodes/shard6/FIXED_L80/square__hb3p_stop_continue_formal__800055.json,,False,100,False,/home/__compress_data/xushijie/work/cr_scizor/experiments/handback/hb3p_stop_continue_formal_v1/episodes/shard6/FIXED_L80/square__hb3p_stop_continue_formal__800055.npz,False,040b679569eaab02f577c056fdc85f2049a19af3ad8351fc50d35c7afe46c3d3,square:hb3p_stop_continue_formal:800055,/home/__compress_data/xushijie/work/cr_scizor/experiments/handback/hb3p_stop_continue_formal_v1/roots/rollout_055.npz,800055,square
square:hb4_source:800056,/home/__compress_data/xushijie/work/cr_scizor/experiments/handback/hb3p_stop_continue_formal_v1/roots/payloads/056.npz,True,,1712e399fd51d97255899c4e3bd738770f089691f9a8f03db2219bcb532adeaf,True,134,/home/__compress_data/xushijie/work/cr_scizor/experiments/handback/hb3p_stop_continue_formal_v1/episodes/shard0/FIXED_L60/square__hb3p_stop_continue_formal__800056.json,130,True,80,True,/home/__compress_data/xushijie/work/cr_scizor/experiments/handback/hb3p_stop_continue_formal_v1/episodes/shard0/FIXED_L60/square__hb3p_stop_continue_formal__800056.npz,True,164,/home/__compress_data/xushijie/work/cr_scizor/experiments/handback/hb3p_stop_continue_formal_v1/episodes/shard0/FIXED_L80/square__hb3p_stop_continue_formal__800056.json,160,True,100,True,/home/__compress_data/xushijie/work/cr_scizor/experiments/handback/hb3p_stop_continue_formal_v1/episodes/shard0/FIXED_L80/square__hb3p_stop_continue_formal__800056.npz,False,040b679569eaab02f577c056fdc85f2049a19af3ad8351fc50d35c7afe46c3d3,square:hb3p_stop_continue_formal:800056,/home/__compress_data/xushijie/work/cr_scizor/experiments/handback/hb3p_stop_continue_formal_v1/roots/rollout_056.npz,800056,square
square:hb4_source:800057,/home/__compress_data/xushijie/work/cr_scizor/experiments/handback/hb3p_stop_continue_formal_v1/roots/payloads/057.npz,False,L60_NOT_GENUINE_HANDOFF,8d0c9d38a45e3821433c0443f0d71bb61443ae11af6cd4efc001f30c33076207,False,400,/home/__compress_data/xushijie/work/cr_scizor/experiments/handback/hb3p_stop_continue_formal_v1/episodes/shard1/FIXED_L60/square__hb3p_stop_continue_formal__800057.json,,False,80,False,/home/__compress_data/xushijie/work/cr_scizor/experiments/handback/hb3p_stop_continue_formal_v1/episodes/shard1/FIXED_L60/square__hb3p_stop_continue_formal__800057.npz,False,400,/home/__compress_data/xushijie/work/cr_scizor/experiments/handback/hb3p_stop_continue_formal_v1/episodes/shard1/FIXED_L80/square__hb3p_stop_continue_formal__800057.json,,False,100,False,/home/__compress_data/xushijie/work/cr_scizor/experiments/handback/hb3p_stop_continue_formal_v1/episodes/shard1/FIXED_L80/square__hb3p_stop_continue_formal__800057.npz,False,040b679569eaab02f577c056fdc85f2049a19af3ad8351fc50d35c7afe46c3d3,square:hb3p_stop_continue_formal:800057,/home/__compress_data/xushijie/work/cr_scizor/experiments/handback/hb3p_stop_continue_formal_v1/roots/rollout_057.npz,800057,square
square:hb4_source:800058,/home/__compress_data/xushijie/work/cr_scizor/experiments/handback/hb3p_stop_continue_formal_v1/roots/payloads/058.npz,False,L60_NOT_GENUINE_HANDOFF,39637c77aaa968bc1a66b117b707075aefe1946a96cab2ab5e3efc088c234e3a,False,400,/home/__compress_data/xushijie/work/cr_scizor/experiments/handback/hb3p_stop_continue_formal_v1/episodes/shard2/FIXED_L60/square__hb3p_stop_continue_formal__800058.json,,False,80,False,/home/__compress_data/xushijie/work/cr_scizor/experiments/handback/hb3p_stop_continue_formal_v1/episodes/shard2/FIXED_L60/square__hb3p_stop_continue_formal__800058.npz,False,400,/home/__compress_data/xushijie/work/cr_scizor/experiments/handback/hb3p_stop_continue_formal_v1/episodes/shard2/FIXED_L80/square__hb3p_stop_continue_formal__800058.json,,False,100,False,/home/__compress_data/xushijie/work/cr_scizor/experiments/handback/hb3p_stop_continue_formal_v1/episodes/shard2/FIXED_L80/square__hb3p_stop_continue_formal__800058.npz,False,040b679569eaab02f577c056fdc85f2049a19af3ad8351fc50d35c7afe46c3d3,square:hb3p_stop_continue_formal:800058,/home/__compress_data/xushijie/work/cr_scizor/experiments/handback/hb3p_stop_continue_formal_v1/roots/rollout_058.npz,800058,square
square:hb4_source:800059,/home/__compress_data/xushijie/work/cr_scizor/experiments/handback/hb3p_stop_continue_formal_v1/roots/payloads/059.npz,False,L60_NOT_GENUINE_HANDOFF,42d2e3d653cbf1148f87bc58c34f16643a7ca9fc41c2d222d3e9de10f70bc340,False,400,/home/__compress_data/xushijie/work/cr_scizor/experiments/handback/hb3p_stop_continue_formal_v1/episodes/shard3/FIXED_L60/square__hb3p_stop_continue_formal__800059.json,,False,80,False,/home/__compress_data/xushijie/work/cr_scizor/experiments/handback/hb3p_stop_continue_formal_v1/episodes/shard3/FIXED_L60/square__hb3p_stop_continue_formal__800059.npz,False,400,/home/__compress_data/xushijie/work/cr_scizor/experiments/handback/hb3p_stop_continue_formal_v1/episodes/shard3/FIXED_L80/square__hb3p_stop_continue_formal__800059.json,,False,100,False,/home/__compress_data/xushijie/work/cr_scizor/experiments/handback/hb3p_stop_continue_formal_v1/episodes/shard3/FIXED_L80/square__hb3p_stop_continue_formal__800059.npz,False,040b679569eaab02f577c056fdc85f2049a19af3ad8351fc50d35c7afe46c3d3,square:hb3p_stop_continue_formal:800059,/home/__compress_data/xushijie/work/cr_scizor/experiments/handback/hb3p_stop_continue_formal_v1/roots/rollout_059.npz,800059,square
square:hb4_source:800060,/home/__compress_data/xushijie/work/cr_scizor/experiments/handback/hb3p_stop_continue_formal_v1/roots/payloads/060.npz,False,L60_NOT_GENUINE_HANDOFF,333ba4fe4562b3d9a5369c49b2e05d49d5993b91130aba105bf8fecfb71d4438,False,400,/home/__compress_data/xushijie/work/cr_scizor/experiments/handback/hb3p_stop_continue_formal_v1/episodes/shard4/FIXED_L60/square__hb3p_stop_continue_formal__800060.json,,False,80,False,/home/__compress_data/xushijie/work/cr_scizor/experiments/handback/hb3p_stop_continue_formal_v1/episodes/shard4/FIXED_L60/square__hb3p_stop_continue_formal__800060.npz,False,400,/home/__compress_data/xushijie/work/cr_scizor/experiments/handback/hb3p_stop_continue_formal_v1/episodes/shard4/FIXED_L80/square__hb3p_stop_continue_formal__800060.json,,False,100,False,/home/__compress_data/xushijie/work/cr_scizor/experiments/handback/hb3p_stop_continue_formal_v1/episodes/shard4/FIXED_L80/square__hb3p_stop_continue_formal__800060.npz,False,040b679569eaab02f577c056fdc85f2049a19af3ad8351fc50d35c7afe46c3d3,square:hb3p_stop_continue_formal:800060,/home/__compress_data/xushijie/work/cr_scizor/experiments/handback/hb3p_stop_continue_formal_v1/roots/rollout_060.npz,800060,square
square:hb4_source:800061,/home/__compress_data/xushijie/work/cr_scizor/experiments/handback/hb3p_stop_continue_formal_v1/roots/payloads/061.npz,True,,3e72b8ed034b9440de4f0f36e317d4ff0c8728d13871c400bd9073ec60158175,True,332,/home/__compress_data/xushijie/work/cr_scizor/experiments/handback/hb3p_stop_continue_formal_v1/episodes/shard5/FIXED_L60/square__hb3p_stop_continue_formal__800061.json,328,True,80,True,/home/__compress_data/xushijie/work/cr_scizor/experiments/handback/hb3p_stop_continue_formal_v1/episodes/shard5/FIXED_L60/square__hb3p_stop_continue_formal__800061.npz,True,204,/home/__compress_data/xushijie/work/cr_scizor/experiments/handback/hb3p_stop_continue_formal_v1/episodes/shard5/FIXED_L80/square__hb3p_stop_continue_formal__800061.json,200,True,100,True,/home/__compress_data/xushijie/work/cr_scizor/experiments/handback/hb3p_stop_continue_formal_v1/episodes/shard5/FIXED_L80/square__hb3p_stop_continue_formal__800061.npz,False,040b679569eaab02f577c056fdc85f2049a19af3ad8351fc50d35c7afe46c3d3,square:hb3p_stop_continue_formal:800061,/home/__compress_data/xushijie/work/cr_scizor/experiments/handback/hb3p_stop_continue_formal_v1/roots/rollout_061.npz,800061,square
square:hb4_source:800062,/home/__compress_data/xushijie/work/cr_scizor/experiments/handback/hb3p_stop_continue_formal_v1/roots/payloads/062.npz,False,L60_NOT_GENUINE_HANDOFF,14c8b4e3faa0277c89c5fb6f4f740423fe68910e6da0106114be9bb846354e7e,False,400,/home/__compress_data/xushijie/work/cr_scizor/experiments/handback/hb3p_stop_continue_formal_v1/episodes/shard6/FIXED_L60/square__hb3p_stop_continue_formal__800062.json,,False,80,False,/home/__compress_data/xushijie/work/cr_scizor/experiments/handback/hb3p_stop_continue_formal_v1/episodes/shard6/FIXED_L60/square__hb3p_stop_continue_formal__800062.npz,False,400,/home/__compress_data/xushijie/work/cr_scizor/experiments/handback/hb3p_stop_continue_formal_v1/episodes/shard6/FIXED_L80/square__hb3p_stop_continue_formal__800062.json,,False,100,False,/home/__compress_data/xushijie/work/cr_scizor/experiments/handback/hb3p_stop_continue_formal_v1/episodes/shard6/FIXED_L80/square__hb3p_stop_continue_formal__800062.npz,False,040b679569eaab02f577c056fdc85f2049a19af3ad8351fc50d35c7afe46c3d3,square:hb3p_stop_continue_formal:800062,/home/__compress_data/xushijie/work/cr_scizor/experiments/handback/hb3p_stop_continue_formal_v1/roots/rollout_062.npz,800062,square
square:hb4_source:800063,/home/__compress_data/xushijie/work/cr_scizor/experiments/handback/hb3p_stop_continue_formal_v1/roots/payloads/063.npz,False,L60_NOT_GENUINE_HANDOFF,2ad2680ba35d56a0df1a0820d59dc6eda243103e599bb281dbe43427eea974f5,False,400,/home/__compress_data/xushijie/work/cr_scizor/experiments/handback/hb3p_stop_continue_formal_v1/episodes/shard0/FIXED_L60/square__hb3p_stop_continue_formal__800063.json,,False,80,False,/home/__compress_data/xushijie/work/cr_scizor/experiments/handback/hb3p_stop_continue_formal_v1/episodes/shard0/FIXED_L60/square__hb3p_stop_continue_formal__800063.npz,False,400,/home/__compress_data/xushijie/work/cr_scizor/experiments/handback/hb3p_stop_continue_formal_v1/episodes/shard0/FIXED_L80/square__hb3p_stop_continue_formal__800063.json,,False,100,False,/home/__compress_data/xushijie/work/cr_scizor/experiments/handback/hb3p_stop_continue_formal_v1/episodes/shard0/FIXED_L80/square__hb3p_stop_continue_formal__800063.npz,False,040b679569eaab02f577c056fdc85f2049a19af3ad8351fc50d35c7afe46c3d3,square:hb3p_stop_continue_formal:800063,/home/__compress_data/xushijie/work/cr_scizor/experiments/handback/hb3p_stop_continue_formal_v1/roots/rollout_063.npz,800063,square
square:hb4_source:800064,/home/__compress_data/xushijie/work/cr_scizor/experiments/handback/hb3p_stop_continue_formal_v1/roots/payloads/064.npz,False,L60_NOT_GENUINE_HANDOFF,65986650a82c4e31416d69583f86b41d04491680f2a755d66db0690e0434df2d,False,400,/home/__compress_data/xushijie/work/cr_scizor/experiments/handback/hb3p_stop_continue_formal_v1/episodes/shard1/FIXED_L60/square__hb3p_stop_continue_formal__800064.json,,False,80,False,/home/__compress_data/xushijie/work/cr_scizor/experiments/handback/hb3p_stop_continue_formal_v1/episodes/shard1/FIXED_L60/square__hb3p_stop_continue_formal__800064.npz,False,400,/home/__compress_data/xushijie/work/cr_scizor/experiments/handback/hb3p_stop_continue_formal_v1/episodes/shard1/FIXED_L80/square__hb3p_stop_continue_formal__800064.json,,False,100,False,/home/__compress_data/xushijie/work/cr_scizor/experiments/handback/hb3p_stop_continue_formal_v1/episodes/shard1/FIXED_L80/square__hb3p_stop_continue_formal__800064.npz,False,040b679569eaab02f577c056fdc85f2049a19af3ad8351fc50d35c7afe46c3d3,square:hb3p_stop_continue_formal:800064,/home/__compress_data/xushijie/work/cr_scizor/experiments/handback/hb3p_stop_continue_formal_v1/roots/rollout_064.npz,800064,square
square:hb4_source:800065,/home/__compress_data/xushijie/work/cr_scizor/experiments/handback/hb3p_stop_continue_formal_v1/roots/payloads/065.npz,False,L60_NOT_GENUINE_HANDOFF,c779502aa331e182e49f75abfe054f3a24ed6d5542e11966153ac98ed300146d,False,400,/home/__compress_data/xushijie/work/cr_scizor/experiments/handback/hb3p_stop_continue_formal_v1/episodes/shard2/FIXED_L60/square__hb3p_stop_continue_formal__800065.json,,False,80,False,/home/__compress_data/xushijie/work/cr_scizor/experiments/handback/hb3p_stop_continue_formal_v1/episodes/shard2/FIXED_L60/square__hb3p_stop_continue_formal__800065.npz,False,400,/home/__compress_data/xushijie/work/cr_scizor/experiments/handback/hb3p_stop_continue_formal_v1/episodes/shard2/FIXED_L80/square__hb3p_stop_continue_formal__800065.json,,False,100,False,/home/__compress_data/xushijie/work/cr_scizor/experiments/handback/hb3p_stop_continue_formal_v1/episodes/shard2/FIXED_L80/square__hb3p_stop_continue_formal__800065.npz,False,040b679569eaab02f577c056fdc85f2049a19af3ad8351fc50d35c7afe46c3d3,square:hb3p_stop_continue_formal:800065,/home/__compress_data/xushijie/work/cr_scizor/experiments/handback/hb3p_stop_continue_formal_v1/roots/rollout_065.npz,800065,square
square:hb4_source:800066,/home/__compress_data/xushijie/work/cr_scizor/experiments/handback/hb3p_stop_continue_formal_v1/roots/payloads/066.npz,False,L60_NOT_GENUINE_HANDOFF,a1bc2787f2de6d874ee34f56e98a058a678f27ee1f2478b965b4147882091900,False,400,/home/__compress_data/xushijie/work/cr_scizor/experiments/handback/hb3p_stop_continue_formal_v1/episodes/shard3/FIXED_L60/square__hb3p_stop_continue_formal__800066.json,,False,80,False,/home/__compress_data/xushijie/work/cr_scizor/experiments/handback/hb3p_stop_continue_formal_v1/episodes/shard3/FIXED_L60/square__hb3p_stop_continue_formal__800066.npz,False,120,/home/__compress_data/xushijie/work/cr_scizor/experiments/handback/hb3p_stop_continue_formal_v1/episodes/shard3/FIXED_L80/square__hb3p_stop_continue_formal__800066.json,116,False,100,True,/home/__compress_data/xushijie/work/cr_scizor/experiments/handback/hb3p_stop_continue_formal_v1/episodes/shard3/FIXED_L80/square__hb3p_stop_continue_formal__800066.npz,False,040b679569eaab02f577c056fdc85f2049a19af3ad8351fc50d35c7afe46c3d3,square:hb3p_stop_continue_formal:800066,/home/__compress_data/xushijie/work/cr_scizor/experiments/handback/hb3p_stop_continue_formal_v1/roots/rollout_066.npz,800066,square
square:hb4_source:800067,/home/__compress_data/xushijie/work/cr_scizor/experiments/handback/hb3p_stop_continue_formal_v1/roots/payloads/067.npz,False,L60_NOT_GENUINE_HANDOFF,88e78f1f1bc5867d0442c69f96125ea25355ed04c06d54db0fbb9551099124f4,False,400,/home/__compress_data/xushijie/work/cr_scizor/experiments/handback/hb3p_stop_continue_formal_v1/episodes/shard4/FIXED_L60/square__hb3p_stop_continue_formal__800067.json,,False,80,False,/home/__compress_data/xushijie/work/cr_scizor/experiments/handback/hb3p_stop_continue_formal_v1/episodes/shard4/FIXED_L60/square__hb3p_stop_continue_formal__800067.npz,False,400,/home/__compress_data/xushijie/work/cr_scizor/experiments/handback/hb3p_stop_continue_formal_v1/episodes/shard4/FIXED_L80/square__hb3p_stop_continue_formal__800067.json,,False,100,False,/home/__compress_data/xushijie/work/cr_scizor/experiments/handback/hb3p_stop_continue_formal_v1/episodes/shard4/FIXED_L80/square__hb3p_stop_continue_formal__800067.npz,False,040b679569eaab02f577c056fdc85f2049a19af3ad8351fc50d35c7afe46c3d3,square:hb3p_stop_continue_formal:800067,/home/__compress_data/xushijie/work/cr_scizor/experiments/handback/hb3p_stop_continue_formal_v1/roots/rollout_067.npz,800067,square
square:hb4_source:800068,/home/__compress_data/xushijie/work/cr_scizor/experiments/handback/hb3p_stop_continue_formal_v1/roots/payloads/068.npz,False,L60_NOT_GENUINE_HANDOFF,0dcc3a3a0e1c802e50b53ec936303b90c518b162853bccda37a62a20bb7ca48e,False,400,/home/__compress_data/xushijie/work/cr_scizor/experiments/handback/hb3p_stop_continue_formal_v1/episodes/shard5/FIXED_L60/square__hb3p_stop_continue_formal__800068.json,,False,80,False,/home/__compress_data/xushijie/work/cr_scizor/experiments/handback/hb3p_stop_continue_formal_v1/episodes/shard5/FIXED_L60/square__hb3p_stop_continue_formal__800068.npz,False,400,/home/__compress_data/xushijie/work/cr_scizor/experiments/handback/hb3p_stop_continue_formal_v1/episodes/shard5/FIXED_L80/square__hb3p_stop_continue_formal__800068.json,,False,100,False,/home/__compress_data/xushijie/work/cr_scizor/experiments/handback/hb3p_stop_continue_formal_v1/episodes/shard5/FIXED_L80/square__hb3p_stop_continue_formal__800068.npz,False,040b679569eaab02f577c056fdc85f2049a19af3ad8351fc50d35c7afe46c3d3,square:hb3p_stop_continue_formal:800068,/home/__compress_data/xushijie/work/cr_scizor/experiments/handback/hb3p_stop_continue_formal_v1/roots/rollout_068.npz,800068,square
square:hb4_source:800069,/home/__compress_data/xushijie/work/cr_scizor/experiments/handback/hb3p_stop_continue_formal_v1/roots/payloads/069.npz,True,,1d85133fd9481ada0db3d32fe8e19142453cb4dc73acdf35d77080512d879b41,True,197,/home/__compress_data/xushijie/work/cr_scizor/experiments/handback/hb3p_stop_continue_formal_v1/episodes/shard6/FIXED_L60/square__hb3p_stop_continue_formal__800069.json,193,True,80,True,/home/__compress_data/xushijie/work/cr_scizor/experiments/handback/hb3p_stop_continue_formal_v1/episodes/shard6/FIXED_L60/square__hb3p_stop_continue_formal__800069.npz,False,400,/home/__compress_data/xushijie/work/cr_scizor/experiments/handback/hb3p_stop_continue_formal_v1/episodes/shard6/FIXED_L80/square__hb3p_stop_continue_formal__800069.json,,False,100,False,/home/__compress_data/xushijie/work/cr_scizor/experiments/handback/hb3p_stop_continue_formal_v1/episodes/shard6/FIXED_L80/square__hb3p_stop_continue_formal__800069.npz,False,040b679569eaab02f577c056fdc85f2049a19af3ad8351fc50d35c7afe46c3d3,square:hb3p_stop_continue_formal:800069,/home/__compress_data/xushijie/work/cr_scizor/experiments/handback/hb3p_stop_continue_formal_v1/roots/rollout_069.npz,800069,square
square:hb4_source:800070,/home/__compress_data/xushijie/work/cr_scizor/experiments/handback/hb3p_stop_continue_formal_v1/roots/payloads/070.npz,True,,d06cda1402f9c2ccd27b481fc64fd866186e763be89e74c7b8e3e8fb69486726,True,163,/home/__compress_data/xushijie/work/cr_scizor/experiments/handback/hb3p_stop_continue_formal_v1/episodes/shard0/FIXED_L60/square__hb3p_stop_continue_formal__800070.json,159,True,80,True,/home/__compress_data/xushijie/work/cr_scizor/experiments/handback/hb3p_stop_continue_formal_v1/episodes/shard0/FIXED_L60/square__hb3p_stop_continue_formal__800070.npz,True,150,/home/__compress_data/xushijie/work/cr_scizor/experiments/handback/hb3p_stop_continue_formal_v1/episodes/shard0/FIXED_L80/square__hb3p_stop_continue_formal__800070.json,146,True,100,True,/home/__compress_data/xushijie/work/cr_scizor/experiments/handback/hb3p_stop_continue_formal_v1/episodes/shard0/FIXED_L80/square__hb3p_stop_continue_formal__800070.npz,False,040b679569eaab02f577c056fdc85f2049a19af3ad8351fc50d35c7afe46c3d3,square:hb3p_stop_continue_formal:800070,/home/__compress_data/xushijie/work/cr_scizor/experiments/handback/hb3p_stop_continue_formal_v1/roots/rollout_070.npz,800070,square
square:hb4_source:800071,/home/__compress_data/xushijie/work/cr_scizor/experiments/handback/hb3p_stop_continue_formal_v1/roots/payloads/071.npz,False,L60_NOT_GENUINE_HANDOFF,ca0a3d4a750d5490081220e1b9314b929e9d683896d8acd1f00d950a68bb54b0,False,400,/home/__compress_data/xushijie/work/cr_scizor/experiments/handback/hb3p_stop_continue_formal_v1/episodes/shard1/FIXED_L60/square__hb3p_stop_continue_formal__800071.json,,False,80,False,/home/__compress_data/xushijie/work/cr_scizor/experiments/handback/hb3p_stop_continue_formal_v1/episodes/shard1/FIXED_L60/square__hb3p_stop_continue_formal__800071.npz,False,400,/home/__compress_data/xushijie/work/cr_scizor/experiments/handback/hb3p_stop_continue_formal_v1/episodes/shard1/FIXED_L80/square__hb3p_stop_continue_formal__800071.json,,False,100,False,/home/__compress_data/xushijie/work/cr_scizor/experiments/handback/hb3p_stop_continue_formal_v1/episodes/shard1/FIXED_L80/square__hb3p_stop_continue_formal__800071.npz,False,040b679569eaab02f577c056fdc85f2049a19af3ad8351fc50d35c7afe46c3d3,square:hb3p_stop_continue_formal:800071,/home/__compress_data/xushijie/work/cr_scizor/experiments/handback/hb3p_stop_continue_formal_v1/roots/rollout_071.npz,800071,square
square:hb4_source:800072,/home/__compress_data/xushijie/work/cr_scizor/experiments/handback/hb3p_stop_continue_formal_v1/roots/payloads/072.npz,False,L60_NOT_GENUINE_HANDOFF,808418c3673adb3cce63f9ea400598c642dd08fdbfd0ca60050c2056d372859a,False,400,/home/__compress_data/xushijie/work/cr_scizor/experiments/handback/hb3p_stop_continue_formal_v1/episodes/shard2/FIXED_L60/square__hb3p_stop_continue_formal__800072.json,,False,80,False,/home/__compress_data/xushijie/work/cr_scizor/experiments/handback/hb3p_stop_continue_formal_v1/episodes/shard2/FIXED_L60/square__hb3p_stop_continue_formal__800072.npz,False,400,/home/__compress_data/xushijie/work/cr_scizor/experiments/handback/hb3p_stop_continue_formal_v1/episodes/shard2/FIXED_L80/square__hb3p_stop_continue_formal__800072.json,,False,100,False,/home/__compress_data/xushijie/work/cr_scizor/experiments/handback/hb3p_stop_continue_formal_v1/episodes/shard2/FIXED_L80/square__hb3p_stop_continue_formal__800072.npz,False,040b679569eaab02f577c056fdc85f2049a19af3ad8351fc50d35c7afe46c3d3,square:hb3p_stop_continue_formal:800072,/home/__compress_data/xushijie/work/cr_scizor/experiments/handback/hb3p_stop_continue_formal_v1/roots/rollout_072.npz,800072,square
square:hb4_source:800073,/home/__compress_data/xushijie/work/cr_scizor/experiments/handback/hb3p_stop_continue_formal_v1/roots/payloads/073.npz,False,L60_NOT_GENUINE_HANDOFF,8cbc28b44321f58d2e408084c29a45e5e6712bd05d529807d3b5ae6272175b1d,False,400,/home/__compress_data/xushijie/work/cr_scizor/experiments/handback/hb3p_stop_continue_formal_v1/episodes/shard3/FIXED_L60/square__hb3p_stop_continue_formal__800073.json,,False,80,False,/home/__compress_data/xushijie/work/cr_scizor/experiments/handback/hb3p_stop_continue_formal_v1/episodes/shard3/FIXED_L60/square__hb3p_stop_continue_formal__800073.npz,False,400,/home/__compress_data/xushijie/work/cr_scizor/experiments/handback/hb3p_stop_continue_formal_v1/episodes/shard3/FIXED_L80/square__hb3p_stop_continue_formal__800073.json,,False,100,False,/home/__compress_data/xushijie/work/cr_scizor/experiments/handback/hb3p_stop_continue_formal_v1/episodes/shard3/FIXED_L80/square__hb3p_stop_continue_formal__800073.npz,False,040b679569eaab02f577c056fdc85f2049a19af3ad8351fc50d35c7afe46c3d3,square:hb3p_stop_continue_formal:800073,/home/__compress_data/xushijie/work/cr_scizor/experiments/handback/hb3p_stop_continue_formal_v1/roots/rollout_073.npz,800073,square
square:hb4_source:800074,/home/__compress_data/xushijie/work/cr_scizor/experiments/handback/hb3p_stop_continue_formal_v1/roots/payloads/074.npz,True,,912f27e5559b20acf65f12fee416db96fbb33caf6d4b2c162c2b9f9fbd92a689,True,121,/home/__compress_data/xushijie/work/cr_scizor/experiments/handback/hb3p_stop_continue_formal_v1/episodes/shard4/FIXED_L60/square__hb3p_stop_continue_formal__800074.json,117,True,80,True,/home/__compress_data/xushijie/work/cr_scizor/experiments/handback/hb3p_stop_continue_formal_v1/episodes/shard4/FIXED_L60/square__hb3p_stop_continue_formal__800074.npz,True,140,/home/__compress_data/xushijie/work/cr_scizor/experiments/handback/hb3p_stop_continue_formal_v1/episodes/shard4/FIXED_L80/square__hb3p_stop_continue_formal__800074.json,136,True,100,True,/home/__compress_data/xushijie/work/cr_scizor/experiments/handback/hb3p_stop_continue_formal_v1/episodes/shard4/FIXED_L80/square__hb3p_stop_continue_formal__800074.npz,False,040b679569eaab02f577c056fdc85f2049a19af3ad8351fc50d35c7afe46c3d3,square:hb3p_stop_continue_formal:800074,/home/__compress_data/xushijie/work/cr_scizor/experiments/handback/hb3p_stop_continue_formal_v1/roots/rollout_074.npz,800074,square
square:hb4_source:800075,/home/__compress_data/xushijie/work/cr_scizor/experiments/handback/hb3p_stop_continue_formal_v1/roots/payloads/075.npz,True,,46da1c029c60e14d5c30115c69bc3dbef297def845a22fb9fdfda72e8069ee43,True,281,/home/__compress_data/xushijie/work/cr_scizor/experiments/handback/hb3p_stop_continue_formal_v1/episodes/shard5/FIXED_L60/square__hb3p_stop_continue_formal__800075.json,277,True,80,True,/home/__compress_data/xushijie/work/cr_scizor/experiments/handback/hb3p_stop_continue_formal_v1/episodes/shard5/FIXED_L60/square__hb3p_stop_continue_formal__800075.npz,True,162,/home/__compress_data/xushijie/work/cr_scizor/experiments/handback/hb3p_stop_continue_formal_v1/episodes/shard5/FIXED_L80/square__hb3p_stop_continue_formal__800075.json,158,True,100,True,/home/__compress_data/xushijie/work/cr_scizor/experiments/handback/hb3p_stop_continue_formal_v1/episodes/shard5/FIXED_L80/square__hb3p_stop_continue_formal__800075.npz,False,040b679569eaab02f577c056fdc85f2049a19af3ad8351fc50d35c7afe46c3d3,square:hb3p_stop_continue_formal:800075,/home/__compress_data/xushijie/work/cr_scizor/experiments/handback/hb3p_stop_continue_formal_v1/roots/rollout_075.npz,800075,square
square:hb4_source:800076,/home/__compress_data/xushijie/work/cr_scizor/experiments/handback/hb3p_stop_continue_formal_v1/roots/payloads/076.npz,False,L60_NOT_GENUINE_HANDOFF,65d04e11f334c650481bff5e4414e95d5fa55df6b8bc9845b6fac5a1c269a502,False,400,/home/__compress_data/xushijie/work/cr_scizor/experiments/handback/hb3p_stop_continue_formal_v1/episodes/shard6/FIXED_L60/square__hb3p_stop_continue_formal__800076.json,,False,80,False,/home/__compress_data/xushijie/work/cr_scizor/experiments/handback/hb3p_stop_continue_formal_v1/episodes/shard6/FIXED_L60/square__hb3p_stop_continue_formal__800076.npz,False,400,/home/__compress_data/xushijie/work/cr_scizor/experiments/handback/hb3p_stop_continue_formal_v1/episodes/shard6/FIXED_L80/square__hb3p_stop_continue_formal__800076.json,,False,100,False,/home/__compress_data/xushijie/work/cr_scizor/experiments/handback/hb3p_stop_continue_formal_v1/episodes/shard6/FIXED_L80/square__hb3p_stop_continue_formal__800076.npz,False,040b679569eaab02f577c056fdc85f2049a19af3ad8351fc50d35c7afe46c3d3,square:hb3p_stop_continue_formal:800076,/home/__compress_data/xushijie/work/cr_scizor/experiments/handback/hb3p_stop_continue_formal_v1/roots/rollout_076.npz,800076,square
square:hb4_source:800077,/home/__compress_data/xushijie/work/cr_scizor/experiments/handback/hb3p_stop_continue_formal_v1/roots/payloads/077.npz,True,,def0aeb9d33b148d1e90b764fb8645faf99fe7d58db249be1ecc69b43244ee54,True,161,/home/__compress_data/xushijie/work/cr_scizor/experiments/handback/hb3p_stop_continue_formal_v1/episodes/shard0/FIXED_L60/square__hb3p_stop_continue_formal__800077.json,157,True,80,True,/home/__compress_data/xushijie/work/cr_scizor/experiments/handback/hb3p_stop_continue_formal_v1/episodes/shard0/FIXED_L60/square__hb3p_stop_continue_formal__800077.npz,False,400,/home/__compress_data/xushijie/work/cr_scizor/experiments/handback/hb3p_stop_continue_formal_v1/episodes/shard0/FIXED_L80/square__hb3p_stop_continue_formal__800077.json,,False,100,False,/home/__compress_data/xushijie/work/cr_scizor/experiments/handback/hb3p_stop_continue_formal_v1/episodes/shard0/FIXED_L80/square__hb3p_stop_continue_formal__800077.npz,False,040b679569eaab02f577c056fdc85f2049a19af3ad8351fc50d35c7afe46c3d3,square:hb3p_stop_continue_formal:800077,/home/__compress_data/xushijie/work/cr_scizor/experiments/handback/hb3p_stop_continue_formal_v1/roots/rollout_077.npz,800077,square
square:hb4_source:800078,/home/__compress_data/xushijie/work/cr_scizor/experiments/handback/hb3p_stop_continue_formal_v1/roots/payloads/078.npz,False,L60_NOT_GENUINE_HANDOFF,dce80982b67ca9709714ca06c447355f4e1d60d4653f3b6abb0c3aed837e8d1c,False,400,/home/__compress_data/xushijie/work/cr_scizor/experiments/handback/hb3p_stop_continue_formal_v1/episodes/shard1/FIXED_L60/square__hb3p_stop_continue_formal__800078.json,,False,80,False,/home/__compress_data/xushijie/work/cr_scizor/experiments/handback/hb3p_stop_continue_formal_v1/episodes/shard1/FIXED_L60/square__hb3p_stop_continue_formal__800078.npz,False,400,/home/__compress_data/xushijie/work/cr_scizor/experiments/handback/hb3p_stop_continue_formal_v1/episodes/shard1/FIXED_L80/square__hb3p_stop_continue_formal__800078.json,,False,100,False,/home/__compress_data/xushijie/work/cr_scizor/experiments/handback/hb3p_stop_continue_formal_v1/episodes/shard1/FIXED_L80/square__hb3p_stop_continue_formal__800078.npz,False,040b679569eaab02f577c056fdc85f2049a19af3ad8351fc50d35c7afe46c3d3,square:hb3p_stop_continue_formal:800078,/home/__compress_data/xushijie/work/cr_scizor/experiments/handback/hb3p_stop_continue_formal_v1/roots/rollout_078.npz,800078,square
square:hb4_source:800079,/home/__compress_data/xushijie/work/cr_scizor/experiments/handback/hb3p_stop_continue_formal_v1/roots/payloads/079.npz,False,NONE_SUCCESS,6e100799450c5c694bcd2379c28b1b855ae0d9f7ca07b7e4e1e9029469e5db16,True,387,/home/__compress_data/xushijie/work/cr_scizor/experiments/handback/hb3p_stop_continue_formal_v1/episodes/shard2/FIXED_L60/square__hb3p_stop_continue_formal__800079.json,383,True,80,True,/home/__compress_data/xushijie/work/cr_scizor/experiments/handback/hb3p_stop_continue_formal_v1/episodes/shard2/FIXED_L60/square__hb3p_stop_continue_formal__800079.npz,True,169,/home/__compress_data/xushijie/work/cr_scizor/experiments/handback/hb3p_stop_continue_formal_v1/episodes/shard2/FIXED_L80/square__hb3p_stop_continue_formal__800079.json,165,True,100,True,/home/__compress_data/xushijie/work/cr_scizor/experiments/handback/hb3p_stop_continue_formal_v1/episodes/shard2/FIXED_L80/square__hb3p_stop_continue_formal__800079.npz,True,040b679569eaab02f577c056fdc85f2049a19af3ad8351fc50d35c7afe46c3d3,square:hb3p_stop_continue_formal:800079,/home/__compress_data/xushijie/work/cr_scizor/experiments/handback/hb3p_stop_continue_formal_v1/roots/rollout_079.npz,800079,square
square:hb4_source:800080,/home/__compress_data/xushijie/work/cr_scizor/experiments/handback/hb3p_stop_continue_formal_v1/roots/payloads/080.npz,False,L60_NOT_GENUINE_HANDOFF,a239fc748b43f26c60be1974a354626dca950cb4182aa242cee283d64def093c,False,400,/home/__compress_data/xushijie/work/cr_scizor/experiments/handback/hb3p_stop_continue_formal_v1/episodes/shard3/FIXED_L60/square__hb3p_stop_continue_formal__800080.json,,False,80,False,/home/__compress_data/xushijie/work/cr_scizor/experiments/handback/hb3p_stop_continue_formal_v1/episodes/shard3/FIXED_L60/square__hb3p_stop_continue_formal__800080.npz,False,400,/home/__compress_data/xushijie/work/cr_scizor/experiments/handback/hb3p_stop_continue_formal_v1/episodes/shard3/FIXED_L80/square__hb3p_stop_continue_formal__800080.json,,False,100,False,/home/__compress_data/xushijie/work/cr_scizor/experiments/handback/hb3p_stop_continue_formal_v1/episodes/shard3/FIXED_L80/square__hb3p_stop_continue_formal__800080.npz,False,040b679569eaab02f577c056fdc85f2049a19af3ad8351fc50d35c7afe46c3d3,square:hb3p_stop_continue_formal:800080,/home/__compress_data/xushijie/work/cr_scizor/experiments/handback/hb3p_stop_continue_formal_v1/roots/rollout_080.npz,800080,square
square:hb4_source:800081,/home/__compress_data/xushijie/work/cr_scizor/experiments/handback/hb3p_stop_continue_formal_v1/roots/payloads/081.npz,False,L60_NOT_GENUINE_HANDOFF,fbb4850ee8e7470aa1b1b6d2bc473d1927a057bd1c895c66e870c06219d7aa21,False,400,/home/__compress_data/xushijie/work/cr_scizor/experiments/handback/hb3p_stop_continue_formal_v1/episodes/shard4/FIXED_L60/square__hb3p_stop_continue_formal__800081.json,,False,80,False,/home/__compress_data/xushijie/work/cr_scizor/experiments/handback/hb3p_stop_continue_formal_v1/episodes/shard4/FIXED_L60/square__hb3p_stop_continue_formal__800081.npz,True,166,/home/__compress_data/xushijie/work/cr_scizor/experiments/handback/hb3p_stop_continue_formal_v1/episodes/shard4/FIXED_L80/square__hb3p_stop_continue_formal__800081.json,162,True,100,True,/home/__compress_data/xushijie/work/cr_scizor/experiments/handback/hb3p_stop_continue_formal_v1/episodes/shard4/FIXED_L80/square__hb3p_stop_continue_formal__800081.npz,False,040b679569eaab02f577c056fdc85f2049a19af3ad8351fc50d35c7afe46c3d3,square:hb3p_stop_continue_formal:800081,/home/__compress_data/xushijie/work/cr_scizor/experiments/handback/hb3p_stop_continue_formal_v1/roots/rollout_081.npz,800081,square
square:hb4_source:800082,/home/__compress_data/xushijie/work/cr_scizor/experiments/handback/hb3p_stop_continue_formal_v1/roots/payloads/082.npz,False,L60_NOT_GENUINE_HANDOFF,f81de42003f2baec9580ae05a34b483aaadf0e5eea45e7743cb4b36469f5b019,False,400,/home/__compress_data/xushijie/work/cr_scizor/experiments/handback/hb3p_stop_continue_formal_v1/episodes/shard5/FIXED_L60/square__hb3p_stop_continue_formal__800082.json,,False,80,False,/home/__compress_data/xushijie/work/cr_scizor/experiments/handback/hb3p_stop_continue_formal_v1/episodes/shard5/FIXED_L60/square__hb3p_stop_continue_formal__800082.npz,False,400,/home/__compress_data/xushijie/work/cr_scizor/experiments/handback/hb3p_stop_continue_formal_v1/episodes/shard5/FIXED_L80/square__hb3p_stop_continue_formal__800082.json,,False,100,False,/home/__compress_data/xushijie/work/cr_scizor/experiments/handback/hb3p_stop_continue_formal_v1/episodes/shard5/FIXED_L80/square__hb3p_stop_continue_formal__800082.npz,False,040b679569eaab02f577c056fdc85f2049a19af3ad8351fc50d35c7afe46c3d3,square:hb3p_stop_continue_formal:800082,/home/__compress_data/xushijie/work/cr_scizor/experiments/handback/hb3p_stop_continue_formal_v1/roots/rollout_082.npz,800082,square
square:hb4_source:800083,/home/__compress_data/xushijie/work/cr_scizor/experiments/handback/hb3p_stop_continue_formal_v1/roots/payloads/083.npz,False,L60_NOT_GENUINE_HANDOFF,04003ad1a4a55be1e313f3bbb509523215938ca87a85e397dae149af8e30a919,False,400,/home/__compress_data/xushijie/work/cr_scizor/experiments/handback/hb3p_stop_continue_formal_v1/episodes/shard6/FIXED_L60/square__hb3p_stop_continue_formal__800083.json,,False,80,False,/home/__compress_data/xushijie/work/cr_scizor/experiments/handback/hb3p_stop_continue_formal_v1/episodes/shard6/FIXED_L60/square__hb3p_stop_continue_formal__800083.npz,False,400,/home/__compress_data/xushijie/work/cr_scizor/experiments/handback/hb3p_stop_continue_formal_v1/episodes/shard6/FIXED_L80/square__hb3p_stop_continue_formal__800083.json,,False,100,False,/home/__compress_data/xushijie/work/cr_scizor/experiments/handback/hb3p_stop_continue_formal_v1/episodes/shard6/FIXED_L80/square__hb3p_stop_continue_formal__800083.npz,False,040b679569eaab02f577c056fdc85f2049a19af3ad8351fc50d35c7afe46c3d3,square:hb3p_stop_continue_formal:800083,/home/__compress_data/xushijie/work/cr_scizor/experiments/handback/hb3p_stop_continue_formal_v1/roots/rollout_083.npz,800083,square
square:hb4_source:800084,/home/__compress_data/xushijie/work/cr_scizor/experiments/handback/hb3p_stop_continue_formal_v1/roots/payloads/084.npz,True,,7e04d718d37227341f5873e67ef5bf57f638103c85435da584a3622dc7276eb7,True,137,/home/__compress_data/xushijie/work/cr_scizor/experiments/handback/hb3p_stop_continue_formal_v1/episodes/shard0/FIXED_L60/square__hb3p_stop_continue_formal__800084.json,133,True,80,True,/home/__compress_data/xushijie/work/cr_scizor/experiments/handback/hb3p_stop_continue_formal_v1/episodes/shard0/FIXED_L60/square__hb3p_stop_continue_formal__800084.npz,False,117,/home/__compress_data/xushijie/work/cr_scizor/experiments/handback/hb3p_stop_continue_formal_v1/episodes/shard0/FIXED_L80/square__hb3p_stop_continue_formal__800084.json,113,False,100,True,/home/__compress_data/xushijie/work/cr_scizor/experiments/handback/hb3p_stop_continue_formal_v1/episodes/shard0/FIXED_L80/square__hb3p_stop_continue_formal__800084.npz,False,040b679569eaab02f577c056fdc85f2049a19af3ad8351fc50d35c7afe46c3d3,square:hb3p_stop_continue_formal:800084,/home/__compress_data/xushijie/work/cr_scizor/experiments/handback/hb3p_stop_continue_formal_v1/roots/rollout_084.npz,800084,square
square:hb4_source:800085,/home/__compress_data/xushijie/work/cr_scizor/experiments/handback/hb3p_stop_continue_formal_v1/roots/payloads/085.npz,False,L60_NOT_GENUINE_HANDOFF,e393a8e4484944910ccdbbdc82438025946e318d9dd4e374a75317307b9fc4f3,False,400,/home/__compress_data/xushijie/work/cr_scizor/experiments/handback/hb3p_stop_continue_formal_v1/episodes/shard1/FIXED_L60/square__hb3p_stop_continue_formal__800085.json,,False,80,False,/home/__compress_data/xushijie/work/cr_scizor/experiments/handback/hb3p_stop_continue_formal_v1/episodes/shard1/FIXED_L60/square__hb3p_stop_continue_formal__800085.npz,False,400,/home/__compress_data/xushijie/work/cr_scizor/experiments/handback/hb3p_stop_continue_formal_v1/episodes/shard1/FIXED_L80/square__hb3p_stop_continue_formal__800085.json,,False,100,False,/home/__compress_data/xushijie/work/cr_scizor/experiments/handback/hb3p_stop_continue_formal_v1/episodes/shard1/FIXED_L80/square__hb3p_stop_continue_formal__800085.npz,False,040b679569eaab02f577c056fdc85f2049a19af3ad8351fc50d35c7afe46c3d3,square:hb3p_stop_continue_formal:800085,/home/__compress_data/xushijie/work/cr_scizor/experiments/handback/hb3p_stop_continue_formal_v1/roots/rollout_085.npz,800085,square
square:hb4_source:800086,/home/__compress_data/xushijie/work/cr_scizor/experiments/handback/hb3p_stop_continue_formal_v1/roots/payloads/086.npz,False,L60_NOT_GENUINE_HANDOFF,f11dc6031336f6c0ef5afca1b7654164c0b68052f896cf086902fcfd217fb75e,False,400,/home/__compress_data/xushijie/work/cr_scizor/experiments/handback/hb3p_stop_continue_formal_v1/episodes/shard2/FIXED_L60/square__hb3p_stop_continue_formal__800086.json,,False,80,False,/home/__compress_data/xushijie/work/cr_scizor/experiments/handback/hb3p_stop_continue_formal_v1/episodes/shard2/FIXED_L60/square__hb3p_stop_continue_formal__800086.npz,True,221,/home/__compress_data/xushijie/work/cr_scizor/experiments/handback/hb3p_stop_continue_formal_v1/episodes/shard2/FIXED_L80/square__hb3p_stop_continue_formal__800086.json,217,True,100,True,/home/__compress_data/xushijie/work/cr_scizor/experiments/handback/hb3p_stop_continue_formal_v1/episodes/shard2/FIXED_L80/square__hb3p_stop_continue_formal__800086.npz,False,040b679569eaab02f577c056fdc85f2049a19af3ad8351fc50d35c7afe46c3d3,square:hb3p_stop_continue_formal:800086,/home/__compress_data/xushijie/work/cr_scizor/experiments/handback/hb3p_stop_continue_formal_v1/roots/rollout_086.npz,800086,square
square:hb4_source:800087,/home/__compress_data/xushijie/work/cr_scizor/experiments/handback/hb3p_stop_continue_formal_v1/roots/payloads/087.npz,False,L60_NOT_GENUINE_HANDOFF,221194171513ac60c9df925f6851735f9812b1c8fda5c6d949567ac545e7edc2,False,400,/home/__compress_data/xushijie/work/cr_scizor/experiments/handback/hb3p_stop_continue_formal_v1/episodes/shard3/FIXED_L60/square__hb3p_stop_continue_formal__800087.json,,False,80,False,/home/__compress_data/xushijie/work/cr_scizor/experiments/handback/hb3p_stop_continue_formal_v1/episodes/shard3/FIXED_L60/square__hb3p_stop_continue_formal__800087.npz,False,400,/home/__compress_data/xushijie/work/cr_scizor/experiments/handback/hb3p_stop_continue_formal_v1/episodes/shard3/FIXED_L80/square__hb3p_stop_continue_formal__800087.json,,False,100,False,/home/__compress_data/xushijie/work/cr_scizor/experiments/handback/hb3p_stop_continue_formal_v1/episodes/shard3/FIXED_L80/square__hb3p_stop_continue_formal__800087.npz,False,040b679569eaab02f577c056fdc85f2049a19af3ad8351fc50d35c7afe46c3d3,square:hb3p_stop_continue_formal:800087,/home/__compress_data/xushijie/work/cr_scizor/experiments/handback/hb3p_stop_continue_formal_v1/roots/rollout_087.npz,800087,square
square:hb4_source:800088,/home/__compress_data/xushijie/work/cr_scizor/experiments/handback/hb3p_stop_continue_formal_v1/roots/payloads/088.npz,False,L60_NOT_GENUINE_HANDOFF,33be75ed8d829a834017c98a8fa3cf557adcf858de1884e334e23952021f467f,False,400,/home/__compress_data/xushijie/work/cr_scizor/experiments/handback/hb3p_stop_continue_formal_v1/episodes/shard4/FIXED_L60/square__hb3p_stop_continue_formal__800088.json,,False,80,False,/home/__compress_data/xushijie/work/cr_scizor/experiments/handback/hb3p_stop_continue_formal_v1/episodes/shard4/FIXED_L60/square__hb3p_stop_continue_formal__800088.npz,False,400,/home/__compress_data/xushijie/work/cr_scizor/experiments/handback/hb3p_stop_continue_formal_v1/episodes/shard4/FIXED_L80/square__hb3p_stop_continue_formal__800088.json,,False,100,False,/home/__compress_data/xushijie/work/cr_scizor/experiments/handback/hb3p_stop_continue_formal_v1/episodes/shard4/FIXED_L80/square__hb3p_stop_continue_formal__800088.npz,False,040b679569eaab02f577c056fdc85f2049a19af3ad8351fc50d35c7afe46c3d3,square:hb3p_stop_continue_formal:800088,/home/__compress_data/xushijie/work/cr_scizor/experiments/handback/hb3p_stop_continue_formal_v1/roots/rollout_088.npz,800088,square
square:hb4_source:800089,/home/__compress_data/xushijie/work/cr_scizor/experiments/handback/hb3p_stop_continue_formal_v1/roots/payloads/089.npz,False,L60_NOT_GENUINE_HANDOFF,e61930eaa36dbf7844b1c59e27bb2974914443c15ba8c0dbb71782e5d11e1c3e,False,400,/home/__compress_data/xushijie/work/cr_scizor/experiments/handback/hb3p_stop_continue_formal_v1/episodes/shard5/FIXED_L60/square__hb3p_stop_continue_formal__800089.json,,False,80,False,/home/__compress_data/xushijie/work/cr_scizor/experiments/handback/hb3p_stop_continue_formal_v1/episodes/shard5/FIXED_L60/square__hb3p_stop_continue_formal__800089.npz,False,400,/home/__compress_data/xushijie/work/cr_scizor/experiments/handback/hb3p_stop_continue_formal_v1/episodes/shard5/FIXED_L80/square__hb3p_stop_continue_formal__800089.json,,False,100,False,/home/__compress_data/xushijie/work/cr_scizor/experiments/handback/hb3p_stop_continue_formal_v1/episodes/shard5/FIXED_L80/square__hb3p_stop_continue_formal__800089.npz,False,040b679569eaab02f577c056fdc85f2049a19af3ad8351fc50d35c7afe46c3d3,square:hb3p_stop_continue_formal:800089,/home/__compress_data/xushijie/work/cr_scizor/experiments/handback/hb3p_stop_continue_formal_v1/roots/rollout_089.npz,800089,square
square:hb4_source:800090,/home/__compress_data/xushijie/work/cr_scizor/experiments/handback/hb3p_stop_continue_formal_v1/roots/payloads/090.npz,False,L60_NOT_GENUINE_HANDOFF,2366f4e0b0423bf209a98663c97d3a31f046b73687b69a1e0fe2c93b236fc941,False,400,/home/__compress_data/xushijie/work/cr_scizor/experiments/handback/hb3p_stop_continue_formal_v1/episodes/shard6/FIXED_L60/square__hb3p_stop_continue_formal__800090.json,,False,80,False,/home/__compress_data/xushijie/work/cr_scizor/experiments/handback/hb3p_stop_continue_formal_v1/episodes/shard6/FIXED_L60/square__hb3p_stop_continue_formal__800090.npz,False,400,/home/__compress_data/xushijie/work/cr_scizor/experiments/handback/hb3p_stop_continue_formal_v1/episodes/shard6/FIXED_L80/square__hb3p_stop_continue_formal__800090.json,,False,100,False,/home/__compress_data/xushijie/work/cr_scizor/experiments/handback/hb3p_stop_continue_formal_v1/episodes/shard6/FIXED_L80/square__hb3p_stop_continue_formal__800090.npz,False,040b679569eaab02f577c056fdc85f2049a19af3ad8351fc50d35c7afe46c3d3,square:hb3p_stop_continue_formal:800090,/home/__compress_data/xushijie/work/cr_scizor/experiments/handback/hb3p_stop_continue_formal_v1/roots/rollout_090.npz,800090,square
square:hb4_source:800091,/home/__compress_data/xushijie/work/cr_scizor/experiments/handback/hb3p_stop_continue_formal_v1/roots/payloads/091.npz,False,L60_NOT_GENUINE_HANDOFF,2d5f24fbd625f1f2e1ae1068b32780373a764df7c31e3050e50e30357c332784,False,400,/home/__compress_data/xushijie/work/cr_scizor/experiments/handback/hb3p_stop_continue_formal_v1/episodes/shard0/FIXED_L60/square__hb3p_stop_continue_formal__800091.json,,False,80,False,/home/__compress_data/xushijie/work/cr_scizor/experiments/handback/hb3p_stop_continue_formal_v1/episodes/shard0/FIXED_L60/square__hb3p_stop_continue_formal__800091.npz,False,400,/home/__compress_data/xushijie/work/cr_scizor/experiments/handback/hb3p_stop_continue_formal_v1/episodes/shard0/FIXED_L80/square__hb3p_stop_continue_formal__800091.json,,False,100,False,/home/__compress_data/xushijie/work/cr_scizor/experiments/handback/hb3p_stop_continue_formal_v1/episodes/shard0/FIXED_L80/square__hb3p_stop_continue_formal__800091.npz,False,040b679569eaab02f577c056fdc85f2049a19af3ad8351fc50d35c7afe46c3d3,square:hb3p_stop_continue_formal:800091,/home/__compress_data/xushijie/work/cr_scizor/experiments/handback/hb3p_stop_continue_formal_v1/roots/rollout_091.npz,800091,square
square:hb4_source:800092,/home/__compress_data/xushijie/work/cr_scizor/experiments/handback/hb3p_stop_continue_formal_v1/roots/payloads/092.npz,False,L60_NOT_GENUINE_HANDOFF,54c6d606e34e0232e470b9712020dab496ffb76e4f0219aec85de8c9e9f92ea8,False,400,/home/__compress_data/xushijie/work/cr_scizor/experiments/handback/hb3p_stop_continue_formal_v1/episodes/shard1/FIXED_L60/square__hb3p_stop_continue_formal__800092.json,,False,80,False,/home/__compress_data/xushijie/work/cr_scizor/experiments/handback/hb3p_stop_continue_formal_v1/episodes/shard1/FIXED_L60/square__hb3p_stop_continue_formal__800092.npz,False,400,/home/__compress_data/xushijie/work/cr_scizor/experiments/handback/hb3p_stop_continue_formal_v1/episodes/shard1/FIXED_L80/square__hb3p_stop_continue_formal__800092.json,,False,100,False,/home/__compress_data/xushijie/work/cr_scizor/experiments/handback/hb3p_stop_continue_formal_v1/episodes/shard1/FIXED_L80/square__hb3p_stop_continue_formal__800092.npz,False,040b679569eaab02f577c056fdc85f2049a19af3ad8351fc50d35c7afe46c3d3,square:hb3p_stop_continue_formal:800092,/home/__compress_data/xushijie/work/cr_scizor/experiments/handback/hb3p_stop_continue_formal_v1/roots/rollout_092.npz,800092,square
square:hb4_source:800093,/home/__compress_data/xushijie/work/cr_scizor/experiments/handback/hb3p_stop_continue_formal_v1/roots/payloads/093.npz,False,L60_NOT_GENUINE_HANDOFF,c178dfd5c9f422144907443e7cd52eafcc3b77dde312d2397695b0e3e2caf052,False,400,/home/__compress_data/xushijie/work/cr_scizor/experiments/handback/hb3p_stop_continue_formal_v1/episodes/shard2/FIXED_L60/square__hb3p_stop_continue_formal__800093.json,,False,80,False,/home/__compress_data/xushijie/work/cr_scizor/experiments/handback/hb3p_stop_continue_formal_v1/episodes/shard2/FIXED_L60/square__hb3p_stop_continue_formal__800093.npz,False,400,/home/__compress_data/xushijie/work/cr_scizor/experiments/handback/hb3p_stop_continue_formal_v1/episodes/shard2/FIXED_L80/square__hb3p_stop_continue_formal__800093.json,,False,100,False,/home/__compress_data/xushijie/work/cr_scizor/experiments/handback/hb3p_stop_continue_formal_v1/episodes/shard2/FIXED_L80/square__hb3p_stop_continue_formal__800093.npz,False,040b679569eaab02f577c056fdc85f2049a19af3ad8351fc50d35c7afe46c3d3,square:hb3p_stop_continue_formal:800093,/home/__compress_data/xushijie/work/cr_scizor/experiments/handback/hb3p_stop_continue_formal_v1/roots/rollout_093.npz,800093,square
square:hb4_source:800094,/home/__compress_data/xushijie/work/cr_scizor/experiments/handback/hb3p_stop_continue_formal_v1/roots/payloads/094.npz,False,L60_NOT_GENUINE_HANDOFF,8045c918326490b65d10511aea95dabdea7ab050ac1d6e3c995f8da7d38d7028,False,400,/home/__compress_data/xushijie/work/cr_scizor/experiments/handback/hb3p_stop_continue_formal_v1/episodes/shard3/FIXED_L60/square__hb3p_stop_continue_formal__800094.json,,False,80,False,/home/__compress_data/xushijie/work/cr_scizor/experiments/handback/hb3p_stop_continue_formal_v1/episodes/shard3/FIXED_L60/square__hb3p_stop_continue_formal__800094.npz,False,400,/home/__compress_data/xushijie/work/cr_scizor/experiments/handback/hb3p_stop_continue_formal_v1/episodes/shard3/FIXED_L80/square__hb3p_stop_continue_formal__800094.json,,False,100,False,/home/__compress_data/xushijie/work/cr_scizor/experiments/handback/hb3p_stop_continue_formal_v1/episodes/shard3/FIXED_L80/square__hb3p_stop_continue_formal__800094.npz,False,040b679569eaab02f577c056fdc85f2049a19af3ad8351fc50d35c7afe46c3d3,square:hb3p_stop_continue_formal:800094,/home/__compress_data/xushijie/work/cr_scizor/experiments/handback/hb3p_stop_continue_formal_v1/roots/rollout_094.npz,800094,square
square:hb4_source:800095,/home/__compress_data/xushijie/work/cr_scizor/experiments/handback/hb3p_stop_continue_formal_v1/roots/payloads/095.npz,False,L60_NOT_GENUINE_HANDOFF,8d5105470108ddde4b740daa3bb069f01c6b525243714460daa7a342d0dbf495,False,400,/home/__compress_data/xushijie/work/cr_scizor/experiments/handback/hb3p_stop_continue_formal_v1/episodes/shard4/FIXED_L60/square__hb3p_stop_continue_formal__800095.json,,False,80,False,/home/__compress_data/xushijie/work/cr_scizor/experiments/handback/hb3p_stop_continue_formal_v1/episodes/shard4/FIXED_L60/square__hb3p_stop_continue_formal__800095.npz,False,400,/home/__compress_data/xushijie/work/cr_scizor/experiments/handback/hb3p_stop_continue_formal_v1/episodes/shard4/FIXED_L80/square__hb3p_stop_continue_formal__800095.json,,False,100,False,/home/__compress_data/xushijie/work/cr_scizor/experiments/handback/hb3p_stop_continue_formal_v1/episodes/shard4/FIXED_L80/square__hb3p_stop_continue_formal__800095.npz,False,040b679569eaab02f577c056fdc85f2049a19af3ad8351fc50d35c7afe46c3d3,square:hb3p_stop_continue_formal:800095,/home/__compress_data/xushijie/work/cr_scizor/experiments/handback/hb3p_stop_continue_formal_v1/roots/rollout_095.npz,800095,square
square:hb4_source:800096,/home/__compress_data/xushijie/work/cr_scizor/experiments/handback/hb3p_stop_continue_formal_v1/roots/payloads/096.npz,False,NONE_SUCCESS,fb2bd5b795d32fabd8e7fd2ffc1214aa0872b4a119abdc5a292344cdffea9469,True,147,/home/__compress_data/xushijie/work/cr_scizor/experiments/handback/hb3p_stop_continue_formal_v1/episodes/shard5/FIXED_L60/square__hb3p_stop_continue_formal__800096.json,143,True,80,True,/home/__compress_data/xushijie/work/cr_scizor/experiments/handback/hb3p_stop_continue_formal_v1/episodes/shard5/FIXED_L60/square__hb3p_stop_continue_formal__800096.npz,True,141,/home/__compress_data/xushijie/work/cr_scizor/experiments/handback/hb3p_stop_continue_formal_v1/episodes/shard5/FIXED_L80/square__hb3p_stop_continue_formal__800096.json,137,True,100,True,/home/__compress_data/xushijie/work/cr_scizor/experiments/handback/hb3p_stop_continue_formal_v1/episodes/shard5/FIXED_L80/square__hb3p_stop_continue_formal__800096.npz,True,040b679569eaab02f577c056fdc85f2049a19af3ad8351fc50d35c7afe46c3d3,square:hb3p_stop_continue_formal:800096,/home/__compress_data/xushijie/work/cr_scizor/experiments/handback/hb3p_stop_continue_formal_v1/roots/rollout_096.npz,800096,square
square:hb4_source:800097,/home/__compress_data/xushijie/work/cr_scizor/experiments/handback/hb3p_stop_continue_formal_v1/roots/payloads/097.npz,False,L60_NOT_GENUINE_HANDOFF,afea85b9374171178a56b3437144d45733ea9789d08b4233d37e6ff65459a03a,False,400,/home/__compress_data/xushijie/work/cr_scizor/experiments/handback/hb3p_stop_continue_formal_v1/episodes/shard6/FIXED_L60/square__hb3p_stop_continue_formal__800097.json,,False,80,False,/home/__compress_data/xushijie/work/cr_scizor/experiments/handback/hb3p_stop_continue_formal_v1/episodes/shard6/FIXED_L60/square__hb3p_stop_continue_formal__800097.npz,False,400,/home/__compress_data/xushijie/work/cr_scizor/experiments/handback/hb3p_stop_continue_formal_v1/episodes/shard6/FIXED_L80/square__hb3p_stop_continue_formal__800097.json,,False,100,False,/home/__compress_data/xushijie/work/cr_scizor/experiments/handback/hb3p_stop_continue_formal_v1/episodes/shard6/FIXED_L80/square__hb3p_stop_continue_formal__800097.npz,False,040b679569eaab02f577c056fdc85f2049a19af3ad8351fc50d35c7afe46c3d3,square:hb3p_stop_continue_formal:800097,/home/__compress_data/xushijie/work/cr_scizor/experiments/handback/hb3p_stop_continue_formal_v1/roots/rollout_097.npz,800097,square
square:hb4_source:800098,/home/__compress_data/xushijie/work/cr_scizor/experiments/handback/hb3p_stop_continue_formal_v1/roots/payloads/098.npz,False,L60_NOT_GENUINE_HANDOFF,1ed94b461b71abb9d564206b62dbee8c8c235542fb0bf2da7e53fec00d8daf15,False,400,/home/__compress_data/xushijie/work/cr_scizor/experiments/handback/hb3p_stop_continue_formal_v1/episodes/shard0/FIXED_L60/square__hb3p_stop_continue_formal__800098.json,,False,80,False,/home/__compress_data/xushijie/work/cr_scizor/experiments/handback/hb3p_stop_continue_formal_v1/episodes/shard0/FIXED_L60/square__hb3p_stop_continue_formal__800098.npz,False,400,/home/__compress_data/xushijie/work/cr_scizor/experiments/handback/hb3p_stop_continue_formal_v1/episodes/shard0/FIXED_L80/square__hb3p_stop_continue_formal__800098.json,,False,100,False,/home/__compress_data/xushijie/work/cr_scizor/experiments/handback/hb3p_stop_continue_formal_v1/episodes/shard0/FIXED_L80/square__hb3p_stop_continue_formal__800098.npz,False,040b679569eaab02f577c056fdc85f2049a19af3ad8351fc50d35c7afe46c3d3,square:hb3p_stop_continue_formal:800098,/home/__compress_data/xushijie/work/cr_scizor/experiments/handback/hb3p_stop_continue_formal_v1/roots/rollout_098.npz,800098,square
square:hb4_source:800099,/home/__compress_data/xushijie/work/cr_scizor/experiments/handback/hb3p_stop_continue_formal_v1/roots/payloads/099.npz,False,L60_NOT_GENUINE_HANDOFF,739111a3e0dab2b2fa9d073ad4f3e1271e6d19ce432aafe9a75dc09237886e05,False,400,/home/__compress_data/xushijie/work/cr_scizor/experiments/handback/hb3p_stop_continue_formal_v1/episodes/shard1/FIXED_L60/square__hb3p_stop_continue_formal__800099.json,,False,80,False,/home/__compress_data/xushijie/work/cr_scizor/experiments/handback/hb3p_stop_continue_formal_v1/episodes/shard1/FIXED_L60/square__hb3p_stop_continue_formal__800099.npz,False,400,/home/__compress_data/xushijie/work/cr_scizor/experiments/handback/hb3p_stop_continue_formal_v1/episodes/shard1/FIXED_L80/square__hb3p_stop_continue_formal__800099.json,,False,100,False,/home/__compress_data/xushijie/work/cr_scizor/experiments/handback/hb3p_stop_continue_formal_v1/episodes/shard1/FIXED_L80/square__hb3p_stop_continue_formal__800099.npz,False,040b679569eaab02f577c056fdc85f2049a19af3ad8351fc50d35c7afe46c3d3,square:hb3p_stop_continue_formal:800099,/home/__compress_data/xushijie/work/cr_scizor/experiments/handback/hb3p_stop_continue_formal_v1/roots/rollout_099.npz,800099,square
square:hb4_source:800100,/home/__compress_data/xushijie/work/cr_scizor/experiments/handback/hb3p_stop_continue_formal_v1/roots/payloads/100.npz,False,L60_NOT_GENUINE_HANDOFF,e0e5c1acc502ffb48a4fad0d2a3dfdb6d096a016b1270db36b8b66d82c4e6adf,False,400,/home/__compress_data/xushijie/work/cr_scizor/experiments/handback/hb3p_stop_continue_formal_v1/episodes/shard2/FIXED_L60/square__hb3p_stop_continue_formal__800100.json,,False,80,False,/home/__compress_data/xushijie/work/cr_scizor/experiments/handback/hb3p_stop_continue_formal_v1/episodes/shard2/FIXED_L60/square__hb3p_stop_continue_formal__800100.npz,False,400,/home/__compress_data/xushijie/work/cr_scizor/experiments/handback/hb3p_stop_continue_formal_v1/episodes/shard2/FIXED_L80/square__hb3p_stop_continue_formal__800100.json,,False,100,False,/home/__compress_data/xushijie/work/cr_scizor/experiments/handback/hb3p_stop_continue_formal_v1/episodes/shard2/FIXED_L80/square__hb3p_stop_continue_formal__800100.npz,False,040b679569eaab02f577c056fdc85f2049a19af3ad8351fc50d35c7afe46c3d3,square:hb3p_stop_continue_formal:800100,/home/__compress_data/xushijie/work/cr_scizor/experiments/handback/hb3p_stop_continue_formal_v1/roots/rollout_100.npz,800100,square
square:hb4_source:800101,/home/__compress_data/xushijie/work/cr_scizor/experiments/handback/hb3p_stop_continue_formal_v1/roots/payloads/101.npz,False,L60_NOT_GENUINE_HANDOFF,691e97bdd27e73ece97fa0704fd9d79300d8ea5e58a245b695f567cafebcd82b,False,400,/home/__compress_data/xushijie/work/cr_scizor/experiments/handback/hb3p_stop_continue_formal_v1/episodes/shard3/FIXED_L60/square__hb3p_stop_continue_formal__800101.json,,False,80,False,/home/__compress_data/xushijie/work/cr_scizor/experiments/handback/hb3p_stop_continue_formal_v1/episodes/shard3/FIXED_L60/square__hb3p_stop_continue_formal__800101.npz,False,400,/home/__compress_data/xushijie/work/cr_scizor/experiments/handback/hb3p_stop_continue_formal_v1/episodes/shard3/FIXED_L80/square__hb3p_stop_continue_formal__800101.json,,False,100,False,/home/__compress_data/xushijie/work/cr_scizor/experiments/handback/hb3p_stop_continue_formal_v1/episodes/shard3/FIXED_L80/square__hb3p_stop_continue_formal__800101.npz,False,040b679569eaab02f577c056fdc85f2049a19af3ad8351fc50d35c7afe46c3d3,square:hb3p_stop_continue_formal:800101,/home/__compress_data/xushijie/work/cr_scizor/experiments/handback/hb3p_stop_continue_formal_v1/roots/rollout_101.npz,800101,square
square:hb4_source:800102,/home/__compress_data/xushijie/work/cr_scizor/experiments/handback/hb3p_stop_continue_formal_v1/roots/payloads/102.npz,False,L60_NOT_GENUINE_HANDOFF,1c202f760a4a7cc2e0fa4712cb06ecfd7b152896b5946224c7a39c3d7f0e5c1d,False,400,/home/__compress_data/xushijie/work/cr_scizor/experiments/handback/hb3p_stop_continue_formal_v1/episodes/shard4/FIXED_L60/square__hb3p_stop_continue_formal__800102.json,,False,80,False,/home/__compress_data/xushijie/work/cr_scizor/experiments/handback/hb3p_stop_continue_formal_v1/episodes/shard4/FIXED_L60/square__hb3p_stop_continue_formal__800102.npz,False,400,/home/__compress_data/xushijie/work/cr_scizor/experiments/handback/hb3p_stop_continue_formal_v1/episodes/shard4/FIXED_L80/square__hb3p_stop_continue_formal__800102.json,,False,100,False,/home/__compress_data/xushijie/work/cr_scizor/experiments/handback/hb3p_stop_continue_formal_v1/episodes/shard4/FIXED_L80/square__hb3p_stop_continue_formal__800102.npz,False,040b679569eaab02f577c056fdc85f2049a19af3ad8351fc50d35c7afe46c3d3,square:hb3p_stop_continue_formal:800102,/home/__compress_data/xushijie/work/cr_scizor/experiments/handback/hb3p_stop_continue_formal_v1/roots/rollout_102.npz,800102,square
square:hb4_source:800103,/home/__compress_data/xushijie/work/cr_scizor/experiments/handback/hb3p_stop_continue_formal_v1/roots/payloads/103.npz,False,L60_NOT_GENUINE_HANDOFF,90bed8a77f0bae46736b965679d3cc5689956c90e2c3bb4ca3a5b9cd8fc7dd69,False,400,/home/__compress_data/xushijie/work/cr_scizor/experiments/handback/hb3p_stop_continue_formal_v1/episodes/shard5/FIXED_L60/square__hb3p_stop_continue_formal__800103.json,,False,80,False,/home/__compress_data/xushijie/work/cr_scizor/experiments/handback/hb3p_stop_continue_formal_v1/episodes/shard5/FIXED_L60/square__hb3p_stop_continue_formal__800103.npz,False,400,/home/__compress_data/xushijie/work/cr_scizor/experiments/handback/hb3p_stop_continue_formal_v1/episodes/shard5/FIXED_L80/square__hb3p_stop_continue_formal__800103.json,,False,100,False,/home/__compress_data/xushijie/work/cr_scizor/experiments/handback/hb3p_stop_continue_formal_v1/episodes/shard5/FIXED_L80/square__hb3p_stop_continue_formal__800103.npz,False,040b679569eaab02f577c056fdc85f2049a19af3ad8351fc50d35c7afe46c3d3,square:hb3p_stop_continue_formal:800103,/home/__compress_data/xushijie/work/cr_scizor/experiments/handback/hb3p_stop_continue_formal_v1/roots/rollout_103.npz,800103,square
square:hb4_source:800104,/home/__compress_data/xushijie/work/cr_scizor/experiments/handback/hb3p_stop_continue_formal_v1/roots/payloads/104.npz,False,L60_NOT_GENUINE_HANDOFF,87bd115b23768816a39bf2467b37ba6c44ee7cd08fa14128ddc06743ba839a81,False,400,/home/__compress_data/xushijie/work/cr_scizor/experiments/handback/hb3p_stop_continue_formal_v1/episodes/shard6/FIXED_L60/square__hb3p_stop_continue_formal__800104.json,,False,80,False,/home/__compress_data/xushijie/work/cr_scizor/experiments/handback/hb3p_stop_continue_formal_v1/episodes/shard6/FIXED_L60/square__hb3p_stop_continue_formal__800104.npz,False,400,/home/__compress_data/xushijie/work/cr_scizor/experiments/handback/hb3p_stop_continue_formal_v1/episodes/shard6/FIXED_L80/square__hb3p_stop_continue_formal__800104.json,,False,100,False,/home/__compress_data/xushijie/work/cr_scizor/experiments/handback/hb3p_stop_continue_formal_v1/episodes/shard6/FIXED_L80/square__hb3p_stop_continue_formal__800104.npz,False,040b679569eaab02f577c056fdc85f2049a19af3ad8351fc50d35c7afe46c3d3,square:hb3p_stop_continue_formal:800104,/home/__compress_data/xushijie/work/cr_scizor/experiments/handback/hb3p_stop_continue_formal_v1/roots/rollout_104.npz,800104,square
square:hb4_source:800105,/home/__compress_data/xushijie/work/cr_scizor/experiments/handback/hb3p_stop_continue_formal_v1/roots/payloads/105.npz,True,,767caaa7a5714602bf64a9193439ccb69ce113f9a01c0467e109595e86e9a539,True,125,/home/__compress_data/xushijie/work/cr_scizor/experiments/handback/hb3p_stop_continue_formal_v1/episodes/shard0/FIXED_L60/square__hb3p_stop_continue_formal__800105.json,121,True,80,True,/home/__compress_data/xushijie/work/cr_scizor/experiments/handback/hb3p_stop_continue_formal_v1/episodes/shard0/FIXED_L60/square__hb3p_stop_continue_formal__800105.npz,True,129,/home/__compress_data/xushijie/work/cr_scizor/experiments/handback/hb3p_stop_continue_formal_v1/episodes/shard0/FIXED_L80/square__hb3p_stop_continue_formal__800105.json,125,True,100,True,/home/__compress_data/xushijie/work/cr_scizor/experiments/handback/hb3p_stop_continue_formal_v1/episodes/shard0/FIXED_L80/square__hb3p_stop_continue_formal__800105.npz,False,040b679569eaab02f577c056fdc85f2049a19af3ad8351fc50d35c7afe46c3d3,square:hb3p_stop_continue_formal:800105,/home/__compress_data/xushijie/work/cr_scizor/experiments/handback/hb3p_stop_continue_formal_v1/roots/rollout_105.npz,800105,square
square:hb4_source:800106,/home/__compress_data/xushijie/work/cr_scizor/experiments/handback/hb3p_stop_continue_formal_v1/roots/payloads/106.npz,False,L60_NOT_GENUINE_HANDOFF,eaec02c5c30542d45fa3c09f561844e07b60d3c2c7c604e8053a5d42f9bb83a0,False,400,/home/__compress_data/xushijie/work/cr_scizor/experiments/handback/hb3p_stop_continue_formal_v1/episodes/shard1/FIXED_L60/square__hb3p_stop_continue_formal__800106.json,,False,80,False,/home/__compress_data/xushijie/work/cr_scizor/experiments/handback/hb3p_stop_continue_formal_v1/episodes/shard1/FIXED_L60/square__hb3p_stop_continue_formal__800106.npz,False,400,/home/__compress_data/xushijie/work/cr_scizor/experiments/handback/hb3p_stop_continue_formal_v1/episodes/shard1/FIXED_L80/square__hb3p_stop_continue_formal__800106.json,,False,100,False,/home/__compress_data/xushijie/work/cr_scizor/experiments/handback/hb3p_stop_continue_formal_v1/episodes/shard1/FIXED_L80/square__hb3p_stop_continue_formal__800106.npz,False,040b679569eaab02f577c056fdc85f2049a19af3ad8351fc50d35c7afe46c3d3,square:hb3p_stop_continue_formal:800106,/home/__compress_data/xushijie/work/cr_scizor/experiments/handback/hb3p_stop_continue_formal_v1/roots/rollout_106.npz,800106,square
square:hb4_source:800107,/home/__compress_data/xushijie/work/cr_scizor/experiments/handback/hb3p_stop_continue_formal_v1/roots/payloads/107.npz,False,L60_NOT_GENUINE_HANDOFF,20320a3e283bac0b00593bef3d5f1810f57be7a73d674c9eae789345aae29d45,False,400,/home/__compress_data/xushijie/work/cr_scizor/experiments/handback/hb3p_stop_continue_formal_v1/episodes/shard2/FIXED_L60/square__hb3p_stop_continue_formal__800107.json,,False,80,False,/home/__compress_data/xushijie/work/cr_scizor/experiments/handback/hb3p_stop_continue_formal_v1/episodes/shard2/FIXED_L60/square__hb3p_stop_continue_formal__800107.npz,False,400,/home/__compress_data/xushijie/work/cr_scizor/experiments/handback/hb3p_stop_continue_formal_v1/episodes/shard2/FIXED_L80/square__hb3p_stop_continue_formal__800107.json,,False,100,False,/home/__compress_data/xushijie/work/cr_scizor/experiments/handback/hb3p_stop_continue_formal_v1/episodes/shard2/FIXED_L80/square__hb3p_stop_continue_formal__800107.npz,False,040b679569eaab02f577c056fdc85f2049a19af3ad8351fc50d35c7afe46c3d3,square:hb3p_stop_continue_formal:800107,/home/__compress_data/xushijie/work/cr_scizor/experiments/handback/hb3p_stop_continue_formal_v1/roots/rollout_107.npz,800107,square
square:hb4_source:800108,/home/__compress_data/xushijie/work/cr_scizor/experiments/handback/hb3p_stop_continue_formal_v1/roots/payloads/108.npz,False,L60_NOT_GENUINE_HANDOFF,4df6a716b8cf42a1bec805f5e54ed02a3bd6c4b1bd74dbae05c52f49551685d7,False,400,/home/__compress_data/xushijie/work/cr_scizor/experiments/handback/hb3p_stop_continue_formal_v1/episodes/shard3/FIXED_L60/square__hb3p_stop_continue_formal__800108.json,,False,80,False,/home/__compress_data/xushijie/work/cr_scizor/experiments/handback/hb3p_stop_continue_formal_v1/episodes/shard3/FIXED_L60/square__hb3p_stop_continue_formal__800108.npz,False,400,/home/__compress_data/xushijie/work/cr_scizor/experiments/handback/hb3p_stop_continue_formal_v1/episodes/shard3/FIXED_L80/square__hb3p_stop_continue_formal__800108.json,,False,100,False,/home/__compress_data/xushijie/work/cr_scizor/experiments/handback/hb3p_stop_continue_formal_v1/episodes/shard3/FIXED_L80/square__hb3p_stop_continue_formal__800108.npz,False,040b679569eaab02f577c056fdc85f2049a19af3ad8351fc50d35c7afe46c3d3,square:hb3p_stop_continue_formal:800108,/home/__compress_data/xushijie/work/cr_scizor/experiments/handback/hb3p_stop_continue_formal_v1/roots/rollout_108.npz,800108,square
square:hb4_source:800109,/home/__compress_data/xushijie/work/cr_scizor/experiments/handback/hb3p_stop_continue_formal_v1/roots/payloads/109.npz,True,,f92a22c78ae0e0b7c3ddc881e433c9382a973b2924cf1da440909231818b3b61,True,149,/home/__compress_data/xushijie/work/cr_scizor/experiments/handback/hb3p_stop_continue_formal_v1/episodes/shard4/FIXED_L60/square__hb3p_stop_continue_formal__800109.json,145,True,80,True,/home/__compress_data/xushijie/work/cr_scizor/experiments/handback/hb3p_stop_continue_formal_v1/episodes/shard4/FIXED_L60/square__hb3p_stop_continue_formal__800109.npz,True,229,/home/__compress_data/xushijie/work/cr_scizor/experiments/handback/hb3p_stop_continue_formal_v1/episodes/shard4/FIXED_L80/square__hb3p_stop_continue_formal__800109.json,225,True,100,True,/home/__compress_data/xushijie/work/cr_scizor/experiments/handback/hb3p_stop_continue_formal_v1/episodes/shard4/FIXED_L80/square__hb3p_stop_continue_formal__800109.npz,False,040b679569eaab02f577c056fdc85f2049a19af3ad8351fc50d35c7afe46c3d3,square:hb3p_stop_continue_formal:800109,/home/__compress_data/xushijie/work/cr_scizor/experiments/handback/hb3p_stop_continue_formal_v1/roots/rollout_109.npz,800109,square
square:hb4_source:800110,/home/__compress_data/xushijie/work/cr_scizor/experiments/handback/hb3p_stop_continue_formal_v1/roots/payloads/110.npz,False,L60_NOT_GENUINE_HANDOFF,0c20c55f961232aa525991887e3527b8a99ad8d5537ada4e450454ee0021290c,False,400,/home/__compress_data/xushijie/work/cr_scizor/experiments/handback/hb3p_stop_continue_formal_v1/episodes/shard5/FIXED_L60/square__hb3p_stop_continue_formal__800110.json,,False,80,False,/home/__compress_data/xushijie/work/cr_scizor/experiments/handback/hb3p_stop_continue_formal_v1/episodes/shard5/FIXED_L60/square__hb3p_stop_continue_formal__800110.npz,True,156,/home/__compress_data/xushijie/work/cr_scizor/experiments/handback/hb3p_stop_continue_formal_v1/episodes/shard5/FIXED_L80/square__hb3p_stop_continue_formal__800110.json,152,True,100,True,/home/__compress_data/xushijie/work/cr_scizor/experiments/handback/hb3p_stop_continue_formal_v1/episodes/shard5/FIXED_L80/square__hb3p_stop_continue_formal__800110.npz,False,040b679569eaab02f577c056fdc85f2049a19af3ad8351fc50d35c7afe46c3d3,square:hb3p_stop_continue_formal:800110,/home/__compress_data/xushijie/work/cr_scizor/experiments/handback/hb3p_stop_continue_formal_v1/roots/rollout_110.npz,800110,square
square:hb4_source:800111,/home/__compress_data/xushijie/work/cr_scizor/experiments/handback/hb3p_stop_continue_formal_v1/roots/payloads/111.npz,False,L60_NOT_GENUINE_HANDOFF,86b9112b13e53555c7163f32463c996ac03b6ea31bfb277e5769cf668ae0dbf3,False,400,/home/__compress_data/xushijie/work/cr_scizor/experiments/handback/hb3p_stop_continue_formal_v1/episodes/shard6/FIXED_L60/square__hb3p_stop_continue_formal__800111.json,,False,80,False,/home/__compress_data/xushijie/work/cr_scizor/experiments/handback/hb3p_stop_continue_formal_v1/episodes/shard6/FIXED_L60/square__hb3p_stop_continue_formal__800111.npz,False,400,/home/__compress_data/xushijie/work/cr_scizor/experiments/handback/hb3p_stop_continue_formal_v1/episodes/shard6/FIXED_L80/square__hb3p_stop_continue_formal__800111.json,,False,100,False,/home/__compress_data/xushijie/work/cr_scizor/experiments/handback/hb3p_stop_continue_formal_v1/episodes/shard6/FIXED_L80/square__hb3p_stop_continue_formal__800111.npz,False,040b679569eaab02f577c056fdc85f2049a19af3ad8351fc50d35c7afe46c3d3,square:hb3p_stop_continue_formal:800111,/home/__compress_data/xushijie/work/cr_scizor/experiments/handback/hb3p_stop_continue_formal_v1/roots/rollout_111.npz,800111,square
square:hb4_source:800112,/home/__compress_data/xushijie/work/cr_scizor/experiments/handback/hb3p_stop_continue_formal_v1/roots/payloads/112.npz,False,L60_NOT_GENUINE_HANDOFF,9ae3816d12f2000f52e5d830dac998b0d82700504fdb5a1956748622810f6bcd,False,400,/home/__compress_data/xushijie/work/cr_scizor/experiments/handback/hb3p_stop_continue_formal_v1/episodes/shard0/FIXED_L60/square__hb3p_stop_continue_formal__800112.json,,False,80,False,/home/__compress_data/xushijie/work/cr_scizor/experiments/handback/hb3p_stop_continue_formal_v1/episodes/shard0/FIXED_L60/square__hb3p_stop_continue_formal__800112.npz,True,400,/home/__compress_data/xushijie/work/cr_scizor/experiments/handback/hb3p_stop_continue_formal_v1/episodes/shard0/FIXED_L80/square__hb3p_stop_continue_formal__800112.json,396,True,100,True,/home/__compress_data/xushijie/work/cr_scizor/experiments/handback/hb3p_stop_continue_formal_v1/episodes/shard0/FIXED_L80/square__hb3p_stop_continue_formal__800112.npz,False,040b679569eaab02f577c056fdc85f2049a19af3ad8351fc50d35c7afe46c3d3,square:hb3p_stop_continue_formal:800112,/home/__compress_data/xushijie/work/cr_scizor/experiments/handback/hb3p_stop_continue_formal_v1/roots/rollout_112.npz,800112,square
square:hb4_source:800113,/home/__compress_data/xushijie/work/cr_scizor/experiments/handback/hb3p_stop_continue_formal_v1/roots/payloads/113.npz,False,L60_NOT_GENUINE_HANDOFF,708d8c93dad64635d05948b1261ef3952451b601eb66ff0b4eac5359157e0f26,False,400,/home/__compress_data/xushijie/work/cr_scizor/experiments/handback/hb3p_stop_continue_formal_v1/episodes/shard1/FIXED_L60/square__hb3p_stop_continue_formal__800113.json,,False,80,False,/home/__compress_data/xushijie/work/cr_scizor/experiments/handback/hb3p_stop_continue_formal_v1/episodes/shard1/FIXED_L60/square__hb3p_stop_continue_formal__800113.npz,False,400,/home/__compress_data/xushijie/work/cr_scizor/experiments/handback/hb3p_stop_continue_formal_v1/episodes/shard1/FIXED_L80/square__hb3p_stop_continue_formal__800113.json,,False,100,False,/home/__compress_data/xushijie/work/cr_scizor/experiments/handback/hb3p_stop_continue_formal_v1/episodes/shard1/FIXED_L80/square__hb3p_stop_continue_formal__800113.npz,False,040b679569eaab02f577c056fdc85f2049a19af3ad8351fc50d35c7afe46c3d3,square:hb3p_stop_continue_formal:800113,/home/__compress_data/xushijie/work/cr_scizor/experiments/handback/hb3p_stop_continue_formal_v1/roots/rollout_113.npz,800113,square
square:hb4_source:800114,/home/__compress_data/xushijie/work/cr_scizor/experiments/handback/hb3p_stop_continue_formal_v1/roots/payloads/114.npz,False,L60_NOT_GENUINE_HANDOFF,6cf8ac211a4d8ebec9b0ccf362387ea6cc9988e3275c88349d36e320527d958a,False,400,/home/__compress_data/xushijie/work/cr_scizor/experiments/handback/hb3p_stop_continue_formal_v1/episodes/shard2/FIXED_L60/square__hb3p_stop_continue_formal__800114.json,,False,80,False,/home/__compress_data/xushijie/work/cr_scizor/experiments/handback/hb3p_stop_continue_formal_v1/episodes/shard2/FIXED_L60/square__hb3p_stop_continue_formal__800114.npz,False,400,/home/__compress_data/xushijie/work/cr_scizor/experiments/handback/hb3p_stop_continue_formal_v1/episodes/shard2/FIXED_L80/square__hb3p_stop_continue_formal__800114.json,,False,100,False,/home/__compress_data/xushijie/work/cr_scizor/experiments/handback/hb3p_stop_continue_formal_v1/episodes/shard2/FIXED_L80/square__hb3p_stop_continue_formal__800114.npz,False,040b679569eaab02f577c056fdc85f2049a19af3ad8351fc50d35c7afe46c3d3,square:hb3p_stop_continue_formal:800114,/home/__compress_data/xushijie/work/cr_scizor/experiments/handback/hb3p_stop_continue_formal_v1/roots/rollout_114.npz,800114,square
square:hb4_source:800115,/home/__compress_data/xushijie/work/cr_scizor/experiments/handback/hb3p_stop_continue_formal_v1/roots/payloads/115.npz,False,L60_NOT_GENUINE_HANDOFF,a30fad329382c62a768bfc67ce7c092eed0bfadadeb549062540da18e6ce0afd,False,400,/home/__compress_data/xushijie/work/cr_scizor/experiments/handback/hb3p_stop_continue_formal_v1/episodes/shard3/FIXED_L60/square__hb3p_stop_continue_formal__800115.json,,False,80,False,/home/__compress_data/xushijie/work/cr_scizor/experiments/handback/hb3p_stop_continue_formal_v1/episodes/shard3/FIXED_L60/square__hb3p_stop_continue_formal__800115.npz,False,400,/home/__compress_data/xushijie/work/cr_scizor/experiments/handback/hb3p_stop_continue_formal_v1/episodes/shard3/FIXED_L80/square__hb3p_stop_continue_formal__800115.json,,False,100,False,/home/__compress_data/xushijie/work/cr_scizor/experiments/handback/hb3p_stop_continue_formal_v1/episodes/shard3/FIXED_L80/square__hb3p_stop_continue_formal__800115.npz,False,040b679569eaab02f577c056fdc85f2049a19af3ad8351fc50d35c7afe46c3d3,square:hb3p_stop_continue_formal:800115,/home/__compress_data/xushijie/work/cr_scizor/experiments/handback/hb3p_stop_continue_formal_v1/roots/rollout_115.npz,800115,square
square:hb4_source:800116,/home/__compress_data/xushijie/work/cr_scizor/experiments/handback/hb3p_stop_continue_formal_v1/roots/payloads/116.npz,False,L60_NOT_GENUINE_HANDOFF,a7f6e05ab0bf150a65344c6d503bb4f75320382682602d042fe023403ffa346e,False,400,/home/__compress_data/xushijie/work/cr_scizor/experiments/handback/hb3p_stop_continue_formal_v1/episodes/shard4/FIXED_L60/square__hb3p_stop_continue_formal__800116.json,,False,80,False,/home/__compress_data/xushijie/work/cr_scizor/experiments/handback/hb3p_stop_continue_formal_v1/episodes/shard4/FIXED_L60/square__hb3p_stop_continue_formal__800116.npz,False,400,/home/__compress_data/xushijie/work/cr_scizor/experiments/handback/hb3p_stop_continue_formal_v1/episodes/shard4/FIXED_L80/square__hb3p_stop_continue_formal__800116.json,,False,100,False,/home/__compress_data/xushijie/work/cr_scizor/experiments/handback/hb3p_stop_continue_formal_v1/episodes/shard4/FIXED_L80/square__hb3p_stop_continue_formal__800116.npz,False,040b679569eaab02f577c056fdc85f2049a19af3ad8351fc50d35c7afe46c3d3,square:hb3p_stop_continue_formal:800116,/home/__compress_data/xushijie/work/cr_scizor/experiments/handback/hb3p_stop_continue_formal_v1/roots/rollout_116.npz,800116,square
square:hb4_source:800117,/home/__compress_data/xushijie/work/cr_scizor/experiments/handback/hb3p_stop_continue_formal_v1/roots/payloads/117.npz,False,L60_NOT_GENUINE_HANDOFF,39cd23c6e7153f6c1f2025537bfd4ad6c15ef8444010c552cdd09b3e48a0ecbd,False,400,/home/__compress_data/xushijie/work/cr_scizor/experiments/handback/hb3p_stop_continue_formal_v1/episodes/shard5/FIXED_L60/square__hb3p_stop_continue_formal__800117.json,,False,80,False,/home/__compress_data/xushijie/work/cr_scizor/experiments/handback/hb3p_stop_continue_formal_v1/episodes/shard5/FIXED_L60/square__hb3p_stop_continue_formal__800117.npz,False,400,/home/__compress_data/xushijie/work/cr_scizor/experiments/handback/hb3p_stop_continue_formal_v1/episodes/shard5/FIXED_L80/square__hb3p_stop_continue_formal__800117.json,,False,100,False,/home/__compress_data/xushijie/work/cr_scizor/experiments/handback/hb3p_stop_continue_formal_v1/episodes/shard5/FIXED_L80/square__hb3p_stop_continue_formal__800117.npz,False,040b679569eaab02f577c056fdc85f2049a19af3ad8351fc50d35c7afe46c3d3,square:hb3p_stop_continue_formal:800117,/home/__compress_data/xushijie/work/cr_scizor/experiments/handback/hb3p_stop_continue_formal_v1/roots/rollout_117.npz,800117,square
square:hb4_source:800118,/home/__compress_data/xushijie/work/cr_scizor/experiments/handback/hb3p_stop_continue_formal_v1/roots/payloads/118.npz,False,L60_NOT_GENUINE_HANDOFF,3f4e9c7453e04b1a93a516646a30e140aff053abba4a09964d4bd675341691f9,False,400,/home/__compress_data/xushijie/work/cr_scizor/experiments/handback/hb3p_stop_continue_formal_v1/episodes/shard6/FIXED_L60/square__hb3p_stop_continue_formal__800118.json,,False,80,False,/home/__compress_data/xushijie/work/cr_scizor/experiments/handback/hb3p_stop_continue_formal_v1/episodes/shard6/FIXED_L60/square__hb3p_stop_continue_formal__800118.npz,False,400,/home/__compress_data/xushijie/work/cr_scizor/experiments/handback/hb3p_stop_continue_formal_v1/episodes/shard6/FIXED_L80/square__hb3p_stop_continue_formal__800118.json,,False,100,False,/home/__compress_data/xushijie/work/cr_scizor/experiments/handback/hb3p_stop_continue_formal_v1/episodes/shard6/FIXED_L80/square__hb3p_stop_continue_formal__800118.npz,False,040b679569eaab02f577c056fdc85f2049a19af3ad8351fc50d35c7afe46c3d3,square:hb3p_stop_continue_formal:800118,/home/__compress_data/xushijie/work/cr_scizor/experiments/handback/hb3p_stop_continue_formal_v1/roots/rollout_118.npz,800118,square
square:hb4_source:800119,/home/__compress_data/xushijie/work/cr_scizor/experiments/handback/hb3p_stop_continue_formal_v1/roots/payloads/119.npz,False,L60_NOT_GENUINE_HANDOFF,5a6d3078ab367f2522402ef84150561d8d9fdfd137f990e90f7ab14b2ce424ee,False,400,/home/__compress_data/xushijie/work/cr_scizor/experiments/handback/hb3p_stop_continue_formal_v1/episodes/shard0/FIXED_L60/square__hb3p_stop_continue_formal__800119.json,,False,80,False,/home/__compress_data/xushijie/work/cr_scizor/experiments/handback/hb3p_stop_continue_formal_v1/episodes/shard0/FIXED_L60/square__hb3p_stop_continue_formal__800119.npz,False,400,/home/__compress_data/xushijie/work/cr_scizor/experiments/handback/hb3p_stop_continue_formal_v1/episodes/shard0/FIXED_L80/square__hb3p_stop_continue_formal__800119.json,,False,100,False,/home/__compress_data/xushijie/work/cr_scizor/experiments/handback/hb3p_stop_continue_formal_v1/episodes/shard0/FIXED_L80/square__hb3p_stop_continue_formal__800119.npz,False,040b679569eaab02f577c056fdc85f2049a19af3ad8351fc50d35c7afe46c3d3,square:hb3p_stop_continue_formal:800119,/home/__compress_data/xushijie/work/cr_scizor/experiments/handback/hb3p_stop_continue_formal_v1/roots/rollout_119.npz,800119,square
square:hb4_source:800120,/home/__compress_data/xushijie/work/cr_scizor/experiments/handback/hb3p_stop_continue_formal_v1/roots/payloads/120.npz,False,L60_NOT_GENUINE_HANDOFF,e1679e33eb6a0519626498154ab2d2a82c91da6ab309efda413423feb72a3e04,False,400,/home/__compress_data/xushijie/work/cr_scizor/experiments/handback/hb3p_stop_continue_formal_v1/episodes/shard1/FIXED_L60/square__hb3p_stop_continue_formal__800120.json,,False,80,False,/home/__compress_data/xushijie/work/cr_scizor/experiments/handback/hb3p_stop_continue_formal_v1/episodes/shard1/FIXED_L60/square__hb3p_stop_continue_formal__800120.npz,False,400,/home/__compress_data/xushijie/work/cr_scizor/experiments/handback/hb3p_stop_continue_formal_v1/episodes/shard1/FIXED_L80/square__hb3p_stop_continue_formal__800120.json,,False,100,False,/home/__compress_data/xushijie/work/cr_scizor/experiments/handback/hb3p_stop_continue_formal_v1/episodes/shard1/FIXED_L80/square__hb3p_stop_continue_formal__800120.npz,False,040b679569eaab02f577c056fdc85f2049a19af3ad8351fc50d35c7afe46c3d3,square:hb3p_stop_continue_formal:800120,/home/__compress_data/xushijie/work/cr_scizor/experiments/handback/hb3p_stop_continue_formal_v1/roots/rollout_120.npz,800120,square
square:hb4_source:800121,/home/__compress_data/xushijie/work/cr_scizor/experiments/handback/hb3p_stop_continue_formal_v1/roots/payloads/121.npz,False,NONE_SUCCESS;L60_NOT_GENUINE_HANDOFF,a9ba3f5850fba98b131a17283f8e655cf5e30abd9accec62d34a0ec60b10ca31,False,400,/home/__compress_data/xushijie/work/cr_scizor/experiments/handback/hb3p_stop_continue_formal_v1/episodes/shard2/FIXED_L60/square__hb3p_stop_continue_formal__800121.json,,False,80,False,/home/__compress_data/xushijie/work/cr_scizor/experiments/handback/hb3p_stop_continue_formal_v1/episodes/shard2/FIXED_L60/square__hb3p_stop_continue_formal__800121.npz,False,400,/home/__compress_data/xushijie/work/cr_scizor/experiments/handback/hb3p_stop_continue_formal_v1/episodes/shard2/FIXED_L80/square__hb3p_stop_continue_formal__800121.json,,False,100,False,/home/__compress_data/xushijie/work/cr_scizor/experiments/handback/hb3p_stop_continue_formal_v1/episodes/shard2/FIXED_L80/square__hb3p_stop_continue_formal__800121.npz,True,040b679569eaab02f577c056fdc85f2049a19af3ad8351fc50d35c7afe46c3d3,square:hb3p_stop_continue_formal:800121,/home/__compress_data/xushijie/work/cr_scizor/experiments/handback/hb3p_stop_continue_formal_v1/roots/rollout_121.npz,800121,square
square:hb4_source:800122,/home/__compress_data/xushijie/work/cr_scizor/experiments/handback/hb3p_stop_continue_formal_v1/roots/payloads/122.npz,False,L60_NOT_GENUINE_HANDOFF,1bbc350d13e8554e21c9462973fda267788e92bd2567159e447e814badd10b33,False,400,/home/__compress_data/xushijie/work/cr_scizor/experiments/handback/hb3p_stop_continue_formal_v1/episodes/shard3/FIXED_L60/square__hb3p_stop_continue_formal__800122.json,,False,80,False,/home/__compress_data/xushijie/work/cr_scizor/experiments/handback/hb3p_stop_continue_formal_v1/episodes/shard3/FIXED_L60/square__hb3p_stop_continue_formal__800122.npz,False,400,/home/__compress_data/xushijie/work/cr_scizor/experiments/handback/hb3p_stop_continue_formal_v1/episodes/shard3/FIXED_L80/square__hb3p_stop_continue_formal__800122.json,,False,100,False,/home/__compress_data/xushijie/work/cr_scizor/experiments/handback/hb3p_stop_continue_formal_v1/episodes/shard3/FIXED_L80/square__hb3p_stop_continue_formal__800122.npz,False,040b679569eaab02f577c056fdc85f2049a19af3ad8351fc50d35c7afe46c3d3,square:hb3p_stop_continue_formal:800122,/home/__compress_data/xushijie/work/cr_scizor/experiments/handback/hb3p_stop_continue_formal_v1/roots/rollout_122.npz,800122,square
square:hb4_source:800123,/home/__compress_data/xushijie/work/cr_scizor/experiments/handback/hb3p_stop_continue_formal_v1/roots/payloads/123.npz,True,,b54c4b7e439662f48912a4c36486ce2f9b69374ce60727064975250112d37f54,True,126,/home/__compress_data/xushijie/work/cr_scizor/experiments/handback/hb3p_stop_continue_formal_v1/episodes/shard4/FIXED_L60/square__hb3p_stop_continue_formal__800123.json,122,True,80,True,/home/__compress_data/xushijie/work/cr_scizor/experiments/handback/hb3p_stop_continue_formal_v1/episodes/shard4/FIXED_L60/square__hb3p_stop_continue_formal__800123.npz,True,177,/home/__compress_data/xushijie/work/cr_scizor/experiments/handback/hb3p_stop_continue_formal_v1/episodes/shard4/FIXED_L80/square__hb3p_stop_continue_formal__800123.json,173,True,100,True,/home/__compress_data/xushijie/work/cr_scizor/experiments/handback/hb3p_stop_continue_formal_v1/episodes/shard4/FIXED_L80/square__hb3p_stop_continue_formal__800123.npz,False,040b679569eaab02f577c056fdc85f2049a19af3ad8351fc50d35c7afe46c3d3,square:hb3p_stop_continue_formal:800123,/home/__compress_data/xushijie/work/cr_scizor/experiments/handback/hb3p_stop_continue_formal_v1/roots/rollout_123.npz,800123,square
square:hb4_source:800124,/home/__compress_data/xushijie/work/cr_scizor/experiments/handback/hb3p_stop_continue_formal_v1/roots/payloads/124.npz,False,L60_NOT_GENUINE_HANDOFF,5bd5cd33d452d90bd93d75dfbe71da096787695b7e26f5409a882b95144e095d,False,400,/home/__compress_data/xushijie/work/cr_scizor/experiments/handback/hb3p_stop_continue_formal_v1/episodes/shard5/FIXED_L60/square__hb3p_stop_continue_formal__800124.json,,False,80,False,/home/__compress_data/xushijie/work/cr_scizor/experiments/handback/hb3p_stop_continue_formal_v1/episodes/shard5/FIXED_L60/square__hb3p_stop_continue_formal__800124.npz,False,400,/home/__compress_data/xushijie/work/cr_scizor/experiments/handback/hb3p_stop_continue_formal_v1/episodes/shard5/FIXED_L80/square__hb3p_stop_continue_formal__800124.json,,False,100,False,/home/__compress_data/xushijie/work/cr_scizor/experiments/handback/hb3p_stop_continue_formal_v1/episodes/shard5/FIXED_L80/square__hb3p_stop_continue_formal__800124.npz,False,040b679569eaab02f577c056fdc85f2049a19af3ad8351fc50d35c7afe46c3d3,square:hb3p_stop_continue_formal:800124,/home/__compress_data/xushijie/work/cr_scizor/experiments/handback/hb3p_stop_continue_formal_v1/roots/rollout_124.npz,800124,square
square:hb4_source:800125,/home/__compress_data/xushijie/work/cr_scizor/experiments/handback/hb3p_stop_continue_formal_v1/roots/payloads/125.npz,True,,9f5e93dd89f278497733675dc8b008ea276b02b25b6c441c846d08d7871a58c7,True,173,/home/__compress_data/xushijie/work/cr_scizor/experiments/handback/hb3p_stop_continue_formal_v1/episodes/shard6/FIXED_L60/square__hb3p_stop_continue_formal__800125.json,169,True,80,True,/home/__compress_data/xushijie/work/cr_scizor/experiments/handback/hb3p_stop_continue_formal_v1/episodes/shard6/FIXED_L60/square__hb3p_stop_continue_formal__800125.npz,True,308,/home/__compress_data/xushijie/work/cr_scizor/experiments/handback/hb3p_stop_continue_formal_v1/episodes/shard6/FIXED_L80/square__hb3p_stop_continue_formal__800125.json,304,True,100,True,/home/__compress_data/xushijie/work/cr_scizor/experiments/handback/hb3p_stop_continue_formal_v1/episodes/shard6/FIXED_L80/square__hb3p_stop_continue_formal__800125.npz,False,040b679569eaab02f577c056fdc85f2049a19af3ad8351fc50d35c7afe46c3d3,square:hb3p_stop_continue_formal:800125,/home/__compress_data/xushijie/work/cr_scizor/experiments/handback/hb3p_stop_continue_formal_v1/roots/rollout_125.npz,800125,square
square:hb4_source:800126,/home/__compress_data/xushijie/work/cr_scizor/experiments/handback/hb3p_stop_continue_formal_v1/roots/payloads/126.npz,False,L60_NOT_GENUINE_HANDOFF,581227ffa21b03a180a9d2c5168f3d7df756cde778e7ad6f3d60b63780a0bfeb,False,400,/home/__compress_data/xushijie/work/cr_scizor/experiments/handback/hb3p_stop_continue_formal_v1/episodes/shard0/FIXED_L60/square__hb3p_stop_continue_formal__800126.json,,False,80,False,/home/__compress_data/xushijie/work/cr_scizor/experiments/handback/hb3p_stop_continue_formal_v1/episodes/shard0/FIXED_L60/square__hb3p_stop_continue_formal__800126.npz,False,400,/home/__compress_data/xushijie/work/cr_scizor/experiments/handback/hb3p_stop_continue_formal_v1/episodes/shard0/FIXED_L80/square__hb3p_stop_continue_formal__800126.json,,False,100,False,/home/__compress_data/xushijie/work/cr_scizor/experiments/handback/hb3p_stop_continue_formal_v1/episodes/shard0/FIXED_L80/square__hb3p_stop_continue_formal__800126.npz,False,040b679569eaab02f577c056fdc85f2049a19af3ad8351fc50d35c7afe46c3d3,square:hb3p_stop_continue_formal:800126,/home/__compress_data/xushijie/work/cr_scizor/experiments/handback/hb3p_stop_continue_formal_v1/roots/rollout_126.npz,800126,square
square:hb4_source:800127,/home/__compress_data/xushijie/work/cr_scizor/experiments/handback/hb3p_stop_continue_formal_v1/roots/payloads/127.npz,False,NONE_SUCCESS,6d57dd8991325aa1a4d12723b4a742fb2fa82e3e873f0eba1a58004527d539f1,True,241,/home/__compress_data/xushijie/work/cr_scizor/experiments/handback/hb3p_stop_continue_formal_v1/episodes/shard1/FIXED_L60/square__hb3p_stop_continue_formal__800127.json,237,True,80,True,/home/__compress_data/xushijie/work/cr_scizor/experiments/handback/hb3p_stop_continue_formal_v1/episodes/shard1/FIXED_L60/square__hb3p_stop_continue_formal__800127.npz,False,400,/home/__compress_data/xushijie/work/cr_scizor/experiments/handback/hb3p_stop_continue_formal_v1/episodes/shard1/FIXED_L80/square__hb3p_stop_continue_formal__800127.json,,False,100,False,/home/__compress_data/xushijie/work/cr_scizor/experiments/handback/hb3p_stop_continue_formal_v1/episodes/shard1/FIXED_L80/square__hb3p_stop_continue_formal__800127.npz,True,040b679569eaab02f577c056fdc85f2049a19af3ad8351fc50d35c7afe46c3d3,square:hb3p_stop_continue_formal:800127,/home/__compress_data/xushijie/work/cr_scizor/experiments/handback/hb3p_stop_continue_formal_v1/roots/rollout_127.npz,800127,square
square:hb4_source:800128,/home/__compress_data/xushijie/work/cr_scizor/experiments/handback/hb3p_stop_continue_formal_v1/roots/payloads/128.npz,False,L60_NOT_GENUINE_HANDOFF,2f7656b923f01bdd5e2e66e33f7f178987a47ccb8b33da10e33b22a1663bba48,False,400,/home/__compress_data/xushijie/work/cr_scizor/experiments/handback/hb3p_stop_continue_formal_v1/episodes/shard2/FIXED_L60/square__hb3p_stop_continue_formal__800128.json,,False,80,False,/home/__compress_data/xushijie/work/cr_scizor/experiments/handback/hb3p_stop_continue_formal_v1/episodes/shard2/FIXED_L60/square__hb3p_stop_continue_formal__800128.npz,False,400,/home/__compress_data/xushijie/work/cr_scizor/experiments/handback/hb3p_stop_continue_formal_v1/episodes/shard2/FIXED_L80/square__hb3p_stop_continue_formal__800128.json,,False,100,False,/home/__compress_data/xushijie/work/cr_scizor/experiments/handback/hb3p_stop_continue_formal_v1/episodes/shard2/FIXED_L80/square__hb3p_stop_continue_formal__800128.npz,False,040b679569eaab02f577c056fdc85f2049a19af3ad8351fc50d35c7afe46c3d3,square:hb3p_stop_continue_formal:800128,/home/__compress_data/xushijie/work/cr_scizor/experiments/handback/hb3p_stop_continue_formal_v1/roots/rollout_128.npz,800128,square
square:hb4_source:800129,/home/__compress_data/xushijie/work/cr_scizor/experiments/handback/hb3p_stop_continue_formal_v1/roots/payloads/129.npz,False,L60_NOT_GENUINE_HANDOFF,3bc4b7ec08ba21dfffb1a29d8d7e06b679b933238bb8a9cd4dbd80dd446285b0,False,400,/home/__compress_data/xushijie/work/cr_scizor/experiments/handback/hb3p_stop_continue_formal_v1/episodes/shard3/FIXED_L60/square__hb3p_stop_continue_formal__800129.json,,False,80,False,/home/__compress_data/xushijie/work/cr_scizor/experiments/handback/hb3p_stop_continue_formal_v1/episodes/shard3/FIXED_L60/square__hb3p_stop_continue_formal__800129.npz,False,400,/home/__compress_data/xushijie/work/cr_scizor/experiments/handback/hb3p_stop_continue_formal_v1/episodes/shard3/FIXED_L80/square__hb3p_stop_continue_formal__800129.json,,False,100,False,/home/__compress_data/xushijie/work/cr_scizor/experiments/handback/hb3p_stop_continue_formal_v1/episodes/shard3/FIXED_L80/square__hb3p_stop_continue_formal__800129.npz,False,040b679569eaab02f577c056fdc85f2049a19af3ad8351fc50d35c7afe46c3d3,square:hb3p_stop_continue_formal:800129,/home/__compress_data/xushijie/work/cr_scizor/experiments/handback/hb3p_stop_continue_formal_v1/roots/rollout_129.npz,800129,square
square:hb4_source:800130,/home/__compress_data/xushijie/work/cr_scizor/experiments/handback/hb3p_stop_continue_formal_v1/roots/payloads/130.npz,False,L60_NOT_GENUINE_HANDOFF,5c77411242e946d68b4e0150d395f1eb1cb29e5b0965dd6bd3b09d207f1677a5,False,400,/home/__compress_data/xushijie/work/cr_scizor/experiments/handback/hb3p_stop_continue_formal_v1/episodes/shard4/FIXED_L60/square__hb3p_stop_continue_formal__800130.json,,False,80,False,/home/__compress_data/xushijie/work/cr_scizor/experiments/handback/hb3p_stop_continue_formal_v1/episodes/shard4/FIXED_L60/square__hb3p_stop_continue_formal__800130.npz,False,400,/home/__compress_data/xushijie/work/cr_scizor/experiments/handback/hb3p_stop_continue_formal_v1/episodes/shard4/FIXED_L80/square__hb3p_stop_continue_formal__800130.json,,False,100,False,/home/__compress_data/xushijie/work/cr_scizor/experiments/handback/hb3p_stop_continue_formal_v1/episodes/shard4/FIXED_L80/square__hb3p_stop_continue_formal__800130.npz,False,040b679569eaab02f577c056fdc85f2049a19af3ad8351fc50d35c7afe46c3d3,square:hb3p_stop_continue_formal:800130,/home/__compress_data/xushijie/work/cr_scizor/experiments/handback/hb3p_stop_continue_formal_v1/roots/rollout_130.npz,800130,square
square:hb4_source:800131,/home/__compress_data/xushijie/work/cr_scizor/experiments/handback/hb3p_stop_continue_formal_v1/roots/payloads/131.npz,False,NONE_SUCCESS;L60_NOT_GENUINE_HANDOFF,58094bf07b5b34f5791edc59c0f7c9d2ab0828df545c4be49c56b183e31cf4d6,False,400,/home/__compress_data/xushijie/work/cr_scizor/experiments/handback/hb3p_stop_continue_formal_v1/episodes/shard5/FIXED_L60/square__hb3p_stop_continue_formal__800131.json,,False,80,False,/home/__compress_data/xushijie/work/cr_scizor/experiments/handback/hb3p_stop_continue_formal_v1/episodes/shard5/FIXED_L60/square__hb3p_stop_continue_formal__800131.npz,False,400,/home/__compress_data/xushijie/work/cr_scizor/experiments/handback/hb3p_stop_continue_formal_v1/episodes/shard5/FIXED_L80/square__hb3p_stop_continue_formal__800131.json,,False,100,False,/home/__compress_data/xushijie/work/cr_scizor/experiments/handback/hb3p_stop_continue_formal_v1/episodes/shard5/FIXED_L80/square__hb3p_stop_continue_formal__800131.npz,True,040b679569eaab02f577c056fdc85f2049a19af3ad8351fc50d35c7afe46c3d3,square:hb3p_stop_continue_formal:800131,/home/__compress_data/xushijie/work/cr_scizor/experiments/handback/hb3p_stop_continue_formal_v1/roots/rollout_131.npz,800131,square
square:hb4_source:800132,/home/__compress_data/xushijie/work/cr_scizor/experiments/handback/hb3p_stop_continue_formal_v1/roots/payloads/132.npz,False,L60_NOT_GENUINE_HANDOFF,5ea3fc269384ace29b4ab194182e6b96093d0410769677e27ef0d1240a02504e,False,400,/home/__compress_data/xushijie/work/cr_scizor/experiments/handback/hb3p_stop_continue_formal_v1/episodes/shard6/FIXED_L60/square__hb3p_stop_continue_formal__800132.json,,False,80,False,/home/__compress_data/xushijie/work/cr_scizor/experiments/handback/hb3p_stop_continue_formal_v1/episodes/shard6/FIXED_L60/square__hb3p_stop_continue_formal__800132.npz,False,400,/home/__compress_data/xushijie/work/cr_scizor/experiments/handback/hb3p_stop_continue_formal_v1/episodes/shard6/FIXED_L80/square__hb3p_stop_continue_formal__800132.json,,False,100,False,/home/__compress_data/xushijie/work/cr_scizor/experiments/handback/hb3p_stop_continue_formal_v1/episodes/shard6/FIXED_L80/square__hb3p_stop_continue_formal__800132.npz,False,040b679569eaab02f577c056fdc85f2049a19af3ad8351fc50d35c7afe46c3d3,square:hb3p_stop_continue_formal:800132,/home/__compress_data/xushijie/work/cr_scizor/experiments/handback/hb3p_stop_continue_formal_v1/roots/rollout_132.npz,800132,square
square:hb4_source:800133,/home/__compress_data/xushijie/work/cr_scizor/experiments/handback/hb3p_stop_continue_formal_v1/roots/payloads/133.npz,False,L60_NOT_GENUINE_HANDOFF,af064a915f36bb3b3bdf08f634bec37bafdd72b08e4c3720973e9c1042cacd4b,False,400,/home/__compress_data/xushijie/work/cr_scizor/experiments/handback/hb3p_stop_continue_formal_v1/episodes/shard0/FIXED_L60/square__hb3p_stop_continue_formal__800133.json,,False,80,False,/home/__compress_data/xushijie/work/cr_scizor/experiments/handback/hb3p_stop_continue_formal_v1/episodes/shard0/FIXED_L60/square__hb3p_stop_continue_formal__800133.npz,False,400,/home/__compress_data/xushijie/work/cr_scizor/experiments/handback/hb3p_stop_continue_formal_v1/episodes/shard0/FIXED_L80/square__hb3p_stop_continue_formal__800133.json,,False,100,False,/home/__compress_data/xushijie/work/cr_scizor/experiments/handback/hb3p_stop_continue_formal_v1/episodes/shard0/FIXED_L80/square__hb3p_stop_continue_formal__800133.npz,False,040b679569eaab02f577c056fdc85f2049a19af3ad8351fc50d35c7afe46c3d3,square:hb3p_stop_continue_formal:800133,/home/__compress_data/xushijie/work/cr_scizor/experiments/handback/hb3p_stop_continue_formal_v1/roots/rollout_133.npz,800133,square
square:hb4_source:800134,/home/__compress_data/xushijie/work/cr_scizor/experiments/handback/hb3p_stop_continue_formal_v1/roots/payloads/134.npz,False,L60_NOT_GENUINE_HANDOFF,55d590276997aed05d386d0075f3b7dcfaa155b5fe4a9f7d475f39aee2977ac8,False,400,/home/__compress_data/xushijie/work/cr_scizor/experiments/handback/hb3p_stop_continue_formal_v1/episodes/shard1/FIXED_L60/square__hb3p_stop_continue_formal__800134.json,,False,80,False,/home/__compress_data/xushijie/work/cr_scizor/experiments/handback/hb3p_stop_continue_formal_v1/episodes/shard1/FIXED_L60/square__hb3p_stop_continue_formal__800134.npz,False,400,/home/__compress_data/xushijie/work/cr_scizor/experiments/handback/hb3p_stop_continue_formal_v1/episodes/shard1/FIXED_L80/square__hb3p_stop_continue_formal__800134.json,,False,100,False,/home/__compress_data/xushijie/work/cr_scizor/experiments/handback/hb3p_stop_continue_formal_v1/episodes/shard1/FIXED_L80/square__hb3p_stop_continue_formal__800134.npz,False,040b679569eaab02f577c056fdc85f2049a19af3ad8351fc50d35c7afe46c3d3,square:hb3p_stop_continue_formal:800134,/home/__compress_data/xushijie/work/cr_scizor/experiments/handback/hb3p_stop_continue_formal_v1/roots/rollout_134.npz,800134,square
square:hb4_source:800135,/home/__compress_data/xushijie/work/cr_scizor/experiments/handback/hb3p_stop_continue_formal_v1/roots/payloads/135.npz,False,L60_NOT_GENUINE_HANDOFF,cde1166829765d0e0ac70bf590a333c7447bf9eb8984ccdb6242feca074fceed,False,400,/home/__compress_data/xushijie/work/cr_scizor/experiments/handback/hb3p_stop_continue_formal_v1/episodes/shard2/FIXED_L60/square__hb3p_stop_continue_formal__800135.json,,False,80,False,/home/__compress_data/xushijie/work/cr_scizor/experiments/handback/hb3p_stop_continue_formal_v1/episodes/shard2/FIXED_L60/square__hb3p_stop_continue_formal__800135.npz,False,400,/home/__compress_data/xushijie/work/cr_scizor/experiments/handback/hb3p_stop_continue_formal_v1/episodes/shard2/FIXED_L80/square__hb3p_stop_continue_formal__800135.json,,False,100,False,/home/__compress_data/xushijie/work/cr_scizor/experiments/handback/hb3p_stop_continue_formal_v1/episodes/shard2/FIXED_L80/square__hb3p_stop_continue_formal__800135.npz,False,040b679569eaab02f577c056fdc85f2049a19af3ad8351fc50d35c7afe46c3d3,square:hb3p_stop_continue_formal:800135,/home/__compress_data/xushijie/work/cr_scizor/experiments/handback/hb3p_stop_continue_formal_v1/roots/rollout_135.npz,800135,square
square:hb4_source:800136,/home/__compress_data/xushijie/work/cr_scizor/experiments/handback/hb3p_stop_continue_formal_v1/roots/payloads/136.npz,False,L60_NOT_GENUINE_HANDOFF,3cb2201053098994819cb1e9d45ed3eeb16196e877f570fdc9faf91a7cc057cf,False,400,/home/__compress_data/xushijie/work/cr_scizor/experiments/handback/hb3p_stop_continue_formal_v1/episodes/shard3/FIXED_L60/square__hb3p_stop_continue_formal__800136.json,,False,80,False,/home/__compress_data/xushijie/work/cr_scizor/experiments/handback/hb3p_stop_continue_formal_v1/episodes/shard3/FIXED_L60/square__hb3p_stop_continue_formal__800136.npz,True,302,/home/__compress_data/xushijie/work/cr_scizor/experiments/handback/hb3p_stop_continue_formal_v1/episodes/shard3/FIXED_L80/square__hb3p_stop_continue_formal__800136.json,298,True,100,True,/home/__compress_data/xushijie/work/cr_scizor/experiments/handback/hb3p_stop_continue_formal_v1/episodes/shard3/FIXED_L80/square__hb3p_stop_continue_formal__800136.npz,False,040b679569eaab02f577c056fdc85f2049a19af3ad8351fc50d35c7afe46c3d3,square:hb3p_stop_continue_formal:800136,/home/__compress_data/xushijie/work/cr_scizor/experiments/handback/hb3p_stop_continue_formal_v1/roots/rollout_136.npz,800136,square
square:hb4_source:800137,/home/__compress_data/xushijie/work/cr_scizor/experiments/handback/hb3p_stop_continue_formal_v1/roots/payloads/137.npz,False,L60_NOT_GENUINE_HANDOFF,24328889f0519f86bf7728d66e7684432bdf94871f1bb486d97445d977cf99fb,False,400,/home/__compress_data/xushijie/work/cr_scizor/experiments/handback/hb3p_stop_continue_formal_v1/episodes/shard4/FIXED_L60/square__hb3p_stop_continue_formal__800137.json,,False,80,False,/home/__compress_data/xushijie/work/cr_scizor/experiments/handback/hb3p_stop_continue_formal_v1/episodes/shard4/FIXED_L60/square__hb3p_stop_continue_formal__800137.npz,False,400,/home/__compress_data/xushijie/work/cr_scizor/experiments/handback/hb3p_stop_continue_formal_v1/episodes/shard4/FIXED_L80/square__hb3p_stop_continue_formal__800137.json,,False,100,False,/home/__compress_data/xushijie/work/cr_scizor/experiments/handback/hb3p_stop_continue_formal_v1/episodes/shard4/FIXED_L80/square__hb3p_stop_continue_formal__800137.npz,False,040b679569eaab02f577c056fdc85f2049a19af3ad8351fc50d35c7afe46c3d3,square:hb3p_stop_continue_formal:800137,/home/__compress_data/xushijie/work/cr_scizor/experiments/handback/hb3p_stop_continue_formal_v1/roots/rollout_137.npz,800137,square
square:hb4_source:800138,/home/__compress_data/xushijie/work/cr_scizor/experiments/handback/hb3p_stop_continue_formal_v1/roots/payloads/138.npz,False,L60_NOT_GENUINE_HANDOFF,4196900814ef5f18fe321881678f278d2dbef1c6868c6b4aa6d76a0054961b2e,False,400,/home/__compress_data/xushijie/work/cr_scizor/experiments/handback/hb3p_stop_continue_formal_v1/episodes/shard5/FIXED_L60/square__hb3p_stop_continue_formal__800138.json,,False,80,False,/home/__compress_data/xushijie/work/cr_scizor/experiments/handback/hb3p_stop_continue_formal_v1/episodes/shard5/FIXED_L60/square__hb3p_stop_continue_formal__800138.npz,False,400,/home/__compress_data/xushijie/work/cr_scizor/experiments/handback/hb3p_stop_continue_formal_v1/episodes/shard5/FIXED_L80/square__hb3p_stop_continue_formal__800138.json,,False,100,False,/home/__compress_data/xushijie/work/cr_scizor/experiments/handback/hb3p_stop_continue_formal_v1/episodes/shard5/FIXED_L80/square__hb3p_stop_continue_formal__800138.npz,False,040b679569eaab02f577c056fdc85f2049a19af3ad8351fc50d35c7afe46c3d3,square:hb3p_stop_continue_formal:800138,/home/__compress_data/xushijie/work/cr_scizor/experiments/handback/hb3p_stop_continue_formal_v1/roots/rollout_138.npz,800138,square
square:hb4_source:800139,/home/__compress_data/xushijie/work/cr_scizor/experiments/handback/hb3p_stop_continue_formal_v1/roots/payloads/139.npz,False,L60_NOT_GENUINE_HANDOFF,8902cca2d572fffdbd54e0b8ba19367c42c7f753a854e01d08a2b7484afdbb46,False,400,/home/__compress_data/xushijie/work/cr_scizor/experiments/handback/hb3p_stop_continue_formal_v1/episodes/shard6/FIXED_L60/square__hb3p_stop_continue_formal__800139.json,,False,80,False,/home/__compress_data/xushijie/work/cr_scizor/experiments/handback/hb3p_stop_continue_formal_v1/episodes/shard6/FIXED_L60/square__hb3p_stop_continue_formal__800139.npz,False,400,/home/__compress_data/xushijie/work/cr_scizor/experiments/handback/hb3p_stop_continue_formal_v1/episodes/shard6/FIXED_L80/square__hb3p_stop_continue_formal__800139.json,,False,100,False,/home/__compress_data/xushijie/work/cr_scizor/experiments/handback/hb3p_stop_continue_formal_v1/episodes/shard6/FIXED_L80/square__hb3p_stop_continue_formal__800139.npz,False,040b679569eaab02f577c056fdc85f2049a19af3ad8351fc50d35c7afe46c3d3,square:hb3p_stop_continue_formal:800139,/home/__compress_data/xushijie/work/cr_scizor/experiments/handback/hb3p_stop_continue_formal_v1/roots/rollout_139.npz,800139,square
square:hb4_source:800140,/home/__compress_data/xushijie/work/cr_scizor/experiments/handback/hb3p_stop_continue_formal_v1/roots/payloads/140.npz,False,L60_NOT_GENUINE_HANDOFF,24c5187d0199af6e9c697c3c19e31e5387220c1b2b66bb49f6d0f72936a4601c,False,400,/home/__compress_data/xushijie/work/cr_scizor/experiments/handback/hb3p_stop_continue_formal_v1/episodes/shard0/FIXED_L60/square__hb3p_stop_continue_formal__800140.json,,False,80,False,/home/__compress_data/xushijie/work/cr_scizor/experiments/handback/hb3p_stop_continue_formal_v1/episodes/shard0/FIXED_L60/square__hb3p_stop_continue_formal__800140.npz,False,400,/home/__compress_data/xushijie/work/cr_scizor/experiments/handback/hb3p_stop_continue_formal_v1/episodes/shard0/FIXED_L80/square__hb3p_stop_continue_formal__800140.json,,False,100,False,/home/__compress_data/xushijie/work/cr_scizor/experiments/handback/hb3p_stop_continue_formal_v1/episodes/shard0/FIXED_L80/square__hb3p_stop_continue_formal__800140.npz,False,040b679569eaab02f577c056fdc85f2049a19af3ad8351fc50d35c7afe46c3d3,square:hb3p_stop_continue_formal:800140,/home/__compress_data/xushijie/work/cr_scizor/experiments/handback/hb3p_stop_continue_formal_v1/roots/rollout_140.npz,800140,square
square:hb4_source:800141,/home/__compress_data/xushijie/work/cr_scizor/experiments/handback/hb3p_stop_continue_formal_v1/roots/payloads/141.npz,False,L60_NOT_GENUINE_HANDOFF,463add971fd38071b1d611fefbc2148d8bc9ec1dd6948855e097fff0b5e2d5ea,False,400,/home/__compress_data/xushijie/work/cr_scizor/experiments/handback/hb3p_stop_continue_formal_v1/episodes/shard1/FIXED_L60/square__hb3p_stop_continue_formal__800141.json,,False,80,False,/home/__compress_data/xushijie/work/cr_scizor/experiments/handback/hb3p_stop_continue_formal_v1/episodes/shard1/FIXED_L60/square__hb3p_stop_continue_formal__800141.npz,False,400,/home/__compress_data/xushijie/work/cr_scizor/experiments/handback/hb3p_stop_continue_formal_v1/episodes/shard1/FIXED_L80/square__hb3p_stop_continue_formal__800141.json,,False,100,False,/home/__compress_data/xushijie/work/cr_scizor/experiments/handback/hb3p_stop_continue_formal_v1/episodes/shard1/FIXED_L80/square__hb3p_stop_continue_formal__800141.npz,False,040b679569eaab02f577c056fdc85f2049a19af3ad8351fc50d35c7afe46c3d3,square:hb3p_stop_continue_formal:800141,/home/__compress_data/xushijie/work/cr_scizor/experiments/handback/hb3p_stop_continue_formal_v1/roots/rollout_141.npz,800141,square
square:hb4_source:800142,/home/__compress_data/xushijie/work/cr_scizor/experiments/handback/hb3p_stop_continue_formal_v1/roots/payloads/142.npz,False,L60_NOT_GENUINE_HANDOFF,ae4ab2ae71438fa917821bebf65ce861e09102fc458ade0f099e6a276ecf683d,False,400,/home/__compress_data/xushijie/work/cr_scizor/experiments/handback/hb3p_stop_continue_formal_v1/episodes/shard2/FIXED_L60/square__hb3p_stop_continue_formal__800142.json,,False,80,False,/home/__compress_data/xushijie/work/cr_scizor/experiments/handback/hb3p_stop_continue_formal_v1/episodes/shard2/FIXED_L60/square__hb3p_stop_continue_formal__800142.npz,False,400,/home/__compress_data/xushijie/work/cr_scizor/experiments/handback/hb3p_stop_continue_formal_v1/episodes/shard2/FIXED_L80/square__hb3p_stop_continue_formal__800142.json,,False,100,False,/home/__compress_data/xushijie/work/cr_scizor/experiments/handback/hb3p_stop_continue_formal_v1/episodes/shard2/FIXED_L80/square__hb3p_stop_continue_formal__800142.npz,False,040b679569eaab02f577c056fdc85f2049a19af3ad8351fc50d35c7afe46c3d3,square:hb3p_stop_continue_formal:800142,/home/__compress_data/xushijie/work/cr_scizor/experiments/handback/hb3p_stop_continue_formal_v1/roots/rollout_142.npz,800142,square
square:hb4_source:800143,/home/__compress_data/xushijie/work/cr_scizor/experiments/handback/hb3p_stop_continue_formal_v1/roots/payloads/143.npz,False,NONE_SUCCESS;L60_NOT_GENUINE_HANDOFF,676752f17f4eea4c8d87178053fee0bbbee1d7a53cc70249b684f934164c063f,False,400,/home/__compress_data/xushijie/work/cr_scizor/experiments/handback/hb3p_stop_continue_formal_v1/episodes/shard3/FIXED_L60/square__hb3p_stop_continue_formal__800143.json,,False,80,False,/home/__compress_data/xushijie/work/cr_scizor/experiments/handback/hb3p_stop_continue_formal_v1/episodes/shard3/FIXED_L60/square__hb3p_stop_continue_formal__800143.npz,True,147,/home/__compress_data/xushijie/work/cr_scizor/experiments/handback/hb3p_stop_continue_formal_v1/episodes/shard3/FIXED_L80/square__hb3p_stop_continue_formal__800143.json,143,True,100,True,/home/__compress_data/xushijie/work/cr_scizor/experiments/handback/hb3p_stop_continue_formal_v1/episodes/shard3/FIXED_L80/square__hb3p_stop_continue_formal__800143.npz,True,040b679569eaab02f577c056fdc85f2049a19af3ad8351fc50d35c7afe46c3d3,square:hb3p_stop_continue_formal:800143,/home/__compress_data/xushijie/work/cr_scizor/experiments/handback/hb3p_stop_continue_formal_v1/roots/rollout_143.npz,800143,square
square:hb4_source:800144,/home/__compress_data/xushijie/work/cr_scizor/experiments/handback/hb3p_stop_continue_formal_v1/roots/payloads/144.npz,False,L60_NOT_GENUINE_HANDOFF,392dc171178e47be8fcd5d22508c5619257a37a04e92abc5814c864f6ffa747c,False,400,/home/__compress_data/xushijie/work/cr_scizor/experiments/handback/hb3p_stop_continue_formal_v1/episodes/shard4/FIXED_L60/square__hb3p_stop_continue_formal__800144.json,,False,80,False,/home/__compress_data/xushijie/work/cr_scizor/experiments/handback/hb3p_stop_continue_formal_v1/episodes/shard4/FIXED_L60/square__hb3p_stop_continue_formal__800144.npz,False,400,/home/__compress_data/xushijie/work/cr_scizor/experiments/handback/hb3p_stop_continue_formal_v1/episodes/shard4/FIXED_L80/square__hb3p_stop_continue_formal__800144.json,,False,100,False,/home/__compress_data/xushijie/work/cr_scizor/experiments/handback/hb3p_stop_continue_formal_v1/episodes/shard4/FIXED_L80/square__hb3p_stop_continue_formal__800144.npz,False,040b679569eaab02f577c056fdc85f2049a19af3ad8351fc50d35c7afe46c3d3,square:hb3p_stop_continue_formal:800144,/home/__compress_data/xushijie/work/cr_scizor/experiments/handback/hb3p_stop_continue_formal_v1/roots/rollout_144.npz,800144,square
square:hb4_source:800145,/home/__compress_data/xushijie/work/cr_scizor/experiments/handback/hb3p_stop_continue_formal_v1/roots/payloads/145.npz,False,L60_NOT_GENUINE_HANDOFF,5fc9fb7ce7c7613b807664c4f363c5d607c3a1a9124ee41fd12499c8ccf52a59,False,400,/home/__compress_data/xushijie/work/cr_scizor/experiments/handback/hb3p_stop_continue_formal_v1/episodes/shard5/FIXED_L60/square__hb3p_stop_continue_formal__800145.json,,False,80,False,/home/__compress_data/xushijie/work/cr_scizor/experiments/handback/hb3p_stop_continue_formal_v1/episodes/shard5/FIXED_L60/square__hb3p_stop_continue_formal__800145.npz,False,400,/home/__compress_data/xushijie/work/cr_scizor/experiments/handback/hb3p_stop_continue_formal_v1/episodes/shard5/FIXED_L80/square__hb3p_stop_continue_formal__800145.json,,False,100,False,/home/__compress_data/xushijie/work/cr_scizor/experiments/handback/hb3p_stop_continue_formal_v1/episodes/shard5/FIXED_L80/square__hb3p_stop_continue_formal__800145.npz,False,040b679569eaab02f577c056fdc85f2049a19af3ad8351fc50d35c7afe46c3d3,square:hb3p_stop_continue_formal:800145,/home/__compress_data/xushijie/work/cr_scizor/experiments/handback/hb3p_stop_continue_formal_v1/roots/rollout_145.npz,800145,square
square:hb4_source:800146,/home/__compress_data/xushijie/work/cr_scizor/experiments/handback/hb3p_stop_continue_formal_v1/roots/payloads/146.npz,False,L60_NOT_GENUINE_HANDOFF,bdca306dd18b1a6ea4c4683c1de1096e4663962f394b17ef406b9fee5a56ee0b,False,400,/home/__compress_data/xushijie/work/cr_scizor/experiments/handback/hb3p_stop_continue_formal_v1/episodes/shard6/FIXED_L60/square__hb3p_stop_continue_formal__800146.json,,False,80,False,/home/__compress_data/xushijie/work/cr_scizor/experiments/handback/hb3p_stop_continue_formal_v1/episodes/shard6/FIXED_L60/square__hb3p_stop_continue_formal__800146.npz,False,400,/home/__compress_data/xushijie/work/cr_scizor/experiments/handback/hb3p_stop_continue_formal_v1/episodes/shard6/FIXED_L80/square__hb3p_stop_continue_formal__800146.json,,False,100,False,/home/__compress_data/xushijie/work/cr_scizor/experiments/handback/hb3p_stop_continue_formal_v1/episodes/shard6/FIXED_L80/square__hb3p_stop_continue_formal__800146.npz,False,040b679569eaab02f577c056fdc85f2049a19af3ad8351fc50d35c7afe46c3d3,square:hb3p_stop_continue_formal:800146,/home/__compress_data/xushijie/work/cr_scizor/experiments/handback/hb3p_stop_continue_formal_v1/roots/rollout_146.npz,800146,square
square:hb4_source:800147,/home/__compress_data/xushijie/work/cr_scizor/experiments/handback/hb3p_stop_continue_formal_v1/roots/payloads/147.npz,False,L60_NOT_GENUINE_HANDOFF,c8926ebb3e670d9bc1d72f3bfd32204b72a24ac1db331890875e29e8e22c2dde,False,400,/home/__compress_data/xushijie/work/cr_scizor/experiments/handback/hb3p_stop_continue_formal_v1/episodes/shard0/FIXED_L60/square__hb3p_stop_continue_formal__800147.json,,False,80,False,/home/__compress_data/xushijie/work/cr_scizor/experiments/handback/hb3p_stop_continue_formal_v1/episodes/shard0/FIXED_L60/square__hb3p_stop_continue_formal__800147.npz,False,400,/home/__compress_data/xushijie/work/cr_scizor/experiments/handback/hb3p_stop_continue_formal_v1/episodes/shard0/FIXED_L80/square__hb3p_stop_continue_formal__800147.json,,False,100,False,/home/__compress_data/xushijie/work/cr_scizor/experiments/handback/hb3p_stop_continue_formal_v1/episodes/shard0/FIXED_L80/square__hb3p_stop_continue_formal__800147.npz,False,040b679569eaab02f577c056fdc85f2049a19af3ad8351fc50d35c7afe46c3d3,square:hb3p_stop_continue_formal:800147,/home/__compress_data/xushijie/work/cr_scizor/experiments/handback/hb3p_stop_continue_formal_v1/roots/rollout_147.npz,800147,square
square:hb4_source:800148,/home/__compress_data/xushijie/work/cr_scizor/experiments/handback/hb3p_stop_continue_formal_v1/roots/payloads/148.npz,True,,f7522772582ac14f60850ee7c5c9b39da8a3bc0092b3fdf5c845069ff16e0c0e,True,117,/home/__compress_data/xushijie/work/cr_scizor/experiments/handback/hb3p_stop_continue_formal_v1/episodes/shard1/FIXED_L60/square__hb3p_stop_continue_formal__800148.json,113,True,80,True,/home/__compress_data/xushijie/work/cr_scizor/experiments/handback/hb3p_stop_continue_formal_v1/episodes/shard1/FIXED_L60/square__hb3p_stop_continue_formal__800148.npz,True,133,/home/__compress_data/xushijie/work/cr_scizor/experiments/handback/hb3p_stop_continue_formal_v1/episodes/shard1/FIXED_L80/square__hb3p_stop_continue_formal__800148.json,129,True,100,True,/home/__compress_data/xushijie/work/cr_scizor/experiments/handback/hb3p_stop_continue_formal_v1/episodes/shard1/FIXED_L80/square__hb3p_stop_continue_formal__800148.npz,False,040b679569eaab02f577c056fdc85f2049a19af3ad8351fc50d35c7afe46c3d3,square:hb3p_stop_continue_formal:800148,/home/__compress_data/xushijie/work/cr_scizor/experiments/handback/hb3p_stop_continue_formal_v1/roots/rollout_148.npz,800148,square
square:hb4_source:800149,/home/__compress_data/xushijie/work/cr_scizor/experiments/handback/hb3p_stop_continue_formal_v1/roots/payloads/149.npz,False,NONE_SUCCESS;L60_NOT_GENUINE_HANDOFF,5de5fb28d3942a868c0b6c75f6111c2874520ebed660277307f714f20e472d95,False,400,/home/__compress_data/xushijie/work/cr_scizor/experiments/handback/hb3p_stop_continue_formal_v1/episodes/shard2/FIXED_L60/square__hb3p_stop_continue_formal__800149.json,,False,80,False,/home/__compress_data/xushijie/work/cr_scizor/experiments/handback/hb3p_stop_continue_formal_v1/episodes/shard2/FIXED_L60/square__hb3p_stop_continue_formal__800149.npz,False,400,/home/__compress_data/xushijie/work/cr_scizor/experiments/handback/hb3p_stop_continue_formal_v1/episodes/shard2/FIXED_L80/square__hb3p_stop_continue_formal__800149.json,,False,100,False,/home/__compress_data/xushijie/work/cr_scizor/experiments/handback/hb3p_stop_continue_formal_v1/episodes/shard2/FIXED_L80/square__hb3p_stop_continue_formal__800149.npz,True,040b679569eaab02f577c056fdc85f2049a19af3ad8351fc50d35c7afe46c3d3,square:hb3p_stop_continue_formal:800149,/home/__compress_data/xushijie/work/cr_scizor/experiments/handback/hb3p_stop_continue_formal_v1/roots/rollout_149.npz,800149,square
square:hb4_source:800150,/home/__compress_data/xushijie/work/cr_scizor/experiments/handback/hb3p_stop_continue_formal_v1/roots/payloads/150.npz,False,L60_NOT_GENUINE_HANDOFF,305fdb9d3ea637d7f0eb554d77ce73381cc39ef77799ec9b1577761b34029a43,False,400,/home/__compress_data/xushijie/work/cr_scizor/experiments/handback/hb3p_stop_continue_formal_v1/episodes/shard3/FIXED_L60/square__hb3p_stop_continue_formal__800150.json,,False,80,False,/home/__compress_data/xushijie/work/cr_scizor/experiments/handback/hb3p_stop_continue_formal_v1/episodes/shard3/FIXED_L60/square__hb3p_stop_continue_formal__800150.npz,False,400,/home/__compress_data/xushijie/work/cr_scizor/experiments/handback/hb3p_stop_continue_formal_v1/episodes/shard3/FIXED_L80/square__hb3p_stop_continue_formal__800150.json,,False,100,False,/home/__compress_data/xushijie/work/cr_scizor/experiments/handback/hb3p_stop_continue_formal_v1/episodes/shard3/FIXED_L80/square__hb3p_stop_continue_formal__800150.npz,False,040b679569eaab02f577c056fdc85f2049a19af3ad8351fc50d35c7afe46c3d3,square:hb3p_stop_continue_formal:800150,/home/__compress_data/xushijie/work/cr_scizor/experiments/handback/hb3p_stop_continue_formal_v1/roots/rollout_150.npz,800150,square
square:hb4_source:800151,/home/__compress_data/xushijie/work/cr_scizor/experiments/handback/hb3p_stop_continue_formal_v1/roots/payloads/151.npz,False,L60_NOT_GENUINE_HANDOFF,a7f9d9fe415070d7aa98326dd641a9ccbc5dc35c6f3ef748359d1ee53c19cc31,False,400,/home/__compress_data/xushijie/work/cr_scizor/experiments/handback/hb3p_stop_continue_formal_v1/episodes/shard4/FIXED_L60/square__hb3p_stop_continue_formal__800151.json,,False,80,False,/home/__compress_data/xushijie/work/cr_scizor/experiments/handback/hb3p_stop_continue_formal_v1/episodes/shard4/FIXED_L60/square__hb3p_stop_continue_formal__800151.npz,False,400,/home/__compress_data/xushijie/work/cr_scizor/experiments/handback/hb3p_stop_continue_formal_v1/episodes/shard4/FIXED_L80/square__hb3p_stop_continue_formal__800151.json,,False,100,False,/home/__compress_data/xushijie/work/cr_scizor/experiments/handback/hb3p_stop_continue_formal_v1/episodes/shard4/FIXED_L80/square__hb3p_stop_continue_formal__800151.npz,False,040b679569eaab02f577c056fdc85f2049a19af3ad8351fc50d35c7afe46c3d3,square:hb3p_stop_continue_formal:800151,/home/__compress_data/xushijie/work/cr_scizor/experiments/handback/hb3p_stop_continue_formal_v1/roots/rollout_151.npz,800151,square
square:hb4_source:800152,/home/__compress_data/xushijie/work/cr_scizor/experiments/handback/hb3p_stop_continue_formal_v1/roots/payloads/152.npz,False,L60_NOT_GENUINE_HANDOFF,5c9d015f14a84272be857b93e52ce396b0700884a6356be1639fcf247e28b180,False,400,/home/__compress_data/xushijie/work/cr_scizor/experiments/handback/hb3p_stop_continue_formal_v1/episodes/shard5/FIXED_L60/square__hb3p_stop_continue_formal__800152.json,,False,80,False,/home/__compress_data/xushijie/work/cr_scizor/experiments/handback/hb3p_stop_continue_formal_v1/episodes/shard5/FIXED_L60/square__hb3p_stop_continue_formal__800152.npz,True,182,/home/__compress_data/xushijie/work/cr_scizor/experiments/handback/hb3p_stop_continue_formal_v1/episodes/shard5/FIXED_L80/square__hb3p_stop_continue_formal__800152.json,178,True,100,True,/home/__compress_data/xushijie/work/cr_scizor/experiments/handback/hb3p_stop_continue_formal_v1/episodes/shard5/FIXED_L80/square__hb3p_stop_continue_formal__800152.npz,False,040b679569eaab02f577c056fdc85f2049a19af3ad8351fc50d35c7afe46c3d3,square:hb3p_stop_continue_formal:800152,/home/__compress_data/xushijie/work/cr_scizor/experiments/handback/hb3p_stop_continue_formal_v1/roots/rollout_152.npz,800152,square
square:hb4_source:800153,/home/__compress_data/xushijie/work/cr_scizor/experiments/handback/hb3p_stop_continue_formal_v1/roots/payloads/153.npz,False,L60_NOT_GENUINE_HANDOFF,7a42a1b3508f51bd9914d802fc8170b1db0724dd2683d6e6df23dc821bfc5354,False,400,/home/__compress_data/xushijie/work/cr_scizor/experiments/handback/hb3p_stop_continue_formal_v1/episodes/shard6/FIXED_L60/square__hb3p_stop_continue_formal__800153.json,,False,80,False,/home/__compress_data/xushijie/work/cr_scizor/experiments/handback/hb3p_stop_continue_formal_v1/episodes/shard6/FIXED_L60/square__hb3p_stop_continue_formal__800153.npz,False,400,/home/__compress_data/xushijie/work/cr_scizor/experiments/handback/hb3p_stop_continue_formal_v1/episodes/shard6/FIXED_L80/square__hb3p_stop_continue_formal__800153.json,,False,100,False,/home/__compress_data/xushijie/work/cr_scizor/experiments/handback/hb3p_stop_continue_formal_v1/episodes/shard6/FIXED_L80/square__hb3p_stop_continue_formal__800153.npz,False,040b679569eaab02f577c056fdc85f2049a19af3ad8351fc50d35c7afe46c3d3,square:hb3p_stop_continue_formal:800153,/home/__compress_data/xushijie/work/cr_scizor/experiments/handback/hb3p_stop_continue_formal_v1/roots/rollout_153.npz,800153,square
square:hb4_source:800154,/home/__compress_data/xushijie/work/cr_scizor/experiments/handback/hb3p_stop_continue_formal_v1/roots/payloads/154.npz,False,L60_NOT_GENUINE_HANDOFF,33ac6ec0c7d27379afb613fe4a454bac7bf2642c04346cdc66146762a1a35056,False,400,/home/__compress_data/xushijie/work/cr_scizor/experiments/handback/hb3p_stop_continue_formal_v1/episodes/shard0/FIXED_L60/square__hb3p_stop_continue_formal__800154.json,,False,80,False,/home/__compress_data/xushijie/work/cr_scizor/experiments/handback/hb3p_stop_continue_formal_v1/episodes/shard0/FIXED_L60/square__hb3p_stop_continue_formal__800154.npz,False,400,/home/__compress_data/xushijie/work/cr_scizor/experiments/handback/hb3p_stop_continue_formal_v1/episodes/shard0/FIXED_L80/square__hb3p_stop_continue_formal__800154.json,,False,100,False,/home/__compress_data/xushijie/work/cr_scizor/experiments/handback/hb3p_stop_continue_formal_v1/episodes/shard0/FIXED_L80/square__hb3p_stop_continue_formal__800154.npz,False,040b679569eaab02f577c056fdc85f2049a19af3ad8351fc50d35c7afe46c3d3,square:hb3p_stop_continue_formal:800154,/home/__compress_data/xushijie/work/cr_scizor/experiments/handback/hb3p_stop_continue_formal_v1/roots/rollout_154.npz,800154,square
square:hb4_source:800155,/home/__compress_data/xushijie/work/cr_scizor/experiments/handback/hb3p_stop_continue_formal_v1/roots/payloads/155.npz,False,L60_NOT_GENUINE_HANDOFF,4926d1679538ca637aca599e4b6fe666d7469347ab81df89da311b1c48ecd7a8,False,400,/home/__compress_data/xushijie/work/cr_scizor/experiments/handback/hb3p_stop_continue_formal_v1/episodes/shard1/FIXED_L60/square__hb3p_stop_continue_formal__800155.json,,False,80,False,/home/__compress_data/xushijie/work/cr_scizor/experiments/handback/hb3p_stop_continue_formal_v1/episodes/shard1/FIXED_L60/square__hb3p_stop_continue_formal__800155.npz,False,400,/home/__compress_data/xushijie/work/cr_scizor/experiments/handback/hb3p_stop_continue_formal_v1/episodes/shard1/FIXED_L80/square__hb3p_stop_continue_formal__800155.json,,False,100,False,/home/__compress_data/xushijie/work/cr_scizor/experiments/handback/hb3p_stop_continue_formal_v1/episodes/shard1/FIXED_L80/square__hb3p_stop_continue_formal__800155.npz,False,040b679569eaab02f577c056fdc85f2049a19af3ad8351fc50d35c7afe46c3d3,square:hb3p_stop_continue_formal:800155,/home/__compress_data/xushijie/work/cr_scizor/experiments/handback/hb3p_stop_continue_formal_v1/roots/rollout_155.npz,800155,square
square:hb4_source:800156,/home/__compress_data/xushijie/work/cr_scizor/experiments/handback/hb3p_stop_continue_formal_v1/roots/payloads/156.npz,False,L60_NOT_GENUINE_HANDOFF,6c47e0bafbbe8b8622733263bda7729f2480810106c9a60ea91e06c553943420,False,400,/home/__compress_data/xushijie/work/cr_scizor/experiments/handback/hb3p_stop_continue_formal_v1/episodes/shard2/FIXED_L60/square__hb3p_stop_continue_formal__800156.json,,False,80,False,/home/__compress_data/xushijie/work/cr_scizor/experiments/handback/hb3p_stop_continue_formal_v1/episodes/shard2/FIXED_L60/square__hb3p_stop_continue_formal__800156.npz,False,400,/home/__compress_data/xushijie/work/cr_scizor/experiments/handback/hb3p_stop_continue_formal_v1/episodes/shard2/FIXED_L80/square__hb3p_stop_continue_formal__800156.json,,False,100,False,/home/__compress_data/xushijie/work/cr_scizor/experiments/handback/hb3p_stop_continue_formal_v1/episodes/shard2/FIXED_L80/square__hb3p_stop_continue_formal__800156.npz,False,040b679569eaab02f577c056fdc85f2049a19af3ad8351fc50d35c7afe46c3d3,square:hb3p_stop_continue_formal:800156,/home/__compress_data/xushijie/work/cr_scizor/experiments/handback/hb3p_stop_continue_formal_v1/roots/rollout_156.npz,800156,square
square:hb4_source:800157,/home/__compress_data/xushijie/work/cr_scizor/experiments/handback/hb3p_stop_continue_formal_v1/roots/payloads/157.npz,False,L60_NOT_GENUINE_HANDOFF,a8f5fe7d241a49f4aec3440e42656a7521377f162b366f4c5dc833e0f3993d2a,False,400,/home/__compress_data/xushijie/work/cr_scizor/experiments/handback/hb3p_stop_continue_formal_v1/episodes/shard3/FIXED_L60/square__hb3p_stop_continue_formal__800157.json,,False,80,False,/home/__compress_data/xushijie/work/cr_scizor/experiments/handback/hb3p_stop_continue_formal_v1/episodes/shard3/FIXED_L60/square__hb3p_stop_continue_formal__800157.npz,False,400,/home/__compress_data/xushijie/work/cr_scizor/experiments/handback/hb3p_stop_continue_formal_v1/episodes/shard3/FIXED_L80/square__hb3p_stop_continue_formal__800157.json,,False,100,False,/home/__compress_data/xushijie/work/cr_scizor/experiments/handback/hb3p_stop_continue_formal_v1/episodes/shard3/FIXED_L80/square__hb3p_stop_continue_formal__800157.npz,False,040b679569eaab02f577c056fdc85f2049a19af3ad8351fc50d35c7afe46c3d3,square:hb3p_stop_continue_formal:800157,/home/__compress_data/xushijie/work/cr_scizor/experiments/handback/hb3p_stop_continue_formal_v1/roots/rollout_157.npz,800157,square
square:hb4_source:800158,/home/__compress_data/xushijie/work/cr_scizor/experiments/handback/hb3p_stop_continue_formal_v1/roots/payloads/158.npz,False,L60_NOT_GENUINE_HANDOFF,191027cdb9d45ea9c2e818cdef1624b436694c56269e89042f0d8247346f115e,False,400,/home/__compress_data/xushijie/work/cr_scizor/experiments/handback/hb3p_stop_continue_formal_v1/episodes/shard4/FIXED_L60/square__hb3p_stop_continue_formal__800158.json,,False,80,False,/home/__compress_data/xushijie/work/cr_scizor/experiments/handback/hb3p_stop_continue_formal_v1/episodes/shard4/FIXED_L60/square__hb3p_stop_continue_formal__800158.npz,False,400,/home/__compress_data/xushijie/work/cr_scizor/experiments/handback/hb3p_stop_continue_formal_v1/episodes/shard4/FIXED_L80/square__hb3p_stop_continue_formal__800158.json,,False,100,False,/home/__compress_data/xushijie/work/cr_scizor/experiments/handback/hb3p_stop_continue_formal_v1/episodes/shard4/FIXED_L80/square__hb3p_stop_continue_formal__800158.npz,False,040b679569eaab02f577c056fdc85f2049a19af3ad8351fc50d35c7afe46c3d3,square:hb3p_stop_continue_formal:800158,/home/__compress_data/xushijie/work/cr_scizor/experiments/handback/hb3p_stop_continue_formal_v1/roots/rollout_158.npz,800158,square
square:hb4_source:800159,/home/__compress_data/xushijie/work/cr_scizor/experiments/handback/hb3p_stop_continue_formal_v1/roots/payloads/159.npz,False,L60_NOT_GENUINE_HANDOFF,29770b07924b1fbca597d8bd2fe38cd3cc22ecbc161bf364945f132818acd7c3,False,400,/home/__compress_data/xushijie/work/cr_scizor/experiments/handback/hb3p_stop_continue_formal_v1/episodes/shard5/FIXED_L60/square__hb3p_stop_continue_formal__800159.json,,False,80,False,/home/__compress_data/xushijie/work/cr_scizor/experiments/handback/hb3p_stop_continue_formal_v1/episodes/shard5/FIXED_L60/square__hb3p_stop_continue_formal__800159.npz,False,400,/home/__compress_data/xushijie/work/cr_scizor/experiments/handback/hb3p_stop_continue_formal_v1/episodes/shard5/FIXED_L80/square__hb3p_stop_continue_formal__800159.json,,False,100,False,/home/__compress_data/xushijie/work/cr_scizor/experiments/handback/hb3p_stop_continue_formal_v1/episodes/shard5/FIXED_L80/square__hb3p_stop_continue_formal__800159.npz,False,040b679569eaab02f577c056fdc85f2049a19af3ad8351fc50d35c7afe46c3d3,square:hb3p_stop_continue_formal:800159,/home/__compress_data/xushijie/work/cr_scizor/experiments/handback/hb3p_stop_continue_formal_v1/roots/rollout_159.npz,800159,square
square:hb4_source:800160,/home/__compress_data/xushijie/work/cr_scizor/experiments/handback/hb3p_stop_continue_formal_v1/roots/payloads/160.npz,False,L60_NOT_GENUINE_HANDOFF,b8faf94b385807470bb8ce5cdff46fd288449e44380fb9114f8f2f93706fd8fc,False,400,/home/__compress_data/xushijie/work/cr_scizor/experiments/handback/hb3p_stop_continue_formal_v1/episodes/shard6/FIXED_L60/square__hb3p_stop_continue_formal__800160.json,,False,80,False,/home/__compress_data/xushijie/work/cr_scizor/experiments/handback/hb3p_stop_continue_formal_v1/episodes/shard6/FIXED_L60/square__hb3p_stop_continue_formal__800160.npz,False,400,/home/__compress_data/xushijie/work/cr_scizor/experiments/handback/hb3p_stop_continue_formal_v1/episodes/shard6/FIXED_L80/square__hb3p_stop_continue_formal__800160.json,,False,100,False,/home/__compress_data/xushijie/work/cr_scizor/experiments/handback/hb3p_stop_continue_formal_v1/episodes/shard6/FIXED_L80/square__hb3p_stop_continue_formal__800160.npz,False,040b679569eaab02f577c056fdc85f2049a19af3ad8351fc50d35c7afe46c3d3,square:hb3p_stop_continue_formal:800160,/home/__compress_data/xushijie/work/cr_scizor/experiments/handback/hb3p_stop_continue_formal_v1/roots/rollout_160.npz,800160,square
square:hb4_source:800161,/home/__compress_data/xushijie/work/cr_scizor/experiments/handback/hb3p_stop_continue_formal_v1/roots/payloads/161.npz,False,L60_NOT_GENUINE_HANDOFF,c29bd744169aab19e8cb1b4e354ed0382df116198aea17d1a4826ad5822cde3c,False,400,/home/__compress_data/xushijie/work/cr_scizor/experiments/handback/hb3p_stop_continue_formal_v1/episodes/shard0/FIXED_L60/square__hb3p_stop_continue_formal__800161.json,,False,80,False,/home/__compress_data/xushijie/work/cr_scizor/experiments/handback/hb3p_stop_continue_formal_v1/episodes/shard0/FIXED_L60/square__hb3p_stop_continue_formal__800161.npz,False,400,/home/__compress_data/xushijie/work/cr_scizor/experiments/handback/hb3p_stop_continue_formal_v1/episodes/shard0/FIXED_L80/square__hb3p_stop_continue_formal__800161.json,,False,100,False,/home/__compress_data/xushijie/work/cr_scizor/experiments/handback/hb3p_stop_continue_formal_v1/episodes/shard0/FIXED_L80/square__hb3p_stop_continue_formal__800161.npz,False,040b679569eaab02f577c056fdc85f2049a19af3ad8351fc50d35c7afe46c3d3,square:hb3p_stop_continue_formal:800161,/home/__compress_data/xushijie/work/cr_scizor/experiments/handback/hb3p_stop_continue_formal_v1/roots/rollout_161.npz,800161,square
square:hb4_source:800162,/home/__compress_data/xushijie/work/cr_scizor/experiments/handback/hb3p_stop_continue_formal_v1/roots/payloads/162.npz,False,L60_NOT_GENUINE_HANDOFF,e24e58f11f3bb4ebc0b52e82e233f9aea7eff672a3c8f4f69f4701c0b593776d,False,400,/home/__compress_data/xushijie/work/cr_scizor/experiments/handback/hb3p_stop_continue_formal_v1/episodes/shard1/FIXED_L60/square__hb3p_stop_continue_formal__800162.json,,False,80,False,/home/__compress_data/xushijie/work/cr_scizor/experiments/handback/hb3p_stop_continue_formal_v1/episodes/shard1/FIXED_L60/square__hb3p_stop_continue_formal__800162.npz,False,400,/home/__compress_data/xushijie/work/cr_scizor/experiments/handback/hb3p_stop_continue_formal_v1/episodes/shard1/FIXED_L80/square__hb3p_stop_continue_formal__800162.json,,False,100,False,/home/__compress_data/xushijie/work/cr_scizor/experiments/handback/hb3p_stop_continue_formal_v1/episodes/shard1/FIXED_L80/square__hb3p_stop_continue_formal__800162.npz,False,040b679569eaab02f577c056fdc85f2049a19af3ad8351fc50d35c7afe46c3d3,square:hb3p_stop_continue_formal:800162,/home/__compress_data/xushijie/work/cr_scizor/experiments/handback/hb3p_stop_continue_formal_v1/roots/rollout_162.npz,800162,square
square:hb4_source:800163,/home/__compress_data/xushijie/work/cr_scizor/experiments/handback/hb3p_stop_continue_formal_v1/roots/payloads/163.npz,False,L60_NOT_GENUINE_HANDOFF,62dfa17287a5900c037e2f802f15b58a84f908636ef0f2e6e9fcdaad05c69fed,False,400,/home/__compress_data/xushijie/work/cr_scizor/experiments/handback/hb3p_stop_continue_formal_v1/episodes/shard2/FIXED_L60/square__hb3p_stop_continue_formal__800163.json,,False,80,False,/home/__compress_data/xushijie/work/cr_scizor/experiments/handback/hb3p_stop_continue_formal_v1/episodes/shard2/FIXED_L60/square__hb3p_stop_continue_formal__800163.npz,False,400,/home/__compress_data/xushijie/work/cr_scizor/experiments/handback/hb3p_stop_continue_formal_v1/episodes/shard2/FIXED_L80/square__hb3p_stop_continue_formal__800163.json,,False,100,False,/home/__compress_data/xushijie/work/cr_scizor/experiments/handback/hb3p_stop_continue_formal_v1/episodes/shard2/FIXED_L80/square__hb3p_stop_continue_formal__800163.npz,False,040b679569eaab02f577c056fdc85f2049a19af3ad8351fc50d35c7afe46c3d3,square:hb3p_stop_continue_formal:800163,/home/__compress_data/xushijie/work/cr_scizor/experiments/handback/hb3p_stop_continue_formal_v1/roots/rollout_163.npz,800163,square
square:hb4_source:800164,/home/__compress_data/xushijie/work/cr_scizor/experiments/handback/hb3p_stop_continue_formal_v1/roots/payloads/164.npz,False,L60_NOT_GENUINE_HANDOFF,e42f9b0861ac6454abadc53480a268a181b29b58fbc1df0e58995b33fe0e40c4,False,400,/home/__compress_data/xushijie/work/cr_scizor/experiments/handback/hb3p_stop_continue_formal_v1/episodes/shard3/FIXED_L60/square__hb3p_stop_continue_formal__800164.json,,False,80,False,/home/__compress_data/xushijie/work/cr_scizor/experiments/handback/hb3p_stop_continue_formal_v1/episodes/shard3/FIXED_L60/square__hb3p_stop_continue_formal__800164.npz,False,400,/home/__compress_data/xushijie/work/cr_scizor/experiments/handback/hb3p_stop_continue_formal_v1/episodes/shard3/FIXED_L80/square__hb3p_stop_continue_formal__800164.json,,False,100,False,/home/__compress_data/xushijie/work/cr_scizor/experiments/handback/hb3p_stop_continue_formal_v1/episodes/shard3/FIXED_L80/square__hb3p_stop_continue_formal__800164.npz,False,040b679569eaab02f577c056fdc85f2049a19af3ad8351fc50d35c7afe46c3d3,square:hb3p_stop_continue_formal:800164,/home/__compress_data/xushijie/work/cr_scizor/experiments/handback/hb3p_stop_continue_formal_v1/roots/rollout_164.npz,800164,square
square:hb4_source:800165,/home/__compress_data/xushijie/work/cr_scizor/experiments/handback/hb3p_stop_continue_formal_v1/roots/payloads/165.npz,False,L60_NOT_GENUINE_HANDOFF,54080e33508d76d3f92478b2bdb814d1335d45fc563c6485a469afb62a05a96a,False,400,/home/__compress_data/xushijie/work/cr_scizor/experiments/handback/hb3p_stop_continue_formal_v1/episodes/shard4/FIXED_L60/square__hb3p_stop_continue_formal__800165.json,,False,80,False,/home/__compress_data/xushijie/work/cr_scizor/experiments/handback/hb3p_stop_continue_formal_v1/episodes/shard4/FIXED_L60/square__hb3p_stop_continue_formal__800165.npz,False,400,/home/__compress_data/xushijie/work/cr_scizor/experiments/handback/hb3p_stop_continue_formal_v1/episodes/shard4/FIXED_L80/square__hb3p_stop_continue_formal__800165.json,,False,100,False,/home/__compress_data/xushijie/work/cr_scizor/experiments/handback/hb3p_stop_continue_formal_v1/episodes/shard4/FIXED_L80/square__hb3p_stop_continue_formal__800165.npz,False,040b679569eaab02f577c056fdc85f2049a19af3ad8351fc50d35c7afe46c3d3,square:hb3p_stop_continue_formal:800165,/home/__compress_data/xushijie/work/cr_scizor/experiments/handback/hb3p_stop_continue_formal_v1/roots/rollout_165.npz,800165,square
square:hb4_source:800166,/home/__compress_data/xushijie/work/cr_scizor/experiments/handback/hb3p_stop_continue_formal_v1/roots/payloads/166.npz,False,L60_NOT_GENUINE_HANDOFF,b293b0c1477630822eaa22fe318875570b4c55667a1a44cee5d25fbae7caee6d,False,400,/home/__compress_data/xushijie/work/cr_scizor/experiments/handback/hb3p_stop_continue_formal_v1/episodes/shard5/FIXED_L60/square__hb3p_stop_continue_formal__800166.json,,False,80,False,/home/__compress_data/xushijie/work/cr_scizor/experiments/handback/hb3p_stop_continue_formal_v1/episodes/shard5/FIXED_L60/square__hb3p_stop_continue_formal__800166.npz,False,400,/home/__compress_data/xushijie/work/cr_scizor/experiments/handback/hb3p_stop_continue_formal_v1/episodes/shard5/FIXED_L80/square__hb3p_stop_continue_formal__800166.json,,False,100,False,/home/__compress_data/xushijie/work/cr_scizor/experiments/handback/hb3p_stop_continue_formal_v1/episodes/shard5/FIXED_L80/square__hb3p_stop_continue_formal__800166.npz,False,040b679569eaab02f577c056fdc85f2049a19af3ad8351fc50d35c7afe46c3d3,square:hb3p_stop_continue_formal:800166,/home/__compress_data/xushijie/work/cr_scizor/experiments/handback/hb3p_stop_continue_formal_v1/roots/rollout_166.npz,800166,square
square:hb4_source:800167,/home/__compress_data/xushijie/work/cr_scizor/experiments/handback/hb3p_stop_continue_formal_v1/roots/payloads/167.npz,False,L60_NOT_GENUINE_HANDOFF,6c0c28bfc0e37f89ed0a43315e5b1f014745a1a1b6f82d272a87cecc7cb4b33e,False,400,/home/__compress_data/xushijie/work/cr_scizor/experiments/handback/hb3p_stop_continue_formal_v1/episodes/shard6/FIXED_L60/square__hb3p_stop_continue_formal__800167.json,,False,80,False,/home/__compress_data/xushijie/work/cr_scizor/experiments/handback/hb3p_stop_continue_formal_v1/episodes/shard6/FIXED_L60/square__hb3p_stop_continue_formal__800167.npz,False,400,/home/__compress_data/xushijie/work/cr_scizor/experiments/handback/hb3p_stop_continue_formal_v1/episodes/shard6/FIXED_L80/square__hb3p_stop_continue_formal__800167.json,,False,100,False,/home/__compress_data/xushijie/work/cr_scizor/experiments/handback/hb3p_stop_continue_formal_v1/episodes/shard6/FIXED_L80/square__hb3p_stop_continue_formal__800167.npz,False,040b679569eaab02f577c056fdc85f2049a19af3ad8351fc50d35c7afe46c3d3,square:hb3p_stop_continue_formal:800167,/home/__compress_data/xushijie/work/cr_scizor/experiments/handback/hb3p_stop_continue_formal_v1/roots/rollout_167.npz,800167,square
square:hb4_source:800168,/home/__compress_data/xushijie/work/cr_scizor/experiments/handback/hb3p_stop_continue_formal_v1/roots/payloads/168.npz,False,L60_NOT_GENUINE_HANDOFF,db63b17f341ce29bcf988ce0ada9d371b293f14ecfe23f189dedc1f6b1203217,False,400,/home/__compress_data/xushijie/work/cr_scizor/experiments/handback/hb3p_stop_continue_formal_v1/episodes/shard0/FIXED_L60/square__hb3p_stop_continue_formal__800168.json,,False,80,False,/home/__compress_data/xushijie/work/cr_scizor/experiments/handback/hb3p_stop_continue_formal_v1/episodes/shard0/FIXED_L60/square__hb3p_stop_continue_formal__800168.npz,False,400,/home/__compress_data/xushijie/work/cr_scizor/experiments/handback/hb3p_stop_continue_formal_v1/episodes/shard0/FIXED_L80/square__hb3p_stop_continue_formal__800168.json,,False,100,False,/home/__compress_data/xushijie/work/cr_scizor/experiments/handback/hb3p_stop_continue_formal_v1/episodes/shard0/FIXED_L80/square__hb3p_stop_continue_formal__800168.npz,False,040b679569eaab02f577c056fdc85f2049a19af3ad8351fc50d35c7afe46c3d3,square:hb3p_stop_continue_formal:800168,/home/__compress_data/xushijie/work/cr_scizor/experiments/handback/hb3p_stop_continue_formal_v1/roots/rollout_168.npz,800168,square
square:hb4_source:800169,/home/__compress_data/xushijie/work/cr_scizor/experiments/handback/hb3p_stop_continue_formal_v1/roots/payloads/169.npz,False,L60_NOT_GENUINE_HANDOFF,5b1797fd4b9ebfaccd2acc0d45e65e4da80863e446d61dce2f695bc7289a0b93,False,400,/home/__compress_data/xushijie/work/cr_scizor/experiments/handback/hb3p_stop_continue_formal_v1/episodes/shard1/FIXED_L60/square__hb3p_stop_continue_formal__800169.json,,False,80,False,/home/__compress_data/xushijie/work/cr_scizor/experiments/handback/hb3p_stop_continue_formal_v1/episodes/shard1/FIXED_L60/square__hb3p_stop_continue_formal__800169.npz,False,400,/home/__compress_data/xushijie/work/cr_scizor/experiments/handback/hb3p_stop_continue_formal_v1/episodes/shard1/FIXED_L80/square__hb3p_stop_continue_formal__800169.json,,False,100,False,/home/__compress_data/xushijie/work/cr_scizor/experiments/handback/hb3p_stop_continue_formal_v1/episodes/shard1/FIXED_L80/square__hb3p_stop_continue_formal__800169.npz,False,040b679569eaab02f577c056fdc85f2049a19af3ad8351fc50d35c7afe46c3d3,square:hb3p_stop_continue_formal:800169,/home/__compress_data/xushijie/work/cr_scizor/experiments/handback/hb3p_stop_continue_formal_v1/roots/rollout_169.npz,800169,square
square:hb4_source:800170,/home/__compress_data/xushijie/work/cr_scizor/experiments/handback/hb3p_stop_continue_formal_v1/roots/payloads/170.npz,False,L60_NOT_GENUINE_HANDOFF,a2f224267fb8805a3b55623d767c92f2b6e69dffebb0692a0483816ee4f68373,False,400,/home/__compress_data/xushijie/work/cr_scizor/experiments/handback/hb3p_stop_continue_formal_v1/episodes/shard2/FIXED_L60/square__hb3p_stop_continue_formal__800170.json,,False,80,False,/home/__compress_data/xushijie/work/cr_scizor/experiments/handback/hb3p_stop_continue_formal_v1/episodes/shard2/FIXED_L60/square__hb3p_stop_continue_formal__800170.npz,False,400,/home/__compress_data/xushijie/work/cr_scizor/experiments/handback/hb3p_stop_continue_formal_v1/episodes/shard2/FIXED_L80/square__hb3p_stop_continue_formal__800170.json,,False,100,False,/home/__compress_data/xushijie/work/cr_scizor/experiments/handback/hb3p_stop_continue_formal_v1/episodes/shard2/FIXED_L80/square__hb3p_stop_continue_formal__800170.npz,False,040b679569eaab02f577c056fdc85f2049a19af3ad8351fc50d35c7afe46c3d3,square:hb3p_stop_continue_formal:800170,/home/__compress_data/xushijie/work/cr_scizor/experiments/handback/hb3p_stop_continue_formal_v1/roots/rollout_170.npz,800170,square
square:hb4_source:800171,/home/__compress_data/xushijie/work/cr_scizor/experiments/handback/hb3p_stop_continue_formal_v1/roots/payloads/171.npz,True,,c9a0c6b47180fd5acab4a4da55e7345f3dd448e6afcd354ba56ce4ac796c8ed9,True,320,/home/__compress_data/xushijie/work/cr_scizor/experiments/handback/hb3p_stop_continue_formal_v1/episodes/shard3/FIXED_L60/square__hb3p_stop_continue_formal__800171.json,316,True,80,True,/home/__compress_data/xushijie/work/cr_scizor/experiments/handback/hb3p_stop_continue_formal_v1/episodes/shard3/FIXED_L60/square__hb3p_stop_continue_formal__800171.npz,True,158,/home/__compress_data/xushijie/work/cr_scizor/experiments/handback/hb3p_stop_continue_formal_v1/episodes/shard3/FIXED_L80/square__hb3p_stop_continue_formal__800171.json,154,True,100,True,/home/__compress_data/xushijie/work/cr_scizor/experiments/handback/hb3p_stop_continue_formal_v1/episodes/shard3/FIXED_L80/square__hb3p_stop_continue_formal__800171.npz,False,040b679569eaab02f577c056fdc85f2049a19af3ad8351fc50d35c7afe46c3d3,square:hb3p_stop_continue_formal:800171,/home/__compress_data/xushijie/work/cr_scizor/experiments/handback/hb3p_stop_continue_formal_v1/roots/rollout_171.npz,800171,square
square:hb4_source:800172,/home/__compress_data/xushijie/work/cr_scizor/experiments/handback/hb3p_stop_continue_formal_v1/roots/payloads/172.npz,False,L60_NOT_GENUINE_HANDOFF,b460ae41979dcf6f24a10f5346d224f9a20eb6e1f41f47ee7a4de1aadde3489c,False,400,/home/__compress_data/xushijie/work/cr_scizor/experiments/handback/hb3p_stop_continue_formal_v1/episodes/shard4/FIXED_L60/square__hb3p_stop_continue_formal__800172.json,,False,80,False,/home/__compress_data/xushijie/work/cr_scizor/experiments/handback/hb3p_stop_continue_formal_v1/episodes/shard4/FIXED_L60/square__hb3p_stop_continue_formal__800172.npz,False,400,/home/__compress_data/xushijie/work/cr_scizor/experiments/handback/hb3p_stop_continue_formal_v1/episodes/shard4/FIXED_L80/square__hb3p_stop_continue_formal__800172.json,,False,100,False,/home/__compress_data/xushijie/work/cr_scizor/experiments/handback/hb3p_stop_continue_formal_v1/episodes/shard4/FIXED_L80/square__hb3p_stop_continue_formal__800172.npz,False,040b679569eaab02f577c056fdc85f2049a19af3ad8351fc50d35c7afe46c3d3,square:hb3p_stop_continue_formal:800172,/home/__compress_data/xushijie/work/cr_scizor/experiments/handback/hb3p_stop_continue_formal_v1/roots/rollout_172.npz,800172,square
square:hb4_source:800173,/home/__compress_data/xushijie/work/cr_scizor/experiments/handback/hb3p_stop_continue_formal_v1/roots/payloads/173.npz,False,L60_NOT_GENUINE_HANDOFF,f05fe4af01aa6109ccfc5c2c24beaf1cd0a82821ab38b4dad915dce8c049944f,False,400,/home/__compress_data/xushijie/work/cr_scizor/experiments/handback/hb3p_stop_continue_formal_v1/episodes/shard5/FIXED_L60/square__hb3p_stop_continue_formal__800173.json,,False,80,False,/home/__compress_data/xushijie/work/cr_scizor/experiments/handback/hb3p_stop_continue_formal_v1/episodes/shard5/FIXED_L60/square__hb3p_stop_continue_formal__800173.npz,False,400,/home/__compress_data/xushijie/work/cr_scizor/experiments/handback/hb3p_stop_continue_formal_v1/episodes/shard5/FIXED_L80/square__hb3p_stop_continue_formal__800173.json,,False,100,False,/home/__compress_data/xushijie/work/cr_scizor/experiments/handback/hb3p_stop_continue_formal_v1/episodes/shard5/FIXED_L80/square__hb3p_stop_continue_formal__800173.npz,False,040b679569eaab02f577c056fdc85f2049a19af3ad8351fc50d35c7afe46c3d3,square:hb3p_stop_continue_formal:800173,/home/__compress_data/xushijie/work/cr_scizor/experiments/handback/hb3p_stop_continue_formal_v1/roots/rollout_173.npz,800173,square
square:hb4_source:800174,/home/__compress_data/xushijie/work/cr_scizor/experiments/handback/hb3p_stop_continue_formal_v1/roots/payloads/174.npz,False,L60_NOT_GENUINE_HANDOFF,095b4085fef4a73a7b449e7ee36677d06802236f26c293454d456b237e6b87c2,False,400,/home/__compress_data/xushijie/work/cr_scizor/experiments/handback/hb3p_stop_continue_formal_v1/episodes/shard6/FIXED_L60/square__hb3p_stop_continue_formal__800174.json,,False,80,False,/home/__compress_data/xushijie/work/cr_scizor/experiments/handback/hb3p_stop_continue_formal_v1/episodes/shard6/FIXED_L60/square__hb3p_stop_continue_formal__800174.npz,False,400,/home/__compress_data/xushijie/work/cr_scizor/experiments/handback/hb3p_stop_continue_formal_v1/episodes/shard6/FIXED_L80/square__hb3p_stop_continue_formal__800174.json,,False,100,False,/home/__compress_data/xushijie/work/cr_scizor/experiments/handback/hb3p_stop_continue_formal_v1/episodes/shard6/FIXED_L80/square__hb3p_stop_continue_formal__800174.npz,False,040b679569eaab02f577c056fdc85f2049a19af3ad8351fc50d35c7afe46c3d3,square:hb3p_stop_continue_formal:800174,/home/__compress_data/xushijie/work/cr_scizor/experiments/handback/hb3p_stop_continue_formal_v1/roots/rollout_174.npz,800174,square
square:hb4_source:800175,/home/__compress_data/xushijie/work/cr_scizor/experiments/handback/hb3p_stop_continue_formal_v1/roots/payloads/175.npz,False,L60_NOT_GENUINE_HANDOFF,e5e18d991f27bff766c1de58b765ee1d984b481e43192a7ee73a651c4a96bb0e,False,400,/home/__compress_data/xushijie/work/cr_scizor/experiments/handback/hb3p_stop_continue_formal_v1/episodes/shard0/FIXED_L60/square__hb3p_stop_continue_formal__800175.json,,False,80,False,/home/__compress_data/xushijie/work/cr_scizor/experiments/handback/hb3p_stop_continue_formal_v1/episodes/shard0/FIXED_L60/square__hb3p_stop_continue_formal__800175.npz,True,151,/home/__compress_data/xushijie/work/cr_scizor/experiments/handback/hb3p_stop_continue_formal_v1/episodes/shard0/FIXED_L80/square__hb3p_stop_continue_formal__800175.json,147,True,100,True,/home/__compress_data/xushijie/work/cr_scizor/experiments/handback/hb3p_stop_continue_formal_v1/episodes/shard0/FIXED_L80/square__hb3p_stop_continue_formal__800175.npz,False,040b679569eaab02f577c056fdc85f2049a19af3ad8351fc50d35c7afe46c3d3,square:hb3p_stop_continue_formal:800175,/home/__compress_data/xushijie/work/cr_scizor/experiments/handback/hb3p_stop_continue_formal_v1/roots/rollout_175.npz,800175,square
square:hb4_source:800176,/home/__compress_data/xushijie/work/cr_scizor/experiments/handback/hb3p_stop_continue_formal_v1/roots/payloads/176.npz,False,L60_NOT_GENUINE_HANDOFF,ee74f354f88a6627b8ef318c77abf1954c7544b14d24fc7429b483b0ead9de7a,False,400,/home/__compress_data/xushijie/work/cr_scizor/experiments/handback/hb3p_stop_continue_formal_v1/episodes/shard1/FIXED_L60/square__hb3p_stop_continue_formal__800176.json,,False,80,False,/home/__compress_data/xushijie/work/cr_scizor/experiments/handback/hb3p_stop_continue_formal_v1/episodes/shard1/FIXED_L60/square__hb3p_stop_continue_formal__800176.npz,True,131,/home/__compress_data/xushijie/work/cr_scizor/experiments/handback/hb3p_stop_continue_formal_v1/episodes/shard1/FIXED_L80/square__hb3p_stop_continue_formal__800176.json,127,True,100,True,/home/__compress_data/xushijie/work/cr_scizor/experiments/handback/hb3p_stop_continue_formal_v1/episodes/shard1/FIXED_L80/square__hb3p_stop_continue_formal__800176.npz,False,040b679569eaab02f577c056fdc85f2049a19af3ad8351fc50d35c7afe46c3d3,square:hb3p_stop_continue_formal:800176,/home/__compress_data/xushijie/work/cr_scizor/experiments/handback/hb3p_stop_continue_formal_v1/roots/rollout_176.npz,800176,square
square:hb4_source:800177,/home/__compress_data/xushijie/work/cr_scizor/experiments/handback/hb3p_stop_continue_formal_v1/roots/payloads/177.npz,False,L60_NOT_GENUINE_HANDOFF,3a13caa0470748f5715ed77f73f4e9325e322dc45a0a4f87c45d00af19d14a53,False,400,/home/__compress_data/xushijie/work/cr_scizor/experiments/handback/hb3p_stop_continue_formal_v1/episodes/shard2/FIXED_L60/square__hb3p_stop_continue_formal__800177.json,,False,80,False,/home/__compress_data/xushijie/work/cr_scizor/experiments/handback/hb3p_stop_continue_formal_v1/episodes/shard2/FIXED_L60/square__hb3p_stop_continue_formal__800177.npz,False,400,/home/__compress_data/xushijie/work/cr_scizor/experiments/handback/hb3p_stop_continue_formal_v1/episodes/shard2/FIXED_L80/square__hb3p_stop_continue_formal__800177.json,,False,100,False,/home/__compress_data/xushijie/work/cr_scizor/experiments/handback/hb3p_stop_continue_formal_v1/episodes/shard2/FIXED_L80/square__hb3p_stop_continue_formal__800177.npz,False,040b679569eaab02f577c056fdc85f2049a19af3ad8351fc50d35c7afe46c3d3,square:hb3p_stop_continue_formal:800177,/home/__compress_data/xushijie/work/cr_scizor/experiments/handback/hb3p_stop_continue_formal_v1/roots/rollout_177.npz,800177,square
square:hb4_source:800178,/home/__compress_data/xushijie/work/cr_scizor/experiments/handback/hb3p_stop_continue_formal_v1/roots/payloads/178.npz,True,,dcbf4d8aec2639d98c8cedd63cbf92b605b24a264723f34bd311459c44c61944,True,120,/home/__compress_data/xushijie/work/cr_scizor/experiments/handback/hb3p_stop_continue_formal_v1/episodes/shard3/FIXED_L60/square__hb3p_stop_continue_formal__800178.json,116,True,80,True,/home/__compress_data/xushijie/work/cr_scizor/experiments/handback/hb3p_stop_continue_formal_v1/episodes/shard3/FIXED_L60/square__hb3p_stop_continue_formal__800178.npz,True,148,/home/__compress_data/xushijie/work/cr_scizor/experiments/handback/hb3p_stop_continue_formal_v1/episodes/shard3/FIXED_L80/square__hb3p_stop_continue_formal__800178.json,144,True,100,True,/home/__compress_data/xushijie/work/cr_scizor/experiments/handback/hb3p_stop_continue_formal_v1/episodes/shard3/FIXED_L80/square__hb3p_stop_continue_formal__800178.npz,False,040b679569eaab02f577c056fdc85f2049a19af3ad8351fc50d35c7afe46c3d3,square:hb3p_stop_continue_formal:800178,/home/__compress_data/xushijie/work/cr_scizor/experiments/handback/hb3p_stop_continue_formal_v1/roots/rollout_178.npz,800178,square
square:hb4_source:800179,/home/__compress_data/xushijie/work/cr_scizor/experiments/handback/hb3p_stop_continue_formal_v1/roots/payloads/179.npz,False,L60_NOT_GENUINE_HANDOFF,00875b27866531884b51236f81e789bfcbbbf006c5bcebd3b1503712e97cb72d,False,400,/home/__compress_data/xushijie/work/cr_scizor/experiments/handback/hb3p_stop_continue_formal_v1/episodes/shard4/FIXED_L60/square__hb3p_stop_continue_formal__800179.json,,False,80,False,/home/__compress_data/xushijie/work/cr_scizor/experiments/handback/hb3p_stop_continue_formal_v1/episodes/shard4/FIXED_L60/square__hb3p_stop_continue_formal__800179.npz,False,400,/home/__compress_data/xushijie/work/cr_scizor/experiments/handback/hb3p_stop_continue_formal_v1/episodes/shard4/FIXED_L80/square__hb3p_stop_continue_formal__800179.json,,False,100,False,/home/__compress_data/xushijie/work/cr_scizor/experiments/handback/hb3p_stop_continue_formal_v1/episodes/shard4/FIXED_L80/square__hb3p_stop_continue_formal__800179.npz,False,040b679569eaab02f577c056fdc85f2049a19af3ad8351fc50d35c7afe46c3d3,square:hb3p_stop_continue_formal:800179,/home/__compress_data/xushijie/work/cr_scizor/experiments/handback/hb3p_stop_continue_formal_v1/roots/rollout_179.npz,800179,square
square:hb4_source:800180,/home/__compress_data/xushijie/work/cr_scizor/experiments/handback/hb3p_stop_continue_formal_v1/roots/payloads/180.npz,False,L60_NOT_GENUINE_HANDOFF,8e7fefae5e867b31c8a8a3a40256dc2bbdd46f0d770a789d23996f8a4cae8051,False,400,/home/__compress_data/xushijie/work/cr_scizor/experiments/handback/hb3p_stop_continue_formal_v1/episodes/shard5/FIXED_L60/square__hb3p_stop_continue_formal__800180.json,,False,80,False,/home/__compress_data/xushijie/work/cr_scizor/experiments/handback/hb3p_stop_continue_formal_v1/episodes/shard5/FIXED_L60/square__hb3p_stop_continue_formal__800180.npz,False,400,/home/__compress_data/xushijie/work/cr_scizor/experiments/handback/hb3p_stop_continue_formal_v1/episodes/shard5/FIXED_L80/square__hb3p_stop_continue_formal__800180.json,,False,100,False,/home/__compress_data/xushijie/work/cr_scizor/experiments/handback/hb3p_stop_continue_formal_v1/episodes/shard5/FIXED_L80/square__hb3p_stop_continue_formal__800180.npz,False,040b679569eaab02f577c056fdc85f2049a19af3ad8351fc50d35c7afe46c3d3,square:hb3p_stop_continue_formal:800180,/home/__compress_data/xushijie/work/cr_scizor/experiments/handback/hb3p_stop_continue_formal_v1/roots/rollout_180.npz,800180,square
square:hb4_source:800181,/home/__compress_data/xushijie/work/cr_scizor/experiments/handback/hb3p_stop_continue_formal_v1/roots/payloads/181.npz,False,L60_NOT_GENUINE_HANDOFF,4b7743a84fc057aad287b180b81c01753886d70b3f5f5f2ca38fe82e15138655,False,400,/home/__compress_data/xushijie/work/cr_scizor/experiments/handback/hb3p_stop_continue_formal_v1/episodes/shard6/FIXED_L60/square__hb3p_stop_continue_formal__800181.json,,False,80,False,/home/__compress_data/xushijie/work/cr_scizor/experiments/handback/hb3p_stop_continue_formal_v1/episodes/shard6/FIXED_L60/square__hb3p_stop_continue_formal__800181.npz,False,400,/home/__compress_data/xushijie/work/cr_scizor/experiments/handback/hb3p_stop_continue_formal_v1/episodes/shard6/FIXED_L80/square__hb3p_stop_continue_formal__800181.json,,False,100,False,/home/__compress_data/xushijie/work/cr_scizor/experiments/handback/hb3p_stop_continue_formal_v1/episodes/shard6/FIXED_L80/square__hb3p_stop_continue_formal__800181.npz,False,040b679569eaab02f577c056fdc85f2049a19af3ad8351fc50d35c7afe46c3d3,square:hb3p_stop_continue_formal:800181,/home/__compress_data/xushijie/work/cr_scizor/experiments/handback/hb3p_stop_continue_formal_v1/roots/rollout_181.npz,800181,square
square:hb4_source:800182,/home/__compress_data/xushijie/work/cr_scizor/experiments/handback/hb3p_stop_continue_formal_v1/roots/payloads/182.npz,False,L60_NOT_GENUINE_HANDOFF,8840e76449c77b3f674d53ca229088c62c63b1cb5254abf62b617dbdcdbb7e52,False,400,/home/__compress_data/xushijie/work/cr_scizor/experiments/handback/hb3p_stop_continue_formal_v1/episodes/shard0/FIXED_L60/square__hb3p_stop_continue_formal__800182.json,,False,80,False,/home/__compress_data/xushijie/work/cr_scizor/experiments/handback/hb3p_stop_continue_formal_v1/episodes/shard0/FIXED_L60/square__hb3p_stop_continue_formal__800182.npz,False,400,/home/__compress_data/xushijie/work/cr_scizor/experiments/handback/hb3p_stop_continue_formal_v1/episodes/shard0/FIXED_L80/square__hb3p_stop_continue_formal__800182.json,,False,100,False,/home/__compress_data/xushijie/work/cr_scizor/experiments/handback/hb3p_stop_continue_formal_v1/episodes/shard0/FIXED_L80/square__hb3p_stop_continue_formal__800182.npz,False,040b679569eaab02f577c056fdc85f2049a19af3ad8351fc50d35c7afe46c3d3,square:hb3p_stop_continue_formal:800182,/home/__compress_data/xushijie/work/cr_scizor/experiments/handback/hb3p_stop_continue_formal_v1/roots/rollout_182.npz,800182,square
square:hb4_source:800183,/home/__compress_data/xushijie/work/cr_scizor/experiments/handback/hb3p_stop_continue_formal_v1/roots/payloads/183.npz,False,L60_NOT_GENUINE_HANDOFF,aacb446005fd098185085f703daac989ddda5580dd18d4b4052faa435d78d351,False,400,/home/__compress_data/xushijie/work/cr_scizor/experiments/handback/hb3p_stop_continue_formal_v1/episodes/shard1/FIXED_L60/square__hb3p_stop_continue_formal__800183.json,,False,80,False,/home/__compress_data/xushijie/work/cr_scizor/experiments/handback/hb3p_stop_continue_formal_v1/episodes/shard1/FIXED_L60/square__hb3p_stop_continue_formal__800183.npz,False,400,/home/__compress_data/xushijie/work/cr_scizor/experiments/handback/hb3p_stop_continue_formal_v1/episodes/shard1/FIXED_L80/square__hb3p_stop_continue_formal__800183.json,,False,100,False,/home/__compress_data/xushijie/work/cr_scizor/experiments/handback/hb3p_stop_continue_formal_v1/episodes/shard1/FIXED_L80/square__hb3p_stop_continue_formal__800183.npz,False,040b679569eaab02f577c056fdc85f2049a19af3ad8351fc50d35c7afe46c3d3,square:hb3p_stop_continue_formal:800183,/home/__compress_data/xushijie/work/cr_scizor/experiments/handback/hb3p_stop_continue_formal_v1/roots/rollout_183.npz,800183,square
square:hb4_source:800184,/home/__compress_data/xushijie/work/cr_scizor/experiments/handback/hb3p_stop_continue_formal_v1/roots/payloads/184.npz,False,NONE_SUCCESS;L60_NOT_GENUINE_HANDOFF,f3e3d0997596fd746db10421e6f91c1a4d66c0090021b6144615bc115ed152e9,False,400,/home/__compress_data/xushijie/work/cr_scizor/experiments/handback/hb3p_stop_continue_formal_v1/episodes/shard2/FIXED_L60/square__hb3p_stop_continue_formal__800184.json,,False,80,False,/home/__compress_data/xushijie/work/cr_scizor/experiments/handback/hb3p_stop_continue_formal_v1/episodes/shard2/FIXED_L60/square__hb3p_stop_continue_formal__800184.npz,False,400,/home/__compress_data/xushijie/work/cr_scizor/experiments/handback/hb3p_stop_continue_formal_v1/episodes/shard2/FIXED_L80/square__hb3p_stop_continue_formal__800184.json,,False,100,False,/home/__compress_data/xushijie/work/cr_scizor/experiments/handback/hb3p_stop_continue_formal_v1/episodes/shard2/FIXED_L80/square__hb3p_stop_continue_formal__800184.npz,True,040b679569eaab02f577c056fdc85f2049a19af3ad8351fc50d35c7afe46c3d3,square:hb3p_stop_continue_formal:800184,/home/__compress_data/xushijie/work/cr_scizor/experiments/handback/hb3p_stop_continue_formal_v1/roots/rollout_184.npz,800184,square
square:hb4_source:800185,/home/__compress_data/xushijie/work/cr_scizor/experiments/handback/hb3p_stop_continue_formal_v1/roots/payloads/185.npz,False,L60_NOT_GENUINE_HANDOFF,118470a36e3778e9b70a46f8ce76666734b41aee8acda4acad94819d83cfd5a7,False,400,/home/__compress_data/xushijie/work/cr_scizor/experiments/handback/hb3p_stop_continue_formal_v1/episodes/shard3/FIXED_L60/square__hb3p_stop_continue_formal__800185.json,,False,80,False,/home/__compress_data/xushijie/work/cr_scizor/experiments/handback/hb3p_stop_continue_formal_v1/episodes/shard3/FIXED_L60/square__hb3p_stop_continue_formal__800185.npz,False,400,/home/__compress_data/xushijie/work/cr_scizor/experiments/handback/hb3p_stop_continue_formal_v1/episodes/shard3/FIXED_L80/square__hb3p_stop_continue_formal__800185.json,,False,100,False,/home/__compress_data/xushijie/work/cr_scizor/experiments/handback/hb3p_stop_continue_formal_v1/episodes/shard3/FIXED_L80/square__hb3p_stop_continue_formal__800185.npz,False,040b679569eaab02f577c056fdc85f2049a19af3ad8351fc50d35c7afe46c3d3,square:hb3p_stop_continue_formal:800185,/home/__compress_data/xushijie/work/cr_scizor/experiments/handback/hb3p_stop_continue_formal_v1/roots/rollout_185.npz,800185,square
square:hb4_source:800186,/home/__compress_data/xushijie/work/cr_scizor/experiments/handback/hb3p_stop_continue_formal_v1/roots/payloads/186.npz,False,L60_NOT_GENUINE_HANDOFF,fbff0a17f634761828d2ca9bdf4fef3d182b769d0e32f2fcbdcbc762807d58d2,False,400,/home/__compress_data/xushijie/work/cr_scizor/experiments/handback/hb3p_stop_continue_formal_v1/episodes/shard4/FIXED_L60/square__hb3p_stop_continue_formal__800186.json,,False,80,False,/home/__compress_data/xushijie/work/cr_scizor/experiments/handback/hb3p_stop_continue_formal_v1/episodes/shard4/FIXED_L60/square__hb3p_stop_continue_formal__800186.npz,True,187,/home/__compress_data/xushijie/work/cr_scizor/experiments/handback/hb3p_stop_continue_formal_v1/episodes/shard4/FIXED_L80/square__hb3p_stop_continue_formal__800186.json,183,True,100,True,/home/__compress_data/xushijie/work/cr_scizor/experiments/handback/hb3p_stop_continue_formal_v1/episodes/shard4/FIXED_L80/square__hb3p_stop_continue_formal__800186.npz,False,040b679569eaab02f577c056fdc85f2049a19af3ad8351fc50d35c7afe46c3d3,square:hb3p_stop_continue_formal:800186,/home/__compress_data/xushijie/work/cr_scizor/experiments/handback/hb3p_stop_continue_formal_v1/roots/rollout_186.npz,800186,square
square:hb4_source:800187,/home/__compress_data/xushijie/work/cr_scizor/experiments/handback/hb3p_stop_continue_formal_v1/roots/payloads/187.npz,False,L60_NOT_GENUINE_HANDOFF,de652d9542d06223b1e172664e61dfbb8720e8f5b36430942127980e31d11fcb,False,400,/home/__compress_data/xushijie/work/cr_scizor/experiments/handback/hb3p_stop_continue_formal_v1/episodes/shard5/FIXED_L60/square__hb3p_stop_continue_formal__800187.json,,False,80,False,/home/__compress_data/xushijie/work/cr_scizor/experiments/handback/hb3p_stop_continue_formal_v1/episodes/shard5/FIXED_L60/square__hb3p_stop_continue_formal__800187.npz,False,400,/home/__compress_data/xushijie/work/cr_scizor/experiments/handback/hb3p_stop_continue_formal_v1/episodes/shard5/FIXED_L80/square__hb3p_stop_continue_formal__800187.json,,False,100,False,/home/__compress_data/xushijie/work/cr_scizor/experiments/handback/hb3p_stop_continue_formal_v1/episodes/shard5/FIXED_L80/square__hb3p_stop_continue_formal__800187.npz,False,040b679569eaab02f577c056fdc85f2049a19af3ad8351fc50d35c7afe46c3d3,square:hb3p_stop_continue_formal:800187,/home/__compress_data/xushijie/work/cr_scizor/experiments/handback/hb3p_stop_continue_formal_v1/roots/rollout_187.npz,800187,square
square:hb4_source:800188,/home/__compress_data/xushijie/work/cr_scizor/experiments/handback/hb3p_stop_continue_formal_v1/roots/payloads/188.npz,True,,fd0856afe63c330d2cba68d8480be8d837595d40d30eb534ee8e4e45137c5734,True,114,/home/__compress_data/xushijie/work/cr_scizor/experiments/handback/hb3p_stop_continue_formal_v1/episodes/shard6/FIXED_L60/square__hb3p_stop_continue_formal__800188.json,110,True,80,True,/home/__compress_data/xushijie/work/cr_scizor/experiments/handback/hb3p_stop_continue_formal_v1/episodes/shard6/FIXED_L60/square__hb3p_stop_continue_formal__800188.npz,False,120,/home/__compress_data/xushijie/work/cr_scizor/experiments/handback/hb3p_stop_continue_formal_v1/episodes/shard6/FIXED_L80/square__hb3p_stop_continue_formal__800188.json,116,False,100,True,/home/__compress_data/xushijie/work/cr_scizor/experiments/handback/hb3p_stop_continue_formal_v1/episodes/shard6/FIXED_L80/square__hb3p_stop_continue_formal__800188.npz,False,040b679569eaab02f577c056fdc85f2049a19af3ad8351fc50d35c7afe46c3d3,square:hb3p_stop_continue_formal:800188,/home/__compress_data/xushijie/work/cr_scizor/experiments/handback/hb3p_stop_continue_formal_v1/roots/rollout_188.npz,800188,square
square:hb4_source:800189,/home/__compress_data/xushijie/work/cr_scizor/experiments/handback/hb3p_stop_continue_formal_v1/roots/payloads/189.npz,True,,d9cb42b96dc076ece15a9e9a891b586e6fa6c482c04b2e02078738729e3e0c06,True,154,/home/__compress_data/xushijie/work/cr_scizor/experiments/handback/hb3p_stop_continue_formal_v1/episodes/shard0/FIXED_L60/square__hb3p_stop_continue_formal__800189.json,150,True,80,True,/home/__compress_data/xushijie/work/cr_scizor/experiments/handback/hb3p_stop_continue_formal_v1/episodes/shard0/FIXED_L60/square__hb3p_stop_continue_formal__800189.npz,True,146,/home/__compress_data/xushijie/work/cr_scizor/experiments/handback/hb3p_stop_continue_formal_v1/episodes/shard0/FIXED_L80/square__hb3p_stop_continue_formal__800189.json,142,True,100,True,/home/__compress_data/xushijie/work/cr_scizor/experiments/handback/hb3p_stop_continue_formal_v1/episodes/shard0/FIXED_L80/square__hb3p_stop_continue_formal__800189.npz,False,040b679569eaab02f577c056fdc85f2049a19af3ad8351fc50d35c7afe46c3d3,square:hb3p_stop_continue_formal:800189,/home/__compress_data/xushijie/work/cr_scizor/experiments/handback/hb3p_stop_continue_formal_v1/roots/rollout_189.npz,800189,square
square:hb4_source:800190,/home/__compress_data/xushijie/work/cr_scizor/experiments/handback/hb3p_stop_continue_formal_v1/roots/payloads/190.npz,False,L60_NOT_GENUINE_HANDOFF,663ff3a2c864d7a91228ad020772b6043fedfc1d20238cc5067e07cd5a7ad5e2,False,400,/home/__compress_data/xushijie/work/cr_scizor/experiments/handback/hb3p_stop_continue_formal_v1/episodes/shard1/FIXED_L60/square__hb3p_stop_continue_formal__800190.json,,False,80,False,/home/__compress_data/xushijie/work/cr_scizor/experiments/handback/hb3p_stop_continue_formal_v1/episodes/shard1/FIXED_L60/square__hb3p_stop_continue_formal__800190.npz,False,400,/home/__compress_data/xushijie/work/cr_scizor/experiments/handback/hb3p_stop_continue_formal_v1/episodes/shard1/FIXED_L80/square__hb3p_stop_continue_formal__800190.json,,False,100,False,/home/__compress_data/xushijie/work/cr_scizor/experiments/handback/hb3p_stop_continue_formal_v1/episodes/shard1/FIXED_L80/square__hb3p_stop_continue_formal__800190.npz,False,040b679569eaab02f577c056fdc85f2049a19af3ad8351fc50d35c7afe46c3d3,square:hb3p_stop_continue_formal:800190,/home/__compress_data/xushijie/work/cr_scizor/experiments/handback/hb3p_stop_continue_formal_v1/roots/rollout_190.npz,800190,square
square:hb4_source:800191,/home/__compress_data/xushijie/work/cr_scizor/experiments/handback/hb3p_stop_continue_formal_v1/roots/payloads/191.npz,False,L60_NOT_GENUINE_HANDOFF,1cee6879b17a3a91ba2fe5e99b59567917b8c73f861c085d7b5c4a6a3282c251,False,400,/home/__compress_data/xushijie/work/cr_scizor/experiments/handback/hb3p_stop_continue_formal_v1/episodes/shard2/FIXED_L60/square__hb3p_stop_continue_formal__800191.json,,False,80,False,/home/__compress_data/xushijie/work/cr_scizor/experiments/handback/hb3p_stop_continue_formal_v1/episodes/shard2/FIXED_L60/square__hb3p_stop_continue_formal__800191.npz,False,400,/home/__compress_data/xushijie/work/cr_scizor/experiments/handback/hb3p_stop_continue_formal_v1/episodes/shard2/FIXED_L80/square__hb3p_stop_continue_formal__800191.json,,False,100,False,/home/__compress_data/xushijie/work/cr_scizor/experiments/handback/hb3p_stop_continue_formal_v1/episodes/shard2/FIXED_L80/square__hb3p_stop_continue_formal__800191.npz,False,040b679569eaab02f577c056fdc85f2049a19af3ad8351fc50d35c7afe46c3d3,square:hb3p_stop_continue_formal:800191,/home/__compress_data/xushijie/work/cr_scizor/experiments/handback/hb3p_stop_continue_formal_v1/roots/rollout_191.npz,800191,square
square:hb4_source:800192,/home/__compress_data/xushijie/work/cr_scizor/experiments/handback/hb3p_stop_continue_formal_v1/roots/payloads/192.npz,False,L60_NOT_GENUINE_HANDOFF,864646e4efb686b16f2f2f13489e607dc57aa56909de381450e6972636b8868a,False,400,/home/__compress_data/xushijie/work/cr_scizor/experiments/handback/hb3p_stop_continue_formal_v1/episodes/shard3/FIXED_L60/square__hb3p_stop_continue_formal__800192.json,,False,80,False,/home/__compress_data/xushijie/work/cr_scizor/experiments/handback/hb3p_stop_continue_formal_v1/episodes/shard3/FIXED_L60/square__hb3p_stop_continue_formal__800192.npz,False,400,/home/__compress_data/xushijie/work/cr_scizor/experiments/handback/hb3p_stop_continue_formal_v1/episodes/shard3/FIXED_L80/square__hb3p_stop_continue_formal__800192.json,,False,100,False,/home/__compress_data/xushijie/work/cr_scizor/experiments/handback/hb3p_stop_continue_formal_v1/episodes/shard3/FIXED_L80/square__hb3p_stop_continue_formal__800192.npz,False,040b679569eaab02f577c056fdc85f2049a19af3ad8351fc50d35c7afe46c3d3,square:hb3p_stop_continue_formal:800192,/home/__compress_data/xushijie/work/cr_scizor/experiments/handback/hb3p_stop_continue_formal_v1/roots/rollout_192.npz,800192,square
square:hb4_source:800193,/home/__compress_data/xushijie/work/cr_scizor/experiments/handback/hb3p_stop_continue_formal_v1/roots/payloads/193.npz,False,L60_NOT_GENUINE_HANDOFF,ddfdacb83b6e2dbb5fc439f5692cd101b68b0e7ebddb355af426b1cdc3396da4,False,400,/home/__compress_data/xushijie/work/cr_scizor/experiments/handback/hb3p_stop_continue_formal_v1/episodes/shard4/FIXED_L60/square__hb3p_stop_continue_formal__800193.json,,False,80,False,/home/__compress_data/xushijie/work/cr_scizor/experiments/handback/hb3p_stop_continue_formal_v1/episodes/shard4/FIXED_L60/square__hb3p_stop_continue_formal__800193.npz,False,400,/home/__compress_data/xushijie/work/cr_scizor/experiments/handback/hb3p_stop_continue_formal_v1/episodes/shard4/FIXED_L80/square__hb3p_stop_continue_formal__800193.json,,False,100,False,/home/__compress_data/xushijie/work/cr_scizor/experiments/handback/hb3p_stop_continue_formal_v1/episodes/shard4/FIXED_L80/square__hb3p_stop_continue_formal__800193.npz,False,040b679569eaab02f577c056fdc85f2049a19af3ad8351fc50d35c7afe46c3d3,square:hb3p_stop_continue_formal:800193,/home/__compress_data/xushijie/work/cr_scizor/experiments/handback/hb3p_stop_continue_formal_v1/roots/rollout_193.npz,800193,square
square:hb4_source:800194,/home/__compress_data/xushijie/work/cr_scizor/experiments/handback/hb3p_stop_continue_formal_v1/roots/payloads/194.npz,False,L60_NOT_GENUINE_HANDOFF,2556cc25664f80ea1acf780fb51a73337c47617c7cc007bde1e122cc5d6201dc,False,400,/home/__compress_data/xushijie/work/cr_scizor/experiments/handback/hb3p_stop_continue_formal_v1/episodes/shard5/FIXED_L60/square__hb3p_stop_continue_formal__800194.json,,False,80,False,/home/__compress_data/xushijie/work/cr_scizor/experiments/handback/hb3p_stop_continue_formal_v1/episodes/shard5/FIXED_L60/square__hb3p_stop_continue_formal__800194.npz,False,400,/home/__compress_data/xushijie/work/cr_scizor/experiments/handback/hb3p_stop_continue_formal_v1/episodes/shard5/FIXED_L80/square__hb3p_stop_continue_formal__800194.json,,False,100,False,/home/__compress_data/xushijie/work/cr_scizor/experiments/handback/hb3p_stop_continue_formal_v1/episodes/shard5/FIXED_L80/square__hb3p_stop_continue_formal__800194.npz,False,040b679569eaab02f577c056fdc85f2049a19af3ad8351fc50d35c7afe46c3d3,square:hb3p_stop_continue_formal:800194,/home/__compress_data/xushijie/work/cr_scizor/experiments/handback/hb3p_stop_continue_formal_v1/roots/rollout_194.npz,800194,square
square:hb4_source:800195,/home/__compress_data/xushijie/work/cr_scizor/experiments/handback/hb3p_stop_continue_formal_v1/roots/payloads/195.npz,False,L60_NOT_GENUINE_HANDOFF,4f042f631b8211e0057b21d9569cd36354b965589c88948504fc124d0742ef11,False,400,/home/__compress_data/xushijie/work/cr_scizor/experiments/handback/hb3p_stop_continue_formal_v1/episodes/shard6/FIXED_L60/square__hb3p_stop_continue_formal__800195.json,,False,80,False,/home/__compress_data/xushijie/work/cr_scizor/experiments/handback/hb3p_stop_continue_formal_v1/episodes/shard6/FIXED_L60/square__hb3p_stop_continue_formal__800195.npz,True,195,/home/__compress_data/xushijie/work/cr_scizor/experiments/handback/hb3p_stop_continue_formal_v1/episodes/shard6/FIXED_L80/square__hb3p_stop_continue_formal__800195.json,191,True,100,True,/home/__compress_data/xushijie/work/cr_scizor/experiments/handback/hb3p_stop_continue_formal_v1/episodes/shard6/FIXED_L80/square__hb3p_stop_continue_formal__800195.npz,False,040b679569eaab02f577c056fdc85f2049a19af3ad8351fc50d35c7afe46c3d3,square:hb3p_stop_continue_formal:800195,/home/__compress_data/xushijie/work/cr_scizor/experiments/handback/hb3p_stop_continue_formal_v1/roots/rollout_195.npz,800195,square
square:hb4_source:800196,/home/__compress_data/xushijie/work/cr_scizor/experiments/handback/hb3p_stop_continue_formal_v1/roots/payloads/196.npz,True,,557210fbd86e8bbcb06bff2d743bb977ce39d726a05b6179f2ebdfd7ae77941b,True,116,/home/__compress_data/xushijie/work/cr_scizor/experiments/handback/hb3p_stop_continue_formal_v1/episodes/shard0/FIXED_L60/square__hb3p_stop_continue_formal__800196.json,112,True,80,True,/home/__compress_data/xushijie/work/cr_scizor/experiments/handback/hb3p_stop_continue_formal_v1/episodes/shard0/FIXED_L60/square__hb3p_stop_continue_formal__800196.npz,True,136,/home/__compress_data/xushijie/work/cr_scizor/experiments/handback/hb3p_stop_continue_formal_v1/episodes/shard0/FIXED_L80/square__hb3p_stop_continue_formal__800196.json,132,True,100,True,/home/__compress_data/xushijie/work/cr_scizor/experiments/handback/hb3p_stop_continue_formal_v1/episodes/shard0/FIXED_L80/square__hb3p_stop_continue_formal__800196.npz,False,040b679569eaab02f577c056fdc85f2049a19af3ad8351fc50d35c7afe46c3d3,square:hb3p_stop_continue_formal:800196,/home/__compress_data/xushijie/work/cr_scizor/experiments/handback/hb3p_stop_continue_formal_v1/roots/rollout_196.npz,800196,square
square:hb4_source:800197,/home/__compress_data/xushijie/work/cr_scizor/experiments/handback/hb3p_stop_continue_formal_v1/roots/payloads/197.npz,False,L60_NOT_GENUINE_HANDOFF,09edbab65b593f8a0fa167927fe5b61eefb5f67e90cdf900aeddfff69f4e6cac,False,400,/home/__compress_data/xushijie/work/cr_scizor/experiments/handback/hb3p_stop_continue_formal_v1/episodes/shard1/FIXED_L60/square__hb3p_stop_continue_formal__800197.json,,False,80,False,/home/__compress_data/xushijie/work/cr_scizor/experiments/handback/hb3p_stop_continue_formal_v1/episodes/shard1/FIXED_L60/square__hb3p_stop_continue_formal__800197.npz,False,400,/home/__compress_data/xushijie/work/cr_scizor/experiments/handback/hb3p_stop_continue_formal_v1/episodes/shard1/FIXED_L80/square__hb3p_stop_continue_formal__800197.json,,False,100,False,/home/__compress_data/xushijie/work/cr_scizor/experiments/handback/hb3p_stop_continue_formal_v1/episodes/shard1/FIXED_L80/square__hb3p_stop_continue_formal__800197.npz,False,040b679569eaab02f577c056fdc85f2049a19af3ad8351fc50d35c7afe46c3d3,square:hb3p_stop_continue_formal:800197,/home/__compress_data/xushijie/work/cr_scizor/experiments/handback/hb3p_stop_continue_formal_v1/roots/rollout_197.npz,800197,square
square:hb4_source:800198,/home/__compress_data/xushijie/work/cr_scizor/experiments/handback/hb3p_stop_continue_formal_v1/roots/payloads/198.npz,False,L60_NOT_GENUINE_HANDOFF,9b1af3aa64568c023c060659f8f6a710629572ede193b1a1143ef20a119ca64a,False,400,/home/__compress_data/xushijie/work/cr_scizor/experiments/handback/hb3p_stop_continue_formal_v1/episodes/shard2/FIXED_L60/square__hb3p_stop_continue_formal__800198.json,,False,80,False,/home/__compress_data/xushijie/work/cr_scizor/experiments/handback/hb3p_stop_continue_formal_v1/episodes/shard2/FIXED_L60/square__hb3p_stop_continue_formal__800198.npz,False,400,/home/__compress_data/xushijie/work/cr_scizor/experiments/handback/hb3p_stop_continue_formal_v1/episodes/shard2/FIXED_L80/square__hb3p_stop_continue_formal__800198.json,,False,100,False,/home/__compress_data/xushijie/work/cr_scizor/experiments/handback/hb3p_stop_continue_formal_v1/episodes/shard2/FIXED_L80/square__hb3p_stop_continue_formal__800198.npz,False,040b679569eaab02f577c056fdc85f2049a19af3ad8351fc50d35c7afe46c3d3,square:hb3p_stop_continue_formal:800198,/home/__compress_data/xushijie/work/cr_scizor/experiments/handback/hb3p_stop_continue_formal_v1/roots/rollout_198.npz,800198,square
square:hb4_source:800199,/home/__compress_data/xushijie/work/cr_scizor/experiments/handback/hb3p_stop_continue_formal_v1/roots/payloads/199.npz,False,NONE_SUCCESS;L60_NOT_GENUINE_HANDOFF,f5226dfac01f8e77c60769de2e56332aaeef66ae0a336a79ae73c857fe02741c,False,400,/home/__compress_data/xushijie/work/cr_scizor/experiments/handback/hb3p_stop_continue_formal_v1/episodes/shard3/FIXED_L60/square__hb3p_stop_continue_formal__800199.json,,False,80,False,/home/__compress_data/xushijie/work/cr_scizor/experiments/handback/hb3p_stop_continue_formal_v1/episodes/shard3/FIXED_L60/square__hb3p_stop_continue_formal__800199.npz,False,400,/home/__compress_data/xushijie/work/cr_scizor/experiments/handback/hb3p_stop_continue_formal_v1/episodes/shard3/FIXED_L80/square__hb3p_stop_continue_formal__800199.json,,False,100,False,/home/__compress_data/xushijie/work/cr_scizor/experiments/handback/hb3p_stop_continue_formal_v1/episodes/shard3/FIXED_L80/square__hb3p_stop_continue_formal__800199.npz,True,040b679569eaab02f577c056fdc85f2049a19af3ad8351fc50d35c7afe46c3d3,square:hb3p_stop_continue_formal:800199,/home/__compress_data/xushijie/work/cr_scizor/experiments/handback/hb3p_stop_continue_formal_v1/roots/rollout_199.npz,800199,square
square:hb4_source:800200,/home/__compress_data/xushijie/work/cr_scizor/experiments/handback/hb3p_stop_continue_formal_v1/roots/payloads/200.npz,False,L60_NOT_GENUINE_HANDOFF,bee485a7625e8045e41c0b108b68629ebfe09b046195a0c7c5c13e24af146650,False,400,/home/__compress_data/xushijie/work/cr_scizor/experiments/handback/hb3p_stop_continue_formal_v1/episodes/shard4/FIXED_L60/square__hb3p_stop_continue_formal__800200.json,,False,80,False,/home/__compress_data/xushijie/work/cr_scizor/experiments/handback/hb3p_stop_continue_formal_v1/episodes/shard4/FIXED_L60/square__hb3p_stop_continue_formal__800200.npz,False,400,/home/__compress_data/xushijie/work/cr_scizor/experiments/handback/hb3p_stop_continue_formal_v1/episodes/shard4/FIXED_L80/square__hb3p_stop_continue_formal__800200.json,,False,100,False,/home/__compress_data/xushijie/work/cr_scizor/experiments/handback/hb3p_stop_continue_formal_v1/episodes/shard4/FIXED_L80/square__hb3p_stop_continue_formal__800200.npz,False,040b679569eaab02f577c056fdc85f2049a19af3ad8351fc50d35c7afe46c3d3,square:hb3p_stop_continue_formal:800200,/home/__compress_data/xushijie/work/cr_scizor/experiments/handback/hb3p_stop_continue_formal_v1/roots/rollout_200.npz,800200,square
square:hb4_source:800201,/home/__compress_data/xushijie/work/cr_scizor/experiments/handback/hb3p_stop_continue_formal_v1/roots/payloads/201.npz,False,L60_NOT_GENUINE_HANDOFF,32c869b7a02fc120ad6db38b9837a7f4e16fe57a0a50e0c79daa4c82aad46400,False,400,/home/__compress_data/xushijie/work/cr_scizor/experiments/handback/hb3p_stop_continue_formal_v1/episodes/shard5/FIXED_L60/square__hb3p_stop_continue_formal__800201.json,,False,80,False,/home/__compress_data/xushijie/work/cr_scizor/experiments/handback/hb3p_stop_continue_formal_v1/episodes/shard5/FIXED_L60/square__hb3p_stop_continue_formal__800201.npz,False,400,/home/__compress_data/xushijie/work/cr_scizor/experiments/handback/hb3p_stop_continue_formal_v1/episodes/shard5/FIXED_L80/square__hb3p_stop_continue_formal__800201.json,,False,100,False,/home/__compress_data/xushijie/work/cr_scizor/experiments/handback/hb3p_stop_continue_formal_v1/episodes/shard5/FIXED_L80/square__hb3p_stop_continue_formal__800201.npz,False,040b679569eaab02f577c056fdc85f2049a19af3ad8351fc50d35c7afe46c3d3,square:hb3p_stop_continue_formal:800201,/home/__compress_data/xushijie/work/cr_scizor/experiments/handback/hb3p_stop_continue_formal_v1/roots/rollout_201.npz,800201,square
square:hb4_source:800202,/home/__compress_data/xushijie/work/cr_scizor/experiments/handback/hb3p_stop_continue_formal_v1/roots/payloads/202.npz,True,,9e99900f7dfc8881047b45dc06989284659893a6eb5416de1f5537bba43b12a8,True,169,/home/__compress_data/xushijie/work/cr_scizor/experiments/handback/hb3p_stop_continue_formal_v1/episodes/shard6/FIXED_L60/square__hb3p_stop_continue_formal__800202.json,165,True,80,True,/home/__compress_data/xushijie/work/cr_scizor/experiments/handback/hb3p_stop_continue_formal_v1/episodes/shard6/FIXED_L60/square__hb3p_stop_continue_formal__800202.npz,True,167,/home/__compress_data/xushijie/work/cr_scizor/experiments/handback/hb3p_stop_continue_formal_v1/episodes/shard6/FIXED_L80/square__hb3p_stop_continue_formal__800202.json,163,True,100,True,/home/__compress_data/xushijie/work/cr_scizor/experiments/handback/hb3p_stop_continue_formal_v1/episodes/shard6/FIXED_L80/square__hb3p_stop_continue_formal__800202.npz,False,040b679569eaab02f577c056fdc85f2049a19af3ad8351fc50d35c7afe46c3d3,square:hb3p_stop_continue_formal:800202,/home/__compress_data/xushijie/work/cr_scizor/experiments/handback/hb3p_stop_continue_formal_v1/roots/rollout_202.npz,800202,square
square:hb4_source:800203,/home/__compress_data/xushijie/work/cr_scizor/experiments/handback/hb3p_stop_continue_formal_v1/roots/payloads/203.npz,False,L60_NOT_GENUINE_HANDOFF,09bd7d7cee3307b3e098a1b05fc314480d5a9e73d6b3944afee9c58c4226b40e,False,400,/home/__compress_data/xushijie/work/cr_scizor/experiments/handback/hb3p_stop_continue_formal_v1/episodes/shard0/FIXED_L60/square__hb3p_stop_continue_formal__800203.json,,False,80,False,/home/__compress_data/xushijie/work/cr_scizor/experiments/handback/hb3p_stop_continue_formal_v1/episodes/shard0/FIXED_L60/square__hb3p_stop_continue_formal__800203.npz,False,400,/home/__compress_data/xushijie/work/cr_scizor/experiments/handback/hb3p_stop_continue_formal_v1/episodes/shard0/FIXED_L80/square__hb3p_stop_continue_formal__800203.json,,False,100,False,/home/__compress_data/xushijie/work/cr_scizor/experiments/handback/hb3p_stop_continue_formal_v1/episodes/shard0/FIXED_L80/square__hb3p_stop_continue_formal__800203.npz,False,040b679569eaab02f577c056fdc85f2049a19af3ad8351fc50d35c7afe46c3d3,square:hb3p_stop_continue_formal:800203,/home/__compress_data/xushijie/work/cr_scizor/experiments/handback/hb3p_stop_continue_formal_v1/roots/rollout_203.npz,800203,square
square:hb4_source:800204,/home/__compress_data/xushijie/work/cr_scizor/experiments/handback/hb3p_stop_continue_formal_v1/roots/payloads/204.npz,False,L60_NOT_GENUINE_HANDOFF,7aadd8a11a48f4df317586721311bb45ec1d3f16087d8fb8742bd2909a934579,False,400,/home/__compress_data/xushijie/work/cr_scizor/experiments/handback/hb3p_stop_continue_formal_v1/episodes/shard1/FIXED_L60/square__hb3p_stop_continue_formal__800204.json,,False,80,False,/home/__compress_data/xushijie/work/cr_scizor/experiments/handback/hb3p_stop_continue_formal_v1/episodes/shard1/FIXED_L60/square__hb3p_stop_continue_formal__800204.npz,False,400,/home/__compress_data/xushijie/work/cr_scizor/experiments/handback/hb3p_stop_continue_formal_v1/episodes/shard1/FIXED_L80/square__hb3p_stop_continue_formal__800204.json,,False,100,False,/home/__compress_data/xushijie/work/cr_scizor/experiments/handback/hb3p_stop_continue_formal_v1/episodes/shard1/FIXED_L80/square__hb3p_stop_continue_formal__800204.npz,False,040b679569eaab02f577c056fdc85f2049a19af3ad8351fc50d35c7afe46c3d3,square:hb3p_stop_continue_formal:800204,/home/__compress_data/xushijie/work/cr_scizor/experiments/handback/hb3p_stop_continue_formal_v1/roots/rollout_204.npz,800204,square
square:hb4_source:800205,/home/__compress_data/xushijie/work/cr_scizor/experiments/handback/hb3p_stop_continue_formal_v1/roots/payloads/205.npz,False,L60_NOT_GENUINE_HANDOFF,125ef4c5644fedaed74371898b15ec3a283bb98e6a296381fedaf06b20505860,False,400,/home/__compress_data/xushijie/work/cr_scizor/experiments/handback/hb3p_stop_continue_formal_v1/episodes/shard2/FIXED_L60/square__hb3p_stop_continue_formal__800205.json,,False,80,False,/home/__compress_data/xushijie/work/cr_scizor/experiments/handback/hb3p_stop_continue_formal_v1/episodes/shard2/FIXED_L60/square__hb3p_stop_continue_formal__800205.npz,False,400,/home/__compress_data/xushijie/work/cr_scizor/experiments/handback/hb3p_stop_continue_formal_v1/episodes/shard2/FIXED_L80/square__hb3p_stop_continue_formal__800205.json,,False,100,False,/home/__compress_data/xushijie/work/cr_scizor/experiments/handback/hb3p_stop_continue_formal_v1/episodes/shard2/FIXED_L80/square__hb3p_stop_continue_formal__800205.npz,False,040b679569eaab02f577c056fdc85f2049a19af3ad8351fc50d35c7afe46c3d3,square:hb3p_stop_continue_formal:800205,/home/__compress_data/xushijie/work/cr_scizor/experiments/handback/hb3p_stop_continue_formal_v1/roots/rollout_205.npz,800205,square
square:hb4_source:800206,/home/__compress_data/xushijie/work/cr_scizor/experiments/handback/hb3p_stop_continue_formal_v1/roots/payloads/206.npz,False,L60_NOT_GENUINE_HANDOFF,4b38492aeeb23bdc7df6c6a8a926e10c4e1937aa0b337d1c0ce134f84d23f07c,False,400,/home/__compress_data/xushijie/work/cr_scizor/experiments/handback/hb3p_stop_continue_formal_v1/episodes/shard3/FIXED_L60/square__hb3p_stop_continue_formal__800206.json,,False,80,False,/home/__compress_data/xushijie/work/cr_scizor/experiments/handback/hb3p_stop_continue_formal_v1/episodes/shard3/FIXED_L60/square__hb3p_stop_continue_formal__800206.npz,False,400,/home/__compress_data/xushijie/work/cr_scizor/experiments/handback/hb3p_stop_continue_formal_v1/episodes/shard3/FIXED_L80/square__hb3p_stop_continue_formal__800206.json,,False,100,False,/home/__compress_data/xushijie/work/cr_scizor/experiments/handback/hb3p_stop_continue_formal_v1/episodes/shard3/FIXED_L80/square__hb3p_stop_continue_formal__800206.npz,False,040b679569eaab02f577c056fdc85f2049a19af3ad8351fc50d35c7afe46c3d3,square:hb3p_stop_continue_formal:800206,/home/__compress_data/xushijie/work/cr_scizor/experiments/handback/hb3p_stop_continue_formal_v1/roots/rollout_206.npz,800206,square
square:hb4_source:800207,/home/__compress_data/xushijie/work/cr_scizor/experiments/handback/hb3p_stop_continue_formal_v1/roots/payloads/207.npz,False,L60_NOT_GENUINE_HANDOFF,01206961a76f59df9dc629e86d550f9eff7b4cc41fe5795678d2c14ac42007f9,False,400,/home/__compress_data/xushijie/work/cr_scizor/experiments/handback/hb3p_stop_continue_formal_v1/episodes/shard4/FIXED_L60/square__hb3p_stop_continue_formal__800207.json,,False,80,False,/home/__compress_data/xushijie/work/cr_scizor/experiments/handback/hb3p_stop_continue_formal_v1/episodes/shard4/FIXED_L60/square__hb3p_stop_continue_formal__800207.npz,False,400,/home/__compress_data/xushijie/work/cr_scizor/experiments/handback/hb3p_stop_continue_formal_v1/episodes/shard4/FIXED_L80/square__hb3p_stop_continue_formal__800207.json,,False,100,False,/home/__compress_data/xushijie/work/cr_scizor/experiments/handback/hb3p_stop_continue_formal_v1/episodes/shard4/FIXED_L80/square__hb3p_stop_continue_formal__800207.npz,False,040b679569eaab02f577c056fdc85f2049a19af3ad8351fc50d35c7afe46c3d3,square:hb3p_stop_continue_formal:800207,/home/__compress_data/xushijie/work/cr_scizor/experiments/handback/hb3p_stop_continue_formal_v1/roots/rollout_207.npz,800207,square
square:hb4_source:800208,/home/__compress_data/xushijie/work/cr_scizor/experiments/handback/hb3p_stop_continue_formal_v1/roots/payloads/208.npz,False,L60_NOT_GENUINE_HANDOFF,d238b45c5f3c739f7120b386a9d73c94098dc2c35b94105d6766ce2dba8387ef,False,400,/home/__compress_data/xushijie/work/cr_scizor/experiments/handback/hb3p_stop_continue_formal_v1/episodes/shard5/FIXED_L60/square__hb3p_stop_continue_formal__800208.json,,False,80,False,/home/__compress_data/xushijie/work/cr_scizor/experiments/handback/hb3p_stop_continue_formal_v1/episodes/shard5/FIXED_L60/square__hb3p_stop_continue_formal__800208.npz,False,400,/home/__compress_data/xushijie/work/cr_scizor/experiments/handback/hb3p_stop_continue_formal_v1/episodes/shard5/FIXED_L80/square__hb3p_stop_continue_formal__800208.json,,False,100,False,/home/__compress_data/xushijie/work/cr_scizor/experiments/handback/hb3p_stop_continue_formal_v1/episodes/shard5/FIXED_L80/square__hb3p_stop_continue_formal__800208.npz,False,040b679569eaab02f577c056fdc85f2049a19af3ad8351fc50d35c7afe46c3d3,square:hb3p_stop_continue_formal:800208,/home/__compress_data/xushijie/work/cr_scizor/experiments/handback/hb3p_stop_continue_formal_v1/roots/rollout_208.npz,800208,square
square:hb4_source:800209,/home/__compress_data/xushijie/work/cr_scizor/experiments/handback/hb3p_stop_continue_formal_v1/roots/payloads/209.npz,False,L60_NOT_GENUINE_HANDOFF,9955f5157decb03e99080deba2e18228e5e5a07b60d436a2c1b5684814f367a8,False,400,/home/__compress_data/xushijie/work/cr_scizor/experiments/handback/hb3p_stop_continue_formal_v1/episodes/shard6/FIXED_L60/square__hb3p_stop_continue_formal__800209.json,,False,80,False,/home/__compress_data/xushijie/work/cr_scizor/experiments/handback/hb3p_stop_continue_formal_v1/episodes/shard6/FIXED_L60/square__hb3p_stop_continue_formal__800209.npz,False,400,/home/__compress_data/xushijie/work/cr_scizor/experiments/handback/hb3p_stop_continue_formal_v1/episodes/shard6/FIXED_L80/square__hb3p_stop_continue_formal__800209.json,,False,100,False,/home/__compress_data/xushijie/work/cr_scizor/experiments/handback/hb3p_stop_continue_formal_v1/episodes/shard6/FIXED_L80/square__hb3p_stop_continue_formal__800209.npz,False,040b679569eaab02f577c056fdc85f2049a19af3ad8351fc50d35c7afe46c3d3,square:hb3p_stop_continue_formal:800209,/home/__compress_data/xushijie/work/cr_scizor/experiments/handback/hb3p_stop_continue_formal_v1/roots/rollout_209.npz,800209,square
square:hb4_source:800210,/home/__compress_data/xushijie/work/cr_scizor/experiments/handback/hb3p_stop_continue_formal_v1/roots/payloads/210.npz,False,L60_NOT_GENUINE_HANDOFF,aaa66386f36bd610c73159e9b75e1b3b689fdd8d46dd995ba7c37d45509abc3b,False,400,/home/__compress_data/xushijie/work/cr_scizor/experiments/handback/hb3p_stop_continue_formal_v1/episodes/shard0/FIXED_L60/square__hb3p_stop_continue_formal__800210.json,,False,80,False,/home/__compress_data/xushijie/work/cr_scizor/experiments/handback/hb3p_stop_continue_formal_v1/episodes/shard0/FIXED_L60/square__hb3p_stop_continue_formal__800210.npz,False,400,/home/__compress_data/xushijie/work/cr_scizor/experiments/handback/hb3p_stop_continue_formal_v1/episodes/shard0/FIXED_L80/square__hb3p_stop_continue_formal__800210.json,,False,100,False,/home/__compress_data/xushijie/work/cr_scizor/experiments/handback/hb3p_stop_continue_formal_v1/episodes/shard0/FIXED_L80/square__hb3p_stop_continue_formal__800210.npz,False,040b679569eaab02f577c056fdc85f2049a19af3ad8351fc50d35c7afe46c3d3,square:hb3p_stop_continue_formal:800210,/home/__compress_data/xushijie/work/cr_scizor/experiments/handback/hb3p_stop_continue_formal_v1/roots/rollout_210.npz,800210,square
square:hb4_source:800211,/home/__compress_data/xushijie/work/cr_scizor/experiments/handback/hb3p_stop_continue_formal_v1/roots/payloads/211.npz,False,L60_NOT_GENUINE_HANDOFF,2b93b9044e34aabae6c932b392b9b73fabe56fb537be7fe1158dd2e24d80753a,False,400,/home/__compress_data/xushijie/work/cr_scizor/experiments/handback/hb3p_stop_continue_formal_v1/episodes/shard1/FIXED_L60/square__hb3p_stop_continue_formal__800211.json,,False,80,False,/home/__compress_data/xushijie/work/cr_scizor/experiments/handback/hb3p_stop_continue_formal_v1/episodes/shard1/FIXED_L60/square__hb3p_stop_continue_formal__800211.npz,True,167,/home/__compress_data/xushijie/work/cr_scizor/experiments/handback/hb3p_stop_continue_formal_v1/episodes/shard1/FIXED_L80/square__hb3p_stop_continue_formal__800211.json,163,True,100,True,/home/__compress_data/xushijie/work/cr_scizor/experiments/handback/hb3p_stop_continue_formal_v1/episodes/shard1/FIXED_L80/square__hb3p_stop_continue_formal__800211.npz,False,040b679569eaab02f577c056fdc85f2049a19af3ad8351fc50d35c7afe46c3d3,square:hb3p_stop_continue_formal:800211,/home/__compress_data/xushijie/work/cr_scizor/experiments/handback/hb3p_stop_continue_formal_v1/roots/rollout_211.npz,800211,square
square:hb4_source:800212,/home/__compress_data/xushijie/work/cr_scizor/experiments/handback/hb3p_stop_continue_formal_v1/roots/payloads/212.npz,False,L60_NOT_GENUINE_HANDOFF,de1b088736580ca98be80919b61e4f8f74b5ec0bb8799938c21dedab1dbdd7e5,False,400,/home/__compress_data/xushijie/work/cr_scizor/experiments/handback/hb3p_stop_continue_formal_v1/episodes/shard2/FIXED_L60/square__hb3p_stop_continue_formal__800212.json,,False,80,False,/home/__compress_data/xushijie/work/cr_scizor/experiments/handback/hb3p_stop_continue_formal_v1/episodes/shard2/FIXED_L60/square__hb3p_stop_continue_formal__800212.npz,False,400,/home/__compress_data/xushijie/work/cr_scizor/experiments/handback/hb3p_stop_continue_formal_v1/episodes/shard2/FIXED_L80/square__hb3p_stop_continue_formal__800212.json,,False,100,False,/home/__compress_data/xushijie/work/cr_scizor/experiments/handback/hb3p_stop_continue_formal_v1/episodes/shard2/FIXED_L80/square__hb3p_stop_continue_formal__800212.npz,False,040b679569eaab02f577c056fdc85f2049a19af3ad8351fc50d35c7afe46c3d3,square:hb3p_stop_continue_formal:800212,/home/__compress_data/xushijie/work/cr_scizor/experiments/handback/hb3p_stop_continue_formal_v1/roots/rollout_212.npz,800212,square
square:hb4_source:800213,/home/__compress_data/xushijie/work/cr_scizor/experiments/handback/hb3p_stop_continue_formal_v1/roots/payloads/213.npz,False,L60_NOT_GENUINE_HANDOFF,7e74badcef74d46f5119adf528d7fbdc5f5fdcdad35847cac420899f5c01ccda,False,400,/home/__compress_data/xushijie/work/cr_scizor/experiments/handback/hb3p_stop_continue_formal_v1/episodes/shard3/FIXED_L60/square__hb3p_stop_continue_formal__800213.json,,False,80,False,/home/__compress_data/xushijie/work/cr_scizor/experiments/handback/hb3p_stop_continue_formal_v1/episodes/shard3/FIXED_L60/square__hb3p_stop_continue_formal__800213.npz,False,400,/home/__compress_data/xushijie/work/cr_scizor/experiments/handback/hb3p_stop_continue_formal_v1/episodes/shard3/FIXED_L80/square__hb3p_stop_continue_formal__800213.json,,False,100,False,/home/__compress_data/xushijie/work/cr_scizor/experiments/handback/hb3p_stop_continue_formal_v1/episodes/shard3/FIXED_L80/square__hb3p_stop_continue_formal__800213.npz,False,040b679569eaab02f577c056fdc85f2049a19af3ad8351fc50d35c7afe46c3d3,square:hb3p_stop_continue_formal:800213,/home/__compress_data/xushijie/work/cr_scizor/experiments/handback/hb3p_stop_continue_formal_v1/roots/rollout_213.npz,800213,square
square:hb4_source:800214,/home/__compress_data/xushijie/work/cr_scizor/experiments/handback/hb3p_stop_continue_formal_v1/roots/payloads/214.npz,False,L60_NOT_GENUINE_HANDOFF,1c059c3826a5e1ce295372147a374fef4376d8f247a3a24194e28c3215ac6b5a,False,400,/home/__compress_data/xushijie/work/cr_scizor/experiments/handback/hb3p_stop_continue_formal_v1/episodes/shard4/FIXED_L60/square__hb3p_stop_continue_formal__800214.json,,False,80,False,/home/__compress_data/xushijie/work/cr_scizor/experiments/handback/hb3p_stop_continue_formal_v1/episodes/shard4/FIXED_L60/square__hb3p_stop_continue_formal__800214.npz,False,400,/home/__compress_data/xushijie/work/cr_scizor/experiments/handback/hb3p_stop_continue_formal_v1/episodes/shard4/FIXED_L80/square__hb3p_stop_continue_formal__800214.json,,False,100,False,/home/__compress_data/xushijie/work/cr_scizor/experiments/handback/hb3p_stop_continue_formal_v1/episodes/shard4/FIXED_L80/square__hb3p_stop_continue_formal__800214.npz,False,040b679569eaab02f577c056fdc85f2049a19af3ad8351fc50d35c7afe46c3d3,square:hb3p_stop_continue_formal:800214,/home/__compress_data/xushijie/work/cr_scizor/experiments/handback/hb3p_stop_continue_formal_v1/roots/rollout_214.npz,800214,square
square:hb4_source:800215,/home/__compress_data/xushijie/work/cr_scizor/experiments/handback/hb3p_stop_continue_formal_v1/roots/payloads/215.npz,False,L60_NOT_GENUINE_HANDOFF,9a7212ce32445df5f807e2322b481999d9bacb5b5f1c0177b2681606db50ae45,False,400,/home/__compress_data/xushijie/work/cr_scizor/experiments/handback/hb3p_stop_continue_formal_v1/episodes/shard5/FIXED_L60/square__hb3p_stop_continue_formal__800215.json,,False,80,False,/home/__compress_data/xushijie/work/cr_scizor/experiments/handback/hb3p_stop_continue_formal_v1/episodes/shard5/FIXED_L60/square__hb3p_stop_continue_formal__800215.npz,False,400,/home/__compress_data/xushijie/work/cr_scizor/experiments/handback/hb3p_stop_continue_formal_v1/episodes/shard5/FIXED_L80/square__hb3p_stop_continue_formal__800215.json,,False,100,False,/home/__compress_data/xushijie/work/cr_scizor/experiments/handback/hb3p_stop_continue_formal_v1/episodes/shard5/FIXED_L80/square__hb3p_stop_continue_formal__800215.npz,False,040b679569eaab02f577c056fdc85f2049a19af3ad8351fc50d35c7afe46c3d3,square:hb3p_stop_continue_formal:800215,/home/__compress_data/xushijie/work/cr_scizor/experiments/handback/hb3p_stop_continue_formal_v1/roots/rollout_215.npz,800215,square
square:hb4_source:800216,/home/__compress_data/xushijie/work/cr_scizor/experiments/handback/hb3p_stop_continue_formal_v1/roots/payloads/216.npz,False,L60_NOT_GENUINE_HANDOFF,cde093a38bf7da656638e95b5b2a1d22d7652cfd189e9a407c1fda92613d01c4,False,400,/home/__compress_data/xushijie/work/cr_scizor/experiments/handback/hb3p_stop_continue_formal_v1/episodes/shard6/FIXED_L60/square__hb3p_stop_continue_formal__800216.json,,False,80,False,/home/__compress_data/xushijie/work/cr_scizor/experiments/handback/hb3p_stop_continue_formal_v1/episodes/shard6/FIXED_L60/square__hb3p_stop_continue_formal__800216.npz,False,400,/home/__compress_data/xushijie/work/cr_scizor/experiments/handback/hb3p_stop_continue_formal_v1/episodes/shard6/FIXED_L80/square__hb3p_stop_continue_formal__800216.json,,False,100,False,/home/__compress_data/xushijie/work/cr_scizor/experiments/handback/hb3p_stop_continue_formal_v1/episodes/shard6/FIXED_L80/square__hb3p_stop_continue_formal__800216.npz,False,040b679569eaab02f577c056fdc85f2049a19af3ad8351fc50d35c7afe46c3d3,square:hb3p_stop_continue_formal:800216,/home/__compress_data/xushijie/work/cr_scizor/experiments/handback/hb3p_stop_continue_formal_v1/roots/rollout_216.npz,800216,square
square:hb4_source:800217,/home/__compress_data/xushijie/work/cr_scizor/experiments/handback/hb3p_stop_continue_formal_v1/roots/payloads/217.npz,True,,b2a7e8cf24cf95397751d50bd36cbc4acf347f1405da7021cf1ea4b929086e34,True,119,/home/__compress_data/xushijie/work/cr_scizor/experiments/handback/hb3p_stop_continue_formal_v1/episodes/shard0/FIXED_L60/square__hb3p_stop_continue_formal__800217.json,115,True,80,True,/home/__compress_data/xushijie/work/cr_scizor/experiments/handback/hb3p_stop_continue_formal_v1/episodes/shard0/FIXED_L60/square__hb3p_stop_continue_formal__800217.npz,False,400,/home/__compress_data/xushijie/work/cr_scizor/experiments/handback/hb3p_stop_continue_formal_v1/episodes/shard0/FIXED_L80/square__hb3p_stop_continue_formal__800217.json,,False,100,False,/home/__compress_data/xushijie/work/cr_scizor/experiments/handback/hb3p_stop_continue_formal_v1/episodes/shard0/FIXED_L80/square__hb3p_stop_continue_formal__800217.npz,False,040b679569eaab02f577c056fdc85f2049a19af3ad8351fc50d35c7afe46c3d3,square:hb3p_stop_continue_formal:800217,/home/__compress_data/xushijie/work/cr_scizor/experiments/handback/hb3p_stop_continue_formal_v1/roots/rollout_217.npz,800217,square
square:hb4_source:800218,/home/__compress_data/xushijie/work/cr_scizor/experiments/handback/hb3p_stop_continue_formal_v1/roots/payloads/218.npz,True,,1dd8e31875dabfc12767383609f3355f4db3d584909fe09aa69efe55ec092938,True,127,/home/__compress_data/xushijie/work/cr_scizor/experiments/handback/hb3p_stop_continue_formal_v1/episodes/shard1/FIXED_L60/square__hb3p_stop_continue_formal__800218.json,123,True,80,True,/home/__compress_data/xushijie/work/cr_scizor/experiments/handback/hb3p_stop_continue_formal_v1/episodes/shard1/FIXED_L60/square__hb3p_stop_continue_formal__800218.npz,True,137,/home/__compress_data/xushijie/work/cr_scizor/experiments/handback/hb3p_stop_continue_formal_v1/episodes/shard1/FIXED_L80/square__hb3p_stop_continue_formal__800218.json,133,True,100,True,/home/__compress_data/xushijie/work/cr_scizor/experiments/handback/hb3p_stop_continue_formal_v1/episodes/shard1/FIXED_L80/square__hb3p_stop_continue_formal__800218.npz,False,040b679569eaab02f577c056fdc85f2049a19af3ad8351fc50d35c7afe46c3d3,square:hb3p_stop_continue_formal:800218,/home/__compress_data/xushijie/work/cr_scizor/experiments/handback/hb3p_stop_continue_formal_v1/roots/rollout_218.npz,800218,square
square:hb4_source:800219,/home/__compress_data/xushijie/work/cr_scizor/experiments/handback/hb3p_stop_continue_formal_v1/roots/payloads/219.npz,False,L60_NOT_GENUINE_HANDOFF,58f90d7f4c8c9b581d8e3380a61241f14d3bac3a04b5f1b83ec8727701865681,False,400,/home/__compress_data/xushijie/work/cr_scizor/experiments/handback/hb3p_stop_continue_formal_v1/episodes/shard2/FIXED_L60/square__hb3p_stop_continue_formal__800219.json,,False,80,False,/home/__compress_data/xushijie/work/cr_scizor/experiments/handback/hb3p_stop_continue_formal_v1/episodes/shard2/FIXED_L60/square__hb3p_stop_continue_formal__800219.npz,False,400,/home/__compress_data/xushijie/work/cr_scizor/experiments/handback/hb3p_stop_continue_formal_v1/episodes/shard2/FIXED_L80/square__hb3p_stop_continue_formal__800219.json,,False,100,False,/home/__compress_data/xushijie/work/cr_scizor/experiments/handback/hb3p_stop_continue_formal_v1/episodes/shard2/FIXED_L80/square__hb3p_stop_continue_formal__800219.npz,False,040b679569eaab02f577c056fdc85f2049a19af3ad8351fc50d35c7afe46c3d3,square:hb3p_stop_continue_formal:800219,/home/__compress_data/xushijie/work/cr_scizor/experiments/handback/hb3p_stop_continue_formal_v1/roots/rollout_219.npz,800219,square
square:hb4_source:800220,/home/__compress_data/xushijie/work/cr_scizor/experiments/handback/hb3p_stop_continue_formal_v1/roots/payloads/220.npz,False,L60_NOT_GENUINE_HANDOFF,894d956c3dda21cfc2ab902af3d924f339c77d02608613df4fe25bed152a7783,False,400,/home/__compress_data/xushijie/work/cr_scizor/experiments/handback/hb3p_stop_continue_formal_v1/episodes/shard3/FIXED_L60/square__hb3p_stop_continue_formal__800220.json,,False,80,False,/home/__compress_data/xushijie/work/cr_scizor/experiments/handback/hb3p_stop_continue_formal_v1/episodes/shard3/FIXED_L60/square__hb3p_stop_continue_formal__800220.npz,False,400,/home/__compress_data/xushijie/work/cr_scizor/experiments/handback/hb3p_stop_continue_formal_v1/episodes/shard3/FIXED_L80/square__hb3p_stop_continue_formal__800220.json,,False,100,False,/home/__compress_data/xushijie/work/cr_scizor/experiments/handback/hb3p_stop_continue_formal_v1/episodes/shard3/FIXED_L80/square__hb3p_stop_continue_formal__800220.npz,False,040b679569eaab02f577c056fdc85f2049a19af3ad8351fc50d35c7afe46c3d3,square:hb3p_stop_continue_formal:800220,/home/__compress_data/xushijie/work/cr_scizor/experiments/handback/hb3p_stop_continue_formal_v1/roots/rollout_220.npz,800220,square
square:hb4_source:800221,/home/__compress_data/xushijie/work/cr_scizor/experiments/handback/hb3p_stop_continue_formal_v1/roots/payloads/221.npz,False,L60_NOT_GENUINE_HANDOFF,6f7e04d191e2d648d2661bb476a328771a03700c2c98e1b9611de140b80a31b7,False,400,/home/__compress_data/xushijie/work/cr_scizor/experiments/handback/hb3p_stop_continue_formal_v1/episodes/shard4/FIXED_L60/square__hb3p_stop_continue_formal__800221.json,,False,80,False,/home/__compress_data/xushijie/work/cr_scizor/experiments/handback/hb3p_stop_continue_formal_v1/episodes/shard4/FIXED_L60/square__hb3p_stop_continue_formal__800221.npz,False,400,/home/__compress_data/xushijie/work/cr_scizor/experiments/handback/hb3p_stop_continue_formal_v1/episodes/shard4/FIXED_L80/square__hb3p_stop_continue_formal__800221.json,,False,100,False,/home/__compress_data/xushijie/work/cr_scizor/experiments/handback/hb3p_stop_continue_formal_v1/episodes/shard4/FIXED_L80/square__hb3p_stop_continue_formal__800221.npz,False,040b679569eaab02f577c056fdc85f2049a19af3ad8351fc50d35c7afe46c3d3,square:hb3p_stop_continue_formal:800221,/home/__compress_data/xushijie/work/cr_scizor/experiments/handback/hb3p_stop_continue_formal_v1/roots/rollout_221.npz,800221,square
square:hb4_source:800222,/home/__compress_data/xushijie/work/cr_scizor/experiments/handback/hb3p_stop_continue_formal_v1/roots/payloads/222.npz,False,L60_NOT_GENUINE_HANDOFF,6ca8d399333c732b279afbcabef51c9e4c999cdce2cc282736c87b66c0ccff96,False,400,/home/__compress_data/xushijie/work/cr_scizor/experiments/handback/hb3p_stop_continue_formal_v1/episodes/shard5/FIXED_L60/square__hb3p_stop_continue_formal__800222.json,,False,80,False,/home/__compress_data/xushijie/work/cr_scizor/experiments/handback/hb3p_stop_continue_formal_v1/episodes/shard5/FIXED_L60/square__hb3p_stop_continue_formal__800222.npz,False,400,/home/__compress_data/xushijie/work/cr_scizor/experiments/handback/hb3p_stop_continue_formal_v1/episodes/shard5/FIXED_L80/square__hb3p_stop_continue_formal__800222.json,,False,100,False,/home/__compress_data/xushijie/work/cr_scizor/experiments/handback/hb3p_stop_continue_formal_v1/episodes/shard5/FIXED_L80/square__hb3p_stop_continue_formal__800222.npz,False,040b679569eaab02f577c056fdc85f2049a19af3ad8351fc50d35c7afe46c3d3,square:hb3p_stop_continue_formal:800222,/home/__compress_data/xushijie/work/cr_scizor/experiments/handback/hb3p_stop_continue_formal_v1/roots/rollout_222.npz,800222,square
square:hb4_source:800223,/home/__compress_data/xushijie/work/cr_scizor/experiments/handback/hb3p_stop_continue_formal_v1/roots/payloads/223.npz,False,L60_NOT_GENUINE_HANDOFF,665df381b5dd0689fde192f7b76bae0dceb551557d7620ed292c1452aeebcb80,False,400,/home/__compress_data/xushijie/work/cr_scizor/experiments/handback/hb3p_stop_continue_formal_v1/episodes/shard6/FIXED_L60/square__hb3p_stop_continue_formal__800223.json,,False,80,False,/home/__compress_data/xushijie/work/cr_scizor/experiments/handback/hb3p_stop_continue_formal_v1/episodes/shard6/FIXED_L60/square__hb3p_stop_continue_formal__800223.npz,False,400,/home/__compress_data/xushijie/work/cr_scizor/experiments/handback/hb3p_stop_continue_formal_v1/episodes/shard6/FIXED_L80/square__hb3p_stop_continue_formal__800223.json,,False,100,False,/home/__compress_data/xushijie/work/cr_scizor/experiments/handback/hb3p_stop_continue_formal_v1/episodes/shard6/FIXED_L80/square__hb3p_stop_continue_formal__800223.npz,False,040b679569eaab02f577c056fdc85f2049a19af3ad8351fc50d35c7afe46c3d3,square:hb3p_stop_continue_formal:800223,/home/__compress_data/xushijie/work/cr_scizor/experiments/handback/hb3p_stop_continue_formal_v1/roots/rollout_223.npz,800223,square
square:hb4_source:800224,/home/__compress_data/xushijie/work/cr_scizor/experiments/handback/hb3p_stop_continue_formal_v1/roots/payloads/224.npz,False,L60_NOT_GENUINE_HANDOFF,fa0d506ba21d7885ba89cd62944be30768c815949de43e4869a8693f57cb0337,False,400,/home/__compress_data/xushijie/work/cr_scizor/experiments/handback/hb3p_stop_continue_formal_v1/episodes/shard0/FIXED_L60/square__hb3p_stop_continue_formal__800224.json,,False,80,False,/home/__compress_data/xushijie/work/cr_scizor/experiments/handback/hb3p_stop_continue_formal_v1/episodes/shard0/FIXED_L60/square__hb3p_stop_continue_formal__800224.npz,False,400,/home/__compress_data/xushijie/work/cr_scizor/experiments/handback/hb3p_stop_continue_formal_v1/episodes/shard0/FIXED_L80/square__hb3p_stop_continue_formal__800224.json,,False,100,False,/home/__compress_data/xushijie/work/cr_scizor/experiments/handback/hb3p_stop_continue_formal_v1/episodes/shard0/FIXED_L80/square__hb3p_stop_continue_formal__800224.npz,False,040b679569eaab02f577c056fdc85f2049a19af3ad8351fc50d35c7afe46c3d3,square:hb3p_stop_continue_formal:800224,/home/__compress_data/xushijie/work/cr_scizor/experiments/handback/hb3p_stop_continue_formal_v1/roots/rollout_224.npz,800224,square
square:hb4_source:800225,/home/__compress_data/xushijie/work/cr_scizor/experiments/handback/hb3p_stop_continue_formal_v1/roots/payloads/225.npz,False,L60_NOT_GENUINE_HANDOFF,677bb0ec5a188038c4c82af5b9a736861d65fcd2c56830f7834bffcf7c195aa0,False,400,/home/__compress_data/xushijie/work/cr_scizor/experiments/handback/hb3p_stop_continue_formal_v1/episodes/shard1/FIXED_L60/square__hb3p_stop_continue_formal__800225.json,,False,80,False,/home/__compress_data/xushijie/work/cr_scizor/experiments/handback/hb3p_stop_continue_formal_v1/episodes/shard1/FIXED_L60/square__hb3p_stop_continue_formal__800225.npz,False,400,/home/__compress_data/xushijie/work/cr_scizor/experiments/handback/hb3p_stop_continue_formal_v1/episodes/shard1/FIXED_L80/square__hb3p_stop_continue_formal__800225.json,,False,100,False,/home/__compress_data/xushijie/work/cr_scizor/experiments/handback/hb3p_stop_continue_formal_v1/episodes/shard1/FIXED_L80/square__hb3p_stop_continue_formal__800225.npz,False,040b679569eaab02f577c056fdc85f2049a19af3ad8351fc50d35c7afe46c3d3,square:hb3p_stop_continue_formal:800225,/home/__compress_data/xushijie/work/cr_scizor/experiments/handback/hb3p_stop_continue_formal_v1/roots/rollout_225.npz,800225,square
square:hb4_source:800226,/home/__compress_data/xushijie/work/cr_scizor/experiments/handback/hb3p_stop_continue_formal_v1/roots/payloads/226.npz,False,L60_NOT_GENUINE_HANDOFF,192cdb0d104e771d8706847f4a68f5ea0165f7a68e6c483284e94ef61a04aae1,False,400,/home/__compress_data/xushijie/work/cr_scizor/experiments/handback/hb3p_stop_continue_formal_v1/episodes/shard2/FIXED_L60/square__hb3p_stop_continue_formal__800226.json,,False,80,False,/home/__compress_data/xushijie/work/cr_scizor/experiments/handback/hb3p_stop_continue_formal_v1/episodes/shard2/FIXED_L60/square__hb3p_stop_continue_formal__800226.npz,True,175,/home/__compress_data/xushijie/work/cr_scizor/experiments/handback/hb3p_stop_continue_formal_v1/episodes/shard2/FIXED_L80/square__hb3p_stop_continue_formal__800226.json,171,True,100,True,/home/__compress_data/xushijie/work/cr_scizor/experiments/handback/hb3p_stop_continue_formal_v1/episodes/shard2/FIXED_L80/square__hb3p_stop_continue_formal__800226.npz,False,040b679569eaab02f577c056fdc85f2049a19af3ad8351fc50d35c7afe46c3d3,square:hb3p_stop_continue_formal:800226,/home/__compress_data/xushijie/work/cr_scizor/experiments/handback/hb3p_stop_continue_formal_v1/roots/rollout_226.npz,800226,square
square:hb4_source:800227,/home/__compress_data/xushijie/work/cr_scizor/experiments/handback/hb3p_stop_continue_formal_v1/roots/payloads/227.npz,False,L60_NOT_GENUINE_HANDOFF,d8831e0ed1a5844a45a961141ba5b542fa05d7e412132659d544df7ee2640501,False,400,/home/__compress_data/xushijie/work/cr_scizor/experiments/handback/hb3p_stop_continue_formal_v1/episodes/shard3/FIXED_L60/square__hb3p_stop_continue_formal__800227.json,,False,80,False,/home/__compress_data/xushijie/work/cr_scizor/experiments/handback/hb3p_stop_continue_formal_v1/episodes/shard3/FIXED_L60/square__hb3p_stop_continue_formal__800227.npz,False,400,/home/__compress_data/xushijie/work/cr_scizor/experiments/handback/hb3p_stop_continue_formal_v1/episodes/shard3/FIXED_L80/square__hb3p_stop_continue_formal__800227.json,,False,100,False,/home/__compress_data/xushijie/work/cr_scizor/experiments/handback/hb3p_stop_continue_formal_v1/episodes/shard3/FIXED_L80/square__hb3p_stop_continue_formal__800227.npz,False,040b679569eaab02f577c056fdc85f2049a19af3ad8351fc50d35c7afe46c3d3,square:hb3p_stop_continue_formal:800227,/home/__compress_data/xushijie/work/cr_scizor/experiments/handback/hb3p_stop_continue_formal_v1/roots/rollout_227.npz,800227,square
square:hb4_source:800228,/home/__compress_data/xushijie/work/cr_scizor/experiments/handback/hb3p_stop_continue_formal_v1/roots/payloads/228.npz,False,L60_NOT_GENUINE_HANDOFF,249c90d14b8bcfc5336c582784602eb30f1fc69bfa8bbda55e9ac52c88c052e9,False,400,/home/__compress_data/xushijie/work/cr_scizor/experiments/handback/hb3p_stop_continue_formal_v1/episodes/shard4/FIXED_L60/square__hb3p_stop_continue_formal__800228.json,,False,80,False,/home/__compress_data/xushijie/work/cr_scizor/experiments/handback/hb3p_stop_continue_formal_v1/episodes/shard4/FIXED_L60/square__hb3p_stop_continue_formal__800228.npz,False,400,/home/__compress_data/xushijie/work/cr_scizor/experiments/handback/hb3p_stop_continue_formal_v1/episodes/shard4/FIXED_L80/square__hb3p_stop_continue_formal__800228.json,,False,100,False,/home/__compress_data/xushijie/work/cr_scizor/experiments/handback/hb3p_stop_continue_formal_v1/episodes/shard4/FIXED_L80/square__hb3p_stop_continue_formal__800228.npz,False,040b679569eaab02f577c056fdc85f2049a19af3ad8351fc50d35c7afe46c3d3,square:hb3p_stop_continue_formal:800228,/home/__compress_data/xushijie/work/cr_scizor/experiments/handback/hb3p_stop_continue_formal_v1/roots/rollout_228.npz,800228,square
square:hb4_source:800229,/home/__compress_data/xushijie/work/cr_scizor/experiments/handback/hb3p_stop_continue_formal_v1/roots/payloads/229.npz,False,L60_NOT_GENUINE_HANDOFF,9b146d9261d0b68f2a3f4f9a71d13ae9877bd34ccc3290fecb3ea736e0802f58,False,400,/home/__compress_data/xushijie/work/cr_scizor/experiments/handback/hb3p_stop_continue_formal_v1/episodes/shard5/FIXED_L60/square__hb3p_stop_continue_formal__800229.json,,False,80,False,/home/__compress_data/xushijie/work/cr_scizor/experiments/handback/hb3p_stop_continue_formal_v1/episodes/shard5/FIXED_L60/square__hb3p_stop_continue_formal__800229.npz,False,400,/home/__compress_data/xushijie/work/cr_scizor/experiments/handback/hb3p_stop_continue_formal_v1/episodes/shard5/FIXED_L80/square__hb3p_stop_continue_formal__800229.json,,False,100,False,/home/__compress_data/xushijie/work/cr_scizor/experiments/handback/hb3p_stop_continue_formal_v1/episodes/shard5/FIXED_L80/square__hb3p_stop_continue_formal__800229.npz,False,040b679569eaab02f577c056fdc85f2049a19af3ad8351fc50d35c7afe46c3d3,square:hb3p_stop_continue_formal:800229,/home/__compress_data/xushijie/work/cr_scizor/experiments/handback/hb3p_stop_continue_formal_v1/roots/rollout_229.npz,800229,square
square:hb4_source:800230,/home/__compress_data/xushijie/work/cr_scizor/experiments/handback/hb3p_stop_continue_formal_v1/roots/payloads/230.npz,False,L60_NOT_GENUINE_HANDOFF,d4b15b96603adcdbd80eca960b16b8d8f1c09cec90cab48f92e5e6cb16a1bb52,False,400,/home/__compress_data/xushijie/work/cr_scizor/experiments/handback/hb3p_stop_continue_formal_v1/episodes/shard6/FIXED_L60/square__hb3p_stop_continue_formal__800230.json,,False,80,False,/home/__compress_data/xushijie/work/cr_scizor/experiments/handback/hb3p_stop_continue_formal_v1/episodes/shard6/FIXED_L60/square__hb3p_stop_continue_formal__800230.npz,False,400,/home/__compress_data/xushijie/work/cr_scizor/experiments/handback/hb3p_stop_continue_formal_v1/episodes/shard6/FIXED_L80/square__hb3p_stop_continue_formal__800230.json,,False,100,False,/home/__compress_data/xushijie/work/cr_scizor/experiments/handback/hb3p_stop_continue_formal_v1/episodes/shard6/FIXED_L80/square__hb3p_stop_continue_formal__800230.npz,False,040b679569eaab02f577c056fdc85f2049a19af3ad8351fc50d35c7afe46c3d3,square:hb3p_stop_continue_formal:800230,/home/__compress_data/xushijie/work/cr_scizor/experiments/handback/hb3p_stop_continue_formal_v1/roots/rollout_230.npz,800230,square
square:hb4_source:800231,/home/__compress_data/xushijie/work/cr_scizor/experiments/handback/hb3p_stop_continue_formal_v1/roots/payloads/231.npz,False,L60_NOT_GENUINE_HANDOFF,51db605c17192690a32b813c03ed030d17028bab9223b1692cbee8b2ffff267e,False,400,/home/__compress_data/xushijie/work/cr_scizor/experiments/handback/hb3p_stop_continue_formal_v1/episodes/shard0/FIXED_L60/square__hb3p_stop_continue_formal__800231.json,,False,80,False,/home/__compress_data/xushijie/work/cr_scizor/experiments/handback/hb3p_stop_continue_formal_v1/episodes/shard0/FIXED_L60/square__hb3p_stop_continue_formal__800231.npz,False,400,/home/__compress_data/xushijie/work/cr_scizor/experiments/handback/hb3p_stop_continue_formal_v1/episodes/shard0/FIXED_L80/square__hb3p_stop_continue_formal__800231.json,,False,100,False,/home/__compress_data/xushijie/work/cr_scizor/experiments/handback/hb3p_stop_continue_formal_v1/episodes/shard0/FIXED_L80/square__hb3p_stop_continue_formal__800231.npz,False,040b679569eaab02f577c056fdc85f2049a19af3ad8351fc50d35c7afe46c3d3,square:hb3p_stop_continue_formal:800231,/home/__compress_data/xushijie/work/cr_scizor/experiments/handback/hb3p_stop_continue_formal_v1/roots/rollout_231.npz,800231,square
square:hb4_source:800232,/home/__compress_data/xushijie/work/cr_scizor/experiments/handback/hb3p_stop_continue_formal_v1/roots/payloads/232.npz,False,NONE_SUCCESS;L60_NOT_GENUINE_HANDOFF,8c4175ff33b6b2981345ed00b0c4c3893e3945b113c1036c08980c1c96b31020,False,400,/home/__compress_data/xushijie/work/cr_scizor/experiments/handback/hb3p_stop_continue_formal_v1/episodes/shard1/FIXED_L60/square__hb3p_stop_continue_formal__800232.json,,False,80,False,/home/__compress_data/xushijie/work/cr_scizor/experiments/handback/hb3p_stop_continue_formal_v1/episodes/shard1/FIXED_L60/square__hb3p_stop_continue_formal__800232.npz,False,400,/home/__compress_data/xushijie/work/cr_scizor/experiments/handback/hb3p_stop_continue_formal_v1/episodes/shard1/FIXED_L80/square__hb3p_stop_continue_formal__800232.json,,False,100,False,/home/__compress_data/xushijie/work/cr_scizor/experiments/handback/hb3p_stop_continue_formal_v1/episodes/shard1/FIXED_L80/square__hb3p_stop_continue_formal__800232.npz,True,040b679569eaab02f577c056fdc85f2049a19af3ad8351fc50d35c7afe46c3d3,square:hb3p_stop_continue_formal:800232,/home/__compress_data/xushijie/work/cr_scizor/experiments/handback/hb3p_stop_continue_formal_v1/roots/rollout_232.npz,800232,square
square:hb4_source:800233,/home/__compress_data/xushijie/work/cr_scizor/experiments/handback/hb3p_stop_continue_formal_v1/roots/payloads/233.npz,False,L60_NOT_GENUINE_HANDOFF,da7c93694aad647c6ad212a769a994a37956314faf91483ddea2cce57dcd6899,False,400,/home/__compress_data/xushijie/work/cr_scizor/experiments/handback/hb3p_stop_continue_formal_v1/episodes/shard2/FIXED_L60/square__hb3p_stop_continue_formal__800233.json,,False,80,False,/home/__compress_data/xushijie/work/cr_scizor/experiments/handback/hb3p_stop_continue_formal_v1/episodes/shard2/FIXED_L60/square__hb3p_stop_continue_formal__800233.npz,False,400,/home/__compress_data/xushijie/work/cr_scizor/experiments/handback/hb3p_stop_continue_formal_v1/episodes/shard2/FIXED_L80/square__hb3p_stop_continue_formal__800233.json,,False,100,False,/home/__compress_data/xushijie/work/cr_scizor/experiments/handback/hb3p_stop_continue_formal_v1/episodes/shard2/FIXED_L80/square__hb3p_stop_continue_formal__800233.npz,False,040b679569eaab02f577c056fdc85f2049a19af3ad8351fc50d35c7afe46c3d3,square:hb3p_stop_continue_formal:800233,/home/__compress_data/xushijie/work/cr_scizor/experiments/handback/hb3p_stop_continue_formal_v1/roots/rollout_233.npz,800233,square
square:hb4_source:800234,/home/__compress_data/xushijie/work/cr_scizor/experiments/handback/hb3p_stop_continue_formal_v1/roots/payloads/234.npz,False,L60_NOT_GENUINE_HANDOFF,b50fb86cb78e155793062abf1655d6cdeeaa767dc29bb94e682d0dc1c379e633,False,400,/home/__compress_data/xushijie/work/cr_scizor/experiments/handback/hb3p_stop_continue_formal_v1/episodes/shard3/FIXED_L60/square__hb3p_stop_continue_formal__800234.json,,False,80,False,/home/__compress_data/xushijie/work/cr_scizor/experiments/handback/hb3p_stop_continue_formal_v1/episodes/shard3/FIXED_L60/square__hb3p_stop_continue_formal__800234.npz,False,400,/home/__compress_data/xushijie/work/cr_scizor/experiments/handback/hb3p_stop_continue_formal_v1/episodes/shard3/FIXED_L80/square__hb3p_stop_continue_formal__800234.json,,False,100,False,/home/__compress_data/xushijie/work/cr_scizor/experiments/handback/hb3p_stop_continue_formal_v1/episodes/shard3/FIXED_L80/square__hb3p_stop_continue_formal__800234.npz,False,040b679569eaab02f577c056fdc85f2049a19af3ad8351fc50d35c7afe46c3d3,square:hb3p_stop_continue_formal:800234,/home/__compress_data/xushijie/work/cr_scizor/experiments/handback/hb3p_stop_continue_formal_v1/roots/rollout_234.npz,800234,square
square:hb4_source:800235,/home/__compress_data/xushijie/work/cr_scizor/experiments/handback/hb3p_stop_continue_formal_v1/roots/payloads/235.npz,False,L60_NOT_GENUINE_HANDOFF,fda86954343c51b4de06d2540fcd0919ac61572bdb8ee74481b60e9b68c842a4,False,400,/home/__compress_data/xushijie/work/cr_scizor/experiments/handback/hb3p_stop_continue_formal_v1/episodes/shard4/FIXED_L60/square__hb3p_stop_continue_formal__800235.json,,False,80,False,/home/__compress_data/xushijie/work/cr_scizor/experiments/handback/hb3p_stop_continue_formal_v1/episodes/shard4/FIXED_L60/square__hb3p_stop_continue_formal__800235.npz,False,400,/home/__compress_data/xushijie/work/cr_scizor/experiments/handback/hb3p_stop_continue_formal_v1/episodes/shard4/FIXED_L80/square__hb3p_stop_continue_formal__800235.json,,False,100,False,/home/__compress_data/xushijie/work/cr_scizor/experiments/handback/hb3p_stop_continue_formal_v1/episodes/shard4/FIXED_L80/square__hb3p_stop_continue_formal__800235.npz,False,040b679569eaab02f577c056fdc85f2049a19af3ad8351fc50d35c7afe46c3d3,square:hb3p_stop_continue_formal:800235,/home/__compress_data/xushijie/work/cr_scizor/experiments/handback/hb3p_stop_continue_formal_v1/roots/rollout_235.npz,800235,square
square:hb4_source:800236,/home/__compress_data/xushijie/work/cr_scizor/experiments/handback/hb3p_stop_continue_formal_v1/roots/payloads/236.npz,False,L60_NOT_GENUINE_HANDOFF,271de1e53dd24de10936bb9f3f83c352f2281afd8a7b31f9521639093795f704,False,400,/home/__compress_data/xushijie/work/cr_scizor/experiments/handback/hb3p_stop_continue_formal_v1/episodes/shard5/FIXED_L60/square__hb3p_stop_continue_formal__800236.json,,False,80,False,/home/__compress_data/xushijie/work/cr_scizor/experiments/handback/hb3p_stop_continue_formal_v1/episodes/shard5/FIXED_L60/square__hb3p_stop_continue_formal__800236.npz,False,400,/home/__compress_data/xushijie/work/cr_scizor/experiments/handback/hb3p_stop_continue_formal_v1/episodes/shard5/FIXED_L80/square__hb3p_stop_continue_formal__800236.json,,False,100,False,/home/__compress_data/xushijie/work/cr_scizor/experiments/handback/hb3p_stop_continue_formal_v1/episodes/shard5/FIXED_L80/square__hb3p_stop_continue_formal__800236.npz,False,040b679569eaab02f577c056fdc85f2049a19af3ad8351fc50d35c7afe46c3d3,square:hb3p_stop_continue_formal:800236,/home/__compress_data/xushijie/work/cr_scizor/experiments/handback/hb3p_stop_continue_formal_v1/roots/rollout_236.npz,800236,square
square:hb4_source:800237,/home/__compress_data/xushijie/work/cr_scizor/experiments/handback/hb3p_stop_continue_formal_v1/roots/payloads/237.npz,False,L60_NOT_GENUINE_HANDOFF,aa66dfa605ae139ca9f9142444c22057338cd1bf2c19a88851cef07025260f76,False,400,/home/__compress_data/xushijie/work/cr_scizor/experiments/handback/hb3p_stop_continue_formal_v1/episodes/shard6/FIXED_L60/square__hb3p_stop_continue_formal__800237.json,,False,80,False,/home/__compress_data/xushijie/work/cr_scizor/experiments/handback/hb3p_stop_continue_formal_v1/episodes/shard6/FIXED_L60/square__hb3p_stop_continue_formal__800237.npz,False,400,/home/__compress_data/xushijie/work/cr_scizor/experiments/handback/hb3p_stop_continue_formal_v1/episodes/shard6/FIXED_L80/square__hb3p_stop_continue_formal__800237.json,,False,100,False,/home/__compress_data/xushijie/work/cr_scizor/experiments/handback/hb3p_stop_continue_formal_v1/episodes/shard6/FIXED_L80/square__hb3p_stop_continue_formal__800237.npz,False,040b679569eaab02f577c056fdc85f2049a19af3ad8351fc50d35c7afe46c3d3,square:hb3p_stop_continue_formal:800237,/home/__compress_data/xushijie/work/cr_scizor/experiments/handback/hb3p_stop_continue_formal_v1/roots/rollout_237.npz,800237,square
square:hb4_source:800238,/home/__compress_data/xushijie/work/cr_scizor/experiments/handback/hb3p_stop_continue_formal_v1/roots/payloads/238.npz,False,L60_NOT_GENUINE_HANDOFF,58c0b2d26a0c3120719b2eb00f7a3d6e148e6f1970db6023eddaeaebfd3b114c,False,400,/home/__compress_data/xushijie/work/cr_scizor/experiments/handback/hb3p_stop_continue_formal_v1/episodes/shard0/FIXED_L60/square__hb3p_stop_continue_formal__800238.json,,False,80,False,/home/__compress_data/xushijie/work/cr_scizor/experiments/handback/hb3p_stop_continue_formal_v1/episodes/shard0/FIXED_L60/square__hb3p_stop_continue_formal__800238.npz,True,145,/home/__compress_data/xushijie/work/cr_scizor/experiments/handback/hb3p_stop_continue_formal_v1/episodes/shard0/FIXED_L80/square__hb3p_stop_continue_formal__800238.json,141,True,100,True,/home/__compress_data/xushijie/work/cr_scizor/experiments/handback/hb3p_stop_continue_formal_v1/episodes/shard0/FIXED_L80/square__hb3p_stop_continue_formal__800238.npz,False,040b679569eaab02f577c056fdc85f2049a19af3ad8351fc50d35c7afe46c3d3,square:hb3p_stop_continue_formal:800238,/home/__compress_data/xushijie/work/cr_scizor/experiments/handback/hb3p_stop_continue_formal_v1/roots/rollout_238.npz,800238,square
square:hb4_source:800239,/home/__compress_data/xushijie/work/cr_scizor/experiments/handback/hb3p_stop_continue_formal_v1/roots/payloads/239.npz,False,L60_NOT_GENUINE_HANDOFF,57aba648bbc76f9d08924fc8d23b2da9de13b4c7863616ae95337dac70037191,False,400,/home/__compress_data/xushijie/work/cr_scizor/experiments/handback/hb3p_stop_continue_formal_v1/episodes/shard1/FIXED_L60/square__hb3p_stop_continue_formal__800239.json,,False,80,False,/home/__compress_data/xushijie/work/cr_scizor/experiments/handback/hb3p_stop_continue_formal_v1/episodes/shard1/FIXED_L60/square__hb3p_stop_continue_formal__800239.npz,False,400,/home/__compress_data/xushijie/work/cr_scizor/experiments/handback/hb3p_stop_continue_formal_v1/episodes/shard1/FIXED_L80/square__hb3p_stop_continue_formal__800239.json,,False,100,False,/home/__compress_data/xushijie/work/cr_scizor/experiments/handback/hb3p_stop_continue_formal_v1/episodes/shard1/FIXED_L80/square__hb3p_stop_continue_formal__800239.npz,False,040b679569eaab02f577c056fdc85f2049a19af3ad8351fc50d35c7afe46c3d3,square:hb3p_stop_continue_formal:800239,/home/__compress_data/xushijie/work/cr_scizor/experiments/handback/hb3p_stop_continue_formal_v1/roots/rollout_239.npz,800239,square
square:hb4_source:800240,/home/__compress_data/xushijie/work/cr_scizor/experiments/handback/hb3p_stop_continue_formal_v1/roots/payloads/240.npz,False,L60_NOT_GENUINE_HANDOFF,37a22bebeb40f9d8f09151afa10bfa03ecea2343248ae890ed64cd016a011f06,False,400,/home/__compress_data/xushijie/work/cr_scizor/experiments/handback/hb3p_stop_continue_formal_v1/episodes/shard2/FIXED_L60/square__hb3p_stop_continue_formal__800240.json,,False,80,False,/home/__compress_data/xushijie/work/cr_scizor/experiments/handback/hb3p_stop_continue_formal_v1/episodes/shard2/FIXED_L60/square__hb3p_stop_continue_formal__800240.npz,False,120,/home/__compress_data/xushijie/work/cr_scizor/experiments/handback/hb3p_stop_continue_formal_v1/episodes/shard2/FIXED_L80/square__hb3p_stop_continue_formal__800240.json,116,False,100,True,/home/__compress_data/xushijie/work/cr_scizor/experiments/handback/hb3p_stop_continue_formal_v1/episodes/shard2/FIXED_L80/square__hb3p_stop_continue_formal__800240.npz,False,040b679569eaab02f577c056fdc85f2049a19af3ad8351fc50d35c7afe46c3d3,square:hb3p_stop_continue_formal:800240,/home/__compress_data/xushijie/work/cr_scizor/experiments/handback/hb3p_stop_continue_formal_v1/roots/rollout_240.npz,800240,square
square:hb4_source:800241,/home/__compress_data/xushijie/work/cr_scizor/experiments/handback/hb3p_stop_continue_formal_v1/roots/payloads/241.npz,False,L60_NOT_GENUINE_HANDOFF,a66ab49f16c7653f60b2f9616882a120ff40cd159c6312287ad8146c5ccd22da,False,400,/home/__compress_data/xushijie/work/cr_scizor/experiments/handback/hb3p_stop_continue_formal_v1/episodes/shard3/FIXED_L60/square__hb3p_stop_continue_formal__800241.json,,False,80,False,/home/__compress_data/xushijie/work/cr_scizor/experiments/handback/hb3p_stop_continue_formal_v1/episodes/shard3/FIXED_L60/square__hb3p_stop_continue_formal__800241.npz,False,400,/home/__compress_data/xushijie/work/cr_scizor/experiments/handback/hb3p_stop_continue_formal_v1/episodes/shard3/FIXED_L80/square__hb3p_stop_continue_formal__800241.json,,False,100,False,/home/__compress_data/xushijie/work/cr_scizor/experiments/handback/hb3p_stop_continue_formal_v1/episodes/shard3/FIXED_L80/square__hb3p_stop_continue_formal__800241.npz,False,040b679569eaab02f577c056fdc85f2049a19af3ad8351fc50d35c7afe46c3d3,square:hb3p_stop_continue_formal:800241,/home/__compress_data/xushijie/work/cr_scizor/experiments/handback/hb3p_stop_continue_formal_v1/roots/rollout_241.npz,800241,square
square:hb4_source:800242,/home/__compress_data/xushijie/work/cr_scizor/experiments/handback/hb3p_stop_continue_formal_v1/roots/payloads/242.npz,False,L60_NOT_GENUINE_HANDOFF,5f83f5dbfd5f97c898b694cdc4cea47f5c7dfbbfb95d2f7673f92c1a15f1d540,False,400,/home/__compress_data/xushijie/work/cr_scizor/experiments/handback/hb3p_stop_continue_formal_v1/episodes/shard4/FIXED_L60/square__hb3p_stop_continue_formal__800242.json,,False,80,False,/home/__compress_data/xushijie/work/cr_scizor/experiments/handback/hb3p_stop_continue_formal_v1/episodes/shard4/FIXED_L60/square__hb3p_stop_continue_formal__800242.npz,False,400,/home/__compress_data/xushijie/work/cr_scizor/experiments/handback/hb3p_stop_continue_formal_v1/episodes/shard4/FIXED_L80/square__hb3p_stop_continue_formal__800242.json,,False,100,False,/home/__compress_data/xushijie/work/cr_scizor/experiments/handback/hb3p_stop_continue_formal_v1/episodes/shard4/FIXED_L80/square__hb3p_stop_continue_formal__800242.npz,False,040b679569eaab02f577c056fdc85f2049a19af3ad8351fc50d35c7afe46c3d3,square:hb3p_stop_continue_formal:800242,/home/__compress_data/xushijie/work/cr_scizor/experiments/handback/hb3p_stop_continue_formal_v1/roots/rollout_242.npz,800242,square
square:hb4_source:800243,/home/__compress_data/xushijie/work/cr_scizor/experiments/handback/hb3p_stop_continue_formal_v1/roots/payloads/243.npz,False,L60_NOT_GENUINE_HANDOFF,29951d22fe84a824a4c1ea6b3e53ae3a379d249782a9e688d9c43ebd611c3ce4,False,400,/home/__compress_data/xushijie/work/cr_scizor/experiments/handback/hb3p_stop_continue_formal_v1/episodes/shard5/FIXED_L60/square__hb3p_stop_continue_formal__800243.json,,False,80,False,/home/__compress_data/xushijie/work/cr_scizor/experiments/handback/hb3p_stop_continue_formal_v1/episodes/shard5/FIXED_L60/square__hb3p_stop_continue_formal__800243.npz,False,400,/home/__compress_data/xushijie/work/cr_scizor/experiments/handback/hb3p_stop_continue_formal_v1/episodes/shard5/FIXED_L80/square__hb3p_stop_continue_formal__800243.json,,False,100,False,/home/__compress_data/xushijie/work/cr_scizor/experiments/handback/hb3p_stop_continue_formal_v1/episodes/shard5/FIXED_L80/square__hb3p_stop_continue_formal__800243.npz,False,040b679569eaab02f577c056fdc85f2049a19af3ad8351fc50d35c7afe46c3d3,square:hb3p_stop_continue_formal:800243,/home/__compress_data/xushijie/work/cr_scizor/experiments/handback/hb3p_stop_continue_formal_v1/roots/rollout_243.npz,800243,square
square:hb4_source:800244,/home/__compress_data/xushijie/work/cr_scizor/experiments/handback/hb3p_stop_continue_formal_v1/roots/payloads/244.npz,False,L60_NOT_GENUINE_HANDOFF,3dbf4a47df9e0511bbaa9fbbd1186300e4c3c8caebf255c5b02fe2bab231d39a,False,400,/home/__compress_data/xushijie/work/cr_scizor/experiments/handback/hb3p_stop_continue_formal_v1/episodes/shard6/FIXED_L60/square__hb3p_stop_continue_formal__800244.json,,False,80,False,/home/__compress_data/xushijie/work/cr_scizor/experiments/handback/hb3p_stop_continue_formal_v1/episodes/shard6/FIXED_L60/square__hb3p_stop_continue_formal__800244.npz,False,400,/home/__compress_data/xushijie/work/cr_scizor/experiments/handback/hb3p_stop_continue_formal_v1/episodes/shard6/FIXED_L80/square__hb3p_stop_continue_formal__800244.json,,False,100,False,/home/__compress_data/xushijie/work/cr_scizor/experiments/handback/hb3p_stop_continue_formal_v1/episodes/shard6/FIXED_L80/square__hb3p_stop_continue_formal__800244.npz,False,040b679569eaab02f577c056fdc85f2049a19af3ad8351fc50d35c7afe46c3d3,square:hb3p_stop_continue_formal:800244,/home/__compress_data/xushijie/work/cr_scizor/experiments/handback/hb3p_stop_continue_formal_v1/roots/rollout_244.npz,800244,square
square:hb4_source:800245,/home/__compress_data/xushijie/work/cr_scizor/experiments/handback/hb3p_stop_continue_formal_v1/roots/payloads/245.npz,False,L60_NOT_GENUINE_HANDOFF,e2f522e6857abbf61695d8dc390a63ae961a56b26c87e913b96ef9969137b8dc,False,400,/home/__compress_data/xushijie/work/cr_scizor/experiments/handback/hb3p_stop_continue_formal_v1/episodes/shard0/FIXED_L60/square__hb3p_stop_continue_formal__800245.json,,False,80,False,/home/__compress_data/xushijie/work/cr_scizor/experiments/handback/hb3p_stop_continue_formal_v1/episodes/shard0/FIXED_L60/square__hb3p_stop_continue_formal__800245.npz,False,400,/home/__compress_data/xushijie/work/cr_scizor/experiments/handback/hb3p_stop_continue_formal_v1/episodes/shard0/FIXED_L80/square__hb3p_stop_continue_formal__800245.json,,False,100,False,/home/__compress_data/xushijie/work/cr_scizor/experiments/handback/hb3p_stop_continue_formal_v1/episodes/shard0/FIXED_L80/square__hb3p_stop_continue_formal__800245.npz,False,040b679569eaab02f577c056fdc85f2049a19af3ad8351fc50d35c7afe46c3d3,square:hb3p_stop_continue_formal:800245,/home/__compress_data/xushijie/work/cr_scizor/experiments/handback/hb3p_stop_continue_formal_v1/roots/rollout_245.npz,800245,square
square:hb4_source:800246,/home/__compress_data/xushijie/work/cr_scizor/experiments/handback/hb3p_stop_continue_formal_v1/roots/payloads/246.npz,False,L60_NOT_GENUINE_HANDOFF,95429a4aa4ed57d3013fd507c254764f279fb3cc32ad7228719df24c22af1fb3,False,400,/home/__compress_data/xushijie/work/cr_scizor/experiments/handback/hb3p_stop_continue_formal_v1/episodes/shard1/FIXED_L60/square__hb3p_stop_continue_formal__800246.json,,False,80,False,/home/__compress_data/xushijie/work/cr_scizor/experiments/handback/hb3p_stop_continue_formal_v1/episodes/shard1/FIXED_L60/square__hb3p_stop_continue_formal__800246.npz,False,400,/home/__compress_data/xushijie/work/cr_scizor/experiments/handback/hb3p_stop_continue_formal_v1/episodes/shard1/FIXED_L80/square__hb3p_stop_continue_formal__800246.json,,False,100,False,/home/__compress_data/xushijie/work/cr_scizor/experiments/handback/hb3p_stop_continue_formal_v1/episodes/shard1/FIXED_L80/square__hb3p_stop_continue_formal__800246.npz,False,040b679569eaab02f577c056fdc85f2049a19af3ad8351fc50d35c7afe46c3d3,square:hb3p_stop_continue_formal:800246,/home/__compress_data/xushijie/work/cr_scizor/experiments/handback/hb3p_stop_continue_formal_v1/roots/rollout_246.npz,800246,square
square:hb4_source:800247,/home/__compress_data/xushijie/work/cr_scizor/experiments/handback/hb3p_stop_continue_formal_v1/roots/payloads/247.npz,False,L60_NOT_GENUINE_HANDOFF,ae289798671c4ba48fb8a569415c3822138f7d89ca260f15ca63eb1c5fb1ed99,False,400,/home/__compress_data/xushijie/work/cr_scizor/experiments/handback/hb3p_stop_continue_formal_v1/episodes/shard2/FIXED_L60/square__hb3p_stop_continue_formal__800247.json,,False,80,False,/home/__compress_data/xushijie/work/cr_scizor/experiments/handback/hb3p_stop_continue_formal_v1/episodes/shard2/FIXED_L60/square__hb3p_stop_continue_formal__800247.npz,True,139,/home/__compress_data/xushijie/work/cr_scizor/experiments/handback/hb3p_stop_continue_formal_v1/episodes/shard2/FIXED_L80/square__hb3p_stop_continue_formal__800247.json,135,True,100,True,/home/__compress_data/xushijie/work/cr_scizor/experiments/handback/hb3p_stop_continue_formal_v1/episodes/shard2/FIXED_L80/square__hb3p_stop_continue_formal__800247.npz,False,040b679569eaab02f577c056fdc85f2049a19af3ad8351fc50d35c7afe46c3d3,square:hb3p_stop_continue_formal:800247,/home/__compress_data/xushijie/work/cr_scizor/experiments/handback/hb3p_stop_continue_formal_v1/roots/rollout_247.npz,800247,square
square:hb4_source:800248,/home/__compress_data/xushijie/work/cr_scizor/experiments/handback/hb3p_stop_continue_formal_v1/roots/payloads/248.npz,False,L60_NOT_GENUINE_HANDOFF,21f18fa965ecdf626214e18d5020c8627b48fa03f436b8717f33421c46f09d72,False,400,/home/__compress_data/xushijie/work/cr_scizor/experiments/handback/hb3p_stop_continue_formal_v1/episodes/shard3/FIXED_L60/square__hb3p_stop_continue_formal__800248.json,,False,80,False,/home/__compress_data/xushijie/work/cr_scizor/experiments/handback/hb3p_stop_continue_formal_v1/episodes/shard3/FIXED_L60/square__hb3p_stop_continue_formal__800248.npz,False,400,/home/__compress_data/xushijie/work/cr_scizor/experiments/handback/hb3p_stop_continue_formal_v1/episodes/shard3/FIXED_L80/square__hb3p_stop_continue_formal__800248.json,,False,100,False,/home/__compress_data/xushijie/work/cr_scizor/experiments/handback/hb3p_stop_continue_formal_v1/episodes/shard3/FIXED_L80/square__hb3p_stop_continue_formal__800248.npz,False,040b679569eaab02f577c056fdc85f2049a19af3ad8351fc50d35c7afe46c3d3,square:hb3p_stop_continue_formal:800248,/home/__compress_data/xushijie/work/cr_scizor/experiments/handback/hb3p_stop_continue_formal_v1/roots/rollout_248.npz,800248,square
square:hb4_source:800249,/home/__compress_data/xushijie/work/cr_scizor/experiments/handback/hb3p_stop_continue_formal_v1/roots/payloads/249.npz,False,L60_NOT_GENUINE_HANDOFF,4d398eaab418ba471bb3c5fb7bf8df072b0745f1e244e7b5ccdd0072255a2bb2,False,400,/home/__compress_data/xushijie/work/cr_scizor/experiments/handback/hb3p_stop_continue_formal_v1/episodes/shard4/FIXED_L60/square__hb3p_stop_continue_formal__800249.json,,False,80,False,/home/__compress_data/xushijie/work/cr_scizor/experiments/handback/hb3p_stop_continue_formal_v1/episodes/shard4/FIXED_L60/square__hb3p_stop_continue_formal__800249.npz,False,400,/home/__compress_data/xushijie/work/cr_scizor/experiments/handback/hb3p_stop_continue_formal_v1/episodes/shard4/FIXED_L80/square__hb3p_stop_continue_formal__800249.json,,False,100,False,/home/__compress_data/xushijie/work/cr_scizor/experiments/handback/hb3p_stop_continue_formal_v1/episodes/shard4/FIXED_L80/square__hb3p_stop_continue_formal__800249.npz,False,040b679569eaab02f577c056fdc85f2049a19af3ad8351fc50d35c7afe46c3d3,square:hb3p_stop_continue_formal:800249,/home/__compress_data/xushijie/work/cr_scizor/experiments/handback/hb3p_stop_continue_formal_v1/roots/rollout_249.npz,800249,square
square:hb4_source:800250,/home/__compress_data/xushijie/work/cr_scizor/experiments/handback/hb3p_stop_continue_formal_v1/roots/payloads/250.npz,True,,282cd30d0facb8820ffd40191e2c9768068a4e754f20b393966ad675bb21bf44,True,151,/home/__compress_data/xushijie/work/cr_scizor/experiments/handback/hb3p_stop_continue_formal_v1/episodes/shard5/FIXED_L60/square__hb3p_stop_continue_formal__800250.json,147,True,80,True,/home/__compress_data/xushijie/work/cr_scizor/experiments/handback/hb3p_stop_continue_formal_v1/episodes/shard5/FIXED_L60/square__hb3p_stop_continue_formal__800250.npz,False,123,/home/__compress_data/xushijie/work/cr_scizor/experiments/handback/hb3p_stop_continue_formal_v1/episodes/shard5/FIXED_L80/square__hb3p_stop_continue_formal__800250.json,119,False,100,True,/home/__compress_data/xushijie/work/cr_scizor/experiments/handback/hb3p_stop_continue_formal_v1/episodes/shard5/FIXED_L80/square__hb3p_stop_continue_formal__800250.npz,False,040b679569eaab02f577c056fdc85f2049a19af3ad8351fc50d35c7afe46c3d3,square:hb3p_stop_continue_formal:800250,/home/__compress_data/xushijie/work/cr_scizor/experiments/handback/hb3p_stop_continue_formal_v1/roots/rollout_250.npz,800250,square
square:hb4_source:800251,/home/__compress_data/xushijie/work/cr_scizor/experiments/handback/hb3p_stop_continue_formal_v1/roots/payloads/251.npz,False,L60_NOT_GENUINE_HANDOFF,040ad449e5d387144575f663cd66268b4247fa0ebbfa4b4cd4287e2fb39baaa4,False,400,/home/__compress_data/xushijie/work/cr_scizor/experiments/handback/hb3p_stop_continue_formal_v1/episodes/shard6/FIXED_L60/square__hb3p_stop_continue_formal__800251.json,,False,80,False,/home/__compress_data/xushijie/work/cr_scizor/experiments/handback/hb3p_stop_continue_formal_v1/episodes/shard6/FIXED_L60/square__hb3p_stop_continue_formal__800251.npz,False,400,/home/__compress_data/xushijie/work/cr_scizor/experiments/handback/hb3p_stop_continue_formal_v1/episodes/shard6/FIXED_L80/square__hb3p_stop_continue_formal__800251.json,,False,100,False,/home/__compress_data/xushijie/work/cr_scizor/experiments/handback/hb3p_stop_continue_formal_v1/episodes/shard6/FIXED_L80/square__hb3p_stop_continue_formal__800251.npz,False,040b679569eaab02f577c056fdc85f2049a19af3ad8351fc50d35c7afe46c3d3,square:hb3p_stop_continue_formal:800251,/home/__compress_data/xushijie/work/cr_scizor/experiments/handback/hb3p_stop_continue_formal_v1/roots/rollout_251.npz,800251,square
square:hb4_source:800252,/home/__compress_data/xushijie/work/cr_scizor/experiments/handback/hb3p_stop_continue_formal_v1/roots/payloads/252.npz,False,L60_NOT_GENUINE_HANDOFF,39507ea3a9fbba0b10e2798ce691fee48189f309a2f71c359ef21e0fb0968f82,False,400,/home/__compress_data/xushijie/work/cr_scizor/experiments/handback/hb3p_stop_continue_formal_v1/episodes/shard0/FIXED_L60/square__hb3p_stop_continue_formal__800252.json,,False,80,False,/home/__compress_data/xushijie/work/cr_scizor/experiments/handback/hb3p_stop_continue_formal_v1/episodes/shard0/FIXED_L60/square__hb3p_stop_continue_formal__800252.npz,True,204,/home/__compress_data/xushijie/work/cr_scizor/experiments/handback/hb3p_stop_continue_formal_v1/episodes/shard0/FIXED_L80/square__hb3p_stop_continue_formal__800252.json,200,True,100,True,/home/__compress_data/xushijie/work/cr_scizor/experiments/handback/hb3p_stop_continue_formal_v1/episodes/shard0/FIXED_L80/square__hb3p_stop_continue_formal__800252.npz,False,040b679569eaab02f577c056fdc85f2049a19af3ad8351fc50d35c7afe46c3d3,square:hb3p_stop_continue_formal:800252,/home/__compress_data/xushijie/work/cr_scizor/experiments/handback/hb3p_stop_continue_formal_v1/roots/rollout_252.npz,800252,square
square:hb4_source:800253,/home/__compress_data/xushijie/work/cr_scizor/experiments/handback/hb3p_stop_continue_formal_v1/roots/payloads/253.npz,False,L60_NOT_GENUINE_HANDOFF,193ea14bea6778ffd82bfec8687c741d934b902ff584b4b129397bdabe98bce7,False,400,/home/__compress_data/xushijie/work/cr_scizor/experiments/handback/hb3p_stop_continue_formal_v1/episodes/shard1/FIXED_L60/square__hb3p_stop_continue_formal__800253.json,,False,80,False,/home/__compress_data/xushijie/work/cr_scizor/experiments/handback/hb3p_stop_continue_formal_v1/episodes/shard1/FIXED_L60/square__hb3p_stop_continue_formal__800253.npz,False,400,/home/__compress_data/xushijie/work/cr_scizor/experiments/handback/hb3p_stop_continue_formal_v1/episodes/shard1/FIXED_L80/square__hb3p_stop_continue_formal__800253.json,,False,100,False,/home/__compress_data/xushijie/work/cr_scizor/experiments/handback/hb3p_stop_continue_formal_v1/episodes/shard1/FIXED_L80/square__hb3p_stop_continue_formal__800253.npz,False,040b679569eaab02f577c056fdc85f2049a19af3ad8351fc50d35c7afe46c3d3,square:hb3p_stop_continue_formal:800253,/home/__compress_data/xushijie/work/cr_scizor/experiments/handback/hb3p_stop_continue_formal_v1/roots/rollout_253.npz,800253,square
square:hb4_source:800254,/home/__compress_data/xushijie/work/cr_scizor/experiments/handback/hb3p_stop_continue_formal_v1/roots/payloads/254.npz,True,,dcc7e8ef9762fb710264333e9deec8c90a4b0db6b551d3ee8aa5003e2cdc887c,True,159,/home/__compress_data/xushijie/work/cr_scizor/experiments/handback/hb3p_stop_continue_formal_v1/episodes/shard2/FIXED_L60/square__hb3p_stop_continue_formal__800254.json,155,True,80,True,/home/__compress_data/xushijie/work/cr_scizor/experiments/handback/hb3p_stop_continue_formal_v1/episodes/shard2/FIXED_L60/square__hb3p_stop_continue_formal__800254.npz,True,154,/home/__compress_data/xushijie/work/cr_scizor/experiments/handback/hb3p_stop_continue_formal_v1/episodes/shard2/FIXED_L80/square__hb3p_stop_continue_formal__800254.json,150,True,100,True,/home/__compress_data/xushijie/work/cr_scizor/experiments/handback/hb3p_stop_continue_formal_v1/episodes/shard2/FIXED_L80/square__hb3p_stop_continue_formal__800254.npz,False,040b679569eaab02f577c056fdc85f2049a19af3ad8351fc50d35c7afe46c3d3,square:hb3p_stop_continue_formal:800254,/home/__compress_data/xushijie/work/cr_scizor/experiments/handback/hb3p_stop_continue_formal_v1/roots/rollout_254.npz,800254,square
square:hb4_source:800255,/home/__compress_data/xushijie/work/cr_scizor/experiments/handback/hb3p_stop_continue_formal_v1/roots/payloads/255.npz,False,L60_NOT_GENUINE_HANDOFF,b9154f7af4c4279c7109760ec0e8caf676fcff9f3ee742a7f4409614d0346574,False,400,/home/__compress_data/xushijie/work/cr_scizor/experiments/handback/hb3p_stop_continue_formal_v1/episodes/shard3/FIXED_L60/square__hb3p_stop_continue_formal__800255.json,,False,80,False,/home/__compress_data/xushijie/work/cr_scizor/experiments/handback/hb3p_stop_continue_formal_v1/episodes/shard3/FIXED_L60/square__hb3p_stop_continue_formal__800255.npz,False,400,/home/__compress_data/xushijie/work/cr_scizor/experiments/handback/hb3p_stop_continue_formal_v1/episodes/shard3/FIXED_L80/square__hb3p_stop_continue_formal__800255.json,,False,100,False,/home/__compress_data/xushijie/work/cr_scizor/experiments/handback/hb3p_stop_continue_formal_v1/episodes/shard3/FIXED_L80/square__hb3p_stop_continue_formal__800255.npz,False,040b679569eaab02f577c056fdc85f2049a19af3ad8351fc50d35c7afe46c3d3,square:hb3p_stop_continue_formal:800255,/home/__compress_data/xushijie/work/cr_scizor/experiments/handback/hb3p_stop_continue_formal_v1/roots/rollout_255.npz,800255,square
square:hb4_source:800256,/home/__compress_data/xushijie/work/cr_scizor/experiments/handback/hb3p_stop_continue_formal_v1/roots/payloads/256.npz,False,L60_NOT_GENUINE_HANDOFF,c8c8376b658b4c3843f896df72a43f6765912956aba0833f23a569dc8d7a5cc2,False,400,/home/__compress_data/xushijie/work/cr_scizor/experiments/handback/hb3p_stop_continue_formal_v1/episodes/shard4/FIXED_L60/square__hb3p_stop_continue_formal__800256.json,,False,80,False,/home/__compress_data/xushijie/work/cr_scizor/experiments/handback/hb3p_stop_continue_formal_v1/episodes/shard4/FIXED_L60/square__hb3p_stop_continue_formal__800256.npz,False,400,/home/__compress_data/xushijie/work/cr_scizor/experiments/handback/hb3p_stop_continue_formal_v1/episodes/shard4/FIXED_L80/square__hb3p_stop_continue_formal__800256.json,,False,100,False,/home/__compress_data/xushijie/work/cr_scizor/experiments/handback/hb3p_stop_continue_formal_v1/episodes/shard4/FIXED_L80/square__hb3p_stop_continue_formal__800256.npz,False,040b679569eaab02f577c056fdc85f2049a19af3ad8351fc50d35c7afe46c3d3,square:hb3p_stop_continue_formal:800256,/home/__compress_data/xushijie/work/cr_scizor/experiments/handback/hb3p_stop_continue_formal_v1/roots/rollout_256.npz,800256,square
square:hb4_source:800257,/home/__compress_data/xushijie/work/cr_scizor/experiments/handback/hb3p_stop_continue_formal_v1/roots/payloads/257.npz,False,L60_NOT_GENUINE_HANDOFF,48d2d429f7817bb69556943f9fa80ec7ed23be02435730be8e6b0abd6d93fbd6,False,400,/home/__compress_data/xushijie/work/cr_scizor/experiments/handback/hb3p_stop_continue_formal_v1/episodes/shard5/FIXED_L60/square__hb3p_stop_continue_formal__800257.json,,False,80,False,/home/__compress_data/xushijie/work/cr_scizor/experiments/handback/hb3p_stop_continue_formal_v1/episodes/shard5/FIXED_L60/square__hb3p_stop_continue_formal__800257.npz,False,400,/home/__compress_data/xushijie/work/cr_scizor/experiments/handback/hb3p_stop_continue_formal_v1/episodes/shard5/FIXED_L80/square__hb3p_stop_continue_formal__800257.json,,False,100,False,/home/__compress_data/xushijie/work/cr_scizor/experiments/handback/hb3p_stop_continue_formal_v1/episodes/shard5/FIXED_L80/square__hb3p_stop_continue_formal__800257.npz,False,040b679569eaab02f577c056fdc85f2049a19af3ad8351fc50d35c7afe46c3d3,square:hb3p_stop_continue_formal:800257,/home/__compress_data/xushijie/work/cr_scizor/experiments/handback/hb3p_stop_continue_formal_v1/roots/rollout_257.npz,800257,square
square:hb4_source:800258,/home/__compress_data/xushijie/work/cr_scizor/experiments/handback/hb3p_stop_continue_formal_v1/roots/payloads/258.npz,False,L60_NOT_GENUINE_HANDOFF,3ad50c08dad6d213a3dd78bed1a834d87a06074c99bc15b519816735c6299ae6,False,400,/home/__compress_data/xushijie/work/cr_scizor/experiments/handback/hb3p_stop_continue_formal_v1/episodes/shard6/FIXED_L60/square__hb3p_stop_continue_formal__800258.json,,False,80,False,/home/__compress_data/xushijie/work/cr_scizor/experiments/handback/hb3p_stop_continue_formal_v1/episodes/shard6/FIXED_L60/square__hb3p_stop_continue_formal__800258.npz,False,400,/home/__compress_data/xushijie/work/cr_scizor/experiments/handback/hb3p_stop_continue_formal_v1/episodes/shard6/FIXED_L80/square__hb3p_stop_continue_formal__800258.json,,False,100,False,/home/__compress_data/xushijie/work/cr_scizor/experiments/handback/hb3p_stop_continue_formal_v1/episodes/shard6/FIXED_L80/square__hb3p_stop_continue_formal__800258.npz,False,040b679569eaab02f577c056fdc85f2049a19af3ad8351fc50d35c7afe46c3d3,square:hb3p_stop_continue_formal:800258,/home/__compress_data/xushijie/work/cr_scizor/experiments/handback/hb3p_stop_continue_formal_v1/roots/rollout_258.npz,800258,square
square:hb4_source:800259,/home/__compress_data/xushijie/work/cr_scizor/experiments/handback/hb3p_stop_continue_formal_v1/roots/payloads/259.npz,False,L60_NOT_GENUINE_HANDOFF,1c0c9c0d3ef8d913e329931d69b3607f507f319b690deef5a23a7419e383fc86,False,400,/home/__compress_data/xushijie/work/cr_scizor/experiments/handback/hb3p_stop_continue_formal_v1/episodes/shard0/FIXED_L60/square__hb3p_stop_continue_formal__800259.json,,False,80,False,/home/__compress_data/xushijie/work/cr_scizor/experiments/handback/hb3p_stop_continue_formal_v1/episodes/shard0/FIXED_L60/square__hb3p_stop_continue_formal__800259.npz,True,207,/home/__compress_data/xushijie/work/cr_scizor/experiments/handback/hb3p_stop_continue_formal_v1/episodes/shard0/FIXED_L80/square__hb3p_stop_continue_formal__800259.json,203,True,100,True,/home/__compress_data/xushijie/work/cr_scizor/experiments/handback/hb3p_stop_continue_formal_v1/episodes/shard0/FIXED_L80/square__hb3p_stop_continue_formal__800259.npz,False,040b679569eaab02f577c056fdc85f2049a19af3ad8351fc50d35c7afe46c3d3,square:hb3p_stop_continue_formal:800259,/home/__compress_data/xushijie/work/cr_scizor/experiments/handback/hb3p_stop_continue_formal_v1/roots/rollout_259.npz,800259,square
square:hb4_source:800260,/home/__compress_data/xushijie/work/cr_scizor/experiments/handback/hb3p_stop_continue_formal_v1/roots/payloads/260.npz,False,L60_NOT_GENUINE_HANDOFF,18b40a7eaed5a6481051ea5ad491defafca5a909f16d43c120d8702ad0d04304,False,400,/home/__compress_data/xushijie/work/cr_scizor/experiments/handback/hb3p_stop_continue_formal_v1/episodes/shard1/FIXED_L60/square__hb3p_stop_continue_formal__800260.json,,False,80,False,/home/__compress_data/xushijie/work/cr_scizor/experiments/handback/hb3p_stop_continue_formal_v1/episodes/shard1/FIXED_L60/square__hb3p_stop_continue_formal__800260.npz,False,400,/home/__compress_data/xushijie/work/cr_scizor/experiments/handback/hb3p_stop_continue_formal_v1/episodes/shard1/FIXED_L80/square__hb3p_stop_continue_formal__800260.json,,False,100,False,/home/__compress_data/xushijie/work/cr_scizor/experiments/handback/hb3p_stop_continue_formal_v1/episodes/shard1/FIXED_L80/square__hb3p_stop_continue_formal__800260.npz,False,040b679569eaab02f577c056fdc85f2049a19af3ad8351fc50d35c7afe46c3d3,square:hb3p_stop_continue_formal:800260,/home/__compress_data/xushijie/work/cr_scizor/experiments/handback/hb3p_stop_continue_formal_v1/roots/rollout_260.npz,800260,square
square:hb4_source:800261,/home/__compress_data/xushijie/work/cr_scizor/experiments/handback/hb3p_stop_continue_formal_v1/roots/payloads/261.npz,False,L60_NOT_GENUINE_HANDOFF,68441c9ef6276b471355fb970f8e9d92c7038c6ac891e320f0b495dc73484d85,False,400,/home/__compress_data/xushijie/work/cr_scizor/experiments/handback/hb3p_stop_continue_formal_v1/episodes/shard2/FIXED_L60/square__hb3p_stop_continue_formal__800261.json,,False,80,False,/home/__compress_data/xushijie/work/cr_scizor/experiments/handback/hb3p_stop_continue_formal_v1/episodes/shard2/FIXED_L60/square__hb3p_stop_continue_formal__800261.npz,False,400,/home/__compress_data/xushijie/work/cr_scizor/experiments/handback/hb3p_stop_continue_formal_v1/episodes/shard2/FIXED_L80/square__hb3p_stop_continue_formal__800261.json,,False,100,False,/home/__compress_data/xushijie/work/cr_scizor/experiments/handback/hb3p_stop_continue_formal_v1/episodes/shard2/FIXED_L80/square__hb3p_stop_continue_formal__800261.npz,False,040b679569eaab02f577c056fdc85f2049a19af3ad8351fc50d35c7afe46c3d3,square:hb3p_stop_continue_formal:800261,/home/__compress_data/xushijie/work/cr_scizor/experiments/handback/hb3p_stop_continue_formal_v1/roots/rollout_261.npz,800261,square
square:hb4_source:800262,/home/__compress_data/xushijie/work/cr_scizor/experiments/handback/hb3p_stop_continue_formal_v1/roots/payloads/262.npz,False,L60_NOT_GENUINE_HANDOFF,c236959192510a8a6e7953be755098ebb414c41bcbb971f2eecf9ac66074aff9,False,400,/home/__compress_data/xushijie/work/cr_scizor/experiments/handback/hb3p_stop_continue_formal_v1/episodes/shard3/FIXED_L60/square__hb3p_stop_continue_formal__800262.json,,False,80,False,/home/__compress_data/xushijie/work/cr_scizor/experiments/handback/hb3p_stop_continue_formal_v1/episodes/shard3/FIXED_L60/square__hb3p_stop_continue_formal__800262.npz,False,400,/home/__compress_data/xushijie/work/cr_scizor/experiments/handback/hb3p_stop_continue_formal_v1/episodes/shard3/FIXED_L80/square__hb3p_stop_continue_formal__800262.json,,False,100,False,/home/__compress_data/xushijie/work/cr_scizor/experiments/handback/hb3p_stop_continue_formal_v1/episodes/shard3/FIXED_L80/square__hb3p_stop_continue_formal__800262.npz,False,040b679569eaab02f577c056fdc85f2049a19af3ad8351fc50d35c7afe46c3d3,square:hb3p_stop_continue_formal:800262,/home/__compress_data/xushijie/work/cr_scizor/experiments/handback/hb3p_stop_continue_formal_v1/roots/rollout_262.npz,800262,square
square:hb4_source:800263,/home/__compress_data/xushijie/work/cr_scizor/experiments/handback/hb3p_stop_continue_formal_v1/roots/payloads/263.npz,True,,7b7e308abb7fb8f7e2b534b22234b87d09e88e34eee819829e0d5c52055caa85,True,147,/home/__compress_data/xushijie/work/cr_scizor/experiments/handback/hb3p_stop_continue_formal_v1/episodes/shard4/FIXED_L60/square__hb3p_stop_continue_formal__800263.json,143,True,80,True,/home/__compress_data/xushijie/work/cr_scizor/experiments/handback/hb3p_stop_continue_formal_v1/episodes/shard4/FIXED_L60/square__hb3p_stop_continue_formal__800263.npz,True,180,/home/__compress_data/xushijie/work/cr_scizor/experiments/handback/hb3p_stop_continue_formal_v1/episodes/shard4/FIXED_L80/square__hb3p_stop_continue_formal__800263.json,176,True,100,True,/home/__compress_data/xushijie/work/cr_scizor/experiments/handback/hb3p_stop_continue_formal_v1/episodes/shard4/FIXED_L80/square__hb3p_stop_continue_formal__800263.npz,False,040b679569eaab02f577c056fdc85f2049a19af3ad8351fc50d35c7afe46c3d3,square:hb3p_stop_continue_formal:800263,/home/__compress_data/xushijie/work/cr_scizor/experiments/handback/hb3p_stop_continue_formal_v1/roots/rollout_263.npz,800263,square
square:hb4_source:800264,/home/__compress_data/xushijie/work/cr_scizor/experiments/handback/hb3p_stop_continue_formal_v1/roots/payloads/264.npz,False,L60_NOT_GENUINE_HANDOFF,1529dff59d733f90c131dfe429bcdb4dcd8c3c08d08c6041e575b5e49840cf14,False,400,/home/__compress_data/xushijie/work/cr_scizor/experiments/handback/hb3p_stop_continue_formal_v1/episodes/shard5/FIXED_L60/square__hb3p_stop_continue_formal__800264.json,,False,80,False,/home/__compress_data/xushijie/work/cr_scizor/experiments/handback/hb3p_stop_continue_formal_v1/episodes/shard5/FIXED_L60/square__hb3p_stop_continue_formal__800264.npz,False,400,/home/__compress_data/xushijie/work/cr_scizor/experiments/handback/hb3p_stop_continue_formal_v1/episodes/shard5/FIXED_L80/square__hb3p_stop_continue_formal__800264.json,,False,100,False,/home/__compress_data/xushijie/work/cr_scizor/experiments/handback/hb3p_stop_continue_formal_v1/episodes/shard5/FIXED_L80/square__hb3p_stop_continue_formal__800264.npz,False,040b679569eaab02f577c056fdc85f2049a19af3ad8351fc50d35c7afe46c3d3,square:hb3p_stop_continue_formal:800264,/home/__compress_data/xushijie/work/cr_scizor/experiments/handback/hb3p_stop_continue_formal_v1/roots/rollout_264.npz,800264,square
square:hb4_source:800265,/home/__compress_data/xushijie/work/cr_scizor/experiments/handback/hb3p_stop_continue_formal_v1/roots/payloads/265.npz,False,L60_NOT_GENUINE_HANDOFF,f126f87edd3119fb5a083021d423b1cb6bc9bf8f7f10b5caf9c634536991cc94,False,400,/home/__compress_data/xushijie/work/cr_scizor/experiments/handback/hb3p_stop_continue_formal_v1/episodes/shard6/FIXED_L60/square__hb3p_stop_continue_formal__800265.json,,False,80,False,/home/__compress_data/xushijie/work/cr_scizor/experiments/handback/hb3p_stop_continue_formal_v1/episodes/shard6/FIXED_L60/square__hb3p_stop_continue_formal__800265.npz,False,400,/home/__compress_data/xushijie/work/cr_scizor/experiments/handback/hb3p_stop_continue_formal_v1/episodes/shard6/FIXED_L80/square__hb3p_stop_continue_formal__800265.json,,False,100,False,/home/__compress_data/xushijie/work/cr_scizor/experiments/handback/hb3p_stop_continue_formal_v1/episodes/shard6/FIXED_L80/square__hb3p_stop_continue_formal__800265.npz,False,040b679569eaab02f577c056fdc85f2049a19af3ad8351fc50d35c7afe46c3d3,square:hb3p_stop_continue_formal:800265,/home/__compress_data/xushijie/work/cr_scizor/experiments/handback/hb3p_stop_continue_formal_v1/roots/rollout_265.npz,800265,square
square:hb4_source:800266,/home/__compress_data/xushijie/work/cr_scizor/experiments/handback/hb3p_stop_continue_formal_v1/roots/payloads/266.npz,False,L60_NOT_GENUINE_HANDOFF,6c9aee09e5b42360a250caacdc8b54faf3637bd87fe690d332e0b8bbb5af4c70,False,400,/home/__compress_data/xushijie/work/cr_scizor/experiments/handback/hb3p_stop_continue_formal_v1/episodes/shard0/FIXED_L60/square__hb3p_stop_continue_formal__800266.json,,False,80,False,/home/__compress_data/xushijie/work/cr_scizor/experiments/handback/hb3p_stop_continue_formal_v1/episodes/shard0/FIXED_L60/square__hb3p_stop_continue_formal__800266.npz,False,400,/home/__compress_data/xushijie/work/cr_scizor/experiments/handback/hb3p_stop_continue_formal_v1/episodes/shard0/FIXED_L80/square__hb3p_stop_continue_formal__800266.json,,False,100,False,/home/__compress_data/xushijie/work/cr_scizor/experiments/handback/hb3p_stop_continue_formal_v1/episodes/shard0/FIXED_L80/square__hb3p_stop_continue_formal__800266.npz,False,040b679569eaab02f577c056fdc85f2049a19af3ad8351fc50d35c7afe46c3d3,square:hb3p_stop_continue_formal:800266,/home/__compress_data/xushijie/work/cr_scizor/experiments/handback/hb3p_stop_continue_formal_v1/roots/rollout_266.npz,800266,square
square:hb4_source:800267,/home/__compress_data/xushijie/work/cr_scizor/experiments/handback/hb3p_stop_continue_formal_v1/roots/payloads/267.npz,False,NONE_SUCCESS,1b2760aaae76817aaeb82a8084c3f59f761da75b113af4c6dc5194cabbbf42b8,True,113,/home/__compress_data/xushijie/work/cr_scizor/experiments/handback/hb3p_stop_continue_formal_v1/episodes/shard1/FIXED_L60/square__hb3p_stop_continue_formal__800267.json,109,True,80,True,/home/__compress_data/xushijie/work/cr_scizor/experiments/handback/hb3p_stop_continue_formal_v1/episodes/shard1/FIXED_L60/square__hb3p_stop_continue_formal__800267.npz,False,115,/home/__compress_data/xushijie/work/cr_scizor/experiments/handback/hb3p_stop_continue_formal_v1/episodes/shard1/FIXED_L80/square__hb3p_stop_continue_formal__800267.json,111,False,100,True,/home/__compress_data/xushijie/work/cr_scizor/experiments/handback/hb3p_stop_continue_formal_v1/episodes/shard1/FIXED_L80/square__hb3p_stop_continue_formal__800267.npz,True,040b679569eaab02f577c056fdc85f2049a19af3ad8351fc50d35c7afe46c3d3,square:hb3p_stop_continue_formal:800267,/home/__compress_data/xushijie/work/cr_scizor/experiments/handback/hb3p_stop_continue_formal_v1/roots/rollout_267.npz,800267,square
square:hb4_source:800268,/home/__compress_data/xushijie/work/cr_scizor/experiments/handback/hb3p_stop_continue_formal_v1/roots/payloads/268.npz,True,,fcdf7034635e80d4a2d3db5d98aa2fe8f8da34306bc65f5d23e8b293aa19302d,True,161,/home/__compress_data/xushijie/work/cr_scizor/experiments/handback/hb3p_stop_continue_formal_v1/episodes/shard2/FIXED_L60/square__hb3p_stop_continue_formal__800268.json,157,True,80,True,/home/__compress_data/xushijie/work/cr_scizor/experiments/handback/hb3p_stop_continue_formal_v1/episodes/shard2/FIXED_L60/square__hb3p_stop_continue_formal__800268.npz,False,400,/home/__compress_data/xushijie/work/cr_scizor/experiments/handback/hb3p_stop_continue_formal_v1/episodes/shard2/FIXED_L80/square__hb3p_stop_continue_formal__800268.json,,False,100,False,/home/__compress_data/xushijie/work/cr_scizor/experiments/handback/hb3p_stop_continue_formal_v1/episodes/shard2/FIXED_L80/square__hb3p_stop_continue_formal__800268.npz,False,040b679569eaab02f577c056fdc85f2049a19af3ad8351fc50d35c7afe46c3d3,square:hb3p_stop_continue_formal:800268,/home/__compress_data/xushijie/work/cr_scizor/experiments/handback/hb3p_stop_continue_formal_v1/roots/rollout_268.npz,800268,square
square:hb4_source:800269,/home/__compress_data/xushijie/work/cr_scizor/experiments/handback/hb3p_stop_continue_formal_v1/roots/payloads/269.npz,False,L60_NOT_GENUINE_HANDOFF,36f7f1e20e225b89c8f6c0e7f88210ef20a170c418374b7f4c5a2e3a48fe3ef7,False,400,/home/__compress_data/xushijie/work/cr_scizor/experiments/handback/hb3p_stop_continue_formal_v1/episodes/shard3/FIXED_L60/square__hb3p_stop_continue_formal__800269.json,,False,80,False,/home/__compress_data/xushijie/work/cr_scizor/experiments/handback/hb3p_stop_continue_formal_v1/episodes/shard3/FIXED_L60/square__hb3p_stop_continue_formal__800269.npz,False,400,/home/__compress_data/xushijie/work/cr_scizor/experiments/handback/hb3p_stop_continue_formal_v1/episodes/shard3/FIXED_L80/square__hb3p_stop_continue_formal__800269.json,,False,100,False,/home/__compress_data/xushijie/work/cr_scizor/experiments/handback/hb3p_stop_continue_formal_v1/episodes/shard3/FIXED_L80/square__hb3p_stop_continue_formal__800269.npz,False,040b679569eaab02f577c056fdc85f2049a19af3ad8351fc50d35c7afe46c3d3,square:hb3p_stop_continue_formal:800269,/home/__compress_data/xushijie/work/cr_scizor/experiments/handback/hb3p_stop_continue_formal_v1/roots/rollout_269.npz,800269,square
square:hb4_source:800270,/home/__compress_data/xushijie/work/cr_scizor/experiments/handback/hb3p_stop_continue_formal_v1/roots/payloads/270.npz,False,L60_NOT_GENUINE_HANDOFF,f686e11b973744aab398d8cc5f369e6f3abefdaab795ef0ad2a932ce031d7ca7,False,400,/home/__compress_data/xushijie/work/cr_scizor/experiments/handback/hb3p_stop_continue_formal_v1/episodes/shard4/FIXED_L60/square__hb3p_stop_continue_formal__800270.json,,False,80,False,/home/__compress_data/xushijie/work/cr_scizor/experiments/handback/hb3p_stop_continue_formal_v1/episodes/shard4/FIXED_L60/square__hb3p_stop_continue_formal__800270.npz,False,400,/home/__compress_data/xushijie/work/cr_scizor/experiments/handback/hb3p_stop_continue_formal_v1/episodes/shard4/FIXED_L80/square__hb3p_stop_continue_formal__800270.json,,False,100,False,/home/__compress_data/xushijie/work/cr_scizor/experiments/handback/hb3p_stop_continue_formal_v1/episodes/shard4/FIXED_L80/square__hb3p_stop_continue_formal__800270.npz,False,040b679569eaab02f577c056fdc85f2049a19af3ad8351fc50d35c7afe46c3d3,square:hb3p_stop_continue_formal:800270,/home/__compress_data/xushijie/work/cr_scizor/experiments/handback/hb3p_stop_continue_formal_v1/roots/rollout_270.npz,800270,square
square:hb4_source:800271,/home/__compress_data/xushijie/work/cr_scizor/experiments/handback/hb3p_stop_continue_formal_v1/roots/payloads/271.npz,False,L60_NOT_GENUINE_HANDOFF,b64de2d4038c242a5253bacfd47457fdf246f652230a3fb9de09878b64e6140d,False,400,/home/__compress_data/xushijie/work/cr_scizor/experiments/handback/hb3p_stop_continue_formal_v1/episodes/shard5/FIXED_L60/square__hb3p_stop_continue_formal__800271.json,,False,80,False,/home/__compress_data/xushijie/work/cr_scizor/experiments/handback/hb3p_stop_continue_formal_v1/episodes/shard5/FIXED_L60/square__hb3p_stop_continue_formal__800271.npz,False,400,/home/__compress_data/xushijie/work/cr_scizor/experiments/handback/hb3p_stop_continue_formal_v1/episodes/shard5/FIXED_L80/square__hb3p_stop_continue_formal__800271.json,,False,100,False,/home/__compress_data/xushijie/work/cr_scizor/experiments/handback/hb3p_stop_continue_formal_v1/episodes/shard5/FIXED_L80/square__hb3p_stop_continue_formal__800271.npz,False,040b679569eaab02f577c056fdc85f2049a19af3ad8351fc50d35c7afe46c3d3,square:hb3p_stop_continue_formal:800271,/home/__compress_data/xushijie/work/cr_scizor/experiments/handback/hb3p_stop_continue_formal_v1/roots/rollout_271.npz,800271,square
square:hb4_source:800272,/home/__compress_data/xushijie/work/cr_scizor/experiments/handback/hb3p_stop_continue_formal_v1/roots/payloads/272.npz,False,L60_NOT_GENUINE_HANDOFF,e116164e803bda5567e6d03bbd80780223b88b4ca192b12efbc17ffa830f1a0b,False,400,/home/__compress_data/xushijie/work/cr_scizor/experiments/handback/hb3p_stop_continue_formal_v1/episodes/shard6/FIXED_L60/square__hb3p_stop_continue_formal__800272.json,,False,80,False,/home/__compress_data/xushijie/work/cr_scizor/experiments/handback/hb3p_stop_continue_formal_v1/episodes/shard6/FIXED_L60/square__hb3p_stop_continue_formal__800272.npz,False,400,/home/__compress_data/xushijie/work/cr_scizor/experiments/handback/hb3p_stop_continue_formal_v1/episodes/shard6/FIXED_L80/square__hb3p_stop_continue_formal__800272.json,,False,100,False,/home/__compress_data/xushijie/work/cr_scizor/experiments/handback/hb3p_stop_continue_formal_v1/episodes/shard6/FIXED_L80/square__hb3p_stop_continue_formal__800272.npz,False,040b679569eaab02f577c056fdc85f2049a19af3ad8351fc50d35c7afe46c3d3,square:hb3p_stop_continue_formal:800272,/home/__compress_data/xushijie/work/cr_scizor/experiments/handback/hb3p_stop_continue_formal_v1/roots/rollout_272.npz,800272,square
square:hb4_source:800273,/home/__compress_data/xushijie/work/cr_scizor/experiments/handback/hb3p_stop_continue_formal_v1/roots/payloads/273.npz,False,L60_NOT_GENUINE_HANDOFF,1f71f4c150aba2b17a1fba78436b34e7b092c12b67cfbec8276d9122e9ff1df4,False,400,/home/__compress_data/xushijie/work/cr_scizor/experiments/handback/hb3p_stop_continue_formal_v1/episodes/shard0/FIXED_L60/square__hb3p_stop_continue_formal__800273.json,,False,80,False,/home/__compress_data/xushijie/work/cr_scizor/experiments/handback/hb3p_stop_continue_formal_v1/episodes/shard0/FIXED_L60/square__hb3p_stop_continue_formal__800273.npz,True,143,/home/__compress_data/xushijie/work/cr_scizor/experiments/handback/hb3p_stop_continue_formal_v1/episodes/shard0/FIXED_L80/square__hb3p_stop_continue_formal__800273.json,139,True,100,True,/home/__compress_data/xushijie/work/cr_scizor/experiments/handback/hb3p_stop_continue_formal_v1/episodes/shard0/FIXED_L80/square__hb3p_stop_continue_formal__800273.npz,False,040b679569eaab02f577c056fdc85f2049a19af3ad8351fc50d35c7afe46c3d3,square:hb3p_stop_continue_formal:800273,/home/__compress_data/xushijie/work/cr_scizor/experiments/handback/hb3p_stop_continue_formal_v1/roots/rollout_273.npz,800273,square
square:hb4_source:800274,/home/__compress_data/xushijie/work/cr_scizor/experiments/handback/hb3p_stop_continue_formal_v1/roots/payloads/274.npz,False,L60_NOT_GENUINE_HANDOFF,29b3e39ef9bbe1a08a6fdde5ce7856969c0fd881ea4aad16dddc31390c472e6d,False,400,/home/__compress_data/xushijie/work/cr_scizor/experiments/handback/hb3p_stop_continue_formal_v1/episodes/shard1/FIXED_L60/square__hb3p_stop_continue_formal__800274.json,,False,80,False,/home/__compress_data/xushijie/work/cr_scizor/experiments/handback/hb3p_stop_continue_formal_v1/episodes/shard1/FIXED_L60/square__hb3p_stop_continue_formal__800274.npz,True,140,/home/__compress_data/xushijie/work/cr_scizor/experiments/handback/hb3p_stop_continue_formal_v1/episodes/shard1/FIXED_L80/square__hb3p_stop_continue_formal__800274.json,136,True,100,True,/home/__compress_data/xushijie/work/cr_scizor/experiments/handback/hb3p_stop_continue_formal_v1/episodes/shard1/FIXED_L80/square__hb3p_stop_continue_formal__800274.npz,False,040b679569eaab02f577c056fdc85f2049a19af3ad8351fc50d35c7afe46c3d3,square:hb3p_stop_continue_formal:800274,/home/__compress_data/xushijie/work/cr_scizor/experiments/handback/hb3p_stop_continue_formal_v1/roots/rollout_274.npz,800274,square
square:hb4_source:800275,/home/__compress_data/xushijie/work/cr_scizor/experiments/handback/hb3p_stop_continue_formal_v1/roots/payloads/275.npz,False,L60_NOT_GENUINE_HANDOFF,7298d78d93de523ebd03f6439a98b6da6400e32a0fab97547a76aba1794f5254,False,400,/home/__compress_data/xushijie/work/cr_scizor/experiments/handback/hb3p_stop_continue_formal_v1/episodes/shard2/FIXED_L60/square__hb3p_stop_continue_formal__800275.json,,False,80,False,/home/__compress_data/xushijie/work/cr_scizor/experiments/handback/hb3p_stop_continue_formal_v1/episodes/shard2/FIXED_L60/square__hb3p_stop_continue_formal__800275.npz,False,400,/home/__compress_data/xushijie/work/cr_scizor/experiments/handback/hb3p_stop_continue_formal_v1/episodes/shard2/FIXED_L80/square__hb3p_stop_continue_formal__800275.json,,False,100,False,/home/__compress_data/xushijie/work/cr_scizor/experiments/handback/hb3p_stop_continue_formal_v1/episodes/shard2/FIXED_L80/square__hb3p_stop_continue_formal__800275.npz,False,040b679569eaab02f577c056fdc85f2049a19af3ad8351fc50d35c7afe46c3d3,square:hb3p_stop_continue_formal:800275,/home/__compress_data/xushijie/work/cr_scizor/experiments/handback/hb3p_stop_continue_formal_v1/roots/rollout_275.npz,800275,square
square:hb4_source:800276,/home/__compress_data/xushijie/work/cr_scizor/experiments/handback/hb3p_stop_continue_formal_v1/roots/payloads/276.npz,False,NONE_SUCCESS,ec47caa4f51de36bd00b533b86095bca51a0b22a516d42550a1951db5bffb156,True,124,/home/__compress_data/xushijie/work/cr_scizor/experiments/handback/hb3p_stop_continue_formal_v1/episodes/shard3/FIXED_L60/square__hb3p_stop_continue_formal__800276.json,120,True,80,True,/home/__compress_data/xushijie/work/cr_scizor/experiments/handback/hb3p_stop_continue_formal_v1/episodes/shard3/FIXED_L60/square__hb3p_stop_continue_formal__800276.npz,True,143,/home/__compress_data/xushijie/work/cr_scizor/experiments/handback/hb3p_stop_continue_formal_v1/episodes/shard3/FIXED_L80/square__hb3p_stop_continue_formal__800276.json,139,True,100,True,/home/__compress_data/xushijie/work/cr_scizor/experiments/handback/hb3p_stop_continue_formal_v1/episodes/shard3/FIXED_L80/square__hb3p_stop_continue_formal__800276.npz,True,040b679569eaab02f577c056fdc85f2049a19af3ad8351fc50d35c7afe46c3d3,square:hb3p_stop_continue_formal:800276,/home/__compress_data/xushijie/work/cr_scizor/experiments/handback/hb3p_stop_continue_formal_v1/roots/rollout_276.npz,800276,square
square:hb4_source:800277,/home/__compress_data/xushijie/work/cr_scizor/experiments/handback/hb3p_stop_continue_formal_v1/roots/payloads/277.npz,False,L60_NOT_GENUINE_HANDOFF,827bb4c2ac283d1e448628e5e408d16fb2a313cab650cfe9b2aca9a584261a97,False,400,/home/__compress_data/xushijie/work/cr_scizor/experiments/handback/hb3p_stop_continue_formal_v1/episodes/shard4/FIXED_L60/square__hb3p_stop_continue_formal__800277.json,,False,80,False,/home/__compress_data/xushijie/work/cr_scizor/experiments/handback/hb3p_stop_continue_formal_v1/episodes/shard4/FIXED_L60/square__hb3p_stop_continue_formal__800277.npz,False,400,/home/__compress_data/xushijie/work/cr_scizor/experiments/handback/hb3p_stop_continue_formal_v1/episodes/shard4/FIXED_L80/square__hb3p_stop_continue_formal__800277.json,,False,100,False,/home/__compress_data/xushijie/work/cr_scizor/experiments/handback/hb3p_stop_continue_formal_v1/episodes/shard4/FIXED_L80/square__hb3p_stop_continue_formal__800277.npz,False,040b679569eaab02f577c056fdc85f2049a19af3ad8351fc50d35c7afe46c3d3,square:hb3p_stop_continue_formal:800277,/home/__compress_data/xushijie/work/cr_scizor/experiments/handback/hb3p_stop_continue_formal_v1/roots/rollout_277.npz,800277,square
square:hb4_source:800278,/home/__compress_data/xushijie/work/cr_scizor/experiments/handback/hb3p_stop_continue_formal_v1/roots/payloads/278.npz,False,L60_NOT_GENUINE_HANDOFF,6d74599c518d6aead53f61a34b5c3446a1d6709b9281e7e9d4257813e5dacabb,False,400,/home/__compress_data/xushijie/work/cr_scizor/experiments/handback/hb3p_stop_continue_formal_v1/episodes/shard5/FIXED_L60/square__hb3p_stop_continue_formal__800278.json,,False,80,False,/home/__compress_data/xushijie/work/cr_scizor/experiments/handback/hb3p_stop_continue_formal_v1/episodes/shard5/FIXED_L60/square__hb3p_stop_continue_formal__800278.npz,False,400,/home/__compress_data/xushijie/work/cr_scizor/experiments/handback/hb3p_stop_continue_formal_v1/episodes/shard5/FIXED_L80/square__hb3p_stop_continue_formal__800278.json,,False,100,False,/home/__compress_data/xushijie/work/cr_scizor/experiments/handback/hb3p_stop_continue_formal_v1/episodes/shard5/FIXED_L80/square__hb3p_stop_continue_formal__800278.npz,False,040b679569eaab02f577c056fdc85f2049a19af3ad8351fc50d35c7afe46c3d3,square:hb3p_stop_continue_formal:800278,/home/__compress_data/xushijie/work/cr_scizor/experiments/handback/hb3p_stop_continue_formal_v1/roots/rollout_278.npz,800278,square
square:hb4_source:800279,/home/__compress_data/xushijie/work/cr_scizor/experiments/handback/hb3p_stop_continue_formal_v1/roots/payloads/279.npz,False,L60_NOT_GENUINE_HANDOFF,221ad7276f5933be7a8a8f23876ea95c1965b2769bb4af6710c52ac2d2e35899,False,400,/home/__compress_data/xushijie/work/cr_scizor/experiments/handback/hb3p_stop_continue_formal_v1/episodes/shard6/FIXED_L60/square__hb3p_stop_continue_formal__800279.json,,False,80,False,/home/__compress_data/xushijie/work/cr_scizor/experiments/handback/hb3p_stop_continue_formal_v1/episodes/shard6/FIXED_L60/square__hb3p_stop_continue_formal__800279.npz,False,400,/home/__compress_data/xushijie/work/cr_scizor/experiments/handback/hb3p_stop_continue_formal_v1/episodes/shard6/FIXED_L80/square__hb3p_stop_continue_formal__800279.json,,False,100,False,/home/__compress_data/xushijie/work/cr_scizor/experiments/handback/hb3p_stop_continue_formal_v1/episodes/shard6/FIXED_L80/square__hb3p_stop_continue_formal__800279.npz,False,040b679569eaab02f577c056fdc85f2049a19af3ad8351fc50d35c7afe46c3d3,square:hb3p_stop_continue_formal:800279,/home/__compress_data/xushijie/work/cr_scizor/experiments/handback/hb3p_stop_continue_formal_v1/roots/rollout_279.npz,800279,square
square:hb4_source:800280,/home/__compress_data/xushijie/work/cr_scizor/experiments/handback/hb3p_stop_continue_formal_v1/roots/payloads/280.npz,False,L60_NOT_GENUINE_HANDOFF,43fd4e546962e0f658fedc229df393e42111466019e3b847f6103479a9294aee,False,400,/home/__compress_data/xushijie/work/cr_scizor/experiments/handback/hb3p_stop_continue_formal_v1/episodes/shard0/FIXED_L60/square__hb3p_stop_continue_formal__800280.json,,False,80,False,/home/__compress_data/xushijie/work/cr_scizor/experiments/handback/hb3p_stop_continue_formal_v1/episodes/shard0/FIXED_L60/square__hb3p_stop_continue_formal__800280.npz,True,150,/home/__compress_data/xushijie/work/cr_scizor/experiments/handback/hb3p_stop_continue_formal_v1/episodes/shard0/FIXED_L80/square__hb3p_stop_continue_formal__800280.json,146,True,100,True,/home/__compress_data/xushijie/work/cr_scizor/experiments/handback/hb3p_stop_continue_formal_v1/episodes/shard0/FIXED_L80/square__hb3p_stop_continue_formal__800280.npz,False,040b679569eaab02f577c056fdc85f2049a19af3ad8351fc50d35c7afe46c3d3,square:hb3p_stop_continue_formal:800280,/home/__compress_data/xushijie/work/cr_scizor/experiments/handback/hb3p_stop_continue_formal_v1/roots/rollout_280.npz,800280,square
square:hb4_source:800281,/home/__compress_data/xushijie/work/cr_scizor/experiments/handback/hb3p_stop_continue_formal_v1/roots/payloads/281.npz,False,L60_NOT_GENUINE_HANDOFF,6c57f0fa01190afa82ecea56b21f8f80c2d4d437165edcb3bb00159639ee634d,False,400,/home/__compress_data/xushijie/work/cr_scizor/experiments/handback/hb3p_stop_continue_formal_v1/episodes/shard1/FIXED_L60/square__hb3p_stop_continue_formal__800281.json,,False,80,False,/home/__compress_data/xushijie/work/cr_scizor/experiments/handback/hb3p_stop_continue_formal_v1/episodes/shard1/FIXED_L60/square__hb3p_stop_continue_formal__800281.npz,True,156,/home/__compress_data/xushijie/work/cr_scizor/experiments/handback/hb3p_stop_continue_formal_v1/episodes/shard1/FIXED_L80/square__hb3p_stop_continue_formal__800281.json,152,True,100,True,/home/__compress_data/xushijie/work/cr_scizor/experiments/handback/hb3p_stop_continue_formal_v1/episodes/shard1/FIXED_L80/square__hb3p_stop_continue_formal__800281.npz,False,040b679569eaab02f577c056fdc85f2049a19af3ad8351fc50d35c7afe46c3d3,square:hb3p_stop_continue_formal:800281,/home/__compress_data/xushijie/work/cr_scizor/experiments/handback/hb3p_stop_continue_formal_v1/roots/rollout_281.npz,800281,square
square:hb4_source:800282,/home/__compress_data/xushijie/work/cr_scizor/experiments/handback/hb3p_stop_continue_formal_v1/roots/payloads/282.npz,False,L60_NOT_GENUINE_HANDOFF,13f5d4b32c3396f128e66696a3e6a81cce2a5b4a31d4b2983383547c2bb145d0,False,400,/home/__compress_data/xushijie/work/cr_scizor/experiments/handback/hb3p_stop_continue_formal_v1/episodes/shard2/FIXED_L60/square__hb3p_stop_continue_formal__800282.json,,False,80,False,/home/__compress_data/xushijie/work/cr_scizor/experiments/handback/hb3p_stop_continue_formal_v1/episodes/shard2/FIXED_L60/square__hb3p_stop_continue_formal__800282.npz,False,400,/home/__compress_data/xushijie/work/cr_scizor/experiments/handback/hb3p_stop_continue_formal_v1/episodes/shard2/FIXED_L80/square__hb3p_stop_continue_formal__800282.json,,False,100,False,/home/__compress_data/xushijie/work/cr_scizor/experiments/handback/hb3p_stop_continue_formal_v1/episodes/shard2/FIXED_L80/square__hb3p_stop_continue_formal__800282.npz,False,040b679569eaab02f577c056fdc85f2049a19af3ad8351fc50d35c7afe46c3d3,square:hb3p_stop_continue_formal:800282,/home/__compress_data/xushijie/work/cr_scizor/experiments/handback/hb3p_stop_continue_formal_v1/roots/rollout_282.npz,800282,square
square:hb4_source:800283,/home/__compress_data/xushijie/work/cr_scizor/experiments/handback/hb3p_stop_continue_formal_v1/roots/payloads/283.npz,False,L60_NOT_GENUINE_HANDOFF,d61e3b30c092bb77b08511a30589e881c51b5a484a737e48cc96452071392194,False,400,/home/__compress_data/xushijie/work/cr_scizor/experiments/handback/hb3p_stop_continue_formal_v1/episodes/shard3/FIXED_L60/square__hb3p_stop_continue_formal__800283.json,,False,80,False,/home/__compress_data/xushijie/work/cr_scizor/experiments/handback/hb3p_stop_continue_formal_v1/episodes/shard3/FIXED_L60/square__hb3p_stop_continue_formal__800283.npz,False,400,/home/__compress_data/xushijie/work/cr_scizor/experiments/handback/hb3p_stop_continue_formal_v1/episodes/shard3/FIXED_L80/square__hb3p_stop_continue_formal__800283.json,,False,100,False,/home/__compress_data/xushijie/work/cr_scizor/experiments/handback/hb3p_stop_continue_formal_v1/episodes/shard3/FIXED_L80/square__hb3p_stop_continue_formal__800283.npz,False,040b679569eaab02f577c056fdc85f2049a19af3ad8351fc50d35c7afe46c3d3,square:hb3p_stop_continue_formal:800283,/home/__compress_data/xushijie/work/cr_scizor/experiments/handback/hb3p_stop_continue_formal_v1/roots/rollout_283.npz,800283,square
square:hb4_source:800284,/home/__compress_data/xushijie/work/cr_scizor/experiments/handback/hb3p_stop_continue_formal_v1/roots/payloads/284.npz,False,L60_NOT_GENUINE_HANDOFF,8483e045c7200cfb42d1ff1f5abc521e0bedfbc01e705acb80f0f626401dd7c4,False,400,/home/__compress_data/xushijie/work/cr_scizor/experiments/handback/hb3p_stop_continue_formal_v1/episodes/shard4/FIXED_L60/square__hb3p_stop_continue_formal__800284.json,,False,80,False,/home/__compress_data/xushijie/work/cr_scizor/experiments/handback/hb3p_stop_continue_formal_v1/episodes/shard4/FIXED_L60/square__hb3p_stop_continue_formal__800284.npz,False,400,/home/__compress_data/xushijie/work/cr_scizor/experiments/handback/hb3p_stop_continue_formal_v1/episodes/shard4/FIXED_L80/square__hb3p_stop_continue_formal__800284.json,,False,100,False,/home/__compress_data/xushijie/work/cr_scizor/experiments/handback/hb3p_stop_continue_formal_v1/episodes/shard4/FIXED_L80/square__hb3p_stop_continue_formal__800284.npz,False,040b679569eaab02f577c056fdc85f2049a19af3ad8351fc50d35c7afe46c3d3,square:hb3p_stop_continue_formal:800284,/home/__compress_data/xushijie/work/cr_scizor/experiments/handback/hb3p_stop_continue_formal_v1/roots/rollout_284.npz,800284,square
square:hb4_source:800285,/home/__compress_data/xushijie/work/cr_scizor/experiments/handback/hb3p_stop_continue_formal_v1/roots/payloads/285.npz,False,L60_NOT_GENUINE_HANDOFF,2f4121fe23385138a74ae531d2ee9315f9fed72285a281698f5713b8e003693c,False,400,/home/__compress_data/xushijie/work/cr_scizor/experiments/handback/hb3p_stop_continue_formal_v1/episodes/shard5/FIXED_L60/square__hb3p_stop_continue_formal__800285.json,,False,80,False,/home/__compress_data/xushijie/work/cr_scizor/experiments/handback/hb3p_stop_continue_formal_v1/episodes/shard5/FIXED_L60/square__hb3p_stop_continue_formal__800285.npz,False,400,/home/__compress_data/xushijie/work/cr_scizor/experiments/handback/hb3p_stop_continue_formal_v1/episodes/shard5/FIXED_L80/square__hb3p_stop_continue_formal__800285.json,,False,100,False,/home/__compress_data/xushijie/work/cr_scizor/experiments/handback/hb3p_stop_continue_formal_v1/episodes/shard5/FIXED_L80/square__hb3p_stop_continue_formal__800285.npz,False,040b679569eaab02f577c056fdc85f2049a19af3ad8351fc50d35c7afe46c3d3,square:hb3p_stop_continue_formal:800285,/home/__compress_data/xushijie/work/cr_scizor/experiments/handback/hb3p_stop_continue_formal_v1/roots/rollout_285.npz,800285,square
square:hb4_source:800286,/home/__compress_data/xushijie/work/cr_scizor/experiments/handback/hb3p_stop_continue_formal_v1/roots/payloads/286.npz,False,NONE_SUCCESS,d2edb3118ebaa56ef1ee0405ea17bc02298dc6ec3995ce4bbad2c834bbcd8040,True,132,/home/__compress_data/xushijie/work/cr_scizor/experiments/handback/hb3p_stop_continue_formal_v1/episodes/shard6/FIXED_L60/square__hb3p_stop_continue_formal__800286.json,128,True,80,True,/home/__compress_data/xushijie/work/cr_scizor/experiments/handback/hb3p_stop_continue_formal_v1/episodes/shard6/FIXED_L60/square__hb3p_stop_continue_formal__800286.npz,True,128,/home/__compress_data/xushijie/work/cr_scizor/experiments/handback/hb3p_stop_continue_formal_v1/episodes/shard6/FIXED_L80/square__hb3p_stop_continue_formal__800286.json,124,True,100,True,/home/__compress_data/xushijie/work/cr_scizor/experiments/handback/hb3p_stop_continue_formal_v1/episodes/shard6/FIXED_L80/square__hb3p_stop_continue_formal__800286.npz,True,040b679569eaab02f577c056fdc85f2049a19af3ad8351fc50d35c7afe46c3d3,square:hb3p_stop_continue_formal:800286,/home/__compress_data/xushijie/work/cr_scizor/experiments/handback/hb3p_stop_continue_formal_v1/roots/rollout_286.npz,800286,square
square:hb4_source:800287,/home/__compress_data/xushijie/work/cr_scizor/experiments/handback/hb3p_stop_continue_formal_v1/roots/payloads/287.npz,False,L60_NOT_GENUINE_HANDOFF,f8035fe6d0e16db8a9de4fc5efd1dbe935437702d93f2cffc8e942b385f66fc1,False,400,/home/__compress_data/xushijie/work/cr_scizor/experiments/handback/hb3p_stop_continue_formal_v1/episodes/shard0/FIXED_L60/square__hb3p_stop_continue_formal__800287.json,,False,80,False,/home/__compress_data/xushijie/work/cr_scizor/experiments/handback/hb3p_stop_continue_formal_v1/episodes/shard0/FIXED_L60/square__hb3p_stop_continue_formal__800287.npz,False,400,/home/__compress_data/xushijie/work/cr_scizor/experiments/handback/hb3p_stop_continue_formal_v1/episodes/shard0/FIXED_L80/square__hb3p_stop_continue_formal__800287.json,,False,100,False,/home/__compress_data/xushijie/work/cr_scizor/experiments/handback/hb3p_stop_continue_formal_v1/episodes/shard0/FIXED_L80/square__hb3p_stop_continue_formal__800287.npz,False,040b679569eaab02f577c056fdc85f2049a19af3ad8351fc50d35c7afe46c3d3,square:hb3p_stop_continue_formal:800287,/home/__compress_data/xushijie/work/cr_scizor/experiments/handback/hb3p_stop_continue_formal_v1/roots/rollout_287.npz,800287,square
square:hb4_source:800288,/home/__compress_data/xushijie/work/cr_scizor/experiments/handback/hb3p_stop_continue_formal_v1/roots/payloads/288.npz,False,L60_NOT_GENUINE_HANDOFF,40e23e80ec815d4ea5c1d23576eced49b1200405be2e6f4e63dd1310c78d326c,False,400,/home/__compress_data/xushijie/work/cr_scizor/experiments/handback/hb3p_stop_continue_formal_v1/episodes/shard1/FIXED_L60/square__hb3p_stop_continue_formal__800288.json,,False,80,False,/home/__compress_data/xushijie/work/cr_scizor/experiments/handback/hb3p_stop_continue_formal_v1/episodes/shard1/FIXED_L60/square__hb3p_stop_continue_formal__800288.npz,False,400,/home/__compress_data/xushijie/work/cr_scizor/experiments/handback/hb3p_stop_continue_formal_v1/episodes/shard1/FIXED_L80/square__hb3p_stop_continue_formal__800288.json,,False,100,False,/home/__compress_data/xushijie/work/cr_scizor/experiments/handback/hb3p_stop_continue_formal_v1/episodes/shard1/FIXED_L80/square__hb3p_stop_continue_formal__800288.npz,False,040b679569eaab02f577c056fdc85f2049a19af3ad8351fc50d35c7afe46c3d3,square:hb3p_stop_continue_formal:800288,/home/__compress_data/xushijie/work/cr_scizor/experiments/handback/hb3p_stop_continue_formal_v1/roots/rollout_288.npz,800288,square
square:hb4_source:800289,/home/__compress_data/xushijie/work/cr_scizor/experiments/handback/hb3p_stop_continue_formal_v1/roots/payloads/289.npz,False,L60_NOT_GENUINE_HANDOFF,9b12b7f848a72fb779ffb26e3270296902fe83b0a287675b3d2284c5e7b7e9e9,False,400,/home/__compress_data/xushijie/work/cr_scizor/experiments/handback/hb3p_stop_continue_formal_v1/episodes/shard2/FIXED_L60/square__hb3p_stop_continue_formal__800289.json,,False,80,False,/home/__compress_data/xushijie/work/cr_scizor/experiments/handback/hb3p_stop_continue_formal_v1/episodes/shard2/FIXED_L60/square__hb3p_stop_continue_formal__800289.npz,True,131,/home/__compress_data/xushijie/work/cr_scizor/experiments/handback/hb3p_stop_continue_formal_v1/episodes/shard2/FIXED_L80/square__hb3p_stop_continue_formal__800289.json,127,True,100,True,/home/__compress_data/xushijie/work/cr_scizor/experiments/handback/hb3p_stop_continue_formal_v1/episodes/shard2/FIXED_L80/square__hb3p_stop_continue_formal__800289.npz,False,040b679569eaab02f577c056fdc85f2049a19af3ad8351fc50d35c7afe46c3d3,square:hb3p_stop_continue_formal:800289,/home/__compress_data/xushijie/work/cr_scizor/experiments/handback/hb3p_stop_continue_formal_v1/roots/rollout_289.npz,800289,square
square:hb4_source:800290,/home/__compress_data/xushijie/work/cr_scizor/experiments/handback/hb3p_stop_continue_formal_v1/roots/payloads/290.npz,False,L60_NOT_GENUINE_HANDOFF,5f1675f373bf537b8a7383a98d4e3b3b29d022d978c3956733d1f5f17cdd84cd,False,400,/home/__compress_data/xushijie/work/cr_scizor/experiments/handback/hb3p_stop_continue_formal_v1/episodes/shard3/FIXED_L60/square__hb3p_stop_continue_formal__800290.json,,False,80,False,/home/__compress_data/xushijie/work/cr_scizor/experiments/handback/hb3p_stop_continue_formal_v1/episodes/shard3/FIXED_L60/square__hb3p_stop_continue_formal__800290.npz,False,400,/home/__compress_data/xushijie/work/cr_scizor/experiments/handback/hb3p_stop_continue_formal_v1/episodes/shard3/FIXED_L80/square__hb3p_stop_continue_formal__800290.json,,False,100,False,/home/__compress_data/xushijie/work/cr_scizor/experiments/handback/hb3p_stop_continue_formal_v1/episodes/shard3/FIXED_L80/square__hb3p_stop_continue_formal__800290.npz,False,040b679569eaab02f577c056fdc85f2049a19af3ad8351fc50d35c7afe46c3d3,square:hb3p_stop_continue_formal:800290,/home/__compress_data/xushijie/work/cr_scizor/experiments/handback/hb3p_stop_continue_formal_v1/roots/rollout_290.npz,800290,square
square:hb4_source:800291,/home/__compress_data/xushijie/work/cr_scizor/experiments/handback/hb3p_stop_continue_formal_v1/roots/payloads/291.npz,True,,c2f610d51b13e9b051476c3a2b90da088fd884d6f2cf84a8b1dc45dd9661e570,True,302,/home/__compress_data/xushijie/work/cr_scizor/experiments/handback/hb3p_stop_continue_formal_v1/episodes/shard4/FIXED_L60/square__hb3p_stop_continue_formal__800291.json,298,True,80,True,/home/__compress_data/xushijie/work/cr_scizor/experiments/handback/hb3p_stop_continue_formal_v1/episodes/shard4/FIXED_L60/square__hb3p_stop_continue_formal__800291.npz,True,224,/home/__compress_data/xushijie/work/cr_scizor/experiments/handback/hb3p_stop_continue_formal_v1/episodes/shard4/FIXED_L80/square__hb3p_stop_continue_formal__800291.json,220,True,100,True,/home/__compress_data/xushijie/work/cr_scizor/experiments/handback/hb3p_stop_continue_formal_v1/episodes/shard4/FIXED_L80/square__hb3p_stop_continue_formal__800291.npz,False,040b679569eaab02f577c056fdc85f2049a19af3ad8351fc50d35c7afe46c3d3,square:hb3p_stop_continue_formal:800291,/home/__compress_data/xushijie/work/cr_scizor/experiments/handback/hb3p_stop_continue_formal_v1/roots/rollout_291.npz,800291,square
square:hb4_source:800292,/home/__compress_data/xushijie/work/cr_scizor/experiments/handback/hb3p_stop_continue_formal_v1/roots/payloads/292.npz,False,L60_NOT_GENUINE_HANDOFF,846488161a267fa4417fbe10e05afaece1c2ed89cccb5bdb1352916c002131fa,False,400,/home/__compress_data/xushijie/work/cr_scizor/experiments/handback/hb3p_stop_continue_formal_v1/episodes/shard5/FIXED_L60/square__hb3p_stop_continue_formal__800292.json,,False,80,False,/home/__compress_data/xushijie/work/cr_scizor/experiments/handback/hb3p_stop_continue_formal_v1/episodes/shard5/FIXED_L60/square__hb3p_stop_continue_formal__800292.npz,False,400,/home/__compress_data/xushijie/work/cr_scizor/experiments/handback/hb3p_stop_continue_formal_v1/episodes/shard5/FIXED_L80/square__hb3p_stop_continue_formal__800292.json,,False,100,False,/home/__compress_data/xushijie/work/cr_scizor/experiments/handback/hb3p_stop_continue_formal_v1/episodes/shard5/FIXED_L80/square__hb3p_stop_continue_formal__800292.npz,False,040b679569eaab02f577c056fdc85f2049a19af3ad8351fc50d35c7afe46c3d3,square:hb3p_stop_continue_formal:800292,/home/__compress_data/xushijie/work/cr_scizor/experiments/handback/hb3p_stop_continue_formal_v1/roots/rollout_292.npz,800292,square
square:hb4_source:800293,/home/__compress_data/xushijie/work/cr_scizor/experiments/handback/hb3p_stop_continue_formal_v1/roots/payloads/293.npz,False,L60_NOT_GENUINE_HANDOFF,2d4f46000a51e820353b4943647e2e826defced212f6347c3d6ed46c58f30e1f,False,400,/home/__compress_data/xushijie/work/cr_scizor/experiments/handback/hb3p_stop_continue_formal_v1/episodes/shard6/FIXED_L60/square__hb3p_stop_continue_formal__800293.json,,False,80,False,/home/__compress_data/xushijie/work/cr_scizor/experiments/handback/hb3p_stop_continue_formal_v1/episodes/shard6/FIXED_L60/square__hb3p_stop_continue_formal__800293.npz,False,400,/home/__compress_data/xushijie/work/cr_scizor/experiments/handback/hb3p_stop_continue_formal_v1/episodes/shard6/FIXED_L80/square__hb3p_stop_continue_formal__800293.json,,False,100,False,/home/__compress_data/xushijie/work/cr_scizor/experiments/handback/hb3p_stop_continue_formal_v1/episodes/shard6/FIXED_L80/square__hb3p_stop_continue_formal__800293.npz,False,040b679569eaab02f577c056fdc85f2049a19af3ad8351fc50d35c7afe46c3d3,square:hb3p_stop_continue_formal:800293,/home/__compress_data/xushijie/work/cr_scizor/experiments/handback/hb3p_stop_continue_formal_v1/roots/rollout_293.npz,800293,square
square:hb4_source:800294,/home/__compress_data/xushijie/work/cr_scizor/experiments/handback/hb3p_stop_continue_formal_v1/roots/payloads/294.npz,False,L60_NOT_GENUINE_HANDOFF,7877d5b204a2d7e3847de7e95de3fb8d6eea5e6b50079def2ba17fb680314b14,False,400,/home/__compress_data/xushijie/work/cr_scizor/experiments/handback/hb3p_stop_continue_formal_v1/episodes/shard0/FIXED_L60/square__hb3p_stop_continue_formal__800294.json,,False,80,False,/home/__compress_data/xushijie/work/cr_scizor/experiments/handback/hb3p_stop_continue_formal_v1/episodes/shard0/FIXED_L60/square__hb3p_stop_continue_formal__800294.npz,False,400,/home/__compress_data/xushijie/work/cr_scizor/experiments/handback/hb3p_stop_continue_formal_v1/episodes/shard0/FIXED_L80/square__hb3p_stop_continue_formal__800294.json,,False,100,False,/home/__compress_data/xushijie/work/cr_scizor/experiments/handback/hb3p_stop_continue_formal_v1/episodes/shard0/FIXED_L80/square__hb3p_stop_continue_formal__800294.npz,False,040b679569eaab02f577c056fdc85f2049a19af3ad8351fc50d35c7afe46c3d3,square:hb3p_stop_continue_formal:800294,/home/__compress_data/xushijie/work/cr_scizor/experiments/handback/hb3p_stop_continue_formal_v1/roots/rollout_294.npz,800294,square
square:hb4_source:800295,/home/__compress_data/xushijie/work/cr_scizor/experiments/handback/hb3p_stop_continue_formal_v1/roots/payloads/295.npz,False,L60_NOT_GENUINE_HANDOFF,9d38dc1fd82834ed0d37e28267df40b9bd82f6835355cd0aa5988cd8decb7b82,False,400,/home/__compress_data/xushijie/work/cr_scizor/experiments/handback/hb3p_stop_continue_formal_v1/episodes/shard1/FIXED_L60/square__hb3p_stop_continue_formal__800295.json,,False,80,False,/home/__compress_data/xushijie/work/cr_scizor/experiments/handback/hb3p_stop_continue_formal_v1/episodes/shard1/FIXED_L60/square__hb3p_stop_continue_formal__800295.npz,False,400,/home/__compress_data/xushijie/work/cr_scizor/experiments/handback/hb3p_stop_continue_formal_v1/episodes/shard1/FIXED_L80/square__hb3p_stop_continue_formal__800295.json,,False,100,False,/home/__compress_data/xushijie/work/cr_scizor/experiments/handback/hb3p_stop_continue_formal_v1/episodes/shard1/FIXED_L80/square__hb3p_stop_continue_formal__800295.npz,False,040b679569eaab02f577c056fdc85f2049a19af3ad8351fc50d35c7afe46c3d3,square:hb3p_stop_continue_formal:800295,/home/__compress_data/xushijie/work/cr_scizor/experiments/handback/hb3p_stop_continue_formal_v1/roots/rollout_295.npz,800295,square
square:hb4_source:800296,/home/__compress_data/xushijie/work/cr_scizor/experiments/handback/hb3p_stop_continue_formal_v1/roots/payloads/296.npz,False,NONE_SUCCESS,b47db1ddd51147b74562a2735169359ea110cebda78b92d7d399d1307bc91413,True,136,/home/__compress_data/xushijie/work/cr_scizor/experiments/handback/hb3p_stop_continue_formal_v1/episodes/shard2/FIXED_L60/square__hb3p_stop_continue_formal__800296.json,132,True,80,True,/home/__compress_data/xushijie/work/cr_scizor/experiments/handback/hb3p_stop_continue_formal_v1/episodes/shard2/FIXED_L60/square__hb3p_stop_continue_formal__800296.npz,True,152,/home/__compress_data/xushijie/work/cr_scizor/experiments/handback/hb3p_stop_continue_formal_v1/episodes/shard2/FIXED_L80/square__hb3p_stop_continue_formal__800296.json,148,True,100,True,/home/__compress_data/xushijie/work/cr_scizor/experiments/handback/hb3p_stop_continue_formal_v1/episodes/shard2/FIXED_L80/square__hb3p_stop_continue_formal__800296.npz,True,040b679569eaab02f577c056fdc85f2049a19af3ad8351fc50d35c7afe46c3d3,square:hb3p_stop_continue_formal:800296,/home/__compress_data/xushijie/work/cr_scizor/experiments/handback/hb3p_stop_continue_formal_v1/roots/rollout_296.npz,800296,square
square:hb4_source:800297,/home/__compress_data/xushijie/work/cr_scizor/experiments/handback/hb3p_stop_continue_formal_v1/roots/payloads/297.npz,False,L60_NOT_GENUINE_HANDOFF,c482fede7ba0dd0143874a432956bc432d9a7c17591b2909b9e51c48fe1f87e3,False,400,/home/__compress_data/xushijie/work/cr_scizor/experiments/handback/hb3p_stop_continue_formal_v1/episodes/shard3/FIXED_L60/square__hb3p_stop_continue_formal__800297.json,,False,80,False,/home/__compress_data/xushijie/work/cr_scizor/experiments/handback/hb3p_stop_continue_formal_v1/episodes/shard3/FIXED_L60/square__hb3p_stop_continue_formal__800297.npz,False,400,/home/__compress_data/xushijie/work/cr_scizor/experiments/handback/hb3p_stop_continue_formal_v1/episodes/shard3/FIXED_L80/square__hb3p_stop_continue_formal__800297.json,,False,100,False,/home/__compress_data/xushijie/work/cr_scizor/experiments/handback/hb3p_stop_continue_formal_v1/episodes/shard3/FIXED_L80/square__hb3p_stop_continue_formal__800297.npz,False,040b679569eaab02f577c056fdc85f2049a19af3ad8351fc50d35c7afe46c3d3,square:hb3p_stop_continue_formal:800297,/home/__compress_data/xushijie/work/cr_scizor/experiments/handback/hb3p_stop_continue_formal_v1/roots/rollout_297.npz,800297,square
square:hb4_source:800298,/home/__compress_data/xushijie/work/cr_scizor/experiments/handback/hb3p_stop_continue_formal_v1/roots/payloads/298.npz,True,,35419506240295ebe54adab377041bc5b2c49d0a45ebd3d897da1fdfd2b8fd83,True,147,/home/__compress_data/xushijie/work/cr_scizor/experiments/handback/hb3p_stop_continue_formal_v1/episodes/shard4/FIXED_L60/square__hb3p_stop_continue_formal__800298.json,143,True,80,True,/home/__compress_data/xushijie/work/cr_scizor/experiments/handback/hb3p_stop_continue_formal_v1/episodes/shard4/FIXED_L60/square__hb3p_stop_continue_formal__800298.npz,True,151,/home/__compress_data/xushijie/work/cr_scizor/experiments/handback/hb3p_stop_continue_formal_v1/episodes/shard4/FIXED_L80/square__hb3p_stop_continue_formal__800298.json,147,True,100,True,/home/__compress_data/xushijie/work/cr_scizor/experiments/handback/hb3p_stop_continue_formal_v1/episodes/shard4/FIXED_L80/square__hb3p_stop_continue_formal__800298.npz,False,040b679569eaab02f577c056fdc85f2049a19af3ad8351fc50d35c7afe46c3d3,square:hb3p_stop_continue_formal:800298,/home/__compress_data/xushijie/work/cr_scizor/experiments/handback/hb3p_stop_continue_formal_v1/roots/rollout_298.npz,800298,square
square:hb4_source:800299,/home/__compress_data/xushijie/work/cr_scizor/experiments/handback/hb3p_stop_continue_formal_v1/roots/payloads/299.npz,False,L60_NOT_GENUINE_HANDOFF,852e7b5df82621148eb413d27833685efcc0266e2e7dc8acd28acecb82d8272d,False,400,/home/__compress_data/xushijie/work/cr_scizor/experiments/handback/hb3p_stop_continue_formal_v1/episodes/shard5/FIXED_L60/square__hb3p_stop_continue_formal__800299.json,,False,80,False,/home/__compress_data/xushijie/work/cr_scizor/experiments/handback/hb3p_stop_continue_formal_v1/episodes/shard5/FIXED_L60/square__hb3p_stop_continue_formal__800299.npz,True,293,/home/__compress_data/xushijie/work/cr_scizor/experiments/handback/hb3p_stop_continue_formal_v1/episodes/shard5/FIXED_L80/square__hb3p_stop_continue_formal__800299.json,289,True,100,True,/home/__compress_data/xushijie/work/cr_scizor/experiments/handback/hb3p_stop_continue_formal_v1/episodes/shard5/FIXED_L80/square__hb3p_stop_continue_formal__800299.npz,False,040b679569eaab02f577c056fdc85f2049a19af3ad8351fc50d35c7afe46c3d3,square:hb3p_stop_continue_formal:800299,/home/__compress_data/xushijie/work/cr_scizor/experiments/handback/hb3p_stop_continue_formal_v1/roots/rollout_299.npz,800299,square
square:hb4_source:800300,/home/__compress_data/xushijie/work/cr_scizor/experiments/handback/hb3p_stop_continue_formal_v1/roots/payloads/300.npz,True,,d9e0db196240f66f1b85ec02166f86f443558c75c7c6774cc0a1648d30b5f565,True,166,/home/__compress_data/xushijie/work/cr_scizor/experiments/handback/hb3p_stop_continue_formal_v1/episodes/shard6/FIXED_L60/square__hb3p_stop_continue_formal__800300.json,162,True,80,True,/home/__compress_data/xushijie/work/cr_scizor/experiments/handback/hb3p_stop_continue_formal_v1/episodes/shard6/FIXED_L60/square__hb3p_stop_continue_formal__800300.npz,False,400,/home/__compress_data/xushijie/work/cr_scizor/experiments/handback/hb3p_stop_continue_formal_v1/episodes/shard6/FIXED_L80/square__hb3p_stop_continue_formal__800300.json,,False,100,False,/home/__compress_data/xushijie/work/cr_scizor/experiments/handback/hb3p_stop_continue_formal_v1/episodes/shard6/FIXED_L80/square__hb3p_stop_continue_formal__800300.npz,False,040b679569eaab02f577c056fdc85f2049a19af3ad8351fc50d35c7afe46c3d3,square:hb3p_stop_continue_formal:800300,/home/__compress_data/xushijie/work/cr_scizor/experiments/handback/hb3p_stop_continue_formal_v1/roots/rollout_300.npz,800300,square
square:hb4_source:800301,/home/__compress_data/xushijie/work/cr_scizor/experiments/handback/hb3p_stop_continue_formal_v1/roots/payloads/301.npz,False,L60_NOT_GENUINE_HANDOFF,71a5533a9168d7cb9ff2edec94d2f08e28a122f89663139fcf6335656cde0cd0,False,400,/home/__compress_data/xushijie/work/cr_scizor/experiments/handback/hb3p_stop_continue_formal_v1/episodes/shard0/FIXED_L60/square__hb3p_stop_continue_formal__800301.json,,False,80,False,/home/__compress_data/xushijie/work/cr_scizor/experiments/handback/hb3p_stop_continue_formal_v1/episodes/shard0/FIXED_L60/square__hb3p_stop_continue_formal__800301.npz,False,400,/home/__compress_data/xushijie/work/cr_scizor/experiments/handback/hb3p_stop_continue_formal_v1/episodes/shard0/FIXED_L80/square__hb3p_stop_continue_formal__800301.json,,False,100,False,/home/__compress_data/xushijie/work/cr_scizor/experiments/handback/hb3p_stop_continue_formal_v1/episodes/shard0/FIXED_L80/square__hb3p_stop_continue_formal__800301.npz,False,040b679569eaab02f577c056fdc85f2049a19af3ad8351fc50d35c7afe46c3d3,square:hb3p_stop_continue_formal:800301,/home/__compress_data/xushijie/work/cr_scizor/experiments/handback/hb3p_stop_continue_formal_v1/roots/rollout_301.npz,800301,square
square:hb4_source:800302,/home/__compress_data/xushijie/work/cr_scizor/experiments/handback/hb3p_stop_continue_formal_v1/roots/payloads/302.npz,False,L60_NOT_GENUINE_HANDOFF,efb7f7caebabab2b4a1d47c6f24c9851d51c5df0402c28e983f726096eb3fecb,False,400,/home/__compress_data/xushijie/work/cr_scizor/experiments/handback/hb3p_stop_continue_formal_v1/episodes/shard1/FIXED_L60/square__hb3p_stop_continue_formal__800302.json,,False,80,False,/home/__compress_data/xushijie/work/cr_scizor/experiments/handback/hb3p_stop_continue_formal_v1/episodes/shard1/FIXED_L60/square__hb3p_stop_continue_formal__800302.npz,False,400,/home/__compress_data/xushijie/work/cr_scizor/experiments/handback/hb3p_stop_continue_formal_v1/episodes/shard1/FIXED_L80/square__hb3p_stop_continue_formal__800302.json,,False,100,False,/home/__compress_data/xushijie/work/cr_scizor/experiments/handback/hb3p_stop_continue_formal_v1/episodes/shard1/FIXED_L80/square__hb3p_stop_continue_formal__800302.npz,False,040b679569eaab02f577c056fdc85f2049a19af3ad8351fc50d35c7afe46c3d3,square:hb3p_stop_continue_formal:800302,/home/__compress_data/xushijie/work/cr_scizor/experiments/handback/hb3p_stop_continue_formal_v1/roots/rollout_302.npz,800302,square
square:hb4_source:800303,/home/__compress_data/xushijie/work/cr_scizor/experiments/handback/hb3p_stop_continue_formal_v1/roots/payloads/303.npz,False,L60_NOT_GENUINE_HANDOFF,eb0823fe77ae75e082af21eedb51a56fae56b922108303a23bd3f66fdea375a5,False,400,/home/__compress_data/xushijie/work/cr_scizor/experiments/handback/hb3p_stop_continue_formal_v1/episodes/shard2/FIXED_L60/square__hb3p_stop_continue_formal__800303.json,,False,80,False,/home/__compress_data/xushijie/work/cr_scizor/experiments/handback/hb3p_stop_continue_formal_v1/episodes/shard2/FIXED_L60/square__hb3p_stop_continue_formal__800303.npz,True,154,/home/__compress_data/xushijie/work/cr_scizor/experiments/handback/hb3p_stop_continue_formal_v1/episodes/shard2/FIXED_L80/square__hb3p_stop_continue_formal__800303.json,150,True,100,True,/home/__compress_data/xushijie/work/cr_scizor/experiments/handback/hb3p_stop_continue_formal_v1/episodes/shard2/FIXED_L80/square__hb3p_stop_continue_formal__800303.npz,False,040b679569eaab02f577c056fdc85f2049a19af3ad8351fc50d35c7afe46c3d3,square:hb3p_stop_continue_formal:800303,/home/__compress_data/xushijie/work/cr_scizor/experiments/handback/hb3p_stop_continue_formal_v1/roots/rollout_303.npz,800303,square
square:hb4_source:800304,/home/__compress_data/xushijie/work/cr_scizor/experiments/handback/hb3p_stop_continue_formal_v1/roots/payloads/304.npz,False,L60_NOT_GENUINE_HANDOFF,3a32a20430b4b1d87734c95265ee6348048a6c8b413e8c9cfdb6f5520219f365,False,400,/home/__compress_data/xushijie/work/cr_scizor/experiments/handback/hb3p_stop_continue_formal_v1/episodes/shard3/FIXED_L60/square__hb3p_stop_continue_formal__800304.json,,False,80,False,/home/__compress_data/xushijie/work/cr_scizor/experiments/handback/hb3p_stop_continue_formal_v1/episodes/shard3/FIXED_L60/square__hb3p_stop_continue_formal__800304.npz,False,400,/home/__compress_data/xushijie/work/cr_scizor/experiments/handback/hb3p_stop_continue_formal_v1/episodes/shard3/FIXED_L80/square__hb3p_stop_continue_formal__800304.json,,False,100,False,/home/__compress_data/xushijie/work/cr_scizor/experiments/handback/hb3p_stop_continue_formal_v1/episodes/shard3/FIXED_L80/square__hb3p_stop_continue_formal__800304.npz,False,040b679569eaab02f577c056fdc85f2049a19af3ad8351fc50d35c7afe46c3d3,square:hb3p_stop_continue_formal:800304,/home/__compress_data/xushijie/work/cr_scizor/experiments/handback/hb3p_stop_continue_formal_v1/roots/rollout_304.npz,800304,square
square:hb4_source:800305,/home/__compress_data/xushijie/work/cr_scizor/experiments/handback/hb3p_stop_continue_formal_v1/roots/payloads/305.npz,False,L60_NOT_GENUINE_HANDOFF,7071e47a9eef4f593d1ac5fc28ab5b9ceb8c86ed19d0411c1c63e9d32860751a,False,400,/home/__compress_data/xushijie/work/cr_scizor/experiments/handback/hb3p_stop_continue_formal_v1/episodes/shard4/FIXED_L60/square__hb3p_stop_continue_formal__800305.json,,False,80,False,/home/__compress_data/xushijie/work/cr_scizor/experiments/handback/hb3p_stop_continue_formal_v1/episodes/shard4/FIXED_L60/square__hb3p_stop_continue_formal__800305.npz,True,225,/home/__compress_data/xushijie/work/cr_scizor/experiments/handback/hb3p_stop_continue_formal_v1/episodes/shard4/FIXED_L80/square__hb3p_stop_continue_formal__800305.json,221,True,100,True,/home/__compress_data/xushijie/work/cr_scizor/experiments/handback/hb3p_stop_continue_formal_v1/episodes/shard4/FIXED_L80/square__hb3p_stop_continue_formal__800305.npz,False,040b679569eaab02f577c056fdc85f2049a19af3ad8351fc50d35c7afe46c3d3,square:hb3p_stop_continue_formal:800305,/home/__compress_data/xushijie/work/cr_scizor/experiments/handback/hb3p_stop_continue_formal_v1/roots/rollout_305.npz,800305,square
square:hb4_source:800306,/home/__compress_data/xushijie/work/cr_scizor/experiments/handback/hb3p_stop_continue_formal_v1/roots/payloads/306.npz,True,,02432a79c227800389c39012f714d24040f0594b2233246adc42c08ae077cf2e,True,152,/home/__compress_data/xushijie/work/cr_scizor/experiments/handback/hb3p_stop_continue_formal_v1/episodes/shard5/FIXED_L60/square__hb3p_stop_continue_formal__800306.json,148,True,80,True,/home/__compress_data/xushijie/work/cr_scizor/experiments/handback/hb3p_stop_continue_formal_v1/episodes/shard5/FIXED_L60/square__hb3p_stop_continue_formal__800306.npz,True,130,/home/__compress_data/xushijie/work/cr_scizor/experiments/handback/hb3p_stop_continue_formal_v1/episodes/shard5/FIXED_L80/square__hb3p_stop_continue_formal__800306.json,126,True,100,True,/home/__compress_data/xushijie/work/cr_scizor/experiments/handback/hb3p_stop_continue_formal_v1/episodes/shard5/FIXED_L80/square__hb3p_stop_continue_formal__800306.npz,False,040b679569eaab02f577c056fdc85f2049a19af3ad8351fc50d35c7afe46c3d3,square:hb3p_stop_continue_formal:800306,/home/__compress_data/xushijie/work/cr_scizor/experiments/handback/hb3p_stop_continue_formal_v1/roots/rollout_306.npz,800306,square
square:hb4_source:800307,/home/__compress_data/xushijie/work/cr_scizor/experiments/handback/hb3p_stop_continue_formal_v1/roots/payloads/307.npz,True,,27ebd4e5a91118a9e5a0fb0177c0b0db4fcc12f72c1a6d8954b653dfdfe9e5c4,True,130,/home/__compress_data/xushijie/work/cr_scizor/experiments/handback/hb3p_stop_continue_formal_v1/episodes/shard6/FIXED_L60/square__hb3p_stop_continue_formal__800307.json,126,True,80,True,/home/__compress_data/xushijie/work/cr_scizor/experiments/handback/hb3p_stop_continue_formal_v1/episodes/shard6/FIXED_L60/square__hb3p_stop_continue_formal__800307.npz,True,141,/home/__compress_data/xushijie/work/cr_scizor/experiments/handback/hb3p_stop_continue_formal_v1/episodes/shard6/FIXED_L80/square__hb3p_stop_continue_formal__800307.json,137,True,100,True,/home/__compress_data/xushijie/work/cr_scizor/experiments/handback/hb3p_stop_continue_formal_v1/episodes/shard6/FIXED_L80/square__hb3p_stop_continue_formal__800307.npz,False,040b679569eaab02f577c056fdc85f2049a19af3ad8351fc50d35c7afe46c3d3,square:hb3p_stop_continue_formal:800307,/home/__compress_data/xushijie/work/cr_scizor/experiments/handback/hb3p_stop_continue_formal_v1/roots/rollout_307.npz,800307,square
square:hb4_source:800308,/home/__compress_data/xushijie/work/cr_scizor/experiments/handback/hb3p_stop_continue_formal_v1/roots/payloads/308.npz,True,,2fa1938fcfff076e8cc2dafa9fab1a8d2669b098bf3298635be902517fc5f1cf,True,141,/home/__compress_data/xushijie/work/cr_scizor/experiments/handback/hb3p_stop_continue_formal_v1/episodes/shard0/FIXED_L60/square__hb3p_stop_continue_formal__800308.json,137,True,80,True,/home/__compress_data/xushijie/work/cr_scizor/experiments/handback/hb3p_stop_continue_formal_v1/episodes/shard0/FIXED_L60/square__hb3p_stop_continue_formal__800308.npz,True,147,/home/__compress_data/xushijie/work/cr_scizor/experiments/handback/hb3p_stop_continue_formal_v1/episodes/shard0/FIXED_L80/square__hb3p_stop_continue_formal__800308.json,143,True,100,True,/home/__compress_data/xushijie/work/cr_scizor/experiments/handback/hb3p_stop_continue_formal_v1/episodes/shard0/FIXED_L80/square__hb3p_stop_continue_formal__800308.npz,False,040b679569eaab02f577c056fdc85f2049a19af3ad8351fc50d35c7afe46c3d3,square:hb3p_stop_continue_formal:800308,/home/__compress_data/xushijie/work/cr_scizor/experiments/handback/hb3p_stop_continue_formal_v1/roots/rollout_308.npz,800308,square
square:hb4_source:800309,/home/__compress_data/xushijie/work/cr_scizor/experiments/handback/hb3p_stop_continue_formal_v1/roots/payloads/309.npz,False,L60_NOT_GENUINE_HANDOFF,c54ac9371c35e90b2a6d77cb68a934c5ef54d036a1880f9ee863de88c2785fde,False,400,/home/__compress_data/xushijie/work/cr_scizor/experiments/handback/hb3p_stop_continue_formal_v1/episodes/shard1/FIXED_L60/square__hb3p_stop_continue_formal__800309.json,,False,80,False,/home/__compress_data/xushijie/work/cr_scizor/experiments/handback/hb3p_stop_continue_formal_v1/episodes/shard1/FIXED_L60/square__hb3p_stop_continue_formal__800309.npz,False,400,/home/__compress_data/xushijie/work/cr_scizor/experiments/handback/hb3p_stop_continue_formal_v1/episodes/shard1/FIXED_L80/square__hb3p_stop_continue_formal__800309.json,,False,100,False,/home/__compress_data/xushijie/work/cr_scizor/experiments/handback/hb3p_stop_continue_formal_v1/episodes/shard1/FIXED_L80/square__hb3p_stop_continue_formal__800309.npz,False,040b679569eaab02f577c056fdc85f2049a19af3ad8351fc50d35c7afe46c3d3,square:hb3p_stop_continue_formal:800309,/home/__compress_data/xushijie/work/cr_scizor/experiments/handback/hb3p_stop_continue_formal_v1/roots/rollout_309.npz,800309,square
square:hb4_source:800310,/home/__compress_data/xushijie/work/cr_scizor/experiments/handback/hb3p_stop_continue_formal_v1/roots/payloads/310.npz,False,L60_NOT_GENUINE_HANDOFF,b17a9229d8028f19282739987d67f22df2c0a2a763012b371fe5ad5f407790c8,False,400,/home/__compress_data/xushijie/work/cr_scizor/experiments/handback/hb3p_stop_continue_formal_v1/episodes/shard2/FIXED_L60/square__hb3p_stop_continue_formal__800310.json,,False,80,False,/home/__compress_data/xushijie/work/cr_scizor/experiments/handback/hb3p_stop_continue_formal_v1/episodes/shard2/FIXED_L60/square__hb3p_stop_continue_formal__800310.npz,False,400,/home/__compress_data/xushijie/work/cr_scizor/experiments/handback/hb3p_stop_continue_formal_v1/episodes/shard2/FIXED_L80/square__hb3p_stop_continue_formal__800310.json,,False,100,False,/home/__compress_data/xushijie/work/cr_scizor/experiments/handback/hb3p_stop_continue_formal_v1/episodes/shard2/FIXED_L80/square__hb3p_stop_continue_formal__800310.npz,False,040b679569eaab02f577c056fdc85f2049a19af3ad8351fc50d35c7afe46c3d3,square:hb3p_stop_continue_formal:800310,/home/__compress_data/xushijie/work/cr_scizor/experiments/handback/hb3p_stop_continue_formal_v1/roots/rollout_310.npz,800310,square
square:hb4_source:800311,/home/__compress_data/xushijie/work/cr_scizor/experiments/handback/hb3p_stop_continue_formal_v1/roots/payloads/311.npz,True,,4601d607c3d1a523a9bd8926b5872342aef4238c07ee6188eb424561fff6da0a,True,157,/home/__compress_data/xushijie/work/cr_scizor/experiments/handback/hb3p_stop_continue_formal_v1/episodes/shard3/FIXED_L60/square__hb3p_stop_continue_formal__800311.json,153,True,80,True,/home/__compress_data/xushijie/work/cr_scizor/experiments/handback/hb3p_stop_continue_formal_v1/episodes/shard3/FIXED_L60/square__hb3p_stop_continue_formal__800311.npz,True,140,/home/__compress_data/xushijie/work/cr_scizor/experiments/handback/hb3p_stop_continue_formal_v1/episodes/shard3/FIXED_L80/square__hb3p_stop_continue_formal__800311.json,136,True,100,True,/home/__compress_data/xushijie/work/cr_scizor/experiments/handback/hb3p_stop_continue_formal_v1/episodes/shard3/FIXED_L80/square__hb3p_stop_continue_formal__800311.npz,False,040b679569eaab02f577c056fdc85f2049a19af3ad8351fc50d35c7afe46c3d3,square:hb3p_stop_continue_formal:800311,/home/__compress_data/xushijie/work/cr_scizor/experiments/handback/hb3p_stop_continue_formal_v1/roots/rollout_311.npz,800311,square
square:hb4_source:800312,/home/__compress_data/xushijie/work/cr_scizor/experiments/handback/hb3p_stop_continue_formal_v1/roots/payloads/312.npz,False,L60_NOT_GENUINE_HANDOFF,81d1477a85f79bfa172e188383c5b63d3b86342887e0a732a9e954c4470c62a1,False,400,/home/__compress_data/xushijie/work/cr_scizor/experiments/handback/hb3p_stop_continue_formal_v1/episodes/shard4/FIXED_L60/square__hb3p_stop_continue_formal__800312.json,,False,80,False,/home/__compress_data/xushijie/work/cr_scizor/experiments/handback/hb3p_stop_continue_formal_v1/episodes/shard4/FIXED_L60/square__hb3p_stop_continue_formal__800312.npz,False,400,/home/__compress_data/xushijie/work/cr_scizor/experiments/handback/hb3p_stop_continue_formal_v1/episodes/shard4/FIXED_L80/square__hb3p_stop_continue_formal__800312.json,,False,100,False,/home/__compress_data/xushijie/work/cr_scizor/experiments/handback/hb3p_stop_continue_formal_v1/episodes/shard4/FIXED_L80/square__hb3p_stop_continue_formal__800312.npz,False,040b679569eaab02f577c056fdc85f2049a19af3ad8351fc50d35c7afe46c3d3,square:hb3p_stop_continue_formal:800312,/home/__compress_data/xushijie/work/cr_scizor/experiments/handback/hb3p_stop_continue_formal_v1/roots/rollout_312.npz,800312,square
square:hb4_source:800313,/home/__compress_data/xushijie/work/cr_scizor/experiments/handback/hb3p_stop_continue_formal_v1/roots/payloads/313.npz,False,L60_NOT_GENUINE_HANDOFF,a5b058a2e337bf3d8ceb906001c234dd9f2ad4aa8e43102408c458a9e71e2fd7,False,400,/home/__compress_data/xushijie/work/cr_scizor/experiments/handback/hb3p_stop_continue_formal_v1/episodes/shard5/FIXED_L60/square__hb3p_stop_continue_formal__800313.json,,False,80,False,/home/__compress_data/xushijie/work/cr_scizor/experiments/handback/hb3p_stop_continue_formal_v1/episodes/shard5/FIXED_L60/square__hb3p_stop_continue_formal__800313.npz,False,400,/home/__compress_data/xushijie/work/cr_scizor/experiments/handback/hb3p_stop_continue_formal_v1/episodes/shard5/FIXED_L80/square__hb3p_stop_continue_formal__800313.json,,False,100,False,/home/__compress_data/xushijie/work/cr_scizor/experiments/handback/hb3p_stop_continue_formal_v1/episodes/shard5/FIXED_L80/square__hb3p_stop_continue_formal__800313.npz,False,040b679569eaab02f577c056fdc85f2049a19af3ad8351fc50d35c7afe46c3d3,square:hb3p_stop_continue_formal:800313,/home/__compress_data/xushijie/work/cr_scizor/experiments/handback/hb3p_stop_continue_formal_v1/roots/rollout_313.npz,800313,square
square:hb4_source:800314,/home/__compress_data/xushijie/work/cr_scizor/experiments/handback/hb3p_stop_continue_formal_v1/roots/payloads/314.npz,False,NONE_SUCCESS;L60_NOT_GENUINE_HANDOFF,3a0935fae6d5d2f872b0e0cd56c43a9ec6925433dc5e03932fc976eafd66cc2e,False,400,/home/__compress_data/xushijie/work/cr_scizor/experiments/handback/hb3p_stop_continue_formal_v1/episodes/shard6/FIXED_L60/square__hb3p_stop_continue_formal__800314.json,,False,80,False,/home/__compress_data/xushijie/work/cr_scizor/experiments/handback/hb3p_stop_continue_formal_v1/episodes/shard6/FIXED_L60/square__hb3p_stop_continue_formal__800314.npz,False,400,/home/__compress_data/xushijie/work/cr_scizor/experiments/handback/hb3p_stop_continue_formal_v1/episodes/shard6/FIXED_L80/square__hb3p_stop_continue_formal__800314.json,,False,100,False,/home/__compress_data/xushijie/work/cr_scizor/experiments/handback/hb3p_stop_continue_formal_v1/episodes/shard6/FIXED_L80/square__hb3p_stop_continue_formal__800314.npz,True,040b679569eaab02f577c056fdc85f2049a19af3ad8351fc50d35c7afe46c3d3,square:hb3p_stop_continue_formal:800314,/home/__compress_data/xushijie/work/cr_scizor/experiments/handback/hb3p_stop_continue_formal_v1/roots/rollout_314.npz,800314,square
square:hb4_source:800315,/home/__compress_data/xushijie/work/cr_scizor/experiments/handback/hb3p_stop_continue_formal_v1/roots/payloads/315.npz,False,L60_NOT_GENUINE_HANDOFF,f8a74e52812a2e3f1f8084ee278252490a1d409d10711206e3e31727add788aa,False,400,/home/__compress_data/xushijie/work/cr_scizor/experiments/handback/hb3p_stop_continue_formal_v1/episodes/shard0/FIXED_L60/square__hb3p_stop_continue_formal__800315.json,,False,80,False,/home/__compress_data/xushijie/work/cr_scizor/experiments/handback/hb3p_stop_continue_formal_v1/episodes/shard0/FIXED_L60/square__hb3p_stop_continue_formal__800315.npz,False,400,/home/__compress_data/xushijie/work/cr_scizor/experiments/handback/hb3p_stop_continue_formal_v1/episodes/shard0/FIXED_L80/square__hb3p_stop_continue_formal__800315.json,,False,100,False,/home/__compress_data/xushijie/work/cr_scizor/experiments/handback/hb3p_stop_continue_formal_v1/episodes/shard0/FIXED_L80/square__hb3p_stop_continue_formal__800315.npz,False,040b679569eaab02f577c056fdc85f2049a19af3ad8351fc50d35c7afe46c3d3,square:hb3p_stop_continue_formal:800315,/home/__compress_data/xushijie/work/cr_scizor/experiments/handback/hb3p_stop_continue_formal_v1/roots/rollout_315.npz,800315,square
square:hb4_source:800316,/home/__compress_data/xushijie/work/cr_scizor/experiments/handback/hb3p_stop_continue_formal_v1/roots/payloads/316.npz,False,NONE_SUCCESS,01ff98e917c3478e80b4434a147e8d6aba4b36851be7497f82d8d1a1b257f140,True,213,/home/__compress_data/xushijie/work/cr_scizor/experiments/handback/hb3p_stop_continue_formal_v1/episodes/shard1/FIXED_L60/square__hb3p_stop_continue_formal__800316.json,209,True,80,True,/home/__compress_data/xushijie/work/cr_scizor/experiments/handback/hb3p_stop_continue_formal_v1/episodes/shard1/FIXED_L60/square__hb3p_stop_continue_formal__800316.npz,False,400,/home/__compress_data/xushijie/work/cr_scizor/experiments/handback/hb3p_stop_continue_formal_v1/episodes/shard1/FIXED_L80/square__hb3p_stop_continue_formal__800316.json,,False,100,False,/home/__compress_data/xushijie/work/cr_scizor/experiments/handback/hb3p_stop_continue_formal_v1/episodes/shard1/FIXED_L80/square__hb3p_stop_continue_formal__800316.npz,True,040b679569eaab02f577c056fdc85f2049a19af3ad8351fc50d35c7afe46c3d3,square:hb3p_stop_continue_formal:800316,/home/__compress_data/xushijie/work/cr_scizor/experiments/handback/hb3p_stop_continue_formal_v1/roots/rollout_316.npz,800316,square
square:hb4_source:800317,/home/__compress_data/xushijie/work/cr_scizor/experiments/handback/hb3p_stop_continue_formal_v1/roots/payloads/317.npz,False,L60_NOT_GENUINE_HANDOFF,26d1c9d4fc7ee38e00942f4b494a8df1286099419a22a6d627240016416d0117,False,400,/home/__compress_data/xushijie/work/cr_scizor/experiments/handback/hb3p_stop_continue_formal_v1/episodes/shard2/FIXED_L60/square__hb3p_stop_continue_formal__800317.json,,False,80,False,/home/__compress_data/xushijie/work/cr_scizor/experiments/handback/hb3p_stop_continue_formal_v1/episodes/shard2/FIXED_L60/square__hb3p_stop_continue_formal__800317.npz,False,400,/home/__compress_data/xushijie/work/cr_scizor/experiments/handback/hb3p_stop_continue_formal_v1/episodes/shard2/FIXED_L80/square__hb3p_stop_continue_formal__800317.json,,False,100,False,/home/__compress_data/xushijie/work/cr_scizor/experiments/handback/hb3p_stop_continue_formal_v1/episodes/shard2/FIXED_L80/square__hb3p_stop_continue_formal__800317.npz,False,040b679569eaab02f577c056fdc85f2049a19af3ad8351fc50d35c7afe46c3d3,square:hb3p_stop_continue_formal:800317,/home/__compress_data/xushijie/work/cr_scizor/experiments/handback/hb3p_stop_continue_formal_v1/roots/rollout_317.npz,800317,square
square:hb4_source:800318,/home/__compress_data/xushijie/work/cr_scizor/experiments/handback/hb3p_stop_continue_formal_v1/roots/payloads/318.npz,False,L60_NOT_GENUINE_HANDOFF,f54f08f4f0915b812ac38eddd9d1beeb4a5d5f5b0d7f64fab3d011e290dcba0a,False,400,/home/__compress_data/xushijie/work/cr_scizor/experiments/handback/hb3p_stop_continue_formal_v1/episodes/shard3/FIXED_L60/square__hb3p_stop_continue_formal__800318.json,,False,80,False,/home/__compress_data/xushijie/work/cr_scizor/experiments/handback/hb3p_stop_continue_formal_v1/episodes/shard3/FIXED_L60/square__hb3p_stop_continue_formal__800318.npz,False,400,/home/__compress_data/xushijie/work/cr_scizor/experiments/handback/hb3p_stop_continue_formal_v1/episodes/shard3/FIXED_L80/square__hb3p_stop_continue_formal__800318.json,,False,100,False,/home/__compress_data/xushijie/work/cr_scizor/experiments/handback/hb3p_stop_continue_formal_v1/episodes/shard3/FIXED_L80/square__hb3p_stop_continue_formal__800318.npz,False,040b679569eaab02f577c056fdc85f2049a19af3ad8351fc50d35c7afe46c3d3,square:hb3p_stop_continue_formal:800318,/home/__compress_data/xushijie/work/cr_scizor/experiments/handback/hb3p_stop_continue_formal_v1/roots/rollout_318.npz,800318,square
square:hb4_source:800319,/home/__compress_data/xushijie/work/cr_scizor/experiments/handback/hb3p_stop_continue_formal_v1/roots/payloads/319.npz,False,NONE_SUCCESS;L60_NOT_GENUINE_HANDOFF,8e023a35132d5d98bfff9d6b4e17bd67568d1c1b490d09b92e42eaaab6e6de0b,False,400,/home/__compress_data/xushijie/work/cr_scizor/experiments/handback/hb3p_stop_continue_formal_v1/episodes/shard4/FIXED_L60/square__hb3p_stop_continue_formal__800319.json,,False,80,False,/home/__compress_data/xushijie/work/cr_scizor/experiments/handback/hb3p_stop_continue_formal_v1/episodes/shard4/FIXED_L60/square__hb3p_stop_continue_formal__800319.npz,False,400,/home/__compress_data/xushijie/work/cr_scizor/experiments/handback/hb3p_stop_continue_formal_v1/episodes/shard4/FIXED_L80/square__hb3p_stop_continue_formal__800319.json,,False,100,False,/home/__compress_data/xushijie/work/cr_scizor/experiments/handback/hb3p_stop_continue_formal_v1/episodes/shard4/FIXED_L80/square__hb3p_stop_continue_formal__800319.npz,True,040b679569eaab02f577c056fdc85f2049a19af3ad8351fc50d35c7afe46c3d3,square:hb3p_stop_continue_formal:800319,/home/__compress_data/xushijie/work/cr_scizor/experiments/handback/hb3p_stop_continue_formal_v1/roots/rollout_319.npz,800319,square
square:hb4_source:800320,/home/__compress_data/xushijie/work/cr_scizor/experiments/handback/hb3p_stop_continue_formal_v1/roots/payloads/320.npz,True,,c18c5117ba0c5c834237603b7e711f28006174787c99fdb801e9a2d392f7c66f,True,155,/home/__compress_data/xushijie/work/cr_scizor/experiments/handback/hb3p_stop_continue_formal_v1/episodes/shard5/FIXED_L60/square__hb3p_stop_continue_formal__800320.json,151,True,80,True,/home/__compress_data/xushijie/work/cr_scizor/experiments/handback/hb3p_stop_continue_formal_v1/episodes/shard5/FIXED_L60/square__hb3p_stop_continue_formal__800320.npz,True,156,/home/__compress_data/xushijie/work/cr_scizor/experiments/handback/hb3p_stop_continue_formal_v1/episodes/shard5/FIXED_L80/square__hb3p_stop_continue_formal__800320.json,152,True,100,True,/home/__compress_data/xushijie/work/cr_scizor/experiments/handback/hb3p_stop_continue_formal_v1/episodes/shard5/FIXED_L80/square__hb3p_stop_continue_formal__800320.npz,False,040b679569eaab02f577c056fdc85f2049a19af3ad8351fc50d35c7afe46c3d3,square:hb3p_stop_continue_formal:800320,/home/__compress_data/xushijie/work/cr_scizor/experiments/handback/hb3p_stop_continue_formal_v1/roots/rollout_320.npz,800320,square
square:hb4_source:800321,/home/__compress_data/xushijie/work/cr_scizor/experiments/handback/hb3p_stop_continue_formal_v1/roots/payloads/321.npz,False,L60_NOT_GENUINE_HANDOFF,14c26768e0e6528a7482bfbfca575d0487b8c44bea970009ad920e8113287e02,False,400,/home/__compress_data/xushijie/work/cr_scizor/experiments/handback/hb3p_stop_continue_formal_v1/episodes/shard6/FIXED_L60/square__hb3p_stop_continue_formal__800321.json,,False,80,False,/home/__compress_data/xushijie/work/cr_scizor/experiments/handback/hb3p_stop_continue_formal_v1/episodes/shard6/FIXED_L60/square__hb3p_stop_continue_formal__800321.npz,False,400,/home/__compress_data/xushijie/work/cr_scizor/experiments/handback/hb3p_stop_continue_formal_v1/episodes/shard6/FIXED_L80/square__hb3p_stop_continue_formal__800321.json,,False,100,False,/home/__compress_data/xushijie/work/cr_scizor/experiments/handback/hb3p_stop_continue_formal_v1/episodes/shard6/FIXED_L80/square__hb3p_stop_continue_formal__800321.npz,False,040b679569eaab02f577c056fdc85f2049a19af3ad8351fc50d35c7afe46c3d3,square:hb3p_stop_continue_formal:800321,/home/__compress_data/xushijie/work/cr_scizor/experiments/handback/hb3p_stop_continue_formal_v1/roots/rollout_321.npz,800321,square
square:hb4_source:800322,/home/__compress_data/xushijie/work/cr_scizor/experiments/handback/hb3p_stop_continue_formal_v1/roots/payloads/322.npz,False,L60_NOT_GENUINE_HANDOFF,6365cd0722fe2b9d07f0fc0295f79780986db3fbc02903dc53ee6f9ccef76bf7,False,400,/home/__compress_data/xushijie/work/cr_scizor/experiments/handback/hb3p_stop_continue_formal_v1/episodes/shard0/FIXED_L60/square__hb3p_stop_continue_formal__800322.json,,False,80,False,/home/__compress_data/xushijie/work/cr_scizor/experiments/handback/hb3p_stop_continue_formal_v1/episodes/shard0/FIXED_L60/square__hb3p_stop_continue_formal__800322.npz,False,400,/home/__compress_data/xushijie/work/cr_scizor/experiments/handback/hb3p_stop_continue_formal_v1/episodes/shard0/FIXED_L80/square__hb3p_stop_continue_formal__800322.json,,False,100,False,/home/__compress_data/xushijie/work/cr_scizor/experiments/handback/hb3p_stop_continue_formal_v1/episodes/shard0/FIXED_L80/square__hb3p_stop_continue_formal__800322.npz,False,040b679569eaab02f577c056fdc85f2049a19af3ad8351fc50d35c7afe46c3d3,square:hb3p_stop_continue_formal:800322,/home/__compress_data/xushijie/work/cr_scizor/experiments/handback/hb3p_stop_continue_formal_v1/roots/rollout_322.npz,800322,square
square:hb4_source:800323,/home/__compress_data/xushijie/work/cr_scizor/experiments/handback/hb3p_stop_continue_formal_v1/roots/payloads/323.npz,False,L60_NOT_GENUINE_HANDOFF,d1d4af4642c76c9cd2853a6e8c17304f934f9b3269fbcd83f38615ec22b73305,False,400,/home/__compress_data/xushijie/work/cr_scizor/experiments/handback/hb3p_stop_continue_formal_v1/episodes/shard1/FIXED_L60/square__hb3p_stop_continue_formal__800323.json,,False,80,False,/home/__compress_data/xushijie/work/cr_scizor/experiments/handback/hb3p_stop_continue_formal_v1/episodes/shard1/FIXED_L60/square__hb3p_stop_continue_formal__800323.npz,False,400,/home/__compress_data/xushijie/work/cr_scizor/experiments/handback/hb3p_stop_continue_formal_v1/episodes/shard1/FIXED_L80/square__hb3p_stop_continue_formal__800323.json,,False,100,False,/home/__compress_data/xushijie/work/cr_scizor/experiments/handback/hb3p_stop_continue_formal_v1/episodes/shard1/FIXED_L80/square__hb3p_stop_continue_formal__800323.npz,False,040b679569eaab02f577c056fdc85f2049a19af3ad8351fc50d35c7afe46c3d3,square:hb3p_stop_continue_formal:800323,/home/__compress_data/xushijie/work/cr_scizor/experiments/handback/hb3p_stop_continue_formal_v1/roots/rollout_323.npz,800323,square
square:hb4_source:800324,/home/__compress_data/xushijie/work/cr_scizor/experiments/handback/hb3p_stop_continue_formal_v1/roots/payloads/324.npz,True,,363667c5f5eed9460a8801e8a57352b11b14a234333c615b0f59a101072be92b,True,153,/home/__compress_data/xushijie/work/cr_scizor/experiments/handback/hb3p_stop_continue_formal_v1/episodes/shard2/FIXED_L60/square__hb3p_stop_continue_formal__800324.json,149,True,80,True,/home/__compress_data/xushijie/work/cr_scizor/experiments/handback/hb3p_stop_continue_formal_v1/episodes/shard2/FIXED_L60/square__hb3p_stop_continue_formal__800324.npz,True,145,/home/__compress_data/xushijie/work/cr_scizor/experiments/handback/hb3p_stop_continue_formal_v1/episodes/shard2/FIXED_L80/square__hb3p_stop_continue_formal__800324.json,141,True,100,True,/home/__compress_data/xushijie/work/cr_scizor/experiments/handback/hb3p_stop_continue_formal_v1/episodes/shard2/FIXED_L80/square__hb3p_stop_continue_formal__800324.npz,False,040b679569eaab02f577c056fdc85f2049a19af3ad8351fc50d35c7afe46c3d3,square:hb3p_stop_continue_formal:800324,/home/__compress_data/xushijie/work/cr_scizor/experiments/handback/hb3p_stop_continue_formal_v1/roots/rollout_324.npz,800324,square
square:hb4_source:800325,/home/__compress_data/xushijie/work/cr_scizor/experiments/handback/hb3p_stop_continue_formal_v1/roots/payloads/325.npz,False,L60_NOT_GENUINE_HANDOFF,831d1a9bd2cdf9b7ae1002011d1fe1d6a45c3d3262ef2b63d7a1d7ff8fcd28ce,False,400,/home/__compress_data/xushijie/work/cr_scizor/experiments/handback/hb3p_stop_continue_formal_v1/episodes/shard3/FIXED_L60/square__hb3p_stop_continue_formal__800325.json,,False,80,False,/home/__compress_data/xushijie/work/cr_scizor/experiments/handback/hb3p_stop_continue_formal_v1/episodes/shard3/FIXED_L60/square__hb3p_stop_continue_formal__800325.npz,False,400,/home/__compress_data/xushijie/work/cr_scizor/experiments/handback/hb3p_stop_continue_formal_v1/episodes/shard3/FIXED_L80/square__hb3p_stop_continue_formal__800325.json,,False,100,False,/home/__compress_data/xushijie/work/cr_scizor/experiments/handback/hb3p_stop_continue_formal_v1/episodes/shard3/FIXED_L80/square__hb3p_stop_continue_formal__800325.npz,False,040b679569eaab02f577c056fdc85f2049a19af3ad8351fc50d35c7afe46c3d3,square:hb3p_stop_continue_formal:800325,/home/__compress_data/xushijie/work/cr_scizor/experiments/handback/hb3p_stop_continue_formal_v1/roots/rollout_325.npz,800325,square
square:hb4_source:800326,/home/__compress_data/xushijie/work/cr_scizor/experiments/handback/hb3p_stop_continue_formal_v1/roots/payloads/326.npz,False,L60_NOT_GENUINE_HANDOFF,5de93610c0dd7bdfb13b9c3e9b91b8e7df739109b28fd367a9f0e93acbf8dc2e,False,400,/home/__compress_data/xushijie/work/cr_scizor/experiments/handback/hb3p_stop_continue_formal_v1/episodes/shard4/FIXED_L60/square__hb3p_stop_continue_formal__800326.json,,False,80,False,/home/__compress_data/xushijie/work/cr_scizor/experiments/handback/hb3p_stop_continue_formal_v1/episodes/shard4/FIXED_L60/square__hb3p_stop_continue_formal__800326.npz,False,400,/home/__compress_data/xushijie/work/cr_scizor/experiments/handback/hb3p_stop_continue_formal_v1/episodes/shard4/FIXED_L80/square__hb3p_stop_continue_formal__800326.json,,False,100,False,/home/__compress_data/xushijie/work/cr_scizor/experiments/handback/hb3p_stop_continue_formal_v1/episodes/shard4/FIXED_L80/square__hb3p_stop_continue_formal__800326.npz,False,040b679569eaab02f577c056fdc85f2049a19af3ad8351fc50d35c7afe46c3d3,square:hb3p_stop_continue_formal:800326,/home/__compress_data/xushijie/work/cr_scizor/experiments/handback/hb3p_stop_continue_formal_v1/roots/rollout_326.npz,800326,square
square:hb4_source:800327,/home/__compress_data/xushijie/work/cr_scizor/experiments/handback/hb3p_stop_continue_formal_v1/roots/payloads/327.npz,False,L60_NOT_GENUINE_HANDOFF,d488e4b9d040c96a764fe727b5ec715c9d33d0daced0daff5e24482e01036dab,False,400,/home/__compress_data/xushijie/work/cr_scizor/experiments/handback/hb3p_stop_continue_formal_v1/episodes/shard5/FIXED_L60/square__hb3p_stop_continue_formal__800327.json,,False,80,False,/home/__compress_data/xushijie/work/cr_scizor/experiments/handback/hb3p_stop_continue_formal_v1/episodes/shard5/FIXED_L60/square__hb3p_stop_continue_formal__800327.npz,False,400,/home/__compress_data/xushijie/work/cr_scizor/experiments/handback/hb3p_stop_continue_formal_v1/episodes/shard5/FIXED_L80/square__hb3p_stop_continue_formal__800327.json,,False,100,False,/home/__compress_data/xushijie/work/cr_scizor/experiments/handback/hb3p_stop_continue_formal_v1/episodes/shard5/FIXED_L80/square__hb3p_stop_continue_formal__800327.npz,False,040b679569eaab02f577c056fdc85f2049a19af3ad8351fc50d35c7afe46c3d3,square:hb3p_stop_continue_formal:800327,/home/__compress_data/xushijie/work/cr_scizor/experiments/handback/hb3p_stop_continue_formal_v1/roots/rollout_327.npz,800327,square
square:hb4_source:800328,/home/__compress_data/xushijie/work/cr_scizor/experiments/handback/hb3p_stop_continue_formal_v1/roots/payloads/328.npz,False,L60_NOT_GENUINE_HANDOFF,dbd8b59e22ab4543f3fe7d2ba393e567b86756d4b368da9d664241b177dc8f30,False,400,/home/__compress_data/xushijie/work/cr_scizor/experiments/handback/hb3p_stop_continue_formal_v1/episodes/shard6/FIXED_L60/square__hb3p_stop_continue_formal__800328.json,,False,80,False,/home/__compress_data/xushijie/work/cr_scizor/experiments/handback/hb3p_stop_continue_formal_v1/episodes/shard6/FIXED_L60/square__hb3p_stop_continue_formal__800328.npz,False,400,/home/__compress_data/xushijie/work/cr_scizor/experiments/handback/hb3p_stop_continue_formal_v1/episodes/shard6/FIXED_L80/square__hb3p_stop_continue_formal__800328.json,,False,100,False,/home/__compress_data/xushijie/work/cr_scizor/experiments/handback/hb3p_stop_continue_formal_v1/episodes/shard6/FIXED_L80/square__hb3p_stop_continue_formal__800328.npz,False,040b679569eaab02f577c056fdc85f2049a19af3ad8351fc50d35c7afe46c3d3,square:hb3p_stop_continue_formal:800328,/home/__compress_data/xushijie/work/cr_scizor/experiments/handback/hb3p_stop_continue_formal_v1/roots/rollout_328.npz,800328,square
square:hb4_source:800329,/home/__compress_data/xushijie/work/cr_scizor/experiments/handback/hb3p_stop_continue_formal_v1/roots/payloads/329.npz,False,L60_NOT_GENUINE_HANDOFF,8821f1294bb097e48461ddc304eec4167edd95f9c23c13c68c410740917ebfa3,False,400,/home/__compress_data/xushijie/work/cr_scizor/experiments/handback/hb3p_stop_continue_formal_v1/episodes/shard0/FIXED_L60/square__hb3p_stop_continue_formal__800329.json,,False,80,False,/home/__compress_data/xushijie/work/cr_scizor/experiments/handback/hb3p_stop_continue_formal_v1/episodes/shard0/FIXED_L60/square__hb3p_stop_continue_formal__800329.npz,False,400,/home/__compress_data/xushijie/work/cr_scizor/experiments/handback/hb3p_stop_continue_formal_v1/episodes/shard0/FIXED_L80/square__hb3p_stop_continue_formal__800329.json,,False,100,False,/home/__compress_data/xushijie/work/cr_scizor/experiments/handback/hb3p_stop_continue_formal_v1/episodes/shard0/FIXED_L80/square__hb3p_stop_continue_formal__800329.npz,False,040b679569eaab02f577c056fdc85f2049a19af3ad8351fc50d35c7afe46c3d3,square:hb3p_stop_continue_formal:800329,/home/__compress_data/xushijie/work/cr_scizor/experiments/handback/hb3p_stop_continue_formal_v1/roots/rollout_329.npz,800329,square
square:hb4_source:800330,/home/__compress_data/xushijie/work/cr_scizor/experiments/handback/hb3p_stop_continue_formal_v1/roots/payloads/330.npz,False,NONE_SUCCESS,fdd0a4bf9b4dcce6bb361767cfda427b0facd833cd89b3e33a0d4b63f1f161ef,True,195,/home/__compress_data/xushijie/work/cr_scizor/experiments/handback/hb3p_stop_continue_formal_v1/episodes/shard1/FIXED_L60/square__hb3p_stop_continue_formal__800330.json,191,True,80,True,/home/__compress_data/xushijie/work/cr_scizor/experiments/handback/hb3p_stop_continue_formal_v1/episodes/shard1/FIXED_L60/square__hb3p_stop_continue_formal__800330.npz,True,156,/home/__compress_data/xushijie/work/cr_scizor/experiments/handback/hb3p_stop_continue_formal_v1/episodes/shard1/FIXED_L80/square__hb3p_stop_continue_formal__800330.json,152,True,100,True,/home/__compress_data/xushijie/work/cr_scizor/experiments/handback/hb3p_stop_continue_formal_v1/episodes/shard1/FIXED_L80/square__hb3p_stop_continue_formal__800330.npz,True,040b679569eaab02f577c056fdc85f2049a19af3ad8351fc50d35c7afe46c3d3,square:hb3p_stop_continue_formal:800330,/home/__compress_data/xushijie/work/cr_scizor/experiments/handback/hb3p_stop_continue_formal_v1/roots/rollout_330.npz,800330,square
square:hb4_source:800331,/home/__compress_data/xushijie/work/cr_scizor/experiments/handback/hb3p_stop_continue_formal_v1/roots/payloads/331.npz,False,L60_NOT_GENUINE_HANDOFF,c6c9b9ea5c30c34a329b01f4e9a95462b3451baccf7dc9a9f10caaff429da78d,False,400,/home/__compress_data/xushijie/work/cr_scizor/experiments/handback/hb3p_stop_continue_formal_v1/episodes/shard2/FIXED_L60/square__hb3p_stop_continue_formal__800331.json,,False,80,False,/home/__compress_data/xushijie/work/cr_scizor/experiments/handback/hb3p_stop_continue_formal_v1/episodes/shard2/FIXED_L60/square__hb3p_stop_continue_formal__800331.npz,False,400,/home/__compress_data/xushijie/work/cr_scizor/experiments/handback/hb3p_stop_continue_formal_v1/episodes/shard2/FIXED_L80/square__hb3p_stop_continue_formal__800331.json,,False,100,False,/home/__compress_data/xushijie/work/cr_scizor/experiments/handback/hb3p_stop_continue_formal_v1/episodes/shard2/FIXED_L80/square__hb3p_stop_continue_formal__800331.npz,False,040b679569eaab02f577c056fdc85f2049a19af3ad8351fc50d35c7afe46c3d3,square:hb3p_stop_continue_formal:800331,/home/__compress_data/xushijie/work/cr_scizor/experiments/handback/hb3p_stop_continue_formal_v1/roots/rollout_331.npz,800331,square
square:hb4_source:800332,/home/__compress_data/xushijie/work/cr_scizor/experiments/handback/hb3p_stop_continue_formal_v1/roots/payloads/332.npz,False,L60_NOT_GENUINE_HANDOFF,0938e192dd471569acb5df3df4c97c2f136e49b78f017054a170ed545803a1f1,False,400,/home/__compress_data/xushijie/work/cr_scizor/experiments/handback/hb3p_stop_continue_formal_v1/episodes/shard3/FIXED_L60/square__hb3p_stop_continue_formal__800332.json,,False,80,False,/home/__compress_data/xushijie/work/cr_scizor/experiments/handback/hb3p_stop_continue_formal_v1/episodes/shard3/FIXED_L60/square__hb3p_stop_continue_formal__800332.npz,False,400,/home/__compress_data/xushijie/work/cr_scizor/experiments/handback/hb3p_stop_continue_formal_v1/episodes/shard3/FIXED_L80/square__hb3p_stop_continue_formal__800332.json,,False,100,False,/home/__compress_data/xushijie/work/cr_scizor/experiments/handback/hb3p_stop_continue_formal_v1/episodes/shard3/FIXED_L80/square__hb3p_stop_continue_formal__800332.npz,False,040b679569eaab02f577c056fdc85f2049a19af3ad8351fc50d35c7afe46c3d3,square:hb3p_stop_continue_formal:800332,/home/__compress_data/xushijie/work/cr_scizor/experiments/handback/hb3p_stop_continue_formal_v1/roots/rollout_332.npz,800332,square
square:hb4_source:800333,/home/__compress_data/xushijie/work/cr_scizor/experiments/handback/hb3p_stop_continue_formal_v1/roots/payloads/333.npz,False,L60_NOT_GENUINE_HANDOFF,6a7716188e79811d2956dca3583996e3c090a6aff94306936ed8968e0ae90b67,False,400,/home/__compress_data/xushijie/work/cr_scizor/experiments/handback/hb3p_stop_continue_formal_v1/episodes/shard4/FIXED_L60/square__hb3p_stop_continue_formal__800333.json,,False,80,False,/home/__compress_data/xushijie/work/cr_scizor/experiments/handback/hb3p_stop_continue_formal_v1/episodes/shard4/FIXED_L60/square__hb3p_stop_continue_formal__800333.npz,False,400,/home/__compress_data/xushijie/work/cr_scizor/experiments/handback/hb3p_stop_continue_formal_v1/episodes/shard4/FIXED_L80/square__hb3p_stop_continue_formal__800333.json,,False,100,False,/home/__compress_data/xushijie/work/cr_scizor/experiments/handback/hb3p_stop_continue_formal_v1/episodes/shard4/FIXED_L80/square__hb3p_stop_continue_formal__800333.npz,False,040b679569eaab02f577c056fdc85f2049a19af3ad8351fc50d35c7afe46c3d3,square:hb3p_stop_continue_formal:800333,/home/__compress_data/xushijie/work/cr_scizor/experiments/handback/hb3p_stop_continue_formal_v1/roots/rollout_333.npz,800333,square
square:hb4_source:800334,/home/__compress_data/xushijie/work/cr_scizor/experiments/handback/hb3p_stop_continue_formal_v1/roots/payloads/334.npz,True,,dfc3f957bbdf28b59a51c63252356407e40d60b0586c69e326c4288e010fb14a,True,202,/home/__compress_data/xushijie/work/cr_scizor/experiments/handback/hb3p_stop_continue_formal_v1/episodes/shard5/FIXED_L60/square__hb3p_stop_continue_formal__800334.json,198,True,80,True,/home/__compress_data/xushijie/work/cr_scizor/experiments/handback/hb3p_stop_continue_formal_v1/episodes/shard5/FIXED_L60/square__hb3p_stop_continue_formal__800334.npz,False,400,/home/__compress_data/xushijie/work/cr_scizor/experiments/handback/hb3p_stop_continue_formal_v1/episodes/shard5/FIXED_L80/square__hb3p_stop_continue_formal__800334.json,,False,100,False,/home/__compress_data/xushijie/work/cr_scizor/experiments/handback/hb3p_stop_continue_formal_v1/episodes/shard5/FIXED_L80/square__hb3p_stop_continue_formal__800334.npz,False,040b679569eaab02f577c056fdc85f2049a19af3ad8351fc50d35c7afe46c3d3,square:hb3p_stop_continue_formal:800334,/home/__compress_data/xushijie/work/cr_scizor/experiments/handback/hb3p_stop_continue_formal_v1/roots/rollout_334.npz,800334,square
square:hb4_source:800335,/home/__compress_data/xushijie/work/cr_scizor/experiments/handback/hb3p_stop_continue_formal_v1/roots/payloads/335.npz,False,L60_NOT_GENUINE_HANDOFF,aa721f4dbffb633ee3147eee09c4f8b66f2031ee7d2b7b7a3835933b268c2516,False,400,/home/__compress_data/xushijie/work/cr_scizor/experiments/handback/hb3p_stop_continue_formal_v1/episodes/shard6/FIXED_L60/square__hb3p_stop_continue_formal__800335.json,,False,80,False,/home/__compress_data/xushijie/work/cr_scizor/experiments/handback/hb3p_stop_continue_formal_v1/episodes/shard6/FIXED_L60/square__hb3p_stop_continue_formal__800335.npz,False,400,/home/__compress_data/xushijie/work/cr_scizor/experiments/handback/hb3p_stop_continue_formal_v1/episodes/shard6/FIXED_L80/square__hb3p_stop_continue_formal__800335.json,,False,100,False,/home/__compress_data/xushijie/work/cr_scizor/experiments/handback/hb3p_stop_continue_formal_v1/episodes/shard6/FIXED_L80/square__hb3p_stop_continue_formal__800335.npz,False,040b679569eaab02f577c056fdc85f2049a19af3ad8351fc50d35c7afe46c3d3,square:hb3p_stop_continue_formal:800335,/home/__compress_data/xushijie/work/cr_scizor/experiments/handback/hb3p_stop_continue_formal_v1/roots/rollout_335.npz,800335,square
square:hb4_source:800336,/home/__compress_data/xushijie/work/cr_scizor/experiments/handback/hb3p_stop_continue_formal_v1/roots/payloads/336.npz,False,L60_NOT_GENUINE_HANDOFF,55ab89d439808232ca68fba5af0918ebcddc624c1ce42d70e72d3445780ac1b2,False,400,/home/__compress_data/xushijie/work/cr_scizor/experiments/handback/hb3p_stop_continue_formal_v1/episodes/shard0/FIXED_L60/square__hb3p_stop_continue_formal__800336.json,,False,80,False,/home/__compress_data/xushijie/work/cr_scizor/experiments/handback/hb3p_stop_continue_formal_v1/episodes/shard0/FIXED_L60/square__hb3p_stop_continue_formal__800336.npz,False,400,/home/__compress_data/xushijie/work/cr_scizor/experiments/handback/hb3p_stop_continue_formal_v1/episodes/shard0/FIXED_L80/square__hb3p_stop_continue_formal__800336.json,,False,100,False,/home/__compress_data/xushijie/work/cr_scizor/experiments/handback/hb3p_stop_continue_formal_v1/episodes/shard0/FIXED_L80/square__hb3p_stop_continue_formal__800336.npz,False,040b679569eaab02f577c056fdc85f2049a19af3ad8351fc50d35c7afe46c3d3,square:hb3p_stop_continue_formal:800336,/home/__compress_data/xushijie/work/cr_scizor/experiments/handback/hb3p_stop_continue_formal_v1/roots/rollout_336.npz,800336,square
square:hb4_source:800337,/home/__compress_data/xushijie/work/cr_scizor/experiments/handback/hb3p_stop_continue_formal_v1/roots/payloads/337.npz,False,L60_NOT_GENUINE_HANDOFF,4376972720ecd7e292652452899f803acabfca6a7b6c41f2ae3acf49608f3fd2,False,400,/home/__compress_data/xushijie/work/cr_scizor/experiments/handback/hb3p_stop_continue_formal_v1/episodes/shard1/FIXED_L60/square__hb3p_stop_continue_formal__800337.json,,False,80,False,/home/__compress_data/xushijie/work/cr_scizor/experiments/handback/hb3p_stop_continue_formal_v1/episodes/shard1/FIXED_L60/square__hb3p_stop_continue_formal__800337.npz,False,400,/home/__compress_data/xushijie/work/cr_scizor/experiments/handback/hb3p_stop_continue_formal_v1/episodes/shard1/FIXED_L80/square__hb3p_stop_continue_formal__800337.json,,False,100,False,/home/__compress_data/xushijie/work/cr_scizor/experiments/handback/hb3p_stop_continue_formal_v1/episodes/shard1/FIXED_L80/square__hb3p_stop_continue_formal__800337.npz,False,040b679569eaab02f577c056fdc85f2049a19af3ad8351fc50d35c7afe46c3d3,square:hb3p_stop_continue_formal:800337,/home/__compress_data/xushijie/work/cr_scizor/experiments/handback/hb3p_stop_continue_formal_v1/roots/rollout_337.npz,800337,square
square:hb4_source:800338,/home/__compress_data/xushijie/work/cr_scizor/experiments/handback/hb3p_stop_continue_formal_v1/roots/payloads/338.npz,False,L60_NOT_GENUINE_HANDOFF,c8305a688f7424ed09bdcf92b7ec5c5f2f929f33693a5ba4b9c871286701fef9,False,400,/home/__compress_data/xushijie/work/cr_scizor/experiments/handback/hb3p_stop_continue_formal_v1/episodes/shard2/FIXED_L60/square__hb3p_stop_continue_formal__800338.json,,False,80,False,/home/__compress_data/xushijie/work/cr_scizor/experiments/handback/hb3p_stop_continue_formal_v1/episodes/shard2/FIXED_L60/square__hb3p_stop_continue_formal__800338.npz,False,400,/home/__compress_data/xushijie/work/cr_scizor/experiments/handback/hb3p_stop_continue_formal_v1/episodes/shard2/FIXED_L80/square__hb3p_stop_continue_formal__800338.json,,False,100,False,/home/__compress_data/xushijie/work/cr_scizor/experiments/handback/hb3p_stop_continue_formal_v1/episodes/shard2/FIXED_L80/square__hb3p_stop_continue_formal__800338.npz,False,040b679569eaab02f577c056fdc85f2049a19af3ad8351fc50d35c7afe46c3d3,square:hb3p_stop_continue_formal:800338,/home/__compress_data/xushijie/work/cr_scizor/experiments/handback/hb3p_stop_continue_formal_v1/roots/rollout_338.npz,800338,square
square:hb4_source:800339,/home/__compress_data/xushijie/work/cr_scizor/experiments/handback/hb3p_stop_continue_formal_v1/roots/payloads/339.npz,False,L60_NOT_GENUINE_HANDOFF,3cc2e800547c8b7e3729f8239d9579d3367b774fb0eabad92b8d2abead787160,False,400,/home/__compress_data/xushijie/work/cr_scizor/experiments/handback/hb3p_stop_continue_formal_v1/episodes/shard3/FIXED_L60/square__hb3p_stop_continue_formal__800339.json,,False,80,False,/home/__compress_data/xushijie/work/cr_scizor/experiments/handback/hb3p_stop_continue_formal_v1/episodes/shard3/FIXED_L60/square__hb3p_stop_continue_formal__800339.npz,False,400,/home/__compress_data/xushijie/work/cr_scizor/experiments/handback/hb3p_stop_continue_formal_v1/episodes/shard3/FIXED_L80/square__hb3p_stop_continue_formal__800339.json,,False,100,False,/home/__compress_data/xushijie/work/cr_scizor/experiments/handback/hb3p_stop_continue_formal_v1/episodes/shard3/FIXED_L80/square__hb3p_stop_continue_formal__800339.npz,False,040b679569eaab02f577c056fdc85f2049a19af3ad8351fc50d35c7afe46c3d3,square:hb3p_stop_continue_formal:800339,/home/__compress_data/xushijie/work/cr_scizor/experiments/handback/hb3p_stop_continue_formal_v1/roots/rollout_339.npz,800339,square
square:hb4_source:800340,/home/__compress_data/xushijie/work/cr_scizor/experiments/handback/hb3p_stop_continue_formal_v1/roots/payloads/340.npz,False,L60_NOT_GENUINE_HANDOFF,769015353aeb37be26e172b79dc8a9a0621d419dbff225dff7153e4c08fe4a8d,False,400,/home/__compress_data/xushijie/work/cr_scizor/experiments/handback/hb3p_stop_continue_formal_v1/episodes/shard4/FIXED_L60/square__hb3p_stop_continue_formal__800340.json,,False,80,False,/home/__compress_data/xushijie/work/cr_scizor/experiments/handback/hb3p_stop_continue_formal_v1/episodes/shard4/FIXED_L60/square__hb3p_stop_continue_formal__800340.npz,False,400,/home/__compress_data/xushijie/work/cr_scizor/experiments/handback/hb3p_stop_continue_formal_v1/episodes/shard4/FIXED_L80/square__hb3p_stop_continue_formal__800340.json,,False,100,False,/home/__compress_data/xushijie/work/cr_scizor/experiments/handback/hb3p_stop_continue_formal_v1/episodes/shard4/FIXED_L80/square__hb3p_stop_continue_formal__800340.npz,False,040b679569eaab02f577c056fdc85f2049a19af3ad8351fc50d35c7afe46c3d3,square:hb3p_stop_continue_formal:800340,/home/__compress_data/xushijie/work/cr_scizor/experiments/handback/hb3p_stop_continue_formal_v1/roots/rollout_340.npz,800340,square
square:hb4_source:800341,/home/__compress_data/xushijie/work/cr_scizor/experiments/handback/hb3p_stop_continue_formal_v1/roots/payloads/341.npz,False,L60_NOT_GENUINE_HANDOFF,ecc83aad539c082989eb1461630a435d140804c9d3eb9e5bb7ed25a3a1891bb2,False,400,/home/__compress_data/xushijie/work/cr_scizor/experiments/handback/hb3p_stop_continue_formal_v1/episodes/shard5/FIXED_L60/square__hb3p_stop_continue_formal__800341.json,,False,80,False,/home/__compress_data/xushijie/work/cr_scizor/experiments/handback/hb3p_stop_continue_formal_v1/episodes/shard5/FIXED_L60/square__hb3p_stop_continue_formal__800341.npz,False,400,/home/__compress_data/xushijie/work/cr_scizor/experiments/handback/hb3p_stop_continue_formal_v1/episodes/shard5/FIXED_L80/square__hb3p_stop_continue_formal__800341.json,,False,100,False,/home/__compress_data/xushijie/work/cr_scizor/experiments/handback/hb3p_stop_continue_formal_v1/episodes/shard5/FIXED_L80/square__hb3p_stop_continue_formal__800341.npz,False,040b679569eaab02f577c056fdc85f2049a19af3ad8351fc50d35c7afe46c3d3,square:hb3p_stop_continue_formal:800341,/home/__compress_data/xushijie/work/cr_scizor/experiments/handback/hb3p_stop_continue_formal_v1/roots/rollout_341.npz,800341,square
square:hb4_source:800342,/home/__compress_data/xushijie/work/cr_scizor/experiments/handback/hb3p_stop_continue_formal_v1/roots/payloads/342.npz,False,L60_NOT_GENUINE_HANDOFF,9d1cae347bb4616f23daf9406c28fecac544caa08d6ccdb5e9ebda02775cb0a6,False,400,/home/__compress_data/xushijie/work/cr_scizor/experiments/handback/hb3p_stop_continue_formal_v1/episodes/shard6/FIXED_L60/square__hb3p_stop_continue_formal__800342.json,,False,80,False,/home/__compress_data/xushijie/work/cr_scizor/experiments/handback/hb3p_stop_continue_formal_v1/episodes/shard6/FIXED_L60/square__hb3p_stop_continue_formal__800342.npz,True,201,/home/__compress_data/xushijie/work/cr_scizor/experiments/handback/hb3p_stop_continue_formal_v1/episodes/shard6/FIXED_L80/square__hb3p_stop_continue_formal__800342.json,197,True,100,True,/home/__compress_data/xushijie/work/cr_scizor/experiments/handback/hb3p_stop_continue_formal_v1/episodes/shard6/FIXED_L80/square__hb3p_stop_continue_formal__800342.npz,False,040b679569eaab02f577c056fdc85f2049a19af3ad8351fc50d35c7afe46c3d3,square:hb3p_stop_continue_formal:800342,/home/__compress_data/xushijie/work/cr_scizor/experiments/handback/hb3p_stop_continue_formal_v1/roots/rollout_342.npz,800342,square
square:hb4_source:800343,/home/__compress_data/xushijie/work/cr_scizor/experiments/handback/hb3p_stop_continue_formal_v1/roots/payloads/343.npz,True,,5581dc1f7435a360310e261209ff21e1d0c40c26c3ff3d45426372ebe2a3a16d,True,126,/home/__compress_data/xushijie/work/cr_scizor/experiments/handback/hb3p_stop_continue_formal_v1/episodes/shard0/FIXED_L60/square__hb3p_stop_continue_formal__800343.json,122,True,80,True,/home/__compress_data/xushijie/work/cr_scizor/experiments/handback/hb3p_stop_continue_formal_v1/episodes/shard0/FIXED_L60/square__hb3p_stop_continue_formal__800343.npz,True,126,/home/__compress_data/xushijie/work/cr_scizor/experiments/handback/hb3p_stop_continue_formal_v1/episodes/shard0/FIXED_L80/square__hb3p_stop_continue_formal__800343.json,122,True,100,True,/home/__compress_data/xushijie/work/cr_scizor/experiments/handback/hb3p_stop_continue_formal_v1/episodes/shard0/FIXED_L80/square__hb3p_stop_continue_formal__800343.npz,False,040b679569eaab02f577c056fdc85f2049a19af3ad8351fc50d35c7afe46c3d3,square:hb3p_stop_continue_formal:800343,/home/__compress_data/xushijie/work/cr_scizor/experiments/handback/hb3p_stop_continue_formal_v1/roots/rollout_343.npz,800343,square
square:hb4_source:800344,/home/__compress_data/xushijie/work/cr_scizor/experiments/handback/hb3p_stop_continue_formal_v1/roots/payloads/344.npz,False,L60_NOT_GENUINE_HANDOFF,a0e69dd9f140d6f62f56b1510b339470c488df00a573e78ff46691b5dde15fc3,False,400,/home/__compress_data/xushijie/work/cr_scizor/experiments/handback/hb3p_stop_continue_formal_v1/episodes/shard1/FIXED_L60/square__hb3p_stop_continue_formal__800344.json,,False,80,False,/home/__compress_data/xushijie/work/cr_scizor/experiments/handback/hb3p_stop_continue_formal_v1/episodes/shard1/FIXED_L60/square__hb3p_stop_continue_formal__800344.npz,False,400,/home/__compress_data/xushijie/work/cr_scizor/experiments/handback/hb3p_stop_continue_formal_v1/episodes/shard1/FIXED_L80/square__hb3p_stop_continue_formal__800344.json,,False,100,False,/home/__compress_data/xushijie/work/cr_scizor/experiments/handback/hb3p_stop_continue_formal_v1/episodes/shard1/FIXED_L80/square__hb3p_stop_continue_formal__800344.npz,False,040b679569eaab02f577c056fdc85f2049a19af3ad8351fc50d35c7afe46c3d3,square:hb3p_stop_continue_formal:800344,/home/__compress_data/xushijie/work/cr_scizor/experiments/handback/hb3p_stop_continue_formal_v1/roots/rollout_344.npz,800344,square
square:hb4_source:800345,/home/__compress_data/xushijie/work/cr_scizor/experiments/handback/hb3p_stop_continue_formal_v1/roots/payloads/345.npz,False,L60_NOT_GENUINE_HANDOFF,677255e729f8961f8ebc0ed1f76454a5ffdd4aa1b29d6a3d9f79eb0a8955326a,False,400,/home/__compress_data/xushijie/work/cr_scizor/experiments/handback/hb3p_stop_continue_formal_v1/episodes/shard2/FIXED_L60/square__hb3p_stop_continue_formal__800345.json,,False,80,False,/home/__compress_data/xushijie/work/cr_scizor/experiments/handback/hb3p_stop_continue_formal_v1/episodes/shard2/FIXED_L60/square__hb3p_stop_continue_formal__800345.npz,False,400,/home/__compress_data/xushijie/work/cr_scizor/experiments/handback/hb3p_stop_continue_formal_v1/episodes/shard2/FIXED_L80/square__hb3p_stop_continue_formal__800345.json,,False,100,False,/home/__compress_data/xushijie/work/cr_scizor/experiments/handback/hb3p_stop_continue_formal_v1/episodes/shard2/FIXED_L80/square__hb3p_stop_continue_formal__800345.npz,False,040b679569eaab02f577c056fdc85f2049a19af3ad8351fc50d35c7afe46c3d3,square:hb3p_stop_continue_formal:800345,/home/__compress_data/xushijie/work/cr_scizor/experiments/handback/hb3p_stop_continue_formal_v1/roots/rollout_345.npz,800345,square
square:hb4_source:800346,/home/__compress_data/xushijie/work/cr_scizor/experiments/handback/hb3p_stop_continue_formal_v1/roots/payloads/346.npz,False,L60_NOT_GENUINE_HANDOFF,457101618286ece98abcbf07c1466845ef0830fd1648eced7ca6d34e52b54f88,False,400,/home/__compress_data/xushijie/work/cr_scizor/experiments/handback/hb3p_stop_continue_formal_v1/episodes/shard3/FIXED_L60/square__hb3p_stop_continue_formal__800346.json,,False,80,False,/home/__compress_data/xushijie/work/cr_scizor/experiments/handback/hb3p_stop_continue_formal_v1/episodes/shard3/FIXED_L60/square__hb3p_stop_continue_formal__800346.npz,False,400,/home/__compress_data/xushijie/work/cr_scizor/experiments/handback/hb3p_stop_continue_formal_v1/episodes/shard3/FIXED_L80/square__hb3p_stop_continue_formal__800346.json,,False,100,False,/home/__compress_data/xushijie/work/cr_scizor/experiments/handback/hb3p_stop_continue_formal_v1/episodes/shard3/FIXED_L80/square__hb3p_stop_continue_formal__800346.npz,False,040b679569eaab02f577c056fdc85f2049a19af3ad8351fc50d35c7afe46c3d3,square:hb3p_stop_continue_formal:800346,/home/__compress_data/xushijie/work/cr_scizor/experiments/handback/hb3p_stop_continue_formal_v1/roots/rollout_346.npz,800346,square
square:hb4_source:800347,/home/__compress_data/xushijie/work/cr_scizor/experiments/handback/hb3p_stop_continue_formal_v1/roots/payloads/347.npz,False,L60_NOT_GENUINE_HANDOFF,c201f64fe1640b13a11bd9a7cd9df55217f91d82105a684dcb209576d6649765,False,400,/home/__compress_data/xushijie/work/cr_scizor/experiments/handback/hb3p_stop_continue_formal_v1/episodes/shard4/FIXED_L60/square__hb3p_stop_continue_formal__800347.json,,False,80,False,/home/__compress_data/xushijie/work/cr_scizor/experiments/handback/hb3p_stop_continue_formal_v1/episodes/shard4/FIXED_L60/square__hb3p_stop_continue_formal__800347.npz,False,400,/home/__compress_data/xushijie/work/cr_scizor/experiments/handback/hb3p_stop_continue_formal_v1/episodes/shard4/FIXED_L80/square__hb3p_stop_continue_formal__800347.json,,False,100,False,/home/__compress_data/xushijie/work/cr_scizor/experiments/handback/hb3p_stop_continue_formal_v1/episodes/shard4/FIXED_L80/square__hb3p_stop_continue_formal__800347.npz,False,040b679569eaab02f577c056fdc85f2049a19af3ad8351fc50d35c7afe46c3d3,square:hb3p_stop_continue_formal:800347,/home/__compress_data/xushijie/work/cr_scizor/experiments/handback/hb3p_stop_continue_formal_v1/roots/rollout_347.npz,800347,square
square:hb4_source:800348,/home/__compress_data/xushijie/work/cr_scizor/experiments/handback/hb3p_stop_continue_formal_v1/roots/payloads/348.npz,False,NONE_SUCCESS,2d129d1ac211e24f8d35688b495c7ebe26ff0611f06727ea06db9554bb789365,True,164,/home/__compress_data/xushijie/work/cr_scizor/experiments/handback/hb3p_stop_continue_formal_v1/episodes/shard5/FIXED_L60/square__hb3p_stop_continue_formal__800348.json,160,True,80,True,/home/__compress_data/xushijie/work/cr_scizor/experiments/handback/hb3p_stop_continue_formal_v1/episodes/shard5/FIXED_L60/square__hb3p_stop_continue_formal__800348.npz,True,146,/home/__compress_data/xushijie/work/cr_scizor/experiments/handback/hb3p_stop_continue_formal_v1/episodes/shard5/FIXED_L80/square__hb3p_stop_continue_formal__800348.json,142,True,100,True,/home/__compress_data/xushijie/work/cr_scizor/experiments/handback/hb3p_stop_continue_formal_v1/episodes/shard5/FIXED_L80/square__hb3p_stop_continue_formal__800348.npz,True,040b679569eaab02f577c056fdc85f2049a19af3ad8351fc50d35c7afe46c3d3,square:hb3p_stop_continue_formal:800348,/home/__compress_data/xushijie/work/cr_scizor/experiments/handback/hb3p_stop_continue_formal_v1/roots/rollout_348.npz,800348,square
square:hb4_source:800349,/home/__compress_data/xushijie/work/cr_scizor/experiments/handback/hb3p_stop_continue_formal_v1/roots/payloads/349.npz,False,L60_NOT_GENUINE_HANDOFF,6f80421049c2f1eed2522bbdb16853106367352fa8e5d880e101fb3703b4e31f,False,400,/home/__compress_data/xushijie/work/cr_scizor/experiments/handback/hb3p_stop_continue_formal_v1/episodes/shard6/FIXED_L60/square__hb3p_stop_continue_formal__800349.json,,False,80,False,/home/__compress_data/xushijie/work/cr_scizor/experiments/handback/hb3p_stop_continue_formal_v1/episodes/shard6/FIXED_L60/square__hb3p_stop_continue_formal__800349.npz,False,400,/home/__compress_data/xushijie/work/cr_scizor/experiments/handback/hb3p_stop_continue_formal_v1/episodes/shard6/FIXED_L80/square__hb3p_stop_continue_formal__800349.json,,False,100,False,/home/__compress_data/xushijie/work/cr_scizor/experiments/handback/hb3p_stop_continue_formal_v1/episodes/shard6/FIXED_L80/square__hb3p_stop_continue_formal__800349.npz,False,040b679569eaab02f577c056fdc85f2049a19af3ad8351fc50d35c7afe46c3d3,square:hb3p_stop_continue_formal:800349,/home/__compress_data/xushijie/work/cr_scizor/experiments/handback/hb3p_stop_continue_formal_v1/roots/rollout_349.npz,800349,square
square:hb4_source:800350,/home/__compress_data/xushijie/work/cr_scizor/experiments/handback/hb3p_stop_continue_formal_v1/roots/payloads/350.npz,False,L60_NOT_GENUINE_HANDOFF,d4df0f01d9d6acf53198c64fb055de5b96679111ea44b1e63ce259b4ea1018a1,False,400,/home/__compress_data/xushijie/work/cr_scizor/experiments/handback/hb3p_stop_continue_formal_v1/episodes/shard0/FIXED_L60/square__hb3p_stop_continue_formal__800350.json,,False,80,False,/home/__compress_data/xushijie/work/cr_scizor/experiments/handback/hb3p_stop_continue_formal_v1/episodes/shard0/FIXED_L60/square__hb3p_stop_continue_formal__800350.npz,False,400,/home/__compress_data/xushijie/work/cr_scizor/experiments/handback/hb3p_stop_continue_formal_v1/episodes/shard0/FIXED_L80/square__hb3p_stop_continue_formal__800350.json,,False,100,False,/home/__compress_data/xushijie/work/cr_scizor/experiments/handback/hb3p_stop_continue_formal_v1/episodes/shard0/FIXED_L80/square__hb3p_stop_continue_formal__800350.npz,False,040b679569eaab02f577c056fdc85f2049a19af3ad8351fc50d35c7afe46c3d3,square:hb3p_stop_continue_formal:800350,/home/__compress_data/xushijie/work/cr_scizor/experiments/handback/hb3p_stop_continue_formal_v1/roots/rollout_350.npz,800350,square
square:hb4_source:800351,/home/__compress_data/xushijie/work/cr_scizor/experiments/handback/hb3p_stop_continue_formal_v1/roots/payloads/351.npz,False,L60_NOT_GENUINE_HANDOFF,5607fc1f7745d0d99ab3d17f1740e84551a1ca5dec273e937b081114ddbbd579,False,400,/home/__compress_data/xushijie/work/cr_scizor/experiments/handback/hb3p_stop_continue_formal_v1/episodes/shard1/FIXED_L60/square__hb3p_stop_continue_formal__800351.json,,False,80,False,/home/__compress_data/xushijie/work/cr_scizor/experiments/handback/hb3p_stop_continue_formal_v1/episodes/shard1/FIXED_L60/square__hb3p_stop_continue_formal__800351.npz,False,400,/home/__compress_data/xushijie/work/cr_scizor/experiments/handback/hb3p_stop_continue_formal_v1/episodes/shard1/FIXED_L80/square__hb3p_stop_continue_formal__800351.json,,False,100,False,/home/__compress_data/xushijie/work/cr_scizor/experiments/handback/hb3p_stop_continue_formal_v1/episodes/shard1/FIXED_L80/square__hb3p_stop_continue_formal__800351.npz,False,040b679569eaab02f577c056fdc85f2049a19af3ad8351fc50d35c7afe46c3d3,square:hb3p_stop_continue_formal:800351,/home/__compress_data/xushijie/work/cr_scizor/experiments/handback/hb3p_stop_continue_formal_v1/roots/rollout_351.npz,800351,square
square:hb4_source:800352,/home/__compress_data/xushijie/work/cr_scizor/experiments/handback/hb3p_stop_continue_formal_v1/roots/payloads/352.npz,False,L60_NOT_GENUINE_HANDOFF,14c0f92c2a4aa7dcd48088cbabde88379204bfbe73634ddfa4e39ab51bf51e34,False,400,/home/__compress_data/xushijie/work/cr_scizor/experiments/handback/hb3p_stop_continue_formal_v1/episodes/shard2/FIXED_L60/square__hb3p_stop_continue_formal__800352.json,,False,80,False,/home/__compress_data/xushijie/work/cr_scizor/experiments/handback/hb3p_stop_continue_formal_v1/episodes/shard2/FIXED_L60/square__hb3p_stop_continue_formal__800352.npz,False,400,/home/__compress_data/xushijie/work/cr_scizor/experiments/handback/hb3p_stop_continue_formal_v1/episodes/shard2/FIXED_L80/square__hb3p_stop_continue_formal__800352.json,,False,100,False,/home/__compress_data/xushijie/work/cr_scizor/experiments/handback/hb3p_stop_continue_formal_v1/episodes/shard2/FIXED_L80/square__hb3p_stop_continue_formal__800352.npz,False,040b679569eaab02f577c056fdc85f2049a19af3ad8351fc50d35c7afe46c3d3,square:hb3p_stop_continue_formal:800352,/home/__compress_data/xushijie/work/cr_scizor/experiments/handback/hb3p_stop_continue_formal_v1/roots/rollout_352.npz,800352,square
square:hb4_source:800353,/home/__compress_data/xushijie/work/cr_scizor/experiments/handback/hb3p_stop_continue_formal_v1/roots/payloads/353.npz,False,L60_NOT_GENUINE_HANDOFF,19e731a96912588eea023adaea018148f1434462a427d7d37519965b42f29141,False,400,/home/__compress_data/xushijie/work/cr_scizor/experiments/handback/hb3p_stop_continue_formal_v1/episodes/shard3/FIXED_L60/square__hb3p_stop_continue_formal__800353.json,,False,80,False,/home/__compress_data/xushijie/work/cr_scizor/experiments/handback/hb3p_stop_continue_formal_v1/episodes/shard3/FIXED_L60/square__hb3p_stop_continue_formal__800353.npz,True,146,/home/__compress_data/xushijie/work/cr_scizor/experiments/handback/hb3p_stop_continue_formal_v1/episodes/shard3/FIXED_L80/square__hb3p_stop_continue_formal__800353.json,142,True,100,True,/home/__compress_data/xushijie/work/cr_scizor/experiments/handback/hb3p_stop_continue_formal_v1/episodes/shard3/FIXED_L80/square__hb3p_stop_continue_formal__800353.npz,False,040b679569eaab02f577c056fdc85f2049a19af3ad8351fc50d35c7afe46c3d3,square:hb3p_stop_continue_formal:800353,/home/__compress_data/xushijie/work/cr_scizor/experiments/handback/hb3p_stop_continue_formal_v1/roots/rollout_353.npz,800353,square
square:hb4_source:800354,/home/__compress_data/xushijie/work/cr_scizor/experiments/handback/hb3p_stop_continue_formal_v1/roots/payloads/354.npz,False,L60_NOT_GENUINE_HANDOFF,2d4f9be843ed9a34bac45a24b94fe6f0da8f403fbcea7141543e6f916777ec6d,False,400,/home/__compress_data/xushijie/work/cr_scizor/experiments/handback/hb3p_stop_continue_formal_v1/episodes/shard4/FIXED_L60/square__hb3p_stop_continue_formal__800354.json,,False,80,False,/home/__compress_data/xushijie/work/cr_scizor/experiments/handback/hb3p_stop_continue_formal_v1/episodes/shard4/FIXED_L60/square__hb3p_stop_continue_formal__800354.npz,False,400,/home/__compress_data/xushijie/work/cr_scizor/experiments/handback/hb3p_stop_continue_formal_v1/episodes/shard4/FIXED_L80/square__hb3p_stop_continue_formal__800354.json,,False,100,False,/home/__compress_data/xushijie/work/cr_scizor/experiments/handback/hb3p_stop_continue_formal_v1/episodes/shard4/FIXED_L80/square__hb3p_stop_continue_formal__800354.npz,False,040b679569eaab02f577c056fdc85f2049a19af3ad8351fc50d35c7afe46c3d3,square:hb3p_stop_continue_formal:800354,/home/__compress_data/xushijie/work/cr_scizor/experiments/handback/hb3p_stop_continue_formal_v1/roots/rollout_354.npz,800354,square
square:hb4_source:800355,/home/__compress_data/xushijie/work/cr_scizor/experiments/handback/hb3p_stop_continue_formal_v1/roots/payloads/355.npz,False,L60_NOT_GENUINE_HANDOFF,aa673a01cb9abcb15686f868c68f6fe6eaa72f760a6774287c40b073d85f38d5,False,400,/home/__compress_data/xushijie/work/cr_scizor/experiments/handback/hb3p_stop_continue_formal_v1/episodes/shard5/FIXED_L60/square__hb3p_stop_continue_formal__800355.json,,False,80,False,/home/__compress_data/xushijie/work/cr_scizor/experiments/handback/hb3p_stop_continue_formal_v1/episodes/shard5/FIXED_L60/square__hb3p_stop_continue_formal__800355.npz,False,400,/home/__compress_data/xushijie/work/cr_scizor/experiments/handback/hb3p_stop_continue_formal_v1/episodes/shard5/FIXED_L80/square__hb3p_stop_continue_formal__800355.json,,False,100,False,/home/__compress_data/xushijie/work/cr_scizor/experiments/handback/hb3p_stop_continue_formal_v1/episodes/shard5/FIXED_L80/square__hb3p_stop_continue_formal__800355.npz,False,040b679569eaab02f577c056fdc85f2049a19af3ad8351fc50d35c7afe46c3d3,square:hb3p_stop_continue_formal:800355,/home/__compress_data/xushijie/work/cr_scizor/experiments/handback/hb3p_stop_continue_formal_v1/roots/rollout_355.npz,800355,square
square:hb4_source:800356,/home/__compress_data/xushijie/work/cr_scizor/experiments/handback/hb3p_stop_continue_formal_v1/roots/payloads/356.npz,False,L60_NOT_GENUINE_HANDOFF,eb614e52c77c7653fad9c0039a045118b60108d6967eea9cafe0ef424423ab1a,False,400,/home/__compress_data/xushijie/work/cr_scizor/experiments/handback/hb3p_stop_continue_formal_v1/episodes/shard6/FIXED_L60/square__hb3p_stop_continue_formal__800356.json,,False,80,False,/home/__compress_data/xushijie/work/cr_scizor/experiments/handback/hb3p_stop_continue_formal_v1/episodes/shard6/FIXED_L60/square__hb3p_stop_continue_formal__800356.npz,True,161,/home/__compress_data/xushijie/work/cr_scizor/experiments/handback/hb3p_stop_continue_formal_v1/episodes/shard6/FIXED_L80/square__hb3p_stop_continue_formal__800356.json,157,True,100,True,/home/__compress_data/xushijie/work/cr_scizor/experiments/handback/hb3p_stop_continue_formal_v1/episodes/shard6/FIXED_L80/square__hb3p_stop_continue_formal__800356.npz,False,040b679569eaab02f577c056fdc85f2049a19af3ad8351fc50d35c7afe46c3d3,square:hb3p_stop_continue_formal:800356,/home/__compress_data/xushijie/work/cr_scizor/experiments/handback/hb3p_stop_continue_formal_v1/roots/rollout_356.npz,800356,square
square:hb4_source:800357,/home/__compress_data/xushijie/work/cr_scizor/experiments/handback/hb3p_stop_continue_formal_v1/roots/payloads/357.npz,False,L60_NOT_GENUINE_HANDOFF,3c8ae4a16d37f0d762842672a4840295f05866a8dc0803e4a0a266037ff8e99e,False,400,/home/__compress_data/xushijie/work/cr_scizor/experiments/handback/hb3p_stop_continue_formal_v1/episodes/shard0/FIXED_L60/square__hb3p_stop_continue_formal__800357.json,,False,80,False,/home/__compress_data/xushijie/work/cr_scizor/experiments/handback/hb3p_stop_continue_formal_v1/episodes/shard0/FIXED_L60/square__hb3p_stop_continue_formal__800357.npz,True,146,/home/__compress_data/xushijie/work/cr_scizor/experiments/handback/hb3p_stop_continue_formal_v1/episodes/shard0/FIXED_L80/square__hb3p_stop_continue_formal__800357.json,142,True,100,True,/home/__compress_data/xushijie/work/cr_scizor/experiments/handback/hb3p_stop_continue_formal_v1/episodes/shard0/FIXED_L80/square__hb3p_stop_continue_formal__800357.npz,False,040b679569eaab02f577c056fdc85f2049a19af3ad8351fc50d35c7afe46c3d3,square:hb3p_stop_continue_formal:800357,/home/__compress_data/xushijie/work/cr_scizor/experiments/handback/hb3p_stop_continue_formal_v1/roots/rollout_357.npz,800357,square
square:hb4_source:800358,/home/__compress_data/xushijie/work/cr_scizor/experiments/handback/hb3p_stop_continue_formal_v1/roots/payloads/358.npz,True,,235fa662f71f9c1e2a237852cbe8d05017a18857c0fc5155ce04eeaaa11a55b2,True,179,/home/__compress_data/xushijie/work/cr_scizor/experiments/handback/hb3p_stop_continue_formal_v1/episodes/shard1/FIXED_L60/square__hb3p_stop_continue_formal__800358.json,175,True,80,True,/home/__compress_data/xushijie/work/cr_scizor/experiments/handback/hb3p_stop_continue_formal_v1/episodes/shard1/FIXED_L60/square__hb3p_stop_continue_formal__800358.npz,True,234,/home/__compress_data/xushijie/work/cr_scizor/experiments/handback/hb3p_stop_continue_formal_v1/episodes/shard1/FIXED_L80/square__hb3p_stop_continue_formal__800358.json,230,True,100,True,/home/__compress_data/xushijie/work/cr_scizor/experiments/handback/hb3p_stop_continue_formal_v1/episodes/shard1/FIXED_L80/square__hb3p_stop_continue_formal__800358.npz,False,040b679569eaab02f577c056fdc85f2049a19af3ad8351fc50d35c7afe46c3d3,square:hb3p_stop_continue_formal:800358,/home/__compress_data/xushijie/work/cr_scizor/experiments/handback/hb3p_stop_continue_formal_v1/roots/rollout_358.npz,800358,square
square:hb4_source:800359,/home/__compress_data/xushijie/work/cr_scizor/experiments/handback/hb3p_stop_continue_formal_v1/roots/payloads/359.npz,False,L60_NOT_GENUINE_HANDOFF,72852c928ebc4425de18e7a2026a525bd152a9cdaa8765decb1d3c0ece1da6d7,False,400,/home/__compress_data/xushijie/work/cr_scizor/experiments/handback/hb3p_stop_continue_formal_v1/episodes/shard2/FIXED_L60/square__hb3p_stop_continue_formal__800359.json,,False,80,False,/home/__compress_data/xushijie/work/cr_scizor/experiments/handback/hb3p_stop_continue_formal_v1/episodes/shard2/FIXED_L60/square__hb3p_stop_continue_formal__800359.npz,False,400,/home/__compress_data/xushijie/work/cr_scizor/experiments/handback/hb3p_stop_continue_formal_v1/episodes/shard2/FIXED_L80/square__hb3p_stop_continue_formal__800359.json,,False,100,False,/home/__compress_data/xushijie/work/cr_scizor/experiments/handback/hb3p_stop_continue_formal_v1/episodes/shard2/FIXED_L80/square__hb3p_stop_continue_formal__800359.npz,False,040b679569eaab02f577c056fdc85f2049a19af3ad8351fc50d35c7afe46c3d3,square:hb3p_stop_continue_formal:800359,/home/__compress_data/xushijie/work/cr_scizor/experiments/handback/hb3p_stop_continue_formal_v1/roots/rollout_359.npz,800359,square
square:hb4_source:800360,/home/__compress_data/xushijie/work/cr_scizor/experiments/handback/hb3p_stop_continue_formal_v1/roots/payloads/360.npz,False,L60_NOT_GENUINE_HANDOFF,72ad207889cb18a477177c361b6e280e5d356887190cb3b6791452dd61f6854b,False,400,/home/__compress_data/xushijie/work/cr_scizor/experiments/handback/hb3p_stop_continue_formal_v1/episodes/shard3/FIXED_L60/square__hb3p_stop_continue_formal__800360.json,,False,80,False,/home/__compress_data/xushijie/work/cr_scizor/experiments/handback/hb3p_stop_continue_formal_v1/episodes/shard3/FIXED_L60/square__hb3p_stop_continue_formal__800360.npz,False,400,/home/__compress_data/xushijie/work/cr_scizor/experiments/handback/hb3p_stop_continue_formal_v1/episodes/shard3/FIXED_L80/square__hb3p_stop_continue_formal__800360.json,,False,100,False,/home/__compress_data/xushijie/work/cr_scizor/experiments/handback/hb3p_stop_continue_formal_v1/episodes/shard3/FIXED_L80/square__hb3p_stop_continue_formal__800360.npz,False,040b679569eaab02f577c056fdc85f2049a19af3ad8351fc50d35c7afe46c3d3,square:hb3p_stop_continue_formal:800360,/home/__compress_data/xushijie/work/cr_scizor/experiments/handback/hb3p_stop_continue_formal_v1/roots/rollout_360.npz,800360,square
square:hb4_source:800361,/home/__compress_data/xushijie/work/cr_scizor/experiments/handback/hb3p_stop_continue_formal_v1/roots/payloads/361.npz,False,L60_NOT_GENUINE_HANDOFF,50cf39eed884033e73a64d13ac2710a5a39d9bf44c59c8acf6804b71f8e43718,False,400,/home/__compress_data/xushijie/work/cr_scizor/experiments/handback/hb3p_stop_continue_formal_v1/episodes/shard4/FIXED_L60/square__hb3p_stop_continue_formal__800361.json,,False,80,False,/home/__compress_data/xushijie/work/cr_scizor/experiments/handback/hb3p_stop_continue_formal_v1/episodes/shard4/FIXED_L60/square__hb3p_stop_continue_formal__800361.npz,False,400,/home/__compress_data/xushijie/work/cr_scizor/experiments/handback/hb3p_stop_continue_formal_v1/episodes/shard4/FIXED_L80/square__hb3p_stop_continue_formal__800361.json,,False,100,False,/home/__compress_data/xushijie/work/cr_scizor/experiments/handback/hb3p_stop_continue_formal_v1/episodes/shard4/FIXED_L80/square__hb3p_stop_continue_formal__800361.npz,False,040b679569eaab02f577c056fdc85f2049a19af3ad8351fc50d35c7afe46c3d3,square:hb3p_stop_continue_formal:800361,/home/__compress_data/xushijie/work/cr_scizor/experiments/handback/hb3p_stop_continue_formal_v1/roots/rollout_361.npz,800361,square
square:hb4_source:800362,/home/__compress_data/xushijie/work/cr_scizor/experiments/handback/hb3p_stop_continue_formal_v1/roots/payloads/362.npz,False,L60_NOT_GENUINE_HANDOFF,277612f03b98d630c3e892b53cefef824a8de61fe0c7042b91d7c72c10e5a553,False,400,/home/__compress_data/xushijie/work/cr_scizor/experiments/handback/hb3p_stop_continue_formal_v1/episodes/shard5/FIXED_L60/square__hb3p_stop_continue_formal__800362.json,,False,80,False,/home/__compress_data/xushijie/work/cr_scizor/experiments/handback/hb3p_stop_continue_formal_v1/episodes/shard5/FIXED_L60/square__hb3p_stop_continue_formal__800362.npz,False,400,/home/__compress_data/xushijie/work/cr_scizor/experiments/handback/hb3p_stop_continue_formal_v1/episodes/shard5/FIXED_L80/square__hb3p_stop_continue_formal__800362.json,,False,100,False,/home/__compress_data/xushijie/work/cr_scizor/experiments/handback/hb3p_stop_continue_formal_v1/episodes/shard5/FIXED_L80/square__hb3p_stop_continue_formal__800362.npz,False,040b679569eaab02f577c056fdc85f2049a19af3ad8351fc50d35c7afe46c3d3,square:hb3p_stop_continue_formal:800362,/home/__compress_data/xushijie/work/cr_scizor/experiments/handback/hb3p_stop_continue_formal_v1/roots/rollout_362.npz,800362,square
square:hb4_source:800363,/home/__compress_data/xushijie/work/cr_scizor/experiments/handback/hb3p_stop_continue_formal_v1/roots/payloads/363.npz,True,,51c148dc361d55eb87a16c561f5a8aa0b1bf394bffc9b7dec6fedc7df1cf1434,True,161,/home/__compress_data/xushijie/work/cr_scizor/experiments/handback/hb3p_stop_continue_formal_v1/episodes/shard6/FIXED_L60/square__hb3p_stop_continue_formal__800363.json,157,True,80,True,/home/__compress_data/xushijie/work/cr_scizor/experiments/handback/hb3p_stop_continue_formal_v1/episodes/shard6/FIXED_L60/square__hb3p_stop_continue_formal__800363.npz,True,210,/home/__compress_data/xushijie/work/cr_scizor/experiments/handback/hb3p_stop_continue_formal_v1/episodes/shard6/FIXED_L80/square__hb3p_stop_continue_formal__800363.json,206,True,100,True,/home/__compress_data/xushijie/work/cr_scizor/experiments/handback/hb3p_stop_continue_formal_v1/episodes/shard6/FIXED_L80/square__hb3p_stop_continue_formal__800363.npz,False,040b679569eaab02f577c056fdc85f2049a19af3ad8351fc50d35c7afe46c3d3,square:hb3p_stop_continue_formal:800363,/home/__compress_data/xushijie/work/cr_scizor/experiments/handback/hb3p_stop_continue_formal_v1/roots/rollout_363.npz,800363,square
square:hb4_source:800364,/home/__compress_data/xushijie/work/cr_scizor/experiments/handback/hb3p_stop_continue_formal_v1/roots/payloads/364.npz,True,,906a838d4496d973a7bacd56b6ed340ae4dd93fcaf41a5428ee63543c1a2c7e0,True,145,/home/__compress_data/xushijie/work/cr_scizor/experiments/handback/hb3p_stop_continue_formal_v1/episodes/shard0/FIXED_L60/square__hb3p_stop_continue_formal__800364.json,141,True,80,True,/home/__compress_data/xushijie/work/cr_scizor/experiments/handback/hb3p_stop_continue_formal_v1/episodes/shard0/FIXED_L60/square__hb3p_stop_continue_formal__800364.npz,False,400,/home/__compress_data/xushijie/work/cr_scizor/experiments/handback/hb3p_stop_continue_formal_v1/episodes/shard0/FIXED_L80/square__hb3p_stop_continue_formal__800364.json,,False,100,False,/home/__compress_data/xushijie/work/cr_scizor/experiments/handback/hb3p_stop_continue_formal_v1/episodes/shard0/FIXED_L80/square__hb3p_stop_continue_formal__800364.npz,False,040b679569eaab02f577c056fdc85f2049a19af3ad8351fc50d35c7afe46c3d3,square:hb3p_stop_continue_formal:800364,/home/__compress_data/xushijie/work/cr_scizor/experiments/handback/hb3p_stop_continue_formal_v1/roots/rollout_364.npz,800364,square
square:hb4_source:800365,/home/__compress_data/xushijie/work/cr_scizor/experiments/handback/hb3p_stop_continue_formal_v1/roots/payloads/365.npz,False,L60_NOT_GENUINE_HANDOFF,0fd607625e27685e3133142825060cef44b88bc0506d47353b2cb9e805a39037,False,400,/home/__compress_data/xushijie/work/cr_scizor/experiments/handback/hb3p_stop_continue_formal_v1/episodes/shard1/FIXED_L60/square__hb3p_stop_continue_formal__800365.json,,False,80,False,/home/__compress_data/xushijie/work/cr_scizor/experiments/handback/hb3p_stop_continue_formal_v1/episodes/shard1/FIXED_L60/square__hb3p_stop_continue_formal__800365.npz,False,400,/home/__compress_data/xushijie/work/cr_scizor/experiments/handback/hb3p_stop_continue_formal_v1/episodes/shard1/FIXED_L80/square__hb3p_stop_continue_formal__800365.json,,False,100,False,/home/__compress_data/xushijie/work/cr_scizor/experiments/handback/hb3p_stop_continue_formal_v1/episodes/shard1/FIXED_L80/square__hb3p_stop_continue_formal__800365.npz,False,040b679569eaab02f577c056fdc85f2049a19af3ad8351fc50d35c7afe46c3d3,square:hb3p_stop_continue_formal:800365,/home/__compress_data/xushijie/work/cr_scizor/experiments/handback/hb3p_stop_continue_formal_v1/roots/rollout_365.npz,800365,square
square:hb4_source:800366,/home/__compress_data/xushijie/work/cr_scizor/experiments/handback/hb3p_stop_continue_formal_v1/roots/payloads/366.npz,False,L60_NOT_GENUINE_HANDOFF,709f49de37cc86443b3a262eeb6e5596650a5a1ac58cb46cdc071299babd2456,False,400,/home/__compress_data/xushijie/work/cr_scizor/experiments/handback/hb3p_stop_continue_formal_v1/episodes/shard2/FIXED_L60/square__hb3p_stop_continue_formal__800366.json,,False,80,False,/home/__compress_data/xushijie/work/cr_scizor/experiments/handback/hb3p_stop_continue_formal_v1/episodes/shard2/FIXED_L60/square__hb3p_stop_continue_formal__800366.npz,False,400,/home/__compress_data/xushijie/work/cr_scizor/experiments/handback/hb3p_stop_continue_formal_v1/episodes/shard2/FIXED_L80/square__hb3p_stop_continue_formal__800366.json,,False,100,False,/home/__compress_data/xushijie/work/cr_scizor/experiments/handback/hb3p_stop_continue_formal_v1/episodes/shard2/FIXED_L80/square__hb3p_stop_continue_formal__800366.npz,False,040b679569eaab02f577c056fdc85f2049a19af3ad8351fc50d35c7afe46c3d3,square:hb3p_stop_continue_formal:800366,/home/__compress_data/xushijie/work/cr_scizor/experiments/handback/hb3p_stop_continue_formal_v1/roots/rollout_366.npz,800366,square
square:hb4_source:800367,/home/__compress_data/xushijie/work/cr_scizor/experiments/handback/hb3p_stop_continue_formal_v1/roots/payloads/367.npz,False,L60_NOT_GENUINE_HANDOFF,a76fbc4561d10fb64f98023fb9083903b6cb83e0b663fcf02e7aae23b248368d,False,400,/home/__compress_data/xushijie/work/cr_scizor/experiments/handback/hb3p_stop_continue_formal_v1/episodes/shard3/FIXED_L60/square__hb3p_stop_continue_formal__800367.json,,False,80,False,/home/__compress_data/xushijie/work/cr_scizor/experiments/handback/hb3p_stop_continue_formal_v1/episodes/shard3/FIXED_L60/square__hb3p_stop_continue_formal__800367.npz,True,203,/home/__compress_data/xushijie/work/cr_scizor/experiments/handback/hb3p_stop_continue_formal_v1/episodes/shard3/FIXED_L80/square__hb3p_stop_continue_formal__800367.json,199,True,100,True,/home/__compress_data/xushijie/work/cr_scizor/experiments/handback/hb3p_stop_continue_formal_v1/episodes/shard3/FIXED_L80/square__hb3p_stop_continue_formal__800367.npz,False,040b679569eaab02f577c056fdc85f2049a19af3ad8351fc50d35c7afe46c3d3,square:hb3p_stop_continue_formal:800367,/home/__compress_data/xushijie/work/cr_scizor/experiments/handback/hb3p_stop_continue_formal_v1/roots/rollout_367.npz,800367,square
square:hb4_source:800368,/home/__compress_data/xushijie/work/cr_scizor/experiments/handback/hb3p_stop_continue_formal_v1/roots/payloads/368.npz,False,L60_NOT_GENUINE_HANDOFF,1bf6093ac2a34a35a90d76634476ac923f1f3edadb632c22cbbe4ea67d217c9f,False,400,/home/__compress_data/xushijie/work/cr_scizor/experiments/handback/hb3p_stop_continue_formal_v1/episodes/shard4/FIXED_L60/square__hb3p_stop_continue_formal__800368.json,,False,80,False,/home/__compress_data/xushijie/work/cr_scizor/experiments/handback/hb3p_stop_continue_formal_v1/episodes/shard4/FIXED_L60/square__hb3p_stop_continue_formal__800368.npz,False,400,/home/__compress_data/xushijie/work/cr_scizor/experiments/handback/hb3p_stop_continue_formal_v1/episodes/shard4/FIXED_L80/square__hb3p_stop_continue_formal__800368.json,,False,100,False,/home/__compress_data/xushijie/work/cr_scizor/experiments/handback/hb3p_stop_continue_formal_v1/episodes/shard4/FIXED_L80/square__hb3p_stop_continue_formal__800368.npz,False,040b679569eaab02f577c056fdc85f2049a19af3ad8351fc50d35c7afe46c3d3,square:hb3p_stop_continue_formal:800368,/home/__compress_data/xushijie/work/cr_scizor/experiments/handback/hb3p_stop_continue_formal_v1/roots/rollout_368.npz,800368,square
square:hb4_source:800369,/home/__compress_data/xushijie/work/cr_scizor/experiments/handback/hb3p_stop_continue_formal_v1/roots/payloads/369.npz,False,L60_NOT_GENUINE_HANDOFF,624ffdca8cee0c28dfb90ce941553362ce97f9af85537212640088baac2c79a6,False,400,/home/__compress_data/xushijie/work/cr_scizor/experiments/handback/hb3p_stop_continue_formal_v1/episodes/shard5/FIXED_L60/square__hb3p_stop_continue_formal__800369.json,,False,80,False,/home/__compress_data/xushijie/work/cr_scizor/experiments/handback/hb3p_stop_continue_formal_v1/episodes/shard5/FIXED_L60/square__hb3p_stop_continue_formal__800369.npz,False,400,/home/__compress_data/xushijie/work/cr_scizor/experiments/handback/hb3p_stop_continue_formal_v1/episodes/shard5/FIXED_L80/square__hb3p_stop_continue_formal__800369.json,,False,100,False,/home/__compress_data/xushijie/work/cr_scizor/experiments/handback/hb3p_stop_continue_formal_v1/episodes/shard5/FIXED_L80/square__hb3p_stop_continue_formal__800369.npz,False,040b679569eaab02f577c056fdc85f2049a19af3ad8351fc50d35c7afe46c3d3,square:hb3p_stop_continue_formal:800369,/home/__compress_data/xushijie/work/cr_scizor/experiments/handback/hb3p_stop_continue_formal_v1/roots/rollout_369.npz,800369,square
square:hb4_source:800370,/home/__compress_data/xushijie/work/cr_scizor/experiments/handback/hb3p_stop_continue_formal_v1/roots/payloads/370.npz,False,L60_NOT_GENUINE_HANDOFF,c766e3f5a309f42bc3ece2e1a2344cc0720a92da607ecfefdec31fb24250f0e9,False,400,/home/__compress_data/xushijie/work/cr_scizor/experiments/handback/hb3p_stop_continue_formal_v1/episodes/shard6/FIXED_L60/square__hb3p_stop_continue_formal__800370.json,,False,80,False,/home/__compress_data/xushijie/work/cr_scizor/experiments/handback/hb3p_stop_continue_formal_v1/episodes/shard6/FIXED_L60/square__hb3p_stop_continue_formal__800370.npz,True,291,/home/__compress_data/xushijie/work/cr_scizor/experiments/handback/hb3p_stop_continue_formal_v1/episodes/shard6/FIXED_L80/square__hb3p_stop_continue_formal__800370.json,287,True,100,True,/home/__compress_data/xushijie/work/cr_scizor/experiments/handback/hb3p_stop_continue_formal_v1/episodes/shard6/FIXED_L80/square__hb3p_stop_continue_formal__800370.npz,False,040b679569eaab02f577c056fdc85f2049a19af3ad8351fc50d35c7afe46c3d3,square:hb3p_stop_continue_formal:800370,/home/__compress_data/xushijie/work/cr_scizor/experiments/handback/hb3p_stop_continue_formal_v1/roots/rollout_370.npz,800370,square
square:hb4_source:800371,/home/__compress_data/xushijie/work/cr_scizor/experiments/handback/hb3p_stop_continue_formal_v1/roots/payloads/371.npz,False,L60_NOT_GENUINE_HANDOFF,254296ca5d0b49c6e1642fc41918a794d0f36a3da0d3fc6f5b13e11f1e713cbc,False,400,/home/__compress_data/xushijie/work/cr_scizor/experiments/handback/hb3p_stop_continue_formal_v1/episodes/shard0/FIXED_L60/square__hb3p_stop_continue_formal__800371.json,,False,80,False,/home/__compress_data/xushijie/work/cr_scizor/experiments/handback/hb3p_stop_continue_formal_v1/episodes/shard0/FIXED_L60/square__hb3p_stop_continue_formal__800371.npz,False,400,/home/__compress_data/xushijie/work/cr_scizor/experiments/handback/hb3p_stop_continue_formal_v1/episodes/shard0/FIXED_L80/square__hb3p_stop_continue_formal__800371.json,,False,100,False,/home/__compress_data/xushijie/work/cr_scizor/experiments/handback/hb3p_stop_continue_formal_v1/episodes/shard0/FIXED_L80/square__hb3p_stop_continue_formal__800371.npz,False,040b679569eaab02f577c056fdc85f2049a19af3ad8351fc50d35c7afe46c3d3,square:hb3p_stop_continue_formal:800371,/home/__compress_data/xushijie/work/cr_scizor/experiments/handback/hb3p_stop_continue_formal_v1/roots/rollout_371.npz,800371,square
square:hb4_source:800372,/home/__compress_data/xushijie/work/cr_scizor/experiments/handback/hb3p_stop_continue_formal_v1/roots/payloads/372.npz,False,L60_NOT_GENUINE_HANDOFF,edae44a443d707072689bd7b66b59d3f42b2bfd91a6e4eb431dd35c1f9791a6a,False,400,/home/__compress_data/xushijie/work/cr_scizor/experiments/handback/hb3p_stop_continue_formal_v1/episodes/shard1/FIXED_L60/square__hb3p_stop_continue_formal__800372.json,,False,80,False,/home/__compress_data/xushijie/work/cr_scizor/experiments/handback/hb3p_stop_continue_formal_v1/episodes/shard1/FIXED_L60/square__hb3p_stop_continue_formal__800372.npz,True,139,/home/__compress_data/xushijie/work/cr_scizor/experiments/handback/hb3p_stop_continue_formal_v1/episodes/shard1/FIXED_L80/square__hb3p_stop_continue_formal__800372.json,135,True,100,True,/home/__compress_data/xushijie/work/cr_scizor/experiments/handback/hb3p_stop_continue_formal_v1/episodes/shard1/FIXED_L80/square__hb3p_stop_continue_formal__800372.npz,False,040b679569eaab02f577c056fdc85f2049a19af3ad8351fc50d35c7afe46c3d3,square:hb3p_stop_continue_formal:800372,/home/__compress_data/xushijie/work/cr_scizor/experiments/handback/hb3p_stop_continue_formal_v1/roots/rollout_372.npz,800372,square
square:hb4_source:800373,/home/__compress_data/xushijie/work/cr_scizor/experiments/handback/hb3p_stop_continue_formal_v1/roots/payloads/373.npz,False,L60_NOT_GENUINE_HANDOFF,7f719e49551f2f215466340522c7ebdd2566bff15e57565bc5a3c7409e6e072a,False,400,/home/__compress_data/xushijie/work/cr_scizor/experiments/handback/hb3p_stop_continue_formal_v1/episodes/shard2/FIXED_L60/square__hb3p_stop_continue_formal__800373.json,,False,80,False,/home/__compress_data/xushijie/work/cr_scizor/experiments/handback/hb3p_stop_continue_formal_v1/episodes/shard2/FIXED_L60/square__hb3p_stop_continue_formal__800373.npz,False,400,/home/__compress_data/xushijie/work/cr_scizor/experiments/handback/hb3p_stop_continue_formal_v1/episodes/shard2/FIXED_L80/square__hb3p_stop_continue_formal__800373.json,,False,100,False,/home/__compress_data/xushijie/work/cr_scizor/experiments/handback/hb3p_stop_continue_formal_v1/episodes/shard2/FIXED_L80/square__hb3p_stop_continue_formal__800373.npz,False,040b679569eaab02f577c056fdc85f2049a19af3ad8351fc50d35c7afe46c3d3,square:hb3p_stop_continue_formal:800373,/home/__compress_data/xushijie/work/cr_scizor/experiments/handback/hb3p_stop_continue_formal_v1/roots/rollout_373.npz,800373,square
square:hb4_source:800374,/home/__compress_data/xushijie/work/cr_scizor/experiments/handback/hb3p_stop_continue_formal_v1/roots/payloads/374.npz,False,L60_NOT_GENUINE_HANDOFF,319b9ba6f0a0a2b11fd398877518d4921c7e58672806199f28945df3b219ef3c,False,400,/home/__compress_data/xushijie/work/cr_scizor/experiments/handback/hb3p_stop_continue_formal_v1/episodes/shard3/FIXED_L60/square__hb3p_stop_continue_formal__800374.json,,False,80,False,/home/__compress_data/xushijie/work/cr_scizor/experiments/handback/hb3p_stop_continue_formal_v1/episodes/shard3/FIXED_L60/square__hb3p_stop_continue_formal__800374.npz,False,400,/home/__compress_data/xushijie/work/cr_scizor/experiments/handback/hb3p_stop_continue_formal_v1/episodes/shard3/FIXED_L80/square__hb3p_stop_continue_formal__800374.json,,False,100,False,/home/__compress_data/xushijie/work/cr_scizor/experiments/handback/hb3p_stop_continue_formal_v1/episodes/shard3/FIXED_L80/square__hb3p_stop_continue_formal__800374.npz,False,040b679569eaab02f577c056fdc85f2049a19af3ad8351fc50d35c7afe46c3d3,square:hb3p_stop_continue_formal:800374,/home/__compress_data/xushijie/work/cr_scizor/experiments/handback/hb3p_stop_continue_formal_v1/roots/rollout_374.npz,800374,square
square:hb4_source:800375,/home/__compress_data/xushijie/work/cr_scizor/experiments/handback/hb3p_stop_continue_formal_v1/roots/payloads/375.npz,False,L60_NOT_GENUINE_HANDOFF,6f3b25912cf93e60e494401213b6678d87811781d7695a668ffaf1e6fcaa3615,False,400,/home/__compress_data/xushijie/work/cr_scizor/experiments/handback/hb3p_stop_continue_formal_v1/episodes/shard4/FIXED_L60/square__hb3p_stop_continue_formal__800375.json,,False,80,False,/home/__compress_data/xushijie/work/cr_scizor/experiments/handback/hb3p_stop_continue_formal_v1/episodes/shard4/FIXED_L60/square__hb3p_stop_continue_formal__800375.npz,True,171,/home/__compress_data/xushijie/work/cr_scizor/experiments/handback/hb3p_stop_continue_formal_v1/episodes/shard4/FIXED_L80/square__hb3p_stop_continue_formal__800375.json,167,True,100,True,/home/__compress_data/xushijie/work/cr_scizor/experiments/handback/hb3p_stop_continue_formal_v1/episodes/shard4/FIXED_L80/square__hb3p_stop_continue_formal__800375.npz,False,040b679569eaab02f577c056fdc85f2049a19af3ad8351fc50d35c7afe46c3d3,square:hb3p_stop_continue_formal:800375,/home/__compress_data/xushijie/work/cr_scizor/experiments/handback/hb3p_stop_continue_formal_v1/roots/rollout_375.npz,800375,square
square:hb4_source:800376,/home/__compress_data/xushijie/work/cr_scizor/experiments/handback/hb3p_stop_continue_formal_v1/roots/payloads/376.npz,True,,8bc9320a911f565c80a9cee4dbb975a8b06f757862b57ed869ff69f3549c3761,True,139,/home/__compress_data/xushijie/work/cr_scizor/experiments/handback/hb3p_stop_continue_formal_v1/episodes/shard5/FIXED_L60/square__hb3p_stop_continue_formal__800376.json,135,True,80,True,/home/__compress_data/xushijie/work/cr_scizor/experiments/handback/hb3p_stop_continue_formal_v1/episodes/shard5/FIXED_L60/square__hb3p_stop_continue_formal__800376.npz,False,122,/home/__compress_data/xushijie/work/cr_scizor/experiments/handback/hb3p_stop_continue_formal_v1/episodes/shard5/FIXED_L80/square__hb3p_stop_continue_formal__800376.json,118,False,100,True,/home/__compress_data/xushijie/work/cr_scizor/experiments/handback/hb3p_stop_continue_formal_v1/episodes/shard5/FIXED_L80/square__hb3p_stop_continue_formal__800376.npz,False,040b679569eaab02f577c056fdc85f2049a19af3ad8351fc50d35c7afe46c3d3,square:hb3p_stop_continue_formal:800376,/home/__compress_data/xushijie/work/cr_scizor/experiments/handback/hb3p_stop_continue_formal_v1/roots/rollout_376.npz,800376,square
square:hb4_source:800377,/home/__compress_data/xushijie/work/cr_scizor/experiments/handback/hb3p_stop_continue_formal_v1/roots/payloads/377.npz,False,L60_NOT_GENUINE_HANDOFF,2a6cb0cb3fc18be22fed5c38a5c27d6eb2f17e1bf7752ced560758e61c0cefca,False,400,/home/__compress_data/xushijie/work/cr_scizor/experiments/handback/hb3p_stop_continue_formal_v1/episodes/shard6/FIXED_L60/square__hb3p_stop_continue_formal__800377.json,,False,80,False,/home/__compress_data/xushijie/work/cr_scizor/experiments/handback/hb3p_stop_continue_formal_v1/episodes/shard6/FIXED_L60/square__hb3p_stop_continue_formal__800377.npz,False,400,/home/__compress_data/xushijie/work/cr_scizor/experiments/handback/hb3p_stop_continue_formal_v1/episodes/shard6/FIXED_L80/square__hb3p_stop_continue_formal__800377.json,,False,100,False,/home/__compress_data/xushijie/work/cr_scizor/experiments/handback/hb3p_stop_continue_formal_v1/episodes/shard6/FIXED_L80/square__hb3p_stop_continue_formal__800377.npz,False,040b679569eaab02f577c056fdc85f2049a19af3ad8351fc50d35c7afe46c3d3,square:hb3p_stop_continue_formal:800377,/home/__compress_data/xushijie/work/cr_scizor/experiments/handback/hb3p_stop_continue_formal_v1/roots/rollout_377.npz,800377,square
square:hb4_source:800378,/home/__compress_data/xushijie/work/cr_scizor/experiments/handback/hb3p_stop_continue_formal_v1/roots/payloads/378.npz,False,L60_NOT_GENUINE_HANDOFF,e2682493243b49ef57901e5baedfd84dd04c6d24f6cad9ae24d4af731800af88,False,400,/home/__compress_data/xushijie/work/cr_scizor/experiments/handback/hb3p_stop_continue_formal_v1/episodes/shard0/FIXED_L60/square__hb3p_stop_continue_formal__800378.json,,False,80,False,/home/__compress_data/xushijie/work/cr_scizor/experiments/handback/hb3p_stop_continue_formal_v1/episodes/shard0/FIXED_L60/square__hb3p_stop_continue_formal__800378.npz,False,400,/home/__compress_data/xushijie/work/cr_scizor/experiments/handback/hb3p_stop_continue_formal_v1/episodes/shard0/FIXED_L80/square__hb3p_stop_continue_formal__800378.json,,False,100,False,/home/__compress_data/xushijie/work/cr_scizor/experiments/handback/hb3p_stop_continue_formal_v1/episodes/shard0/FIXED_L80/square__hb3p_stop_continue_formal__800378.npz,False,040b679569eaab02f577c056fdc85f2049a19af3ad8351fc50d35c7afe46c3d3,square:hb3p_stop_continue_formal:800378,/home/__compress_data/xushijie/work/cr_scizor/experiments/handback/hb3p_stop_continue_formal_v1/roots/rollout_378.npz,800378,square
square:hb4_source:800379,/home/__compress_data/xushijie/work/cr_scizor/experiments/handback/hb3p_stop_continue_formal_v1/roots/payloads/379.npz,False,L60_NOT_GENUINE_HANDOFF,c85eba105769402131f7b73839e53327a4cecb88d80ac1d66d6b53162b2b3e45,False,400,/home/__compress_data/xushijie/work/cr_scizor/experiments/handback/hb3p_stop_continue_formal_v1/episodes/shard1/FIXED_L60/square__hb3p_stop_continue_formal__800379.json,,False,80,False,/home/__compress_data/xushijie/work/cr_scizor/experiments/handback/hb3p_stop_continue_formal_v1/episodes/shard1/FIXED_L60/square__hb3p_stop_continue_formal__800379.npz,False,400,/home/__compress_data/xushijie/work/cr_scizor/experiments/handback/hb3p_stop_continue_formal_v1/episodes/shard1/FIXED_L80/square__hb3p_stop_continue_formal__800379.json,,False,100,False,/home/__compress_data/xushijie/work/cr_scizor/experiments/handback/hb3p_stop_continue_formal_v1/episodes/shard1/FIXED_L80/square__hb3p_stop_continue_formal__800379.npz,False,040b679569eaab02f577c056fdc85f2049a19af3ad8351fc50d35c7afe46c3d3,square:hb3p_stop_continue_formal:800379,/home/__compress_data/xushijie/work/cr_scizor/experiments/handback/hb3p_stop_continue_formal_v1/roots/rollout_379.npz,800379,square
square:hb4_source:800380,/home/__compress_data/xushijie/work/cr_scizor/experiments/handback/hb3p_stop_continue_formal_v1/roots/payloads/380.npz,False,L60_NOT_GENUINE_HANDOFF,4a7b3ada75b8c591ed09bc5d591da92d244d363d48e471dc4fec708d406315b8,False,400,/home/__compress_data/xushijie/work/cr_scizor/experiments/handback/hb3p_stop_continue_formal_v1/episodes/shard2/FIXED_L60/square__hb3p_stop_continue_formal__800380.json,,False,80,False,/home/__compress_data/xushijie/work/cr_scizor/experiments/handback/hb3p_stop_continue_formal_v1/episodes/shard2/FIXED_L60/square__hb3p_stop_continue_formal__800380.npz,False,400,/home/__compress_data/xushijie/work/cr_scizor/experiments/handback/hb3p_stop_continue_formal_v1/episodes/shard2/FIXED_L80/square__hb3p_stop_continue_formal__800380.json,,False,100,False,/home/__compress_data/xushijie/work/cr_scizor/experiments/handback/hb3p_stop_continue_formal_v1/episodes/shard2/FIXED_L80/square__hb3p_stop_continue_formal__800380.npz,False,040b679569eaab02f577c056fdc85f2049a19af3ad8351fc50d35c7afe46c3d3,square:hb3p_stop_continue_formal:800380,/home/__compress_data/xushijie/work/cr_scizor/experiments/handback/hb3p_stop_continue_formal_v1/roots/rollout_380.npz,800380,square
square:hb4_source:800381,/home/__compress_data/xushijie/work/cr_scizor/experiments/handback/hb3p_stop_continue_formal_v1/roots/payloads/381.npz,False,NONE_SUCCESS;L60_NOT_GENUINE_HANDOFF,7d5190b5e7bf9955eea96d66ae56dcbfdbe9d6ff8a59e0634cd35ca56630f046,False,400,/home/__compress_data/xushijie/work/cr_scizor/experiments/handback/hb3p_stop_continue_formal_v1/episodes/shard3/FIXED_L60/square__hb3p_stop_continue_formal__800381.json,,False,80,False,/home/__compress_data/xushijie/work/cr_scizor/experiments/handback/hb3p_stop_continue_formal_v1/episodes/shard3/FIXED_L60/square__hb3p_stop_continue_formal__800381.npz,False,400,/home/__compress_data/xushijie/work/cr_scizor/experiments/handback/hb3p_stop_continue_formal_v1/episodes/shard3/FIXED_L80/square__hb3p_stop_continue_formal__800381.json,,False,100,False,/home/__compress_data/xushijie/work/cr_scizor/experiments/handback/hb3p_stop_continue_formal_v1/episodes/shard3/FIXED_L80/square__hb3p_stop_continue_formal__800381.npz,True,040b679569eaab02f577c056fdc85f2049a19af3ad8351fc50d35c7afe46c3d3,square:hb3p_stop_continue_formal:800381,/home/__compress_data/xushijie/work/cr_scizor/experiments/handback/hb3p_stop_continue_formal_v1/roots/rollout_381.npz,800381,square
square:hb4_source:800382,/home/__compress_data/xushijie/work/cr_scizor/experiments/handback/hb3p_stop_continue_formal_v1/roots/payloads/382.npz,False,L60_NOT_GENUINE_HANDOFF,044ce8dba3b8f63157434678accc1da99a494e76e81892888f2fe3b20d8c3a08,False,400,/home/__compress_data/xushijie/work/cr_scizor/experiments/handback/hb3p_stop_continue_formal_v1/episodes/shard4/FIXED_L60/square__hb3p_stop_continue_formal__800382.json,,False,80,False,/home/__compress_data/xushijie/work/cr_scizor/experiments/handback/hb3p_stop_continue_formal_v1/episodes/shard4/FIXED_L60/square__hb3p_stop_continue_formal__800382.npz,False,400,/home/__compress_data/xushijie/work/cr_scizor/experiments/handback/hb3p_stop_continue_formal_v1/episodes/shard4/FIXED_L80/square__hb3p_stop_continue_formal__800382.json,,False,100,False,/home/__compress_data/xushijie/work/cr_scizor/experiments/handback/hb3p_stop_continue_formal_v1/episodes/shard4/FIXED_L80/square__hb3p_stop_continue_formal__800382.npz,False,040b679569eaab02f577c056fdc85f2049a19af3ad8351fc50d35c7afe46c3d3,square:hb3p_stop_continue_formal:800382,/home/__compress_data/xushijie/work/cr_scizor/experiments/handback/hb3p_stop_continue_formal_v1/roots/rollout_382.npz,800382,square
square:hb4_source:800383,/home/__compress_data/xushijie/work/cr_scizor/experiments/handback/hb3p_stop_continue_formal_v1/roots/payloads/383.npz,False,L60_NOT_GENUINE_HANDOFF,10a98dc062470a881d96da4093349a2d24442d34959d5481b7e37fced3982d4a,False,400,/home/__compress_data/xushijie/work/cr_scizor/experiments/handback/hb3p_stop_continue_formal_v1/episodes/shard5/FIXED_L60/square__hb3p_stop_continue_formal__800383.json,,False,80,False,/home/__compress_data/xushijie/work/cr_scizor/experiments/handback/hb3p_stop_continue_formal_v1/episodes/shard5/FIXED_L60/square__hb3p_stop_continue_formal__800383.npz,False,400,/home/__compress_data/xushijie/work/cr_scizor/experiments/handback/hb3p_stop_continue_formal_v1/episodes/shard5/FIXED_L80/square__hb3p_stop_continue_formal__800383.json,,False,100,False,/home/__compress_data/xushijie/work/cr_scizor/experiments/handback/hb3p_stop_continue_formal_v1/episodes/shard5/FIXED_L80/square__hb3p_stop_continue_formal__800383.npz,False,040b679569eaab02f577c056fdc85f2049a19af3ad8351fc50d35c7afe46c3d3,square:hb3p_stop_continue_formal:800383,/home/__compress_data/xushijie/work/cr_scizor/experiments/handback/hb3p_stop_continue_formal_v1/roots/rollout_383.npz,800383,square
square:hb4_source:800384,/home/__compress_data/xushijie/work/cr_scizor/experiments/handback/hb3p_stop_continue_formal_v1/roots/payloads/384.npz,False,L60_NOT_GENUINE_HANDOFF,463ac713d24e226989fcd098ec0a64bc2d0d5e8b8db376fdf9bc5a8b5b6d680a,False,400,/home/__compress_data/xushijie/work/cr_scizor/experiments/handback/hb3p_stop_continue_formal_v1/episodes/shard6/FIXED_L60/square__hb3p_stop_continue_formal__800384.json,,False,80,False,/home/__compress_data/xushijie/work/cr_scizor/experiments/handback/hb3p_stop_continue_formal_v1/episodes/shard6/FIXED_L60/square__hb3p_stop_continue_formal__800384.npz,False,400,/home/__compress_data/xushijie/work/cr_scizor/experiments/handback/hb3p_stop_continue_formal_v1/episodes/shard6/FIXED_L80/square__hb3p_stop_continue_formal__800384.json,,False,100,False,/home/__compress_data/xushijie/work/cr_scizor/experiments/handback/hb3p_stop_continue_formal_v1/episodes/shard6/FIXED_L80/square__hb3p_stop_continue_formal__800384.npz,False,040b679569eaab02f577c056fdc85f2049a19af3ad8351fc50d35c7afe46c3d3,square:hb3p_stop_continue_formal:800384,/home/__compress_data/xushijie/work/cr_scizor/experiments/handback/hb3p_stop_continue_formal_v1/roots/rollout_384.npz,800384,square
square:hb4_source:800385,/home/__compress_data/xushijie/work/cr_scizor/experiments/handback/hb3p_stop_continue_formal_v1/roots/payloads/385.npz,True,,660c2a4bd4919cd7898349abf3156a416497ad207c6829881e91e7b3292a3d2b,True,146,/home/__compress_data/xushijie/work/cr_scizor/experiments/handback/hb3p_stop_continue_formal_v1/episodes/shard0/FIXED_L60/square__hb3p_stop_continue_formal__800385.json,142,True,80,True,/home/__compress_data/xushijie/work/cr_scizor/experiments/handback/hb3p_stop_continue_formal_v1/episodes/shard0/FIXED_L60/square__hb3p_stop_continue_formal__800385.npz,True,171,/home/__compress_data/xushijie/work/cr_scizor/experiments/handback/hb3p_stop_continue_formal_v1/episodes/shard0/FIXED_L80/square__hb3p_stop_continue_formal__800385.json,167,True,100,True,/home/__compress_data/xushijie/work/cr_scizor/experiments/handback/hb3p_stop_continue_formal_v1/episodes/shard0/FIXED_L80/square__hb3p_stop_continue_formal__800385.npz,False,040b679569eaab02f577c056fdc85f2049a19af3ad8351fc50d35c7afe46c3d3,square:hb3p_stop_continue_formal:800385,/home/__compress_data/xushijie/work/cr_scizor/experiments/handback/hb3p_stop_continue_formal_v1/roots/rollout_385.npz,800385,square
square:hb4_source:800386,/home/__compress_data/xushijie/work/cr_scizor/experiments/handback/hb3p_stop_continue_formal_v1/roots/payloads/386.npz,False,L60_NOT_GENUINE_HANDOFF,fb2203e3d02b1e603fa9dd085068853472125878cc7fb00cd531e5d58f7d5e90,False,400,/home/__compress_data/xushijie/work/cr_scizor/experiments/handback/hb3p_stop_continue_formal_v1/episodes/shard1/FIXED_L60/square__hb3p_stop_continue_formal__800386.json,,False,80,False,/home/__compress_data/xushijie/work/cr_scizor/experiments/handback/hb3p_stop_continue_formal_v1/episodes/shard1/FIXED_L60/square__hb3p_stop_continue_formal__800386.npz,False,400,/home/__compress_data/xushijie/work/cr_scizor/experiments/handback/hb3p_stop_continue_formal_v1/episodes/shard1/FIXED_L80/square__hb3p_stop_continue_formal__800386.json,,False,100,False,/home/__compress_data/xushijie/work/cr_scizor/experiments/handback/hb3p_stop_continue_formal_v1/episodes/shard1/FIXED_L80/square__hb3p_stop_continue_formal__800386.npz,False,040b679569eaab02f577c056fdc85f2049a19af3ad8351fc50d35c7afe46c3d3,square:hb3p_stop_continue_formal:800386,/home/__compress_data/xushijie/work/cr_scizor/experiments/handback/hb3p_stop_continue_formal_v1/roots/rollout_386.npz,800386,square
square:hb4_source:800387,/home/__compress_data/xushijie/work/cr_scizor/experiments/handback/hb3p_stop_continue_formal_v1/roots/payloads/387.npz,False,L60_NOT_GENUINE_HANDOFF,343a4c6aef74f2c7f21d88594b75a6094b1b87f0e53717d69efdb1009c849abf,False,400,/home/__compress_data/xushijie/work/cr_scizor/experiments/handback/hb3p_stop_continue_formal_v1/episodes/shard2/FIXED_L60/square__hb3p_stop_continue_formal__800387.json,,False,80,False,/home/__compress_data/xushijie/work/cr_scizor/experiments/handback/hb3p_stop_continue_formal_v1/episodes/shard2/FIXED_L60/square__hb3p_stop_continue_formal__800387.npz,True,138,/home/__compress_data/xushijie/work/cr_scizor/experiments/handback/hb3p_stop_continue_formal_v1/episodes/shard2/FIXED_L80/square__hb3p_stop_continue_formal__800387.json,134,True,100,True,/home/__compress_data/xushijie/work/cr_scizor/experiments/handback/hb3p_stop_continue_formal_v1/episodes/shard2/FIXED_L80/square__hb3p_stop_continue_formal__800387.npz,False,040b679569eaab02f577c056fdc85f2049a19af3ad8351fc50d35c7afe46c3d3,square:hb3p_stop_continue_formal:800387,/home/__compress_data/xushijie/work/cr_scizor/experiments/handback/hb3p_stop_continue_formal_v1/roots/rollout_387.npz,800387,square
square:hb4_source:800388,/home/__compress_data/xushijie/work/cr_scizor/experiments/handback/hb3p_stop_continue_formal_v1/roots/payloads/388.npz,True,,e7a0267917ab6e075df2cf07e98ec0fdee5e210a72da4ad70d0e29aff8e84903,True,346,/home/__compress_data/xushijie/work/cr_scizor/experiments/handback/hb3p_stop_continue_formal_v1/episodes/shard3/FIXED_L60/square__hb3p_stop_continue_formal__800388.json,342,True,80,True,/home/__compress_data/xushijie/work/cr_scizor/experiments/handback/hb3p_stop_continue_formal_v1/episodes/shard3/FIXED_L60/square__hb3p_stop_continue_formal__800388.npz,False,400,/home/__compress_data/xushijie/work/cr_scizor/experiments/handback/hb3p_stop_continue_formal_v1/episodes/shard3/FIXED_L80/square__hb3p_stop_continue_formal__800388.json,,False,100,False,/home/__compress_data/xushijie/work/cr_scizor/experiments/handback/hb3p_stop_continue_formal_v1/episodes/shard3/FIXED_L80/square__hb3p_stop_continue_formal__800388.npz,False,040b679569eaab02f577c056fdc85f2049a19af3ad8351fc50d35c7afe46c3d3,square:hb3p_stop_continue_formal:800388,/home/__compress_data/xushijie/work/cr_scizor/experiments/handback/hb3p_stop_continue_formal_v1/roots/rollout_388.npz,800388,square
square:hb4_source:800389,/home/__compress_data/xushijie/work/cr_scizor/experiments/handback/hb3p_stop_continue_formal_v1/roots/payloads/389.npz,False,NONE_SUCCESS;L60_NOT_GENUINE_HANDOFF,fc3cf167c77e8ba0d8f9aedc7a5f6cac35518b89f39aa747a443e46c3150aa09,False,400,/home/__compress_data/xushijie/work/cr_scizor/experiments/handback/hb3p_stop_continue_formal_v1/episodes/shard4/FIXED_L60/square__hb3p_stop_continue_formal__800389.json,,False,80,False,/home/__compress_data/xushijie/work/cr_scizor/experiments/handback/hb3p_stop_continue_formal_v1/episodes/shard4/FIXED_L60/square__hb3p_stop_continue_formal__800389.npz,False,400,/home/__compress_data/xushijie/work/cr_scizor/experiments/handback/hb3p_stop_continue_formal_v1/episodes/shard4/FIXED_L80/square__hb3p_stop_continue_formal__800389.json,,False,100,False,/home/__compress_data/xushijie/work/cr_scizor/experiments/handback/hb3p_stop_continue_formal_v1/episodes/shard4/FIXED_L80/square__hb3p_stop_continue_formal__800389.npz,True,040b679569eaab02f577c056fdc85f2049a19af3ad8351fc50d35c7afe46c3d3,square:hb3p_stop_continue_formal:800389,/home/__compress_data/xushijie/work/cr_scizor/experiments/handback/hb3p_stop_continue_formal_v1/roots/rollout_389.npz,800389,square
square:hb4_source:800390,/home/__compress_data/xushijie/work/cr_scizor/experiments/handback/hb3p_stop_continue_formal_v1/roots/payloads/390.npz,False,NONE_SUCCESS,98cdb4715964fbceaeac7ebeb43048b1931e9178037ed6332142dcdda9b3d989,True,139,/home/__compress_data/xushijie/work/cr_scizor/experiments/handback/hb3p_stop_continue_formal_v1/episodes/shard5/FIXED_L60/square__hb3p_stop_continue_formal__800390.json,135,True,80,True,/home/__compress_data/xushijie/work/cr_scizor/experiments/handback/hb3p_stop_continue_formal_v1/episodes/shard5/FIXED_L60/square__hb3p_stop_continue_formal__800390.npz,True,152,/home/__compress_data/xushijie/work/cr_scizor/experiments/handback/hb3p_stop_continue_formal_v1/episodes/shard5/FIXED_L80/square__hb3p_stop_continue_formal__800390.json,148,True,100,True,/home/__compress_data/xushijie/work/cr_scizor/experiments/handback/hb3p_stop_continue_formal_v1/episodes/shard5/FIXED_L80/square__hb3p_stop_continue_formal__800390.npz,True,040b679569eaab02f577c056fdc85f2049a19af3ad8351fc50d35c7afe46c3d3,square:hb3p_stop_continue_formal:800390,/home/__compress_data/xushijie/work/cr_scizor/experiments/handback/hb3p_stop_continue_formal_v1/roots/rollout_390.npz,800390,square
square:hb4_source:800391,/home/__compress_data/xushijie/work/cr_scizor/experiments/handback/hb3p_stop_continue_formal_v1/roots/payloads/391.npz,False,L60_NOT_GENUINE_HANDOFF,39af7fbde18577dc45f9768871e1c0e1cb54cd1cbf0d5640312da6d29a6fc03a,False,400,/home/__compress_data/xushijie/work/cr_scizor/experiments/handback/hb3p_stop_continue_formal_v1/episodes/shard6/FIXED_L60/square__hb3p_stop_continue_formal__800391.json,,False,80,False,/home/__compress_data/xushijie/work/cr_scizor/experiments/handback/hb3p_stop_continue_formal_v1/episodes/shard6/FIXED_L60/square__hb3p_stop_continue_formal__800391.npz,False,400,/home/__compress_data/xushijie/work/cr_scizor/experiments/handback/hb3p_stop_continue_formal_v1/episodes/shard6/FIXED_L80/square__hb3p_stop_continue_formal__800391.json,,False,100,False,/home/__compress_data/xushijie/work/cr_scizor/experiments/handback/hb3p_stop_continue_formal_v1/episodes/shard6/FIXED_L80/square__hb3p_stop_continue_formal__800391.npz,False,040b679569eaab02f577c056fdc85f2049a19af3ad8351fc50d35c7afe46c3d3,square:hb3p_stop_continue_formal:800391,/home/__compress_data/xushijie/work/cr_scizor/experiments/handback/hb3p_stop_continue_formal_v1/roots/rollout_391.npz,800391,square
square:hb4_source:800392,/home/__compress_data/xushijie/work/cr_scizor/experiments/handback/hb3p_stop_continue_formal_v1/roots/payloads/392.npz,False,L60_NOT_GENUINE_HANDOFF,1c51ae8a8eeacee18eb97f1f17adbcd10dabc51121806d0d3953a1cfab60bcdf,False,400,/home/__compress_data/xushijie/work/cr_scizor/experiments/handback/hb3p_stop_continue_formal_v1/episodes/shard0/FIXED_L60/square__hb3p_stop_continue_formal__800392.json,,False,80,False,/home/__compress_data/xushijie/work/cr_scizor/experiments/handback/hb3p_stop_continue_formal_v1/episodes/shard0/FIXED_L60/square__hb3p_stop_continue_formal__800392.npz,False,400,/home/__compress_data/xushijie/work/cr_scizor/experiments/handback/hb3p_stop_continue_formal_v1/episodes/shard0/FIXED_L80/square__hb3p_stop_continue_formal__800392.json,,False,100,False,/home/__compress_data/xushijie/work/cr_scizor/experiments/handback/hb3p_stop_continue_formal_v1/episodes/shard0/FIXED_L80/square__hb3p_stop_continue_formal__800392.npz,False,040b679569eaab02f577c056fdc85f2049a19af3ad8351fc50d35c7afe46c3d3,square:hb3p_stop_continue_formal:800392,/home/__compress_data/xushijie/work/cr_scizor/experiments/handback/hb3p_stop_continue_formal_v1/roots/rollout_392.npz,800392,square
square:hb4_source:800393,/home/__compress_data/xushijie/work/cr_scizor/experiments/handback/hb3p_stop_continue_formal_v1/roots/payloads/393.npz,True,,862016064d39008d76e8213cd2513b2f54b614be6c90098fdc023b082b82ce14,True,216,/home/__compress_data/xushijie/work/cr_scizor/experiments/handback/hb3p_stop_continue_formal_v1/episodes/shard1/FIXED_L60/square__hb3p_stop_continue_formal__800393.json,212,True,80,True,/home/__compress_data/xushijie/work/cr_scizor/experiments/handback/hb3p_stop_continue_formal_v1/episodes/shard1/FIXED_L60/square__hb3p_stop_continue_formal__800393.npz,True,151,/home/__compress_data/xushijie/work/cr_scizor/experiments/handback/hb3p_stop_continue_formal_v1/episodes/shard1/FIXED_L80/square__hb3p_stop_continue_formal__800393.json,147,True,100,True,/home/__compress_data/xushijie/work/cr_scizor/experiments/handback/hb3p_stop_continue_formal_v1/episodes/shard1/FIXED_L80/square__hb3p_stop_continue_formal__800393.npz,False,040b679569eaab02f577c056fdc85f2049a19af3ad8351fc50d35c7afe46c3d3,square:hb3p_stop_continue_formal:800393,/home/__compress_data/xushijie/work/cr_scizor/experiments/handback/hb3p_stop_continue_formal_v1/roots/rollout_393.npz,800393,square
square:hb4_source:800394,/home/__compress_data/xushijie/work/cr_scizor/experiments/handback/hb3p_stop_continue_formal_v1/roots/payloads/394.npz,False,L60_NOT_GENUINE_HANDOFF,d40244bc3ca95002a6e6eabba8f5a93cca9a9d21c50d50ddb1081933570b333f,False,400,/home/__compress_data/xushijie/work/cr_scizor/experiments/handback/hb3p_stop_continue_formal_v1/episodes/shard2/FIXED_L60/square__hb3p_stop_continue_formal__800394.json,,False,80,False,/home/__compress_data/xushijie/work/cr_scizor/experiments/handback/hb3p_stop_continue_formal_v1/episodes/shard2/FIXED_L60/square__hb3p_stop_continue_formal__800394.npz,False,400,/home/__compress_data/xushijie/work/cr_scizor/experiments/handback/hb3p_stop_continue_formal_v1/episodes/shard2/FIXED_L80/square__hb3p_stop_continue_formal__800394.json,,False,100,False,/home/__compress_data/xushijie/work/cr_scizor/experiments/handback/hb3p_stop_continue_formal_v1/episodes/shard2/FIXED_L80/square__hb3p_stop_continue_formal__800394.npz,False,040b679569eaab02f577c056fdc85f2049a19af3ad8351fc50d35c7afe46c3d3,square:hb3p_stop_continue_formal:800394,/home/__compress_data/xushijie/work/cr_scizor/experiments/handback/hb3p_stop_continue_formal_v1/roots/rollout_394.npz,800394,square
square:hb4_source:800395,/home/__compress_data/xushijie/work/cr_scizor/experiments/handback/hb3p_stop_continue_formal_v1/roots/payloads/395.npz,False,L60_NOT_GENUINE_HANDOFF,26dd0aa9069bd3a7749aee8549a220881d6b570f4bb7e81968a7a4f5ec841cb4,False,400,/home/__compress_data/xushijie/work/cr_scizor/experiments/handback/hb3p_stop_continue_formal_v1/episodes/shard3/FIXED_L60/square__hb3p_stop_continue_formal__800395.json,,False,80,False,/home/__compress_data/xushijie/work/cr_scizor/experiments/handback/hb3p_stop_continue_formal_v1/episodes/shard3/FIXED_L60/square__hb3p_stop_continue_formal__800395.npz,False,400,/home/__compress_data/xushijie/work/cr_scizor/experiments/handback/hb3p_stop_continue_formal_v1/episodes/shard3/FIXED_L80/square__hb3p_stop_continue_formal__800395.json,,False,100,False,/home/__compress_data/xushijie/work/cr_scizor/experiments/handback/hb3p_stop_continue_formal_v1/episodes/shard3/FIXED_L80/square__hb3p_stop_continue_formal__800395.npz,False,040b679569eaab02f577c056fdc85f2049a19af3ad8351fc50d35c7afe46c3d3,square:hb3p_stop_continue_formal:800395,/home/__compress_data/xushijie/work/cr_scizor/experiments/handback/hb3p_stop_continue_formal_v1/roots/rollout_395.npz,800395,square
square:hb4_source:800396,/home/__compress_data/xushijie/work/cr_scizor/experiments/handback/hb3p_stop_continue_formal_v1/roots/payloads/396.npz,False,L60_NOT_GENUINE_HANDOFF,f59676274a85725a08545fea3d2c85dabba3a984c5a5458082dc8f5fc06bc74c,False,400,/home/__compress_data/xushijie/work/cr_scizor/experiments/handback/hb3p_stop_continue_formal_v1/episodes/shard4/FIXED_L60/square__hb3p_stop_continue_formal__800396.json,,False,80,False,/home/__compress_data/xushijie/work/cr_scizor/experiments/handback/hb3p_stop_continue_formal_v1/episodes/shard4/FIXED_L60/square__hb3p_stop_continue_formal__800396.npz,False,400,/home/__compress_data/xushijie/work/cr_scizor/experiments/handback/hb3p_stop_continue_formal_v1/episodes/shard4/FIXED_L80/square__hb3p_stop_continue_formal__800396.json,,False,100,False,/home/__compress_data/xushijie/work/cr_scizor/experiments/handback/hb3p_stop_continue_formal_v1/episodes/shard4/FIXED_L80/square__hb3p_stop_continue_formal__800396.npz,False,040b679569eaab02f577c056fdc85f2049a19af3ad8351fc50d35c7afe46c3d3,square:hb3p_stop_continue_formal:800396,/home/__compress_data/xushijie/work/cr_scizor/experiments/handback/hb3p_stop_continue_formal_v1/roots/rollout_396.npz,800396,square
square:hb4_source:800397,/home/__compress_data/xushijie/work/cr_scizor/experiments/handback/hb3p_stop_continue_formal_v1/roots/payloads/397.npz,False,L60_NOT_GENUINE_HANDOFF,8b13496e29e166e029d98e96fce173199b618a37c254b93d2efa91a085c88cd0,False,400,/home/__compress_data/xushijie/work/cr_scizor/experiments/handback/hb3p_stop_continue_formal_v1/episodes/shard5/FIXED_L60/square__hb3p_stop_continue_formal__800397.json,,False,80,False,/home/__compress_data/xushijie/work/cr_scizor/experiments/handback/hb3p_stop_continue_formal_v1/episodes/shard5/FIXED_L60/square__hb3p_stop_continue_formal__800397.npz,False,400,/home/__compress_data/xushijie/work/cr_scizor/experiments/handback/hb3p_stop_continue_formal_v1/episodes/shard5/FIXED_L80/square__hb3p_stop_continue_formal__800397.json,,False,100,False,/home/__compress_data/xushijie/work/cr_scizor/experiments/handback/hb3p_stop_continue_formal_v1/episodes/shard5/FIXED_L80/square__hb3p_stop_continue_formal__800397.npz,False,040b679569eaab02f577c056fdc85f2049a19af3ad8351fc50d35c7afe46c3d3,square:hb3p_stop_continue_formal:800397,/home/__compress_data/xushijie/work/cr_scizor/experiments/handback/hb3p_stop_continue_formal_v1/roots/rollout_397.npz,800397,square
square:hb4_source:800398,/home/__compress_data/xushijie/work/cr_scizor/experiments/handback/hb3p_stop_continue_formal_v1/roots/payloads/398.npz,False,L60_NOT_GENUINE_HANDOFF,5b5f1de2c89fd8e3232afbee98117e221e31286267200b024ba83a43a1a0ab8e,False,400,/home/__compress_data/xushijie/work/cr_scizor/experiments/handback/hb3p_stop_continue_formal_v1/episodes/shard6/FIXED_L60/square__hb3p_stop_continue_formal__800398.json,,False,80,False,/home/__compress_data/xushijie/work/cr_scizor/experiments/handback/hb3p_stop_continue_formal_v1/episodes/shard6/FIXED_L60/square__hb3p_stop_continue_formal__800398.npz,False,400,/home/__compress_data/xushijie/work/cr_scizor/experiments/handback/hb3p_stop_continue_formal_v1/episodes/shard6/FIXED_L80/square__hb3p_stop_continue_formal__800398.json,,False,100,False,/home/__compress_data/xushijie/work/cr_scizor/experiments/handback/hb3p_stop_continue_formal_v1/episodes/shard6/FIXED_L80/square__hb3p_stop_continue_formal__800398.npz,False,040b679569eaab02f577c056fdc85f2049a19af3ad8351fc50d35c7afe46c3d3,square:hb3p_stop_continue_formal:800398,/home/__compress_data/xushijie/work/cr_scizor/experiments/handback/hb3p_stop_continue_formal_v1/roots/rollout_398.npz,800398,square
square:hb4_source:800399,/home/__compress_data/xushijie/work/cr_scizor/experiments/handback/hb3p_stop_continue_formal_v1/roots/payloads/399.npz,True,,18fe0894773f33a43e56969706df6f4e976d14bcc26f0677c6c8e3b986ae09dd,True,149,/home/__compress_data/xushijie/work/cr_scizor/experiments/handback/hb3p_stop_continue_formal_v1/episodes/shard0/FIXED_L60/square__hb3p_stop_continue_formal__800399.json,145,True,80,True,/home/__compress_data/xushijie/work/cr_scizor/experiments/handback/hb3p_stop_continue_formal_v1/episodes/shard0/FIXED_L60/square__hb3p_stop_continue_formal__800399.npz,True,155,/home/__compress_data/xushijie/work/cr_scizor/experiments/handback/hb3p_stop_continue_formal_v1/episodes/shard0/FIXED_L80/square__hb3p_stop_continue_formal__800399.json,151,True,100,True,/home/__compress_data/xushijie/work/cr_scizor/experiments/handback/hb3p_stop_continue_formal_v1/episodes/shard0/FIXED_L80/square__hb3p_stop_continue_formal__800399.npz,False,040b679569eaab02f577c056fdc85f2049a19af3ad8351fc50d35c7afe46c3d3,square:hb3p_stop_continue_formal:800399,/home/__compress_data/xushijie/work/cr_scizor/experiments/handback/hb3p_stop_continue_formal_v1/roots/rollout_399.npz,800399,square
