root_id,stat_group_id,root_seed,method_id,canonical_execution,baseline_system_success,relation_to_none,takeover_t,selected_length,helper_steps_actual,changed_action_steps,utility,system_success,autonomous_completion,genuine_handoff_success,helper_completed_task,success_seen_under_helper,handoff_executed,first_raw_success_state,stable_success_state,handoff_t,first_success_wait_after_handoff,query_count,queried_times,decision_summary,decision_trace_available,query_trace_json,method_vs_s_star_outcome_difference,method_vs_s_star_utility_delta,diagnostic_focus
square:hb3p_test:500000,square:hb3p_test:500000,500000,NONE,NONE,False,baseline,nan,0,0,0,0.0,False,False,False,False,False,False,nan,nan,nan,nan,0,[],,False,[],False,0.05,
square:hb3p_test:500000,square:hb3p_test:500000,500000,S_STAR,S_STAR,False,no_rescue_or_change,20.0,80,80,80,-0.05,False,False,False,False,False,True,nan,nan,100.0,nan,0,[],,False,[],False,0.0,
square:hb3p_test:500000,square:hb3p_test:500000,500000,M0_GRID,S_STAR,False,no_rescue_or_change,20.0,80,80,80,-0.05,False,False,False,False,False,True,nan,nan,100.0,nan,0,[],,False,[],False,0.0,
square:hb3p_test:500000,square:hb3p_test:500000,500000,RISK_GRID,S_STAR,False,no_rescue_or_change,20.0,80,80,80,-0.05,False,False,False,False,False,True,nan,nan,100.0,nan,0,[],,False,[],False,0.0,
square:hb3p_test:500000,square:hb3p_test:500000,500000,M1_GRID,M1_GRID,False,no_rescue_or_change,nan,0,0,0,0.0,False,False,False,False,False,False,nan,nan,nan,nan,3,"[20, 80, 160]",t20:L0;t80:L0;t160:L0,True,"[{""absolute_t"":20,""backbone_seconds"":0.0,""client_selected_length"":null,""history_sha256"":""935330379784c98f8811fd7a140d820481f87550abd1820cbbbf516a97f458d9"",""inference_seconds"":0.016799952019937336,""ipc_roundtrip_seconds"":0.0,""method_id"":""M1_GRID"",""model"":""M1_proprio"",""prediction_head_seconds"":0.016038346104323864,""probabilities"":{""p0"":0.0374176066499101,""p_full"":0.22341306325229898,""p_genuine_20"":0.01194757230230456,""p_genuine_5"":0.0054241003888094,""p_genuine_80"":0.08615030637558671,""p_helper_20"":0.0007562448947802312,""p_helper_5"":7.060648433498428e-05,""p_helper_80"":0.002357677216325127,""p_sys_20"":0.012970303465882793,""p_sys_5"":0.006006705435510407,""p_sys_80"":0.09016276434966275,""prediction_head_seconds"":0.016038346104323864},""reported_selected_length"":0},{""absolute_t"":80,""backbone_seconds"":0.0,""client_selected_length"":null,""history_sha256"":""dd3016b74f5e78def310fb1ff435f23bcd884dab66a51a86d8a6c8b0e74c3f4b"",""inference_seconds"":0.001328307087533176,""ipc_roundtrip_seconds"":0.0,""method_id"":""M1_GRID"",""model"":""M1_proprio"",""prediction_head_seconds"":0.0007205080473795533,""probabilities"":{""p0"":0.0248628400213887,""p_full"":0.13943866936174631,""p_genuine_20"":0.005108799042704965,""p_genuine_5"":0.0025718273096086326,""p_genuine_80"":0.029771788462339462,""p_helper_20"":0.0004034720380920152,""p_helper_5"":2.5730846070566156e-05,""p_helper_80"":0.0014467480579290252,""p_sys_20"":0.005643801436861384,""p_sys_5"":0.002795395116242605,""p_sys_80"":0.0320525357718896,""prediction_head_seconds"":0.0007205080473795533},""reported_selected_length"":0},{""absolute_t"":160,""backbone_seconds"":0.0,""client_selected_length"":null,""history_sha256"":""d2f7c41873e8e7218fd923aa2156b040108438a67e28956ea7e5c07bfd64f69f"",""inference_seconds"":0.001369034987874329,""ipc_roundtrip_seconds"":0.0,""method_id"":""M1_GRID"",""model"":""M1_proprio"",""prediction_head_seconds"":0.0007411109982058406,""probabilities"":{""p0"":0.020790204295130208,""p_full"":0.08831349601709218,""p_genuine_20"":0.003662307435629435,""p_genuine_5"":0.002109549632372004,""p_genuine_80"":0.014792322137676693,""p_helper_20"":0.00031408073766428166,""p_helper_5"":1.9654473694413784e-05,""p_helper_80"":0.0011473972914673445,""p_sys_20"":0.004073613642238794,""p_sys_5"":0.002295346944952037,""p_sys_80"":0.016536721954774736,""prediction_head_seconds"":0.0007411109982058406},""reported_selected_length"":0}]",False,0.05,m1_no_takeover
square:hb3p_test:500000,square:hb3p_test:500000,500000,M4_GRID,M4_GRID,False,no_rescue_or_change,20.0,80,80,80,-0.05,False,False,False,False,False,True,nan,nan,100.0,nan,1,[20],t20:L80,True,"[{""absolute_t"":20,""backbone_seconds"":0.23907259991392493,""client_selected_length"":80,""history_sha256"":""935330379784c98f8811fd7a140d820481f87550abd1820cbbbf516a97f458d9"",""inference_seconds"":0.9330872839782387,""ipc_roundtrip_seconds"":0.40171195403672755,""method_id"":""M4_GRID"",""model"":""M4_paired"",""prediction_head_seconds"":0.07577764510642737,""probabilities"":{""p0"":0.03609165004050271,""p_full"":0.2027670002105907,""p_genuine_20"":0.012534452931606013,""p_genuine_5"":0.009940714539238733,""p_genuine_80"":0.09149201206681683,""p_helper_20"":0.0013696803916333042,""p_helper_5"":0.0008324241515924914,""p_helper_80"":0.007940687142888234,""p_sys_20"":0.014146150756673137,""p_sys_5"":0.012884385562773049,""p_sys_80"":0.10281394110881792,""payload_sha256"":""dac45133000a435c70c0116995e890c1f2d865e659bc84ca41ec2c99e57e492a"",""prediction_head_seconds"":0.07577764510642737,""protocol_hash"":""07ed1213f636ea1db2500798b4468add685249faa7626d6bf39628f0fb5cccc3""},""reported_selected_length"":80}]",False,0.0,
square:hb3p_test:500001,square:hb3p_test:500001,500001,NONE,NONE,False,baseline,nan,0,0,0,0.0,False,False,False,False,False,False,nan,nan,nan,nan,0,[],,False,[],True,-0.95,
square:hb3p_test:500001,square:hb3p_test:500001,500001,S_STAR,S_STAR,False,genuine_rescue,20.0,80,80,80,0.95,True,True,True,False,False,True,155.0,159.0,100.0,55.0,0,[],,False,[],False,0.0,
square:hb3p_test:500001,square:hb3p_test:500001,500001,M0_GRID,S_STAR,False,genuine_rescue,20.0,80,80,80,0.95,True,True,True,False,False,True,155.0,159.0,100.0,55.0,0,[],,False,[],False,0.0,
square:hb3p_test:500001,square:hb3p_test:500001,500001,RISK_GRID,S_STAR,False,genuine_rescue,20.0,80,80,80,0.95,True,True,True,False,False,True,155.0,159.0,100.0,55.0,0,[],,False,[],False,0.0,
square:hb3p_test:500001,square:hb3p_test:500001,500001,M1_GRID,M1_GRID,False,no_rescue_or_change,80.0,20,20,20,-0.0125,False,False,False,False,False,True,nan,nan,100.0,nan,2,"[20, 80]",t20:L0;t80:L20,True,"[{""absolute_t"":20,""backbone_seconds"":0.0,""client_selected_length"":null,""history_sha256"":""fece6d5f8fe63deda845c1bec5870c844bde437bfae58a8d12e4c4da6470d20b"",""inference_seconds"":0.016108531039208174,""ipc_roundtrip_seconds"":0.0,""method_id"":""M1_GRID"",""model"":""M1_proprio"",""prediction_head_seconds"":0.015424519078806043,""probabilities"":{""p0"":0.03446381170758607,""p_full"":0.26500344426240635,""p_genuine_20"":0.011316891955999171,""p_genuine_5"":0.005458390208740733,""p_genuine_80"":0.07733087425401733,""p_helper_20"":0.0012981634223054753,""p_helper_5"":9.943272005720332e-05,""p_helper_80"":0.004332905041934183,""p_sys_20"":0.013027818428894777,""p_sys_5"":0.006151252781681382,""p_sys_80"":0.08424032048744334,""prediction_head_seconds"":0.015424519078806043},""reported_selected_length"":0},{""absolute_t"":80,""backbone_seconds"":0.0,""client_selected_length"":null,""history_sha256"":""cf8d5b7812f080dc8e3e32aff95f37da86b20b5998458094fb977d3a86fd5faf"",""inference_seconds"":0.001480191946029663,""ipc_roundtrip_seconds"":0.0,""method_id"":""M1_GRID"",""model"":""M1_proprio"",""prediction_head_seconds"":0.0006852670339867473,""probabilities"":{""p0"":0.09798880622598942,""p_full"":0.3114838531455218,""p_genuine_20"":0.15256263562826572,""p_genuine_5"":0.059092826184081224,""p_genuine_80"":0.05960277380628005,""p_helper_20"":0.01754914276375544,""p_helper_5"":0.006624516182046633,""p_helper_80"":0.08965768529875556,""p_sys_20"":0.17867543144678477,""p_sys_5"":0.07964109704610456,""p_sys_80"":0.17991876813226404,""prediction_head_seconds"":0.0006852670339867473},""reported_selected_length"":20}]",True,-0.9624999999999999,m1_vs_s_star_outcome_difference
square:hb3p_test:500001,square:hb3p_test:500001,500001,M4_GRID,M4_GRID,False,no_rescue_or_change,nan,0,0,0,0.0,False,False,False,False,False,False,nan,nan,nan,nan,3,"[20, 80, 160]",t20:L0;t80:L0;t160:L0,True,"[{""absolute_t"":20,""backbone_seconds"":0.25730342289898545,""client_selected_length"":0,""history_sha256"":""fece6d5f8fe63deda845c1bec5870c844bde437bfae58a8d12e4c4da6470d20b"",""inference_seconds"":0.4590835969429463,""ipc_roundtrip_seconds"":0.4014399840962142,""method_id"":""M4_GRID"",""model"":""M4_paired"",""prediction_head_seconds"":0.07309421803802252,""probabilities"":{""p0"":0.034575518864846735,""p_full"":0.19593874950694629,""p_genuine_20"":0.012453995639196356,""p_genuine_5"":0.009240079718027174,""p_genuine_80"":0.08372503517907622,""p_helper_20"":0.0014369548757671375,""p_helper_5"":0.0007753265146546892,""p_helper_80"":0.008058392303880297,""p_sys_20"":0.014139779596282098,""p_sys_5"":0.012040760956171237,""p_sys_80"":0.09485303359238428,""payload_sha256"":""852f2321ff5b96cd231cf14cbd910772cc7c7dbdc078010b3a1685f08a5434e6"",""prediction_head_seconds"":0.07309421803802252,""protocol_hash"":""07ed1213f636ea1db2500798b4468add685249faa7626d6bf39628f0fb5cccc3""},""reported_selected_length"":0},{""absolute_t"":80,""backbone_seconds"":0.013563178014010191,""client_selected_length"":0,""history_sha256"":""cf8d5b7812f080dc8e3e32aff95f37da86b20b5998458094fb977d3a86fd5faf"",""inference_seconds"":0.13702273298986256,""ipc_roundtrip_seconds"":0.10046821204014122,""method_id"":""M4_GRID"",""model"":""M4_paired"",""prediction_head_seconds"":0.000884742010384798,""probabilities"":{""p0"":0.15119535926900265,""p_full"":0.27849920323194094,""p_genuine_20"":0.14040424843700125,""p_genuine_5"":0.06899603917570317,""p_genuine_80"":0.16307994831549866,""p_helper_20"":0.030450381031396658,""p_helper_5"":0.015004128610702673,""p_helper_80"":0.08125190066189916,""p_sys_20"":0.18280380755995873,""p_sys_5"":0.10802483206760571,""p_sys_80"":0.27735536567788144,""payload_sha256"":""61bb1400ce2a62d066e90f2f4ad3594ca56bfe130dbd61b8169c36f50893f7a2"",""prediction_head_seconds"":0.000884742010384798,""protocol_hash"":""07ed1213f636ea1db2500798b4468add685249faa7626d6bf39628f0fb5cccc3""},""reported_selected_length"":0},{""absolute_t"":160,""backbone_seconds"":0.013173106941394508,""client_selected_length"":0,""history_sha256"":""980edbb5d3d929715e9689bc3c4b062ab16cb4f7c4d9202b1f2af717f3af88ee"",""inference_seconds"":0.09580743894912302,""ipc_roundtrip_seconds"":0.060359711991623044,""method_id"":""M4_GRID"",""model"":""M4_paired"",""prediction_head_seconds"":0.0008727560052648187,""probabilities"":{""p0"":0.0323417754772991,""p_full"":0.1719205067164933,""p_genuine_20"":0.014146767257986144,""p_genuine_5"":0.007850374408790332,""p_genuine_80"":0.06580624400877244,""p_helper_20"":0.0018144986661027171,""p_helper_5"":0.0006985821247346987,""p_helper_80"":0.008602932255494175,""p_sys_20"":0.016240307421128586,""p_sys_5"":0.010393998576106678,""p_sys_80"":0.07676918946751277,""payload_sha256"":""351a9d05fcff3a9d668da07eba61d651c5977ce51e9c32509025a703fca21238"",""prediction_head_seconds"":0.0008727560052648187,""protocol_hash"":""07ed1213f636ea1db2500798b4468add685249faa7626d6bf39628f0fb5cccc3""},""reported_selected_length"":0}]",True,-0.95,
square:hb3p_test:500002,square:hb3p_test:500002,500002,NONE,NONE,False,baseline,nan,0,0,0,0.0,False,False,False,False,False,False,nan,nan,nan,nan,0,[],,False,[],False,0.05,
square:hb3p_test:500002,square:hb3p_test:500002,500002,S_STAR,S_STAR,False,no_rescue_or_change,20.0,80,80,80,-0.05,False,False,False,False,False,True,nan,nan,100.0,nan,0,[],,False,[],False,0.0,
square:hb3p_test:500002,square:hb3p_test:500002,500002,M0_GRID,S_STAR,False,no_rescue_or_change,20.0,80,80,80,-0.05,False,False,False,False,False,True,nan,nan,100.0,nan,0,[],,False,[],False,0.0,
square:hb3p_test:500002,square:hb3p_test:500002,500002,RISK_GRID,S_STAR,False,no_rescue_or_change,20.0,80,80,80,-0.05,False,False,False,False,False,True,nan,nan,100.0,nan,0,[],,False,[],False,0.0,
square:hb3p_test:500002,square:hb3p_test:500002,500002,M1_GRID,M1_GRID,False,no_rescue_or_change,80.0,80,80,80,-0.05,False,False,False,False,False,True,nan,nan,160.0,nan,2,"[20, 80]",t20:L0;t80:L80,True,"[{""absolute_t"":20,""backbone_seconds"":0.0,""client_selected_length"":null,""history_sha256"":""c089f83dd052a8c2de98f6a38cd9247c790f87c3a7c240271666f95c08864c4f"",""inference_seconds"":0.0016040209447965026,""ipc_roundtrip_seconds"":0.0,""method_id"":""M1_GRID"",""model"":""M1_proprio"",""prediction_head_seconds"":0.0008827400160953403,""probabilities"":{""p0"":0.036062700793169665,""p_full"":0.1956734765336474,""p_genuine_20"":0.011173662125880114,""p_genuine_5"":0.005983567270192005,""p_genuine_80"":0.06658470718681758,""p_helper_20"":0.0007779298355896277,""p_helper_5"":7.675756695069175e-05,""p_helper_80"":0.002356224029449979,""p_sys_20"":0.012235521291030671,""p_sys_5"":0.006717964718762959,""p_sys_80"":0.07068304007162673,""prediction_head_seconds"":0.0008827400160953403},""reported_selected_length"":0},{""absolute_t"":80,""backbone_seconds"":0.0,""client_selected_length"":null,""history_sha256"":""7b06ece7ce749c11438dfc4d37dbc8c4c7e9c9be39f1f16f538ad3c1a12dabb1"",""inference_seconds"":0.0013871359406039119,""ipc_roundtrip_seconds"":0.0,""method_id"":""M1_GRID"",""model"":""M1_proprio"",""prediction_head_seconds"":0.0006972829578444362,""probabilities"":{""p0"":0.09952851378615128,""p_full"":0.5050487224935325,""p_genuine_20"":0.03418934230879614,""p_genuine_5"":0.0133127167971593,""p_genuine_80"":0.37988315216514895,""p_helper_20"":0.003822103905323736,""p_helper_5"":0.0005300375927202532,""p_helper_80"":0.006651488156365023,""p_sys_20"":0.039441620709478986,""p_sys_5"":0.015620819777976469,""p_sys_80"":0.3931615775460706,""prediction_head_seconds"":0.0006972829578444362},""reported_selected_length"":80}]",False,0.0,
square:hb3p_test:500002,square:hb3p_test:500002,500002,M4_GRID,M4_GRID,False,no_rescue_or_change,20.0,80,80,80,-0.05,False,False,False,False,False,True,nan,nan,100.0,nan,1,[20],t20:L80,True,"[{""absolute_t"":20,""backbone_seconds"":0.013609396992251277,""client_selected_length"":80,""history_sha256"":""c089f83dd052a8c2de98f6a38cd9247c790f87c3a7c240271666f95c08864c4f"",""inference_seconds"":0.2132203889777884,""ipc_roundtrip_seconds"":0.08042357093654573,""method_id"":""M4_GRID"",""model"":""M4_paired"",""prediction_head_seconds"":0.00105094606988132,""probabilities"":{""p0"":0.035221148641362734,""p_full"":0.2042950258294137,""p_genuine_20"":0.011416652581997755,""p_genuine_5"":0.009503412306521613,""p_genuine_80"":0.09246433276513509,""p_helper_20"":0.00126864342944089,""p_helper_5"":0.0007762203588381136,""p_helper_80"":0.0075701244971672415,""p_sys_20"":0.012902068637409725,""p_sys_5"":0.012266703941794077,""p_sys_80"":0.10324843113924131,""payload_sha256"":""f1ab8cbb8c61d2378c4fe34101a251e6626a590106c88c7d38f1103cc062130a"",""prediction_head_seconds"":0.00105094606988132,""protocol_hash"":""07ed1213f636ea1db2500798b4468add685249faa7626d6bf39628f0fb5cccc3""},""reported_selected_length"":80}]",False,0.0,
square:hb3p_test:500003,square:hb3p_test:500003,500003,NONE,NONE,False,baseline,nan,0,0,0,0.0,False,False,False,False,False,False,nan,nan,nan,nan,0,[],,False,[],False,0.05,
square:hb3p_test:500003,square:hb3p_test:500003,500003,S_STAR,S_STAR,False,no_rescue_or_change,20.0,80,80,80,-0.05,False,False,False,False,False,True,nan,nan,100.0,nan,0,[],,False,[],False,0.0,
square:hb3p_test:500003,square:hb3p_test:500003,500003,M0_GRID,S_STAR,False,no_rescue_or_change,20.0,80,80,80,-0.05,False,False,False,False,False,True,nan,nan,100.0,nan,0,[],,False,[],False,0.0,
square:hb3p_test:500003,square:hb3p_test:500003,500003,RISK_GRID,S_STAR,False,no_rescue_or_change,20.0,80,80,80,-0.05,False,False,False,False,False,True,nan,nan,100.0,nan,0,[],,False,[],False,0.0,
square:hb3p_test:500003,square:hb3p_test:500003,500003,M1_GRID,M1_GRID,False,no_rescue_or_change,20.0,80,80,80,-0.05,False,False,False,False,False,True,nan,nan,100.0,nan,1,[20],t20:L80,True,"[{""absolute_t"":20,""backbone_seconds"":0.0,""client_selected_length"":null,""history_sha256"":""c706120bf16ffd2b8998fd552da7412c63c657091699d55c01e84feac25642fb"",""inference_seconds"":0.001365134958177805,""ipc_roundtrip_seconds"":0.0,""method_id"":""M1_GRID"",""model"":""M1_proprio"",""prediction_head_seconds"":0.0007449239492416382,""probabilities"":{""p0"":0.062145125705834366,""p_full"":0.2771520838418117,""p_genuine_20"":0.01828590895360107,""p_genuine_5"":0.008632590814980093,""p_genuine_80"":0.1897081359020361,""p_helper_20"":0.0015951363214829815,""p_helper_5"":0.00019597510278828744,""p_helper_80"":0.0038118303912743714,""p_sys_20"":0.020534874086172272,""p_sys_5"":0.009786643404135598,""p_sys_80"":0.1966294466346703,""prediction_head_seconds"":0.0007449239492416382},""reported_selected_length"":80}]",False,0.0,
square:hb3p_test:500003,square:hb3p_test:500003,500003,M4_GRID,M4_GRID,False,no_rescue_or_change,20.0,80,80,80,-0.05,False,False,False,False,False,True,nan,nan,100.0,nan,1,[20],t20:L80,True,"[{""absolute_t"":20,""backbone_seconds"":0.013109668972902,""client_selected_length"":80,""history_sha256"":""c706120bf16ffd2b8998fd552da7412c63c657091699d55c01e84feac25642fb"",""inference_seconds"":0.18928841198794544,""ipc_roundtrip_seconds"":0.08038171601947397,""method_id"":""M4_GRID"",""model"":""M4_paired"",""prediction_head_seconds"":0.0008909519528970122,""probabilities"":{""p0"":0.04072679547012946,""p_full"":0.21805696772129987,""p_genuine_20"":0.013212579263029682,""p_genuine_5"":0.011428175206126219,""p_genuine_80"":0.1107070535034577,""p_helper_20"":0.0014038137109564557,""p_helper_5"":0.00099777137475285,""p_helper_80"":0.008594687995703672,""p_sys_20"":0.014885893445755194,""p_sys_5"":0.014849463076260783,""p_sys_80"":0.1236655871373753,""payload_sha256"":""3990593dfa690c49329b446b2e544240222a5202a5cf25a8e646543726c54a39"",""prediction_head_seconds"":0.0008909519528970122,""protocol_hash"":""07ed1213f636ea1db2500798b4468add685249faa7626d6bf39628f0fb5cccc3""},""reported_selected_length"":80}]",False,0.0,
square:hb3p_test:500004,square:hb3p_test:500004,500004,NONE,NONE,False,baseline,nan,0,0,0,0.0,False,False,False,False,False,False,nan,nan,nan,nan,0,[],,False,[],False,0.05,
square:hb3p_test:500004,square:hb3p_test:500004,500004,S_STAR,S_STAR,False,no_rescue_or_change,20.0,80,80,80,-0.05,False,False,False,False,False,True,nan,nan,100.0,nan,0,[],,False,[],False,0.0,
square:hb3p_test:500004,square:hb3p_test:500004,500004,M0_GRID,S_STAR,False,no_rescue_or_change,20.0,80,80,80,-0.05,False,False,False,False,False,True,nan,nan,100.0,nan,0,[],,False,[],False,0.0,
square:hb3p_test:500004,square:hb3p_test:500004,500004,RISK_GRID,S_STAR,False,no_rescue_or_change,20.0,80,80,80,-0.05,False,False,False,False,False,True,nan,nan,100.0,nan,0,[],,False,[],False,0.0,
square:hb3p_test:500004,square:hb3p_test:500004,500004,M1_GRID,M1_GRID,False,no_rescue_or_change,80.0,20,20,20,-0.0125,False,False,False,False,False,True,nan,nan,100.0,nan,2,"[20, 80]",t20:L0;t80:L20,True,"[{""absolute_t"":20,""backbone_seconds"":0.0,""client_selected_length"":null,""history_sha256"":""c2469e1e017075a64cbb41ad0687e2ad0cf2a35ee22ad953eae1b535d66fd51c"",""inference_seconds"":0.0015009440248832107,""ipc_roundtrip_seconds"":0.0,""method_id"":""M1_GRID"",""model"":""M1_proprio"",""prediction_head_seconds"":0.0008464129641652107,""probabilities"":{""p0"":0.023677311373079584,""p_full"":0.19219630062444448,""p_genuine_20"":0.005923637618055757,""p_genuine_5"":0.0030787263198537567,""p_genuine_80"":0.05354735240602173,""p_helper_20"":0.00047387282701116763,""p_helper_5"":2.905873518259391e-05,""p_helper_80"":0.001846104943990239,""p_sys_20"":0.006545758841013494,""p_sys_5"":0.0033521915018734916,""p_sys_80"":0.05649358699866036,""prediction_head_seconds"":0.0008464129641652107},""reported_selected_length"":0},{""absolute_t"":80,""backbone_seconds"":0.0,""client_selected_length"":null,""history_sha256"":""5d52abed33f62e6e4ae85c24f63abbb1f137d6a05a11566f4ebbcc875a49455c"",""inference_seconds"":0.0013521489454433322,""ipc_roundtrip_seconds"":0.0,""method_id"":""M1_GRID"",""model"":""M1_proprio"",""prediction_head_seconds"":0.0007059070048853755,""probabilities"":{""p0"":0.13738398984935446,""p_full"":0.30623406835287564,""p_genuine_20"":0.21832179455613113,""p_genuine_5"":0.08685402462022133,""p_genuine_80"":0.03863852469409021,""p_helper_20"":0.02338922168308609,""p_helper_5"":0.011303554145140123,""p_helper_80"":0.17217589915454995,""p_sys_20"":0.2572327665634391,""p_sys_5"":0.11749430044265263,""p_sys_80"":0.26121332742442127,""prediction_head_seconds"":0.0007059070048853755},""reported_selected_length"":20}]",False,0.037500000000000006,
square:hb3p_test:500004,square:hb3p_test:500004,500004,M4_GRID,M4_GRID,False,no_rescue_or_change,nan,0,0,0,0.0,False,False,False,False,False,False,nan,nan,nan,nan,3,"[20, 80, 160]",t20:L0;t80:L0;t160:L0,True,"[{""absolute_t"":20,""backbone_seconds"":0.013328643050044775,""client_selected_length"":0,""history_sha256"":""c2469e1e017075a64cbb41ad0687e2ad0cf2a35ee22ad953eae1b535d66fd51c"",""inference_seconds"":0.13683714100625366,""ipc_roundtrip_seconds"":0.08047178096603602,""method_id"":""M4_GRID"",""model"":""M4_paired"",""prediction_head_seconds"":0.0010667439782992005,""probabilities"":{""p0"":0.03132800438313952,""p_full"":0.18490773072985156,""p_genuine_20"":0.010633936494695548,""p_genuine_5"":0.007572277215132828,""p_genuine_80"":0.07090563454500756,""p_helper_20"":0.0011883626586032432,""p_helper_5"":0.0006064617276556425,""p_helper_80"":0.00669793923931594,""p_sys_20"":0.012011650288328402,""p_sys_5"":0.009829759516212566,""p_sys_80"":0.07999448169383172,""payload_sha256"":""5e8dcd9370affeb8c6f9d7544dee78bdbbc9a8bddb4ac78e9d54f165a3251cd8"",""prediction_head_seconds"":0.0010667439782992005,""protocol_hash"":""07ed1213f636ea1db2500798b4468add685249faa7626d6bf39628f0fb5cccc3""},""reported_selected_length"":0},{""absolute_t"":80,""backbone_seconds"":0.013226679060608149,""client_selected_length"":0,""history_sha256"":""5d52abed33f62e6e4ae85c24f63abbb1f137d6a05a11566f4ebbcc875a49455c"",""inference_seconds"":0.14145803602878004,""ipc_roundtrip_seconds"":0.10045372694730759,""method_id"":""M4_GRID"",""model"":""M4_paired"",""prediction_head_seconds"":0.0009597369935363531,""probabilities"":{""p0"":0.11098346873132912,""p_full"":0.24993428791885774,""p_genuine_20"":0.10580842183349984,""p_genuine_5"":0.04631421198847169,""p_genuine_80"":0.13293753493551708,""p_helper_20"":0.019623384976291937,""p_helper_5"":0.008099396002357288,""p_helper_80"":0.05885936629911556,""p_sys_20"":0.13233342280425986,""p_sys_5"":0.06899184662914648,""p_sys_80"":0.21328669357322205,""payload_sha256"":""e93814bf3af21c17b51359085ef1467b3e7327cc1f86039d00b1e3f20a497803"",""prediction_head_seconds"":0.0009597369935363531,""protocol_hash"":""07ed1213f636ea1db2500798b4468add685249faa7626d6bf39628f0fb5cccc3""},""reported_selected_length"":0},{""absolute_t"":160,""backbone_seconds"":0.013235924998298287,""client_selected_length"":0,""history_sha256"":""99426002fd1858bb5db3ff1141880b535507e52f0277df42496ca32a0b59ad93"",""inference_seconds"":0.17313435999676585,""ipc_roundtrip_seconds"":0.08048737398348749,""method_id"":""M4_GRID"",""model"":""M4_paired"",""prediction_head_seconds"":0.0009757999796420336,""probabilities"":{""p0"":0.03026963919040732,""p_full"":0.1701473340674274,""p_genuine_20"":0.011913879321484428,""p_genuine_5"":0.0070915939219006055,""p_genuine_80"":0.06488792536649537,""p_helper_20"":0.001406886250001802,""p_helper_5"":0.0005743698431202894,""p_helper_80"":0.0072896598470404295,""p_sys_20"":0.013526452932309918,""p_sys_5"":0.00923412992564654,""p_sys_80"":0.07424349858818213,""payload_sha256"":""633bbafca234e28c59322563406e17c2cc6868d07ddeee94e3dc94e696a9865e"",""prediction_head_seconds"":0.0009757999796420336,""protocol_hash"":""07ed1213f636ea1db2500798b4468add685249faa7626d6bf39628f0fb5cccc3""},""reported_selected_length"":0}]",False,0.05,
square:hb3p_test:500005,square:hb3p_test:500005,500005,NONE,NONE,False,baseline,nan,0,0,0,0.0,False,False,False,False,False,False,nan,nan,nan,nan,0,[],,False,[],False,0.05,
square:hb3p_test:500005,square:hb3p_test:500005,500005,S_STAR,S_STAR,False,no_rescue_or_change,20.0,80,80,80,-0.05,False,False,False,False,False,True,nan,nan,100.0,nan,0,[],,False,[],False,0.0,
square:hb3p_test:500005,square:hb3p_test:500005,500005,M0_GRID,S_STAR,False,no_rescue_or_change,20.0,80,80,80,-0.05,False,False,False,False,False,True,nan,nan,100.0,nan,0,[],,False,[],False,0.0,
square:hb3p_test:500005,square:hb3p_test:500005,500005,RISK_GRID,S_STAR,False,no_rescue_or_change,20.0,80,80,80,-0.05,False,False,False,False,False,True,nan,nan,100.0,nan,0,[],,False,[],False,0.0,
square:hb3p_test:500005,square:hb3p_test:500005,500005,M1_GRID,M1_GRID,False,no_rescue_or_change,nan,0,0,0,0.0,False,False,False,False,False,False,nan,nan,nan,nan,3,"[20, 80, 160]",t20:L0;t80:L0;t160:L0,True,"[{""absolute_t"":20,""backbone_seconds"":0.0,""client_selected_length"":null,""history_sha256"":""01bd2c273ac7f81810cd5d52f0e12f4ad3a038b9c2af0181490e3c0e107a3b59"",""inference_seconds"":0.0013840689789503813,""ipc_roundtrip_seconds"":0.0,""method_id"":""M1_GRID"",""model"":""M1_proprio"",""prediction_head_seconds"":0.0007741310400888324,""probabilities"":{""p0"":0.027036168448765992,""p_full"":0.16696859225612773,""p_genuine_20"":0.010457139385558705,""p_genuine_5"":0.00547839601215781,""p_genuine_80"":0.03937064262536912,""p_helper_20"":0.0006835827006325277,""p_helper_5"":6.79307939972516e-05,""p_helper_80"":0.0027189536694170137,""p_sys_20"":0.011374051208215552,""p_sys_5"":0.006070771523977392,""p_sys_80"":0.04354088679129864,""prediction_head_seconds"":0.0007741310400888324},""reported_selected_length"":0},{""absolute_t"":80,""backbone_seconds"":0.0,""client_selected_length"":null,""history_sha256"":""c4784049c7101be9da7ca13b9020ac19024069eb9a4ef729bd787f323beec070"",""inference_seconds"":0.0012785278959199786,""ipc_roundtrip_seconds"":0.0,""method_id"":""M1_GRID"",""model"":""M1_proprio"",""prediction_head_seconds"":0.0006613279692828655,""probabilities"":{""p0"":0.020575620712517298,""p_full"":0.047253467486051755,""p_genuine_20"":0.003262956070341124,""p_genuine_5"":0.002143720246763534,""p_genuine_80"":0.008009173269780945,""p_helper_20"":0.0003010167073313381,""p_helper_5"":1.8107245761412023e-05,""p_helper_80"":0.0010139409727142781,""p_sys_20"":0.00366324642154936,""p_sys_5"":0.002356656245275257,""p_sys_80"":0.009552635082952343,""prediction_head_seconds"":0.0006613279692828655},""reported_selected_length"":0},{""absolute_t"":160,""backbone_seconds"":0.0,""client_selected_length"":null,""history_sha256"":""a0ee3630fa19d42e2445237662088dbfeea6b673c3f6250c28b938975aa54ad5"",""inference_seconds"":0.0013321819715201855,""ipc_roundtrip_seconds"":0.0,""method_id"":""M1_GRID"",""model"":""M1_proprio"",""prediction_head_seconds"":0.0006747919833287597,""probabilities"":{""p0"":0.026581817304285014,""p_full"":0.04523426416387752,""p_genuine_20"":0.006478565106115946,""p_genuine_5"":0.00490163326602028,""p_genuine_80"":0.005611986408585621,""p_helper_20"":0.0007882432818013442,""p_helper_5"":7.019438094699424e-05,""p_helper_80"":0.0026071124691080514,""p_sys_20"":0.007545992748151709,""p_sys_5"":0.005686968707717011,""p_sys_80"":0.009470482049160123,""prediction_head_seconds"":0.0006747919833287597},""reported_selected_length"":0}]",False,0.05,m1_no_takeover
square:hb3p_test:500005,square:hb3p_test:500005,500005,M4_GRID,M4_GRID,False,no_rescue_or_change,20.0,80,80,80,-0.05,False,False,False,False,False,True,nan,nan,100.0,nan,1,[20],t20:L80,True,"[{""absolute_t"":20,""backbone_seconds"":0.013154373969882727,""client_selected_length"":80,""history_sha256"":""01bd2c273ac7f81810cd5d52f0e12f4ad3a038b9c2af0181490e3c0e107a3b59"",""inference_seconds"":0.08922292699571699,""ipc_roundtrip_seconds"":0.06032665795646608,""method_id"":""M4_GRID"",""model"":""M4_paired"",""prediction_head_seconds"":0.0010111690498888493,""probabilities"":{""p0"":0.03984246019766926,""p_full"":0.20423142006259323,""p_genuine_20"":0.01676874533724218,""p_genuine_5"":0.011813475203909967,""p_genuine_80"":0.09982841406463777,""p_helper_20"":0.0019006787490763344,""p_helper_5"":0.001092347639898814,""p_helper_80"":0.010610409744935947,""p_sys_20"":0.01903475732736426,""p_sys_5"":0.015498126534885581,""p_sys_80"":0.11473304852726673,""payload_sha256"":""a801c3a35f21a7b8e159c941b5b66f20ff5a35a5be02aece0f811c52834d8c57"",""prediction_head_seconds"":0.0010111690498888493,""protocol_hash"":""07ed1213f636ea1db2500798b4468add685249faa7626d6bf39628f0fb5cccc3""},""reported_selected_length"":80}]",False,0.0,
square:hb3p_test:500006,square:hb3p_test:500006,500006,NONE,NONE,False,baseline,nan,0,0,0,0.0,False,False,False,False,False,False,nan,nan,nan,nan,0,[],,False,[],False,0.05,
square:hb3p_test:500006,square:hb3p_test:500006,500006,S_STAR,S_STAR,False,no_rescue_or_change,20.0,80,80,80,-0.05,False,False,False,False,False,True,nan,nan,100.0,nan,0,[],,False,[],False,0.0,
square:hb3p_test:500006,square:hb3p_test:500006,500006,M0_GRID,S_STAR,False,no_rescue_or_change,20.0,80,80,80,-0.05,False,False,False,False,False,True,nan,nan,100.0,nan,0,[],,False,[],False,0.0,
square:hb3p_test:500006,square:hb3p_test:500006,500006,RISK_GRID,S_STAR,False,no_rescue_or_change,20.0,80,80,80,-0.05,False,False,False,False,False,True,nan,nan,100.0,nan,0,[],,False,[],False,0.0,
square:hb3p_test:500006,square:hb3p_test:500006,500006,M1_GRID,M1_GRID,False,no_rescue_or_change,20.0,80,80,80,-0.05,False,False,False,False,False,True,nan,nan,100.0,nan,1,[20],t20:L80,True,"[{""absolute_t"":20,""backbone_seconds"":0.0,""client_selected_length"":null,""history_sha256"":""dd6a20214e70906beee1e7e0382e4891027987f8f5f03319a3f9e45d09856686"",""inference_seconds"":0.0014005800476297736,""ipc_roundtrip_seconds"":0.0,""method_id"":""M1_GRID"",""model"":""M1_proprio"",""prediction_head_seconds"":0.0007943739183247089,""probabilities"":{""p0"":0.09054565307916733,""p_full"":0.4012111529046198,""p_genuine_20"":0.03525447583952189,""p_genuine_5"":0.016524300104206437,""p_genuine_80"":0.26478989090259536,""p_helper_20"":0.003237191796455045,""p_helper_5"":0.000532376975802567,""p_helper_80"":0.006044017760890521,""p_sys_20"":0.03978184546129038,""p_sys_5"":0.019426915002520695,""p_sys_80"":0.2771572597557095,""prediction_head_seconds"":0.0007943739183247089},""reported_selected_length"":80}]",False,0.0,
square:hb3p_test:500006,square:hb3p_test:500006,500006,M4_GRID,M4_GRID,False,no_rescue_or_change,20.0,80,80,80,-0.05,False,False,False,False,False,True,nan,nan,100.0,nan,1,[20],t20:L80,True,"[{""absolute_t"":20,""backbone_seconds"":0.01368427206762135,""client_selected_length"":80,""history_sha256"":""dd6a20214e70906beee1e7e0382e4891027987f8f5f03319a3f9e45d09856686"",""inference_seconds"":0.25881148397456855,""ipc_roundtrip_seconds"":0.18075615097768605,""method_id"":""M4_GRID"",""model"":""M4_paired"",""prediction_head_seconds"":0.0011378320632502437,""probabilities"":{""p0"":0.03773696287809809,""p_full"":0.21122688305890838,""p_genuine_20"":0.012352749627011734,""p_genuine_5"":0.0104911832118462,""p_genuine_80"":0.10152711312284794,""p_helper_20"":0.0014065660297651879,""p_helper_5"":0.0009031422841253864,""p_helper_80"":0.008279493984008141,""p_sys_20"":0.014014148397948789,""p_sys_5"":0.013650887531977851,""p_sys_80"":0.11357820410761121,""payload_sha256"":""75da08ea43c7338a005081e17bfdf8d59e6f45a16ef4e1eaa285ff9c4037b997"",""prediction_head_seconds"":0.0011378320632502437,""protocol_hash"":""07ed1213f636ea1db2500798b4468add685249faa7626d6bf39628f0fb5cccc3""},""reported_selected_length"":80}]",False,0.0,
square:hb3p_test:500007,square:hb3p_test:500007,500007,NONE,NONE,False,baseline,nan,0,0,0,0.0,False,False,False,False,False,False,nan,nan,nan,nan,0,[],,False,[],True,0.05,
square:hb3p_test:500007,square:hb3p_test:500007,500007,S_STAR,S_STAR,False,helper_only_success,20.0,80,80,80,-0.05,True,False,False,False,False,True,117.0,121.0,100.0,17.0,0,[],,False,[],False,0.0,
square:hb3p_test:500007,square:hb3p_test:500007,500007,M0_GRID,S_STAR,False,helper_only_success,20.0,80,80,80,-0.05,True,False,False,False,False,True,117.0,121.0,100.0,17.0,0,[],,False,[],False,0.0,
square:hb3p_test:500007,square:hb3p_test:500007,500007,RISK_GRID,S_STAR,False,helper_only_success,20.0,80,80,80,-0.05,True,False,False,False,False,True,117.0,121.0,100.0,17.0,0,[],,False,[],False,0.0,
square:hb3p_test:500007,square:hb3p_test:500007,500007,M1_GRID,M1_GRID,False,helper_only_success,20.0,80,80,80,-0.05,True,False,False,False,False,True,117.0,121.0,100.0,17.0,1,[20],t20:L80,True,"[{""absolute_t"":20,""backbone_seconds"":0.0,""client_selected_length"":null,""history_sha256"":""a354f1c7f1252e5a66d9b19862f709f8cae433e810efd562ffed3b8a44768474"",""inference_seconds"":0.0013181280810385942,""ipc_roundtrip_seconds"":0.0,""method_id"":""M1_GRID"",""model"":""M1_proprio"",""prediction_head_seconds"":0.0007172280456870794,""probabilities"":{""p0"":0.05350194696559707,""p_full"":0.348949725439294,""p_genuine_20"":0.015887506321757103,""p_genuine_5"":0.007187550001168192,""p_genuine_80"":0.1862430752122812,""p_helper_20"":0.0014122315294548388,""p_helper_5"":0.00014115879817601514,""p_helper_80"":0.003745009903824696,""p_sys_20"":0.017789933871125818,""p_sys_5"":0.008111411050859108,""p_sys_80"":0.1930624755885333,""prediction_head_seconds"":0.0007172280456870794},""reported_selected_length"":80}]",False,0.0,
square:hb3p_test:500007,square:hb3p_test:500007,500007,M4_GRID,M4_GRID,False,helper_only_success,20.0,80,80,80,-0.05,True,False,False,False,False,True,118.0,122.0,100.0,18.0,1,[20],t20:L80,True,"[{""absolute_t"":20,""backbone_seconds"":0.013142041978426278,""client_selected_length"":80,""history_sha256"":""a354f1c7f1252e5a66d9b19862f709f8cae433e810efd562ffed3b8a44768474"",""inference_seconds"":0.14668049104511738,""ipc_roundtrip_seconds"":0.08038543409202248,""method_id"":""M4_GRID"",""model"":""M4_paired"",""prediction_head_seconds"":0.0009079789742827415,""probabilities"":{""p0"":0.034545565260544246,""p_full"":0.2000746253079693,""p_genuine_20"":0.011526217818082917,""p_genuine_5"":0.00918957955153958,""p_genuine_80"":0.08603005736496949,""p_helper_20"":0.0012803094026350103,""p_helper_5"":0.0007513941441485091,""p_helper_80"":0.007497002880542295,""p_sys_20"":0.013027653861370059,""p_sys_5"":0.011888388263533112,""p_sys_80"":0.09657347242114822,""payload_sha256"":""61fb437be5d9caf1ebb7388c695537e3c86f1fb0cceda26049791798caf8c9aa"",""prediction_head_seconds"":0.0009079789742827415,""protocol_hash"":""07ed1213f636ea1db2500798b4468add685249faa7626d6bf39628f0fb5cccc3""},""reported_selected_length"":80}]",False,0.0,
square:hb3p_test:500008,square:hb3p_test:500008,500008,NONE,NONE,False,baseline,nan,0,0,0,0.0,False,False,False,False,False,False,nan,nan,nan,nan,0,[],,False,[],True,-0.95,
square:hb3p_test:500008,square:hb3p_test:500008,500008,S_STAR,S_STAR,False,genuine_rescue,20.0,80,80,80,0.95,True,True,True,False,False,True,186.0,190.0,100.0,86.0,0,[],,False,[],False,0.0,
square:hb3p_test:500008,square:hb3p_test:500008,500008,M0_GRID,S_STAR,False,genuine_rescue,20.0,80,80,80,0.95,True,True,True,False,False,True,186.0,190.0,100.0,86.0,0,[],,False,[],False,0.0,
square:hb3p_test:500008,square:hb3p_test:500008,500008,RISK_GRID,S_STAR,False,genuine_rescue,20.0,80,80,80,0.95,True,True,True,False,False,True,186.0,190.0,100.0,86.0,0,[],,False,[],False,0.0,
square:hb3p_test:500008,square:hb3p_test:500008,500008,M1_GRID,M1_GRID,False,genuine_rescue,20.0,80,80,80,0.95,True,True,True,False,False,True,192.0,196.0,100.0,92.0,1,[20],t20:L80,True,"[{""absolute_t"":20,""backbone_seconds"":0.0,""client_selected_length"":null,""history_sha256"":""2deb28fe8d82dadc6fa5c360ea19e239ba665c1435a3f5fcd734be306e416e7b"",""inference_seconds"":0.0013180120149627328,""ipc_roundtrip_seconds"":0.0,""method_id"":""M1_GRID"",""model"":""M1_proprio"",""prediction_head_seconds"":0.000675631919875741,""probabilities"":{""p0"":0.03463062749456484,""p_full"":0.2470776371094635,""p_genuine_20"":0.009454499686278204,""p_genuine_5"":0.0042826813348212514,""p_genuine_80"":0.09784911530982729,""p_helper_20"":0.0006975953770958995,""p_helper_5"":5.490741469803767e-05,""p_helper_80"":0.0023543926558651862,""p_sys_20"":0.010387328081373659,""p_sys_5"":0.004723883261631978,""p_sys_80"":0.10180946318339845,""prediction_head_seconds"":0.000675631919875741},""reported_selected_length"":80}]",False,0.0,m1_genuine_rescue
square:hb3p_test:500008,square:hb3p_test:500008,500008,M4_GRID,M4_GRID,False,genuine_rescue,20.0,80,80,80,0.95,True,True,True,False,False,True,191.0,195.0,100.0,91.0,1,[20],t20:L80,True,"[{""absolute_t"":20,""backbone_seconds"":0.013219227083027363,""client_selected_length"":80,""history_sha256"":""2deb28fe8d82dadc6fa5c360ea19e239ba665c1435a3f5fcd734be306e416e7b"",""inference_seconds"":0.5222628719639033,""ipc_roundtrip_seconds"":0.18069815507624298,""method_id"":""M4_GRID"",""model"":""M4_paired"",""prediction_head_seconds"":0.0009414699161425233,""probabilities"":{""p0"":0.03459531427582124,""p_full"":0.203402382140188,""p_genuine_20"":0.011186728829884706,""p_genuine_5"":0.00924900757770583,""p_genuine_80"":0.08856045145824988,""p_helper_20"":0.0012168648094671279,""p_helper_5"":0.0007447135187202928,""p_helper_80"":0.007230132698224502,""p_sys_20"":0.012611887328937699,""p_sys_5"":0.011924717875683943,""p_sys_80"":0.0988670409829574,""payload_sha256"":""22eba2bacfea16f689627792685768c262ddc2ac68e416bd469fc604bf6011ff"",""prediction_head_seconds"":0.0009414699161425233,""protocol_hash"":""07ed1213f636ea1db2500798b4468add685249faa7626d6bf39628f0fb5cccc3""},""reported_selected_length"":80}]",False,0.0,
square:hb3p_test:500009,square:hb3p_test:500009,500009,NONE,NONE,False,baseline,nan,0,0,0,0.0,False,False,False,False,False,False,nan,nan,nan,nan,0,[],,False,[],True,-0.95,
square:hb3p_test:500009,square:hb3p_test:500009,500009,S_STAR,S_STAR,False,genuine_rescue,20.0,80,80,80,0.95,True,True,True,False,False,True,329.0,333.0,100.0,229.0,0,[],,False,[],False,0.0,
square:hb3p_test:500009,square:hb3p_test:500009,500009,M0_GRID,S_STAR,False,genuine_rescue,20.0,80,80,80,0.95,True,True,True,False,False,True,329.0,333.0,100.0,229.0,0,[],,False,[],False,0.0,
square:hb3p_test:500009,square:hb3p_test:500009,500009,RISK_GRID,S_STAR,False,genuine_rescue,20.0,80,80,80,0.95,True,True,True,False,False,True,329.0,333.0,100.0,229.0,0,[],,False,[],False,0.0,
square:hb3p_test:500009,square:hb3p_test:500009,500009,M1_GRID,M1_GRID,False,genuine_rescue,20.0,80,80,80,0.95,True,True,True,False,False,True,333.0,337.0,100.0,233.0,1,[20],t20:L80,True,"[{""absolute_t"":20,""backbone_seconds"":0.0,""client_selected_length"":null,""history_sha256"":""8b8acb0d6ddc5b7f97f3f6e038a42bc555818d47bf37645d8803d180aa666e90"",""inference_seconds"":0.0012773519847542048,""ipc_roundtrip_seconds"":0.0,""method_id"":""M1_GRID"",""model"":""M1_proprio"",""prediction_head_seconds"":0.0006545060314238071,""probabilities"":{""p0"":0.2169880651900908,""p_full"":0.39435874195006565,""p_genuine_20"":0.15762635019583335,""p_genuine_5"":0.09249943377892585,""p_genuine_80"":0.37590692642484413,""p_helper_20"":0.017239731380158982,""p_helper_5"":0.009270525676274993,""p_helper_80"":0.01827137199776786,""p_sys_20"":0.18534764851562868,""p_sys_5"":0.12690325929976165,""p_sys_80"":0.4164758752183907,""prediction_head_seconds"":0.0006545060314238071},""reported_selected_length"":80}]",False,0.0,m1_genuine_rescue
square:hb3p_test:500009,square:hb3p_test:500009,500009,M4_GRID,M4_GRID,False,genuine_rescue,20.0,80,80,80,0.95,True,True,True,False,False,True,327.0,331.0,100.0,227.0,1,[20],t20:L80,True,"[{""absolute_t"":20,""backbone_seconds"":0.01312225207220763,""client_selected_length"":80,""history_sha256"":""8b8acb0d6ddc5b7f97f3f6e038a42bc555818d47bf37645d8803d180aa666e90"",""inference_seconds"":0.11159400502219796,""ipc_roundtrip_seconds"":0.040289778960868716,""method_id"":""M4_GRID"",""model"":""M4_paired"",""prediction_head_seconds"":0.0009023780003190041,""probabilities"":{""p0"":0.04916910343690671,""p_full"":0.22012601766229126,""p_genuine_20"":0.02104704395066752,""p_genuine_5"":0.015277873819146201,""p_genuine_80"":0.12124489373772909,""p_helper_20"":0.0023269923471668373,""p_helper_5"":0.0015086482319878187,""p_helper_80"":0.012752639289269375,""p_sys_20"":0.02388604964388996,""p_sys_5"":0.02018860261291211,""p_sys_80"":0.14023871732796023,""payload_sha256"":""fdf441d1b6c046e7dc3ca504a86d19204f0a5906cddaf1f5d1abd624b700ffc5"",""prediction_head_seconds"":0.0009023780003190041,""protocol_hash"":""07ed1213f636ea1db2500798b4468add685249faa7626d6bf39628f0fb5cccc3""},""reported_selected_length"":80}]",False,0.0,
square:hb3p_test:500010,square:hb3p_test:500010,500010,NONE,NONE,False,baseline,nan,0,0,0,0.0,False,False,False,False,False,False,nan,nan,nan,nan,0,[],,False,[],False,0.05,
square:hb3p_test:500010,square:hb3p_test:500010,500010,S_STAR,S_STAR,False,no_rescue_or_change,20.0,80,80,80,-0.05,False,False,False,False,False,True,nan,nan,100.0,nan,0,[],,False,[],False,0.0,
square:hb3p_test:500010,square:hb3p_test:500010,500010,M0_GRID,S_STAR,False,no_rescue_or_change,20.0,80,80,80,-0.05,False,False,False,False,False,True,nan,nan,100.0,nan,0,[],,False,[],False,0.0,
square:hb3p_test:500010,square:hb3p_test:500010,500010,RISK_GRID,S_STAR,False,no_rescue_or_change,20.0,80,80,80,-0.05,False,False,False,False,False,True,nan,nan,100.0,nan,0,[],,False,[],False,0.0,
square:hb3p_test:500010,square:hb3p_test:500010,500010,M1_GRID,M1_GRID,False,no_rescue_or_change,20.0,80,80,80,-0.05,False,False,False,False,False,True,nan,nan,100.0,nan,1,[20],t20:L80,True,"[{""absolute_t"":20,""backbone_seconds"":0.0,""client_selected_length"":null,""history_sha256"":""c3504d15f30bfb0e48617b31a156bd2e99ca15752850e5e6645be80a97df3ced"",""inference_seconds"":0.001291727996431291,""ipc_roundtrip_seconds"":0.0,""method_id"":""M1_GRID"",""model"":""M1_proprio"",""prediction_head_seconds"":0.0006837960099801421,""probabilities"":{""p0"":0.13197645690218338,""p_full"":0.42064798137284887,""p_genuine_20"":0.06451216792176649,""p_genuine_5"":0.030664127783409226,""p_genuine_80"":0.3725537349041634,""p_helper_20"":0.005315979277837847,""p_helper_5"":0.0013229370794000089,""p_helper_80"":0.006950310378317878,""p_sys_20"":0.0723043248022408,""p_sys_5"":0.0368942970387417,""p_sys_80"":0.3876578021272403,""prediction_head_seconds"":0.0006837960099801421},""reported_selected_length"":80}]",False,0.0,
square:hb3p_test:500010,square:hb3p_test:500010,500010,M4_GRID,M4_GRID,False,no_rescue_or_change,20.0,80,80,80,-0.05,False,False,False,False,False,True,nan,nan,100.0,nan,1,[20],t20:L80,True,"[{""absolute_t"":20,""backbone_seconds"":0.013229678967036307,""client_selected_length"":80,""history_sha256"":""c3504d15f30bfb0e48617b31a156bd2e99ca15752850e5e6645be80a97df3ced"",""inference_seconds"":0.36452878592535853,""ipc_roundtrip_seconds"":0.12054702395107597,""method_id"":""M4_GRID"",""model"":""M4_paired"",""prediction_head_seconds"":0.0009642810327932239,""probabilities"":{""p0"":0.039980447935822234,""p_full"":0.21857173809550465,""p_genuine_20"":0.012831314975126764,""p_genuine_5"":0.011152913695877103,""p_genuine_80"":0.10973764484605882,""p_helper_20"":0.0013807384786912443,""p_helper_5"":0.0009719213493683424,""p_helper_80"":0.008250120718696184,""p_sys_20"":0.01446920780229477,""p_sys_5"":0.014481136738968559,""p_sys_80"":0.12211885978057624,""payload_sha256"":""1a8ba1b02dc73e3f3129184ec116dfafa5ceb60478683afe403d615d03f2c5eb"",""prediction_head_seconds"":0.0009642810327932239,""protocol_hash"":""07ed1213f636ea1db2500798b4468add685249faa7626d6bf39628f0fb5cccc3""},""reported_selected_length"":80}]",False,0.0,
square:hb3p_test:500011,square:hb3p_test:500011,500011,NONE,NONE,False,baseline,nan,0,0,0,0.0,False,False,False,False,False,False,nan,nan,nan,nan,0,[],,False,[],False,0.05,
square:hb3p_test:500011,square:hb3p_test:500011,500011,S_STAR,S_STAR,False,no_rescue_or_change,20.0,80,80,80,-0.05,False,False,False,False,False,True,nan,nan,100.0,nan,0,[],,False,[],False,0.0,
square:hb3p_test:500011,square:hb3p_test:500011,500011,M0_GRID,S_STAR,False,no_rescue_or_change,20.0,80,80,80,-0.05,False,False,False,False,False,True,nan,nan,100.0,nan,0,[],,False,[],False,0.0,
square:hb3p_test:500011,square:hb3p_test:500011,500011,RISK_GRID,S_STAR,False,no_rescue_or_change,20.0,80,80,80,-0.05,False,False,False,False,False,True,nan,nan,100.0,nan,0,[],,False,[],False,0.0,
square:hb3p_test:500011,square:hb3p_test:500011,500011,M1_GRID,M1_GRID,False,no_rescue_or_change,20.0,80,80,80,-0.05,False,False,False,False,False,True,nan,nan,100.0,nan,1,[20],t20:L80,True,"[{""absolute_t"":20,""backbone_seconds"":0.0,""client_selected_length"":null,""history_sha256"":""f0d6bc47d5031150973536e1541840869e6edb111988b34e1042233608f78c6e"",""inference_seconds"":0.001272218069061637,""ipc_roundtrip_seconds"":0.0,""method_id"":""M1_GRID"",""model"":""M1_proprio"",""prediction_head_seconds"":0.0006565579678863287,""probabilities"":{""p0"":0.09353356488028969,""p_full"":0.37675189891425825,""p_genuine_20"":0.041747410630821005,""p_genuine_5"":0.020189100051015266,""p_genuine_80"":0.2962631308332374,""p_helper_20"":0.003327506502772416,""p_helper_5"":0.000626763081749699,""p_helper_80"":0.00556168492813042,""p_sys_20"":0.04652086823298618,""p_sys_5"":0.023666332461583117,""p_sys_80"":0.30729691229482314,""prediction_head_seconds"":0.0006565579678863287},""reported_selected_length"":80}]",False,0.0,
square:hb3p_test:500011,square:hb3p_test:500011,500011,M4_GRID,M4_GRID,False,no_rescue_or_change,20.0,80,80,80,-0.05,False,False,False,False,False,True,nan,nan,100.0,nan,1,[20],t20:L80,True,"[{""absolute_t"":20,""backbone_seconds"":0.013397107948549092,""client_selected_length"":80,""history_sha256"":""f0d6bc47d5031150973536e1541840869e6edb111988b34e1042233608f78c6e"",""inference_seconds"":0.14511687809135765,""ipc_roundtrip_seconds"":0.08037325495388359,""method_id"":""M4_GRID"",""model"":""M4_paired"",""prediction_head_seconds"":0.0012484180042520165,""probabilities"":{""p0"":0.03980325963277276,""p_full"":0.21618991675940463,""p_genuine_20"":0.012894092857828188,""p_genuine_5"":0.010932686112518611,""p_genuine_80"":0.10738695860754792,""p_helper_20"":0.0013560276031676934,""p_helper_5"":0.0009544507452617732,""p_helper_80"":0.008245248042231389,""p_sys_20"":0.014504926455370937,""p_sys_5"":0.014186249414405161,""p_sys_80"":0.11968561656879095,""payload_sha256"":""dcd975f2c2a6c1de38b0bb6775dd377eadcb01370af58e063cf951bd7ab8b19c"",""prediction_head_seconds"":0.0012484180042520165,""protocol_hash"":""07ed1213f636ea1db2500798b4468add685249faa7626d6bf39628f0fb5cccc3""},""reported_selected_length"":80}]",False,0.0,
square:hb3p_test:500012,square:hb3p_test:500012,500012,NONE,NONE,False,baseline,nan,0,0,0,0.0,False,False,False,False,False,False,nan,nan,nan,nan,0,[],,False,[],True,-0.95,
square:hb3p_test:500012,square:hb3p_test:500012,500012,S_STAR,S_STAR,False,genuine_rescue,20.0,80,80,80,0.95,True,True,True,False,False,True,281.0,285.0,100.0,181.0,0,[],,False,[],False,0.0,
square:hb3p_test:500012,square:hb3p_test:500012,500012,M0_GRID,S_STAR,False,genuine_rescue,20.0,80,80,80,0.95,True,True,True,False,False,True,281.0,285.0,100.0,181.0,0,[],,False,[],False,0.0,
square:hb3p_test:500012,square:hb3p_test:500012,500012,RISK_GRID,S_STAR,False,genuine_rescue,20.0,80,80,80,0.95,True,True,True,False,False,True,281.0,285.0,100.0,181.0,0,[],,False,[],False,0.0,
square:hb3p_test:500012,square:hb3p_test:500012,500012,M1_GRID,M1_GRID,False,no_rescue_or_change,nan,0,0,0,0.0,False,False,False,False,False,False,nan,nan,nan,nan,3,"[20, 80, 160]",t20:L0;t80:L0;t160:L0,True,"[{""absolute_t"":20,""backbone_seconds"":0.0,""client_selected_length"":null,""history_sha256"":""dac61942a036ee6ebd34205d2332fc626f0db590d6159f10e1801ace93bf6628"",""inference_seconds"":0.001400184934027493,""ipc_roundtrip_seconds"":0.0,""method_id"":""M1_GRID"",""model"":""M1_proprio"",""prediction_head_seconds"":0.0007739770226180553,""probabilities"":{""p0"":0.04783247555325739,""p_full"":0.2126613714521324,""p_genuine_20"":0.018764395931011743,""p_genuine_5"":0.009779081807785668,""p_genuine_80"":0.09088164232803089,""p_helper_20"":0.0011275857657521953,""p_helper_5"":0.00014862356049814162,""p_helper_80"":0.002809912511389807,""p_sys_20"":0.020336590688801115,""p_sys_5"":0.011041859266422538,""p_sys_80"":0.0959021747199108,""prediction_head_seconds"":0.0007739770226180553},""reported_selected_length"":0},{""absolute_t"":80,""backbone_seconds"":0.0,""client_selected_length"":null,""history_sha256"":""84436f4703689f28a3362a112eba797df5f87e6a57b0b71d6b6a5b6eb9f70a33"",""inference_seconds"":0.00131110695656389,""ipc_roundtrip_seconds"":0.0,""method_id"":""M1_GRID"",""model"":""M1_proprio"",""prediction_head_seconds"":0.0006483630277216434,""probabilities"":{""p0"":0.023887666643304908,""p_full"":0.05487531669204963,""p_genuine_20"":0.0037440846316611773,""p_genuine_5"":0.002576952325306837,""p_genuine_80"":0.011073709076007767,""p_helper_20"":0.00036081328764417495,""p_helper_5"":2.476237022201668e-05,""p_helper_80"":0.0011933384282751531,""p_sys_20"":0.004230219567566529,""p_sys_5"":0.0028467215494576426,""p_sys_80"":0.012921774254675555,""prediction_head_seconds"":0.0006483630277216434},""reported_selected_length"":0},{""absolute_t"":160,""backbone_seconds"":0.0,""client_selected_length"":null,""history_sha256"":""0952033a486bf3e55467b8a4f105d71605103436e3b249fc18857a77fa712543"",""inference_seconds"":0.001342572970315814,""ipc_roundtrip_seconds"":0.0,""method_id"":""M1_GRID"",""model"":""M1_proprio"",""prediction_head_seconds"":0.000678769894875586,""probabilities"":{""p0"":0.021489383294793597,""p_full"":0.04407896938900018,""p_genuine_20"":0.003147694385144353,""p_genuine_5"":0.0022803024685410884,""p_genuine_80"":0.007879574140604195,""p_helper_20"":0.00032826173461608725,""p_helper_5"":2.0290378254630834e-05,""p_helper_80"":0.0010671576333676715,""p_sys_20"":0.0035848451522586533,""p_sys_5"":0.002525639041376815,""p_sys_80"":0.00951769756224985,""prediction_head_seconds"":0.000678769894875586},""reported_selected_length"":0}]",True,-0.95,m1_no_takeover;m1_vs_s_star_outcome_difference
square:hb3p_test:500012,square:hb3p_test:500012,500012,M4_GRID,M4_GRID,False,no_rescue_or_change,20.0,80,80,80,-0.05,False,False,False,False,False,True,nan,nan,100.0,nan,1,[20],t20:L80,True,"[{""absolute_t"":20,""backbone_seconds"":0.01322025409899652,""client_selected_length"":80,""history_sha256"":""dac61942a036ee6ebd34205d2332fc626f0db590d6159f10e1801ace93bf6628"",""inference_seconds"":0.07741392496973276,""ipc_roundtrip_seconds"":0.060347663005813956,""method_id"":""M4_GRID"",""model"":""M4_paired"",""prediction_head_seconds"":0.0009385569719597697,""probabilities"":{""p0"":0.03878764839981335,""p_full"":0.2131769941803589,""p_genuine_20"":0.01263928940676028,""p_genuine_5"":0.010659566084711839,""p_genuine_80"":0.10320533314133006,""p_helper_20"":0.0013314629990210456,""p_helper_5"":0.0009173158200101578,""p_helper_80"":0.008032441229488629,""p_sys_20"":0.014211091402256515,""p_sys_5"":0.013799072882045404,""p_sys_80"":0.11508171071412931,""payload_sha256"":""64825bea780be67a81702d29fe4c0d6efe88f32424c33b891dee8dd09b377a61"",""prediction_head_seconds"":0.0009385569719597697,""protocol_hash"":""07ed1213f636ea1db2500798b4468add685249faa7626d6bf39628f0fb5cccc3""},""reported_selected_length"":80}]",True,-1.0,
square:hb3p_test:500013,square:hb3p_test:500013,500013,NONE,NONE,False,baseline,nan,0,0,0,0.0,False,False,False,False,False,False,nan,nan,nan,nan,0,[],,False,[],False,0.05,
square:hb3p_test:500013,square:hb3p_test:500013,500013,S_STAR,S_STAR,False,no_rescue_or_change,20.0,80,80,80,-0.05,False,False,False,False,False,True,nan,nan,100.0,nan,0,[],,False,[],False,0.0,
square:hb3p_test:500013,square:hb3p_test:500013,500013,M0_GRID,S_STAR,False,no_rescue_or_change,20.0,80,80,80,-0.05,False,False,False,False,False,True,nan,nan,100.0,nan,0,[],,False,[],False,0.0,
square:hb3p_test:500013,square:hb3p_test:500013,500013,RISK_GRID,S_STAR,False,no_rescue_or_change,20.0,80,80,80,-0.05,False,False,False,False,False,True,nan,nan,100.0,nan,0,[],,False,[],False,0.0,
square:hb3p_test:500013,square:hb3p_test:500013,500013,M1_GRID,M1_GRID,False,no_rescue_or_change,nan,0,0,0,0.0,False,False,False,False,False,False,nan,nan,nan,nan,3,"[20, 80, 160]",t20:L0;t80:L0;t160:L0,True,"[{""absolute_t"":20,""backbone_seconds"":0.0,""client_selected_length"":null,""history_sha256"":""9b583a5eb6e5ec4eec4959bb19bb4a57e037123ac17860d9ca9737d6b62a8058"",""inference_seconds"":0.0012907719938084483,""ipc_roundtrip_seconds"":0.0,""method_id"":""M1_GRID"",""model"":""M1_proprio"",""prediction_head_seconds"":0.0006440189899876714,""probabilities"":{""p0"":0.047957818057900156,""p_full"":0.1823435650716224,""p_genuine_20"":0.02068559490567149,""p_genuine_5"":0.011611728947058728,""p_genuine_80"":0.0685067060543442,""p_helper_20"":0.0012407264754083248,""p_helper_5"":0.00020603119206888032,""p_helper_80"":0.0033768151558044063,""p_sys_20"":0.02243311575902418,""p_sys_5"":0.013256841469874603,""p_sys_80"":0.07428225407621791,""prediction_head_seconds"":0.0006440189899876714},""reported_selected_length"":0},{""absolute_t"":80,""backbone_seconds"":0.0,""client_selected_length"":null,""history_sha256"":""0da61529a650668438e24486e09a95599c5ab6a66ffa3f0315e977bf661ed225"",""inference_seconds"":0.001320044044405222,""ipc_roundtrip_seconds"":0.0,""method_id"":""M1_GRID"",""model"":""M1_proprio"",""prediction_head_seconds"":0.0006415210664272308,""probabilities"":{""p0"":0.0235951029998265,""p_full"":0.03949981541719728,""p_genuine_20"":0.003860098531380058,""p_genuine_5"":0.002649597863672367,""p_genuine_80"":0.0070111277488822685,""p_helper_20"":0.00037423349267876944,""p_helper_5"":2.6843889781373808e-05,""p_helper_80"":0.0010910911987050795,""p_sys_20"":0.00436837287467029,""p_sys_5"":0.0029720998941309418,""p_sys_80"":0.00869928397778974,""prediction_head_seconds"":0.0006415210664272308},""reported_selected_length"":0},{""absolute_t"":160,""backbone_seconds"":0.0,""client_selected_length"":null,""history_sha256"":""87a547f1ec968fe0a781c0a8383097c17215811a79cde3fea3f79836aa149b28"",""inference_seconds"":0.0012929009972140193,""ipc_roundtrip_seconds"":0.0,""method_id"":""M1_GRID"",""model"":""M1_proprio"",""prediction_head_seconds"":0.0006360759725794196,""probabilities"":{""p0"":0.027812024184399303,""p_full"":0.030132431111142326,""p_genuine_20"":0.0048886568400188235,""p_genuine_5"":0.0038429425866673595,""p_genuine_80"":0.005217251567485516,""p_helper_20"":0.0006990161754967695,""p_helper_5"":5.902400098148885e-05,""p_helper_80"":0.0017647078921719397,""p_sys_20"":0.0058788217617004035,""p_sys_5"":0.004659125348929649,""p_sys_80"":0.007957717993663183,""prediction_head_seconds"":0.0006360759725794196},""reported_selected_length"":0}]",False,0.05,m1_no_takeover
square:hb3p_test:500013,square:hb3p_test:500013,500013,M4_GRID,M4_GRID,False,no_rescue_or_change,20.0,80,80,80,-0.05,False,False,False,False,False,True,nan,nan,100.0,nan,1,[20],t20:L80,True,"[{""absolute_t"":20,""backbone_seconds"":0.013214505044743419,""client_selected_length"":80,""history_sha256"":""9b583a5eb6e5ec4eec4959bb19bb4a57e037123ac17860d9ca9737d6b62a8058"",""inference_seconds"":0.1436871609184891,""ipc_roundtrip_seconds"":0.08038639789447188,""method_id"":""M4_GRID"",""model"":""M4_paired"",""prediction_head_seconds"":0.0008942780550569296,""probabilities"":{""p0"":0.038720941196838346,""p_full"":0.2060662584768292,""p_genuine_20"":0.013745939437876215,""p_genuine_5"":0.010659476339000237,""p_genuine_80"":0.0976706583018696,""p_helper_20"":0.0014681602260425194,""p_helper_5"":0.000931730494439213,""p_helper_80"":0.008471163399228853,""p_sys_20"":0.015479767701978342,""p_sys_5"":0.013848443901048557,""p_sys_80"":0.10992561997345562,""payload_sha256"":""7ca497ad1025097c9d00b15b4204db7ec6644344c210b682320239edff9f1c7c"",""prediction_head_seconds"":0.0008942780550569296,""protocol_hash"":""07ed1213f636ea1db2500798b4468add685249faa7626d6bf39628f0fb5cccc3""},""reported_selected_length"":80}]",False,0.0,
square:hb3p_test:500014,square:hb3p_test:500014,500014,NONE,NONE,False,baseline,nan,0,0,0,0.0,False,False,False,False,False,False,nan,nan,nan,nan,0,[],,False,[],False,0.05,
square:hb3p_test:500014,square:hb3p_test:500014,500014,S_STAR,S_STAR,False,no_rescue_or_change,20.0,80,80,80,-0.05,False,False,False,False,False,True,nan,nan,100.0,nan,0,[],,False,[],False,0.0,
square:hb3p_test:500014,square:hb3p_test:500014,500014,M0_GRID,S_STAR,False,no_rescue_or_change,20.0,80,80,80,-0.05,False,False,False,False,False,True,nan,nan,100.0,nan,0,[],,False,[],False,0.0,
square:hb3p_test:500014,square:hb3p_test:500014,500014,RISK_GRID,S_STAR,False,no_rescue_or_change,20.0,80,80,80,-0.05,False,False,False,False,False,True,nan,nan,100.0,nan,0,[],,False,[],False,0.0,
square:hb3p_test:500014,square:hb3p_test:500014,500014,M1_GRID,M1_GRID,False,genuine_rescue,80.0,80,80,80,0.95,True,True,True,False,False,True,278.0,282.0,160.0,118.0,2,"[20, 80]",t20:L0;t80:L80,True,"[{""absolute_t"":20,""backbone_seconds"":0.0,""client_selected_length"":null,""history_sha256"":""f773ebc9761f02f832dd46029a53b7abab40fb56e6d41eaaf07602f662889f7b"",""inference_seconds"":0.001439354964531958,""ipc_roundtrip_seconds"":0.0,""method_id"":""M1_GRID"",""model"":""M1_proprio"",""prediction_head_seconds"":0.000791887054219842,""probabilities"":{""p0"":0.02531923098810637,""p_full"":0.1692782889583359,""p_genuine_20"":0.006512512262484848,""p_genuine_5"":0.003416097104146721,""p_genuine_80"":0.04708613710078697,""p_helper_20"":0.0004608417045371675,""p_helper_5"":3.248517166442661e-05,""p_helper_80"":0.0016972127819351419,""p_sys_20"":0.0071254320225100365,""p_sys_5"":0.003742072252409745,""p_sys_80"":0.04984446373022822,""prediction_head_seconds"":0.000791887054219842},""reported_selected_length"":0},{""absolute_t"":80,""backbone_seconds"":0.0,""client_selected_length"":null,""history_sha256"":""44accfff68c38bd60f4690d2ab10d24fa92895338bb996db2cfe6e6f0013f869"",""inference_seconds"":0.001368404016830027,""ipc_roundtrip_seconds"":0.0,""method_id"":""M1_GRID"",""model"":""M1_proprio"",""prediction_head_seconds"":0.0007292010122910142,""probabilities"":{""p0"":0.04950532354833422,""p_full"":0.3861964091525375,""p_genuine_20"":0.0148724126267988,""p_genuine_5"":0.005330189521175139,""p_genuine_80"":0.18371420949915007,""p_helper_20"":0.0014256842616041515,""p_helper_5"":0.00011896978407834117,""p_helper_80"":0.0038807151088562355,""p_sys_20"":0.016768322967107507,""p_sys_5"":0.005991508694898395,""p_sys_80"":0.19045655129953032,""prediction_head_seconds"":0.0007292010122910142},""reported_selected_length"":80}]",True,1.0,m1_vs_s_star_outcome_difference;m1_genuine_rescue
square:hb3p_test:500014,square:hb3p_test:500014,500014,M4_GRID,M4_GRID,False,no_rescue_or_change,20.0,80,80,80,-0.05,False,False,False,False,False,True,nan,nan,100.0,nan,1,[20],t20:L80,True,"[{""absolute_t"":20,""backbone_seconds"":0.013612548005767167,""client_selected_length"":80,""history_sha256"":""f773ebc9761f02f832dd46029a53b7abab40fb56e6d41eaaf07602f662889f7b"",""inference_seconds"":0.1424694280140102,""ipc_roundtrip_seconds"":0.08051539992447942,""method_id"":""M4_GRID"",""model"":""M4_paired"",""prediction_head_seconds"":0.0010702110594138503,""probabilities"":{""p0"":0.03360789924135578,""p_full"":0.1997616365726641,""p_genuine_20"":0.010767545471654486,""p_genuine_5"":0.008868636171821272,""p_genuine_80"":0.08532919071790208,""p_helper_20"":0.0011755084275092288,""p_helper_5"":0.0007093106679978614,""p_helper_80"":0.006968852735856968,""p_sys_20"":0.012138824260958359,""p_sys_5"":0.011428886164026375,""p_sys_80"":0.09521014224784818,""payload_sha256"":""8065f62eb79ebbc37c3c45688767fbb5f6ffa532c713f08121af63dfbb59daa8"",""prediction_head_seconds"":0.0010702110594138503,""protocol_hash"":""07ed1213f636ea1db2500798b4468add685249faa7626d6bf39628f0fb5cccc3""},""reported_selected_length"":80}]",False,0.0,
square:hb3p_test:500015,square:hb3p_test:500015,500015,NONE,NONE,False,baseline,nan,0,0,0,0.0,False,False,False,False,False,False,nan,nan,nan,nan,0,[],,False,[],False,0.05,
square:hb3p_test:500015,square:hb3p_test:500015,500015,S_STAR,S_STAR,False,no_rescue_or_change,20.0,80,80,80,-0.05,False,False,False,False,False,True,nan,nan,100.0,nan,0,[],,False,[],False,0.0,
square:hb3p_test:500015,square:hb3p_test:500015,500015,M0_GRID,S_STAR,False,no_rescue_or_change,20.0,80,80,80,-0.05,False,False,False,False,False,True,nan,nan,100.0,nan,0,[],,False,[],False,0.0,
square:hb3p_test:500015,square:hb3p_test:500015,500015,RISK_GRID,S_STAR,False,no_rescue_or_change,20.0,80,80,80,-0.05,False,False,False,False,False,True,nan,nan,100.0,nan,0,[],,False,[],False,0.0,
square:hb3p_test:500015,square:hb3p_test:500015,500015,M1_GRID,M1_GRID,False,no_rescue_or_change,20.0,80,80,80,-0.05,False,False,False,False,False,True,nan,nan,100.0,nan,1,[20],t20:L80,True,"[{""absolute_t"":20,""backbone_seconds"":0.0,""client_selected_length"":null,""history_sha256"":""1366c8f8581ce1bcf2f1aefc93399cd130517a00f9f98be22c1261ec82543ff2"",""inference_seconds"":0.0013589849695563316,""ipc_roundtrip_seconds"":0.0,""method_id"":""M1_GRID"",""model"":""M1_proprio"",""prediction_head_seconds"":0.0007527460111305118,""probabilities"":{""p0"":0.08469829239616998,""p_full"":0.3438530521206824,""p_genuine_20"":0.03350034523219,""p_genuine_5"":0.01606849156245608,""p_genuine_80"":0.22606940261170094,""p_helper_20"":0.0024971873782620524,""p_helper_5"":0.0004561977961877911,""p_helper_80"":0.004923400068992973,""p_sys_20"":0.03700650357478108,""p_sys_5"":0.01883716407195546,""p_sys_80"":0.2358740369625476,""prediction_head_seconds"":0.0007527460111305118},""reported_selected_length"":80}]",False,0.0,
square:hb3p_test:500015,square:hb3p_test:500015,500015,M4_GRID,M4_GRID,False,no_rescue_or_change,20.0,80,80,80,-0.05,False,False,False,False,False,True,nan,nan,100.0,nan,1,[20],t20:L80,True,"[{""absolute_t"":20,""backbone_seconds"":0.013145147007890046,""client_selected_length"":80,""history_sha256"":""1366c8f8581ce1bcf2f1aefc93399cd130517a00f9f98be22c1261ec82543ff2"",""inference_seconds"":0.10987816902343184,""ipc_roundtrip_seconds"":0.08037059905473143,""method_id"":""M4_GRID"",""model"":""M4_paired"",""prediction_head_seconds"":0.0008803900564089417,""probabilities"":{""p0"":0.03755491714692832,""p_full"":0.20954343996362154,""p_genuine_20"":0.012695528905420932,""p_genuine_5"":0.010541595066297867,""p_genuine_80"":0.10075292235835638,""p_helper_20"":0.0013981202149326774,""p_helper_5"":0.0009006748070770227,""p_helper_80"":0.008278281273435278,""p_sys_20"":0.014347638645314964,""p_sys_5"":0.013685130687903002,""p_sys_80"":0.11282884242796365,""payload_sha256"":""d4a5fdd8f03498e451765d65fdb39dbe6b8da495485c028eecc740689b9b7a12"",""prediction_head_seconds"":0.0008803900564089417,""protocol_hash"":""07ed1213f636ea1db2500798b4468add685249faa7626d6bf39628f0fb5cccc3""},""reported_selected_length"":80}]",False,0.0,
square:hb3p_test:500016,square:hb3p_test:500016,500016,NONE,NONE,False,baseline,nan,0,0,0,0.0,False,False,False,False,False,False,nan,nan,nan,nan,0,[],,False,[],False,0.05,
square:hb3p_test:500016,square:hb3p_test:500016,500016,S_STAR,S_STAR,False,no_rescue_or_change,20.0,80,80,80,-0.05,False,False,False,False,False,True,nan,nan,100.0,nan,0,[],,False,[],False,0.0,
square:hb3p_test:500016,square:hb3p_test:500016,500016,M0_GRID,S_STAR,False,no_rescue_or_change,20.0,80,80,80,-0.05,False,False,False,False,False,True,nan,nan,100.0,nan,0,[],,False,[],False,0.0,
square:hb3p_test:500016,square:hb3p_test:500016,500016,RISK_GRID,S_STAR,False,no_rescue_or_change,20.0,80,80,80,-0.05,False,False,False,False,False,True,nan,nan,100.0,nan,0,[],,False,[],False,0.0,
square:hb3p_test:500016,square:hb3p_test:500016,500016,M1_GRID,M1_GRID,False,no_rescue_or_change,20.0,80,80,80,-0.05,False,False,False,False,False,True,nan,nan,100.0,nan,1,[20],t20:L80,True,"[{""absolute_t"":20,""backbone_seconds"":0.0,""client_selected_length"":null,""history_sha256"":""ddcbeafad4074de8536e4b5b4845f9f985fecc9cc866b7228693b83194f02657"",""inference_seconds"":0.0013895760057494044,""ipc_roundtrip_seconds"":0.0,""method_id"":""M1_GRID"",""model"":""M1_proprio"",""prediction_head_seconds"":0.0007878380129113793,""probabilities"":{""p0"":0.04019431507417289,""p_full"":0.28819312810952535,""p_genuine_20"":0.013281506914285,""p_genuine_5"":0.005832373099504679,""p_genuine_80"":0.12344820458672691,""p_helper_20"":0.000913449661905775,""p_helper_5"":8.175675968720836e-05,""p_helper_80"":0.0026937037652093373,""p_sys_20"":0.014508987612507296,""p_sys_5"":0.006459863380155473,""p_sys_80"":0.12821157836628672,""prediction_head_seconds"":0.0007878380129113793},""reported_selected_length"":80}]",False,0.0,
square:hb3p_test:500016,square:hb3p_test:500016,500016,M4_GRID,M4_GRID,False,no_rescue_or_change,20.0,80,80,80,-0.05,False,False,False,False,False,True,nan,nan,100.0,nan,1,[20],t20:L80,True,"[{""absolute_t"":20,""backbone_seconds"":0.01332110702060163,""client_selected_length"":80,""history_sha256"":""ddcbeafad4074de8536e4b5b4845f9f985fecc9cc866b7228693b83194f02657"",""inference_seconds"":0.10191180696710944,""ipc_roundtrip_seconds"":0.06037278799340129,""method_id"":""M4_GRID"",""model"":""M4_paired"",""prediction_head_seconds"":0.0009593169670552015,""probabilities"":{""p0"":0.03616711602819522,""p_full"":0.21046375813724075,""p_genuine_20"":0.01143639631376592,""p_genuine_5"":0.009943553141497778,""p_genuine_80"":0.09718959364827746,""p_helper_20"":0.0012539720906086676,""p_helper_5"":0.0008231153488027777,""p_helper_80"":0.007478855607627734,""p_sys_20"":0.01290882741088284,""p_sys_5"":0.012834210164716198,""p_sys_80"":0.10805427361793907,""payload_sha256"":""5211db5dda45f5d64d29ae36c5ca8f50af2d8820136f15b3246d0ff42cbc39f6"",""prediction_head_seconds"":0.0009593169670552015,""protocol_hash"":""07ed1213f636ea1db2500798b4468add685249faa7626d6bf39628f0fb5cccc3""},""reported_selected_length"":80}]",False,0.0,
square:hb3p_test:500017,square:hb3p_test:500017,500017,NONE,NONE,False,baseline,nan,0,0,0,0.0,False,False,False,False,False,False,nan,nan,nan,nan,0,[],,False,[],False,0.05,
square:hb3p_test:500017,square:hb3p_test:500017,500017,S_STAR,S_STAR,False,no_rescue_or_change,20.0,80,80,80,-0.05,False,False,False,False,False,True,nan,nan,100.0,nan,0,[],,False,[],False,0.0,
square:hb3p_test:500017,square:hb3p_test:500017,500017,M0_GRID,S_STAR,False,no_rescue_or_change,20.0,80,80,80,-0.05,False,False,False,False,False,True,nan,nan,100.0,nan,0,[],,False,[],False,0.0,
square:hb3p_test:500017,square:hb3p_test:500017,500017,RISK_GRID,S_STAR,False,no_rescue_or_change,20.0,80,80,80,-0.05,False,False,False,False,False,True,nan,nan,100.0,nan,0,[],,False,[],False,0.0,
square:hb3p_test:500017,square:hb3p_test:500017,500017,M1_GRID,M1_GRID,False,no_rescue_or_change,20.0,80,80,80,-0.05,False,False,False,False,False,True,nan,nan,100.0,nan,1,[20],t20:L80,True,"[{""absolute_t"":20,""backbone_seconds"":0.0,""client_selected_length"":null,""history_sha256"":""23924d3a9e93fc7508b24073f99d0c8070a13623af7075a5fbbb56e18ae259db"",""inference_seconds"":0.0013756980188190937,""ipc_roundtrip_seconds"":0.0,""method_id"":""M1_GRID"",""model"":""M1_proprio"",""prediction_head_seconds"":0.0007671820931136608,""probabilities"":{""p0"":0.08079413310775325,""p_full"":0.25755863242501476,""p_genuine_20"":0.03201052474328476,""p_genuine_5"":0.017483897265522297,""p_genuine_80"":0.18001618572710004,""p_helper_20"":0.0022728469678616496,""p_helper_5"":0.00045369619425946926,""p_helper_80"":0.004324254348478078,""p_sys_20"":0.03532598376975116,""p_sys_5"":0.020377976547699905,""p_sys_80"":0.18839354464696756,""prediction_head_seconds"":0.0007671820931136608},""reported_selected_length"":80}]",False,0.0,
square:hb3p_test:500017,square:hb3p_test:500017,500017,M4_GRID,M4_GRID,False,no_rescue_or_change,20.0,80,80,80,-0.05,False,False,False,False,False,True,nan,nan,100.0,nan,1,[20],t20:L80,True,"[{""absolute_t"":20,""backbone_seconds"":0.01325570500921458,""client_selected_length"":80,""history_sha256"":""23924d3a9e93fc7508b24073f99d0c8070a13623af7075a5fbbb56e18ae259db"",""inference_seconds"":0.11370154097676277,""ipc_roundtrip_seconds"":0.08038228005170822,""method_id"":""M4_GRID"",""model"":""M4_paired"",""prediction_head_seconds"":0.001091152080334723,""probabilities"":{""p0"":0.04156495703982785,""p_full"":0.21604806404078106,""p_genuine_20"":0.014098162698125836,""p_genuine_5"":0.011557972385234882,""p_genuine_80"":0.108989088767431,""p_helper_20"":0.001453293407405938,""p_helper_5"":0.001044376097435228,""p_helper_80"":0.008800256934538656,""p_sys_20"":0.015833519749615776,""p_sys_5"":0.015063978121203414,""p_sys_80"":0.12224333106295204,""payload_sha256"":""1390870bd0caf1e2bfc1d1c727876a65e2a2b37e2dc7e7525bf076cedea75dbe"",""prediction_head_seconds"":0.001091152080334723,""protocol_hash"":""07ed1213f636ea1db2500798b4468add685249faa7626d6bf39628f0fb5cccc3""},""reported_selected_length"":80}]",False,0.0,
square:hb3p_test:500018,square:hb3p_test:500018,500018,NONE,NONE,False,baseline,nan,0,0,0,0.0,False,False,False,False,False,False,nan,nan,nan,nan,0,[],,False,[],False,0.05,
square:hb3p_test:500018,square:hb3p_test:500018,500018,S_STAR,S_STAR,False,no_rescue_or_change,20.0,80,80,80,-0.05,False,False,False,False,False,True,nan,nan,100.0,nan,0,[],,False,[],False,0.0,
square:hb3p_test:500018,square:hb3p_test:500018,500018,M0_GRID,S_STAR,False,no_rescue_or_change,20.0,80,80,80,-0.05,False,False,False,False,False,True,nan,nan,100.0,nan,0,[],,False,[],False,0.0,
square:hb3p_test:500018,square:hb3p_test:500018,500018,RISK_GRID,S_STAR,False,no_rescue_or_change,20.0,80,80,80,-0.05,False,False,False,False,False,True,nan,nan,100.0,nan,0,[],,False,[],False,0.0,
square:hb3p_test:500018,square:hb3p_test:500018,500018,M1_GRID,M1_GRID,False,no_rescue_or_change,20.0,80,80,80,-0.05,False,False,False,False,False,True,nan,nan,100.0,nan,1,[20],t20:L80,True,"[{""absolute_t"":20,""backbone_seconds"":0.0,""client_selected_length"":null,""history_sha256"":""d2e27fafbeb62b55873d91333e1c909a21c5270c369d81a40a7112073663d9d7"",""inference_seconds"":0.0014084550784900784,""ipc_roundtrip_seconds"":0.0,""method_id"":""M1_GRID"",""model"":""M1_proprio"",""prediction_head_seconds"":0.0007888529216870666,""probabilities"":{""p0"":0.048286816025716016,""p_full"":0.2597871587096416,""p_genuine_20"":0.01853252427783983,""p_genuine_5"":0.00899639365295267,""p_genuine_80"":0.12672523895249926,""p_helper_20"":0.0012251851210305653,""p_helper_5"":0.00014611315088526467,""p_helper_80"":0.0031628145133830816,""p_sys_20"":0.020224258860686795,""p_sys_5"":0.010125442330806256,""p_sys_80"":0.13234362861567328,""prediction_head_seconds"":0.0007888529216870666},""reported_selected_length"":80}]",False,0.0,
square:hb3p_test:500018,square:hb3p_test:500018,500018,M4_GRID,M4_GRID,False,no_rescue_or_change,20.0,80,80,80,-0.05,False,False,False,False,False,True,nan,nan,100.0,nan,1,[20],t20:L80,True,"[{""absolute_t"":20,""backbone_seconds"":0.01329668692778796,""client_selected_length"":80,""history_sha256"":""d2e27fafbeb62b55873d91333e1c909a21c5270c369d81a40a7112073663d9d7"",""inference_seconds"":0.09604608500376344,""ipc_roundtrip_seconds"":0.06043058296199888,""method_id"":""M4_GRID"",""model"":""M4_paired"",""prediction_head_seconds"":0.0010281320428475738,""probabilities"":{""p0"":0.03897105809647928,""p_full"":0.2144806469596993,""p_genuine_20"":0.012692428811759417,""p_genuine_5"":0.010835838655451692,""p_genuine_80"":0.10702000225642973,""p_helper_20"":0.0013703162464625764,""p_helper_5"":0.0009348963712110458,""p_helper_80"":0.0083341251285642,""p_sys_20"":0.014314109303731892,""p_sys_5"":0.014048247531880054,""p_sys_80"":0.11932483815034367,""payload_sha256"":""3eca43edbececff84ac4a2dca7a8a1a82443be374352cacfb072392d3870bffd"",""prediction_head_seconds"":0.0010281320428475738,""protocol_hash"":""07ed1213f636ea1db2500798b4468add685249faa7626d6bf39628f0fb5cccc3""},""reported_selected_length"":80}]",False,0.0,
square:hb3p_test:500019,square:hb3p_test:500019,500019,NONE,NONE,False,baseline,nan,0,0,0,0.0,False,False,False,False,False,False,nan,nan,nan,nan,0,[],,False,[],False,0.05,
square:hb3p_test:500019,square:hb3p_test:500019,500019,S_STAR,S_STAR,False,no_rescue_or_change,20.0,80,80,80,-0.05,False,False,False,False,False,True,nan,nan,100.0,nan,0,[],,False,[],False,0.0,
square:hb3p_test:500019,square:hb3p_test:500019,500019,M0_GRID,S_STAR,False,no_rescue_or_change,20.0,80,80,80,-0.05,False,False,False,False,False,True,nan,nan,100.0,nan,0,[],,False,[],False,0.0,
square:hb3p_test:500019,square:hb3p_test:500019,500019,RISK_GRID,S_STAR,False,no_rescue_or_change,20.0,80,80,80,-0.05,False,False,False,False,False,True,nan,nan,100.0,nan,0,[],,False,[],False,0.0,
square:hb3p_test:500019,square:hb3p_test:500019,500019,M1_GRID,M1_GRID,False,no_rescue_or_change,20.0,80,80,80,-0.05,False,False,False,False,False,True,nan,nan,100.0,nan,1,[20],t20:L80,True,"[{""absolute_t"":20,""backbone_seconds"":0.0,""client_selected_length"":null,""history_sha256"":""aa4183b4e2ca91555896c693d9c19a7f13eefa3ac16fc6901b230fd24a9fd763"",""inference_seconds"":0.0013313039671629667,""ipc_roundtrip_seconds"":0.0,""method_id"":""M1_GRID"",""model"":""M1_proprio"",""prediction_head_seconds"":0.0007196239894255996,""probabilities"":{""p0"":0.0658030607594528,""p_full"":0.37124317901238874,""p_genuine_20"":0.0229406027264187,""p_genuine_5"":0.009992241326960244,""p_genuine_80"":0.20640581388127477,""p_helper_20"":0.0018086867060190838,""p_helper_5"":0.00023460805815469596,""p_helper_80"":0.004248842195035419,""p_sys_20"":0.025418915293140887,""p_sys_5"":0.01142095179128333,""p_sys_80"":0.21443150406658795,""prediction_head_seconds"":0.0007196239894255996},""reported_selected_length"":80}]",False,0.0,
square:hb3p_test:500019,square:hb3p_test:500019,500019,M4_GRID,M4_GRID,False,no_rescue_or_change,20.0,80,80,80,-0.05,False,False,False,False,False,True,nan,nan,100.0,nan,1,[20],t20:L80,True,"[{""absolute_t"":20,""backbone_seconds"":0.013083550962619483,""client_selected_length"":80,""history_sha256"":""aa4183b4e2ca91555896c693d9c19a7f13eefa3ac16fc6901b230fd24a9fd763"",""inference_seconds"":0.11688310105819255,""ipc_roundtrip_seconds"":0.06031956698279828,""method_id"":""M4_GRID"",""model"":""M4_paired"",""prediction_head_seconds"":0.0008712769486010075,""probabilities"":{""p0"":0.036204001921995015,""p_full"":0.1976816707414783,""p_genuine_20"":0.012797840999779679,""p_genuine_5"":0.00963428226548323,""p_genuine_80"":0.08731639025879555,""p_helper_20"":0.0014616763014018359,""p_helper_5"":0.0008104702935572742,""p_helper_80"":0.00828304903628446,""p_sys_20"":0.014518302611275402,""p_sys_5"":0.012544547144524798,""p_sys_80"":0.09893205874674615,""payload_sha256"":""6c1902df242eef5ce1940bd88e3e6f225575d5fb09499a0d2648451fe1456721"",""prediction_head_seconds"":0.0008712769486010075,""protocol_hash"":""07ed1213f636ea1db2500798b4468add685249faa7626d6bf39628f0fb5cccc3""},""reported_selected_length"":80}]",False,0.0,
square:hb3p_test:500020,square:hb3p_test:500020,500020,NONE,NONE,False,baseline,nan,0,0,0,0.0,False,False,False,False,False,False,nan,nan,nan,nan,0,[],,False,[],False,0.05,
square:hb3p_test:500020,square:hb3p_test:500020,500020,S_STAR,S_STAR,False,no_rescue_or_change,20.0,80,80,80,-0.05,False,False,False,False,False,True,nan,nan,100.0,nan,0,[],,False,[],False,0.0,
square:hb3p_test:500020,square:hb3p_test:500020,500020,M0_GRID,S_STAR,False,no_rescue_or_change,20.0,80,80,80,-0.05,False,False,False,False,False,True,nan,nan,100.0,nan,0,[],,False,[],False,0.0,
square:hb3p_test:500020,square:hb3p_test:500020,500020,RISK_GRID,S_STAR,False,no_rescue_or_change,20.0,80,80,80,-0.05,False,False,False,False,False,True,nan,nan,100.0,nan,0,[],,False,[],False,0.0,
square:hb3p_test:500020,square:hb3p_test:500020,500020,M1_GRID,M1_GRID,False,no_rescue_or_change,20.0,80,80,80,-0.05,False,False,False,False,False,True,nan,nan,100.0,nan,1,[20],t20:L80,True,"[{""absolute_t"":20,""backbone_seconds"":0.0,""client_selected_length"":null,""history_sha256"":""07494dcfc1d356642c8df541447f2a23c7b758d103229ed5d125ab4b03884837"",""inference_seconds"":0.0013855029828846455,""ipc_roundtrip_seconds"":0.0,""method_id"":""M1_GRID"",""model"":""M1_proprio"",""prediction_head_seconds"":0.0007731730584055185,""probabilities"":{""p0"":0.08162308606828801,""p_full"":0.3039970542710535,""p_genuine_20"":0.0342218814359042,""p_genuine_5"":0.01718440017043292,""p_genuine_80"":0.21539946424530607,""p_helper_20"":0.002428021569419582,""p_helper_5"":0.00045508520739611253,""p_helper_80"":0.004750243671170153,""p_sys_20"":0.03770326670082402,""p_sys_5"":0.019876815167047646,""p_sys_80"":0.22451299468998187,""prediction_head_seconds"":0.0007731730584055185},""reported_selected_length"":80}]",False,0.0,
square:hb3p_test:500020,square:hb3p_test:500020,500020,M4_GRID,M4_GRID,False,no_rescue_or_change,20.0,80,80,80,-0.05,False,False,False,False,False,True,nan,nan,100.0,nan,1,[20],t20:L80,True,"[{""absolute_t"":20,""backbone_seconds"":0.013220582972280681,""client_selected_length"":80,""history_sha256"":""07494dcfc1d356642c8df541447f2a23c7b758d103229ed5d125ab4b03884837"",""inference_seconds"":0.3189295509364456,""ipc_roundtrip_seconds"":0.18073842010926455,""method_id"":""M4_GRID"",""model"":""M4_paired"",""prediction_head_seconds"":0.0010374609846621752,""probabilities"":{""p0"":0.04079854081417235,""p_full"":0.2155523256174751,""p_genuine_20"":0.013336957358805192,""p_genuine_5"":0.011150825523260107,""p_genuine_80"":0.10572114469509626,""p_helper_20"":0.0013774879984961128,""p_helper_5"":0.00098558541254725,""p_helper_80"":0.00820121952518571,""p_sys_20"":0.014976071180768491,""p_sys_5"":0.01448106886440026,""p_sys_80"":0.11807133176794071,""payload_sha256"":""92c5c38329de2e919d89394bebf15141e28c8f04e4887cf1cfcb25880aa39612"",""prediction_head_seconds"":0.0010374609846621752,""protocol_hash"":""07ed1213f636ea1db2500798b4468add685249faa7626d6bf39628f0fb5cccc3""},""reported_selected_length"":80}]",False,0.0,
square:hb3p_test:500021,square:hb3p_test:500021,500021,NONE,NONE,False,baseline,nan,0,0,0,0.0,False,False,False,False,False,False,nan,nan,nan,nan,0,[],,False,[],True,-0.95,
square:hb3p_test:500021,square:hb3p_test:500021,500021,S_STAR,S_STAR,False,genuine_rescue,20.0,80,80,80,0.95,True,True,True,False,False,True,173.0,177.0,100.0,73.0,0,[],,False,[],False,0.0,
square:hb3p_test:500021,square:hb3p_test:500021,500021,M0_GRID,S_STAR,False,genuine_rescue,20.0,80,80,80,0.95,True,True,True,False,False,True,173.0,177.0,100.0,73.0,0,[],,False,[],False,0.0,
square:hb3p_test:500021,square:hb3p_test:500021,500021,RISK_GRID,S_STAR,False,genuine_rescue,20.0,80,80,80,0.95,True,True,True,False,False,True,173.0,177.0,100.0,73.0,0,[],,False,[],False,0.0,
square:hb3p_test:500021,square:hb3p_test:500021,500021,M1_GRID,M1_GRID,False,genuine_rescue,20.0,80,80,80,0.95,True,True,True,False,False,True,173.0,177.0,100.0,73.0,1,[20],t20:L80,True,"[{""absolute_t"":20,""backbone_seconds"":0.0,""client_selected_length"":null,""history_sha256"":""1c4b545e7d511b72a03b141cc9add5a5c3b045df8b9e6ca51705210295eb332c"",""inference_seconds"":0.0013199429959058762,""ipc_roundtrip_seconds"":0.0,""method_id"":""M1_GRID"",""model"":""M1_proprio"",""prediction_head_seconds"":0.0006430530920624733,""probabilities"":{""p0"":0.03655896647382875,""p_full"":0.28900543193774275,""p_genuine_20"":0.009059174302399333,""p_genuine_5"":0.004164310202240394,""p_genuine_80"":0.12027404059386015,""p_helper_20"":0.0010081529472994045,""p_helper_5"":7.303796659532225e-05,""p_helper_80"":0.003727119486407539,""p_sys_20"":0.010389767119844184,""p_sys_5"":0.004640839600001501,""p_sys_80"":0.1262973292193995,""prediction_head_seconds"":0.0006430530920624733},""reported_selected_length"":80}]",False,0.0,m1_genuine_rescue
square:hb3p_test:500021,square:hb3p_test:500021,500021,M4_GRID,M4_GRID,False,no_rescue_or_change,nan,0,0,0,0.0,False,False,False,False,False,False,nan,nan,nan,nan,3,"[20, 80, 160]",t20:L0;t80:L0;t160:L0,True,"[{""absolute_t"":20,""backbone_seconds"":0.0131163380574435,""client_selected_length"":0,""history_sha256"":""1c4b545e7d511b72a03b141cc9add5a5c3b045df8b9e6ca51705210295eb332c"",""inference_seconds"":0.14660572004504502,""ipc_roundtrip_seconds"":0.10043354099616408,""method_id"":""M4_GRID"",""model"":""M4_paired"",""prediction_head_seconds"":0.0008800139185041189,""probabilities"":{""p0"":0.03286939926025664,""p_full"":0.18977501041288852,""p_genuine_20"":0.01143643243658565,""p_genuine_5"":0.00832008344559732,""p_genuine_80"":0.0768987402735949,""p_helper_20"":0.0012833017013085277,""p_helper_5"":0.0006738444329328399,""p_helper_80"":0.007304706656779149,""p_sys_20"":0.012932734292920633,""p_sys_5"":0.01081653021832707,""p_sys_80"":0.08692667908148144,""payload_sha256"":""56b7c482b0d683ca3baf1faa81ff5399015d911e7fa18de6796cdacee83f041a"",""prediction_head_seconds"":0.0008800139185041189,""protocol_hash"":""07ed1213f636ea1db2500798b4468add685249faa7626d6bf39628f0fb5cccc3""},""reported_selected_length"":0},{""absolute_t"":80,""backbone_seconds"":0.013255123049020767,""client_selected_length"":0,""history_sha256"":""22f2b3ea1b8be9f1f3dbaf99a59574ab7493fc41567ee50279232b09df2e5173"",""inference_seconds"":0.1460743669886142,""ipc_roundtrip_seconds"":0.10052651492878795,""method_id"":""M4_GRID"",""model"":""M4_paired"",""prediction_head_seconds"":0.0010552139719948173,""probabilities"":{""p0"":0.035792593661546884,""p_full"":0.16716320778237334,""p_genuine_20"":0.022853444822286656,""p_genuine_5"":0.010523965910805936,""p_genuine_80"":0.07043801214953847,""p_helper_20"":0.0028710683086711096,""p_helper_5"":0.0009991011134783487,""p_helper_80"":0.01347381213658922,""p_sys_20"":0.026233002654266868,""p_sys_5"":0.014057590330569192,""p_sys_80"":0.08726458335888487,""payload_sha256"":""5143129fa6fcc56fa27c65eee3b0e2c03e8f7122c96a63afbd4d5514308f7348"",""prediction_head_seconds"":0.0010552139719948173,""protocol_hash"":""07ed1213f636ea1db2500798b4468add685249faa7626d6bf39628f0fb5cccc3""},""reported_selected_length"":0},{""absolute_t"":160,""backbone_seconds"":0.013153960928320885,""client_selected_length"":0,""history_sha256"":""69ad9a73d52a7a046f6fbd9b358c8c7fcfb697226bd7949f5cd0254cae25ff54"",""inference_seconds"":0.22625701606739312,""ipc_roundtrip_seconds"":0.10044706705957651,""method_id"":""M4_GRID"",""model"":""M4_paired"",""prediction_head_seconds"":0.0008966969326138496,""probabilities"":{""p0"":0.028445106794997652,""p_full"":0.15489524501804786,""p_genuine_20"":0.012349173629244127,""p_genuine_5"":0.005975359465431983,""p_genuine_80"":0.05229424299340575,""p_helper_20"":0.0014712111186610754,""p_helper_5"":0.0004963863916401256,""p_helper_80"":0.007124192340689808,""p_sys_20"":0.01402426880438068,""p_sys_5"":0.007903207220872788,""p_sys_80"":0.06115086996706787,""payload_sha256"":""53a6bca5cb9d8e99ae18b0af26d273b47ef98cc7c038dfca0196fbf38d1f7509"",""prediction_head_seconds"":0.0008966969326138496,""protocol_hash"":""07ed1213f636ea1db2500798b4468add685249faa7626d6bf39628f0fb5cccc3""},""reported_selected_length"":0}]",True,-0.95,
square:hb3p_test:500022,square:hb3p_test:500022,500022,NONE,NONE,False,baseline,nan,0,0,0,0.0,False,False,False,False,False,False,nan,nan,nan,nan,0,[],,False,[],False,0.05,
square:hb3p_test:500022,square:hb3p_test:500022,500022,S_STAR,S_STAR,False,no_rescue_or_change,20.0,80,80,80,-0.05,False,False,False,False,False,True,nan,nan,100.0,nan,0,[],,False,[],False,0.0,
square:hb3p_test:500022,square:hb3p_test:500022,500022,M0_GRID,S_STAR,False,no_rescue_or_change,20.0,80,80,80,-0.05,False,False,False,False,False,True,nan,nan,100.0,nan,0,[],,False,[],False,0.0,
square:hb3p_test:500022,square:hb3p_test:500022,500022,RISK_GRID,S_STAR,False,no_rescue_or_change,20.0,80,80,80,-0.05,False,False,False,False,False,True,nan,nan,100.0,nan,0,[],,False,[],False,0.0,
square:hb3p_test:500022,square:hb3p_test:500022,500022,M1_GRID,M1_GRID,False,genuine_rescue,20.0,80,80,80,0.95,True,True,True,False,False,True,277.0,281.0,100.0,177.0,1,[20],t20:L80,True,"[{""absolute_t"":20,""backbone_seconds"":0.0,""client_selected_length"":null,""history_sha256"":""267b945458478395a7d3f5cfc8cd0fce56abef42feb8de6e39f05bd47c4bbb72"",""inference_seconds"":0.0014046519063413143,""ipc_roundtrip_seconds"":0.0,""method_id"":""M1_GRID"",""model"":""M1_proprio"",""prediction_head_seconds"":0.00078096694778651,""probabilities"":{""p0"":0.0957801048423077,""p_full"":0.3425776582774115,""p_genuine_20"":0.033218142322997773,""p_genuine_5"":0.016852135346369212,""p_genuine_80"":0.2591451013263769,""p_helper_20"":0.002931428976185767,""p_helper_5"":0.0005329825847994523,""p_helper_80"":0.005250153140898435,""p_sys_20"":0.0374323679169708,""p_sys_5"":0.020111718697213066,""p_sys_80"":0.26994788234316014,""prediction_head_seconds"":0.00078096694778651},""reported_selected_length"":80}]",True,1.0,m1_vs_s_star_outcome_difference;m1_genuine_rescue
square:hb3p_test:500022,square:hb3p_test:500022,500022,M4_GRID,M4_GRID,False,no_rescue_or_change,20.0,80,80,80,-0.05,False,False,False,False,False,True,nan,nan,100.0,nan,1,[20],t20:L80,True,"[{""absolute_t"":20,""backbone_seconds"":0.013439444941468537,""client_selected_length"":80,""history_sha256"":""267b945458478395a7d3f5cfc8cd0fce56abef42feb8de6e39f05bd47c4bbb72"",""inference_seconds"":0.09808483207598329,""ipc_roundtrip_seconds"":0.06031966092996299,""method_id"":""M4_GRID"",""model"":""M4_paired"",""prediction_head_seconds"":0.0011391140287742019,""probabilities"":{""p0"":0.03724811451608718,""p_full"":0.21002104199687097,""p_genuine_20"":0.012159797674995344,""p_genuine_5"":0.010252841970335751,""p_genuine_80"":0.10075433838509015,""p_helper_20"":0.001347263296414827,""p_helper_5"":0.0008606866138733622,""p_helper_80"":0.008135831998945168,""p_sys_20"":0.013748228263561701,""p_sys_5"":0.013275401347019433,""p_sys_80"":0.11252830579309858,""payload_sha256"":""80015d14e0a149dec6a886c701a94bdf575f9b92f7a08e43ea9b3bad8ceb9119"",""prediction_head_seconds"":0.0011391140287742019,""protocol_hash"":""07ed1213f636ea1db2500798b4468add685249faa7626d6bf39628f0fb5cccc3""},""reported_selected_length"":80}]",False,0.0,
square:hb3p_test:500023,square:hb3p_test:500023,500023,NONE,NONE,False,baseline,nan,0,0,0,0.0,False,False,False,False,False,False,nan,nan,nan,nan,0,[],,False,[],False,0.05,
square:hb3p_test:500023,square:hb3p_test:500023,500023,S_STAR,S_STAR,False,no_rescue_or_change,20.0,80,80,80,-0.05,False,False,False,False,False,True,nan,nan,100.0,nan,0,[],,False,[],False,0.0,
square:hb3p_test:500023,square:hb3p_test:500023,500023,M0_GRID,S_STAR,False,no_rescue_or_change,20.0,80,80,80,-0.05,False,False,False,False,False,True,nan,nan,100.0,nan,0,[],,False,[],False,0.0,
square:hb3p_test:500023,square:hb3p_test:500023,500023,RISK_GRID,S_STAR,False,no_rescue_or_change,20.0,80,80,80,-0.05,False,False,False,False,False,True,nan,nan,100.0,nan,0,[],,False,[],False,0.0,
square:hb3p_test:500023,square:hb3p_test:500023,500023,M1_GRID,M1_GRID,False,no_rescue_or_change,20.0,80,80,80,-0.05,False,False,False,False,False,True,nan,nan,100.0,nan,1,[20],t20:L80,True,"[{""absolute_t"":20,""backbone_seconds"":0.0,""client_selected_length"":null,""history_sha256"":""adf3e48e988a7daa2eb2256ad57c8b771325a623734c6f5289ce772742a4a572"",""inference_seconds"":0.001240725046955049,""ipc_roundtrip_seconds"":0.0,""method_id"":""M1_GRID"",""model"":""M1_proprio"",""prediction_head_seconds"":0.0006508079823106527,""probabilities"":{""p0"":0.12727120887163784,""p_full"":0.3262582332165924,""p_genuine_20"":0.07107830523003618,""p_genuine_5"":0.0413982834738796,""p_genuine_80"":0.25377151192620884,""p_helper_20"":0.005447045505717268,""p_helper_5"":0.0019437970717013483,""p_helper_80"":0.0079484901584735,""p_sys_20"":0.07926431616019436,""p_sys_5"":0.051482078206286586,""p_sys_80"":0.27027931485392964,""prediction_head_seconds"":0.0006508079823106527},""reported_selected_length"":80}]",False,0.0,
square:hb3p_test:500023,square:hb3p_test:500023,500023,M4_GRID,M4_GRID,False,no_rescue_or_change,20.0,80,80,80,-0.05,False,False,False,False,False,True,nan,nan,100.0,nan,1,[20],t20:L80,True,"[{""absolute_t"":20,""backbone_seconds"":0.013125273981131613,""client_selected_length"":80,""history_sha256"":""adf3e48e988a7daa2eb2256ad57c8b771325a623734c6f5289ce772742a4a572"",""inference_seconds"":0.10139894799795002,""ipc_roundtrip_seconds"":0.060323124984279275,""method_id"":""M4_GRID"",""model"":""M4_paired"",""prediction_head_seconds"":0.000884548993781209,""probabilities"":{""p0"":0.04243767397431331,""p_full"":0.2118250673973757,""p_genuine_20"":0.016130010025247856,""p_genuine_5"":0.012124801235032996,""p_genuine_80"":0.1084031026902276,""p_helper_20"":0.0017154935252403428,""p_helper_5"":0.0011282454866887951,""p_helper_80"":0.01003140047992045,""p_sys_20"":0.01818770219780852,""p_sys_5"":0.015875240139616387,""p_sys_80"":0.12319467965891595,""payload_sha256"":""7fe7813a27548b143a8e419c18cf693541f898eabe3ee4b218e4d5be2fb91b79"",""prediction_head_seconds"":0.000884548993781209,""protocol_hash"":""07ed1213f636ea1db2500798b4468add685249faa7626d6bf39628f0fb5cccc3""},""reported_selected_length"":80}]",False,0.0,
square:hb3p_test:500024,square:hb3p_test:500024,500024,NONE,NONE,False,baseline,nan,0,0,0,0.0,False,False,False,False,False,False,nan,nan,nan,nan,0,[],,False,[],False,0.05,
square:hb3p_test:500024,square:hb3p_test:500024,500024,S_STAR,S_STAR,False,no_rescue_or_change,20.0,80,80,80,-0.05,False,False,False,False,False,True,nan,nan,100.0,nan,0,[],,False,[],False,0.0,
square:hb3p_test:500024,square:hb3p_test:500024,500024,M0_GRID,S_STAR,False,no_rescue_or_change,20.0,80,80,80,-0.05,False,False,False,False,False,True,nan,nan,100.0,nan,0,[],,False,[],False,0.0,
square:hb3p_test:500024,square:hb3p_test:500024,500024,RISK_GRID,S_STAR,False,no_rescue_or_change,20.0,80,80,80,-0.05,False,False,False,False,False,True,nan,nan,100.0,nan,0,[],,False,[],False,0.0,
square:hb3p_test:500024,square:hb3p_test:500024,500024,M1_GRID,M1_GRID,False,no_rescue_or_change,20.0,80,80,80,-0.05,False,False,False,False,False,True,nan,nan,100.0,nan,1,[20],t20:L80,True,"[{""absolute_t"":20,""backbone_seconds"":0.0,""client_selected_length"":null,""history_sha256"":""e4dd0b0e398416fa6e533572128fb9299d32df3e87967f0bef90ff0f4d57d985"",""inference_seconds"":0.0014164600288495421,""ipc_roundtrip_seconds"":0.0,""method_id"":""M1_GRID"",""model"":""M1_proprio"",""prediction_head_seconds"":0.0007810990791767836,""probabilities"":{""p0"":0.08919487068645218,""p_full"":0.3504058441655682,""p_genuine_20"":0.037553323167113344,""p_genuine_5"":0.019446063880888497,""p_genuine_80"":0.20748264493916338,""p_helper_20"":0.003424970106475371,""p_helper_5"":0.0006300568729358201,""p_helper_80"":0.006310546106533708,""p_sys_20"":0.04242231920868311,""p_sys_5"":0.023072138997437097,""p_sys_80"":0.22038938214861348,""prediction_head_seconds"":0.0007810990791767836},""reported_selected_length"":80}]",False,0.0,
square:hb3p_test:500024,square:hb3p_test:500024,500024,M4_GRID,M4_GRID,False,no_rescue_or_change,20.0,80,80,80,-0.05,False,False,False,False,False,True,nan,nan,100.0,nan,1,[20],t20:L80,True,"[{""absolute_t"":20,""backbone_seconds"":0.013202160014770925,""client_selected_length"":80,""history_sha256"":""e4dd0b0e398416fa6e533572128fb9299d32df3e87967f0bef90ff0f4d57d985"",""inference_seconds"":0.22596005396917462,""ipc_roundtrip_seconds"":0.14060172496829182,""method_id"":""M4_GRID"",""model"":""M4_paired"",""prediction_head_seconds"":0.0009263809770345688,""probabilities"":{""p0"":0.03768808327616702,""p_full"":0.21122047449574236,""p_genuine_20"":0.012388665452476098,""p_genuine_5"":0.010548066640477602,""p_genuine_80"":0.10067797155922042,""p_helper_20"":0.0013987811116705673,""p_helper_5"":0.0008999076893431042,""p_helper_80"":0.008178513055150452,""p_sys_20"":0.01403609313472931,""p_sys_5"":0.013684316601962787,""p_sys_80"":0.11250614810196524,""payload_sha256"":""c936402f75bddac1a34909922dbf946ffeff6c9700eb2f66c9e8b3dc0e33df80"",""prediction_head_seconds"":0.0009263809770345688,""protocol_hash"":""07ed1213f636ea1db2500798b4468add685249faa7626d6bf39628f0fb5cccc3""},""reported_selected_length"":80}]",False,0.0,
square:hb3p_test:500025,square:hb3p_test:500025,500025,NONE,NONE,False,baseline,nan,0,0,0,0.0,False,False,False,False,False,False,nan,nan,nan,nan,0,[],,False,[],True,-0.95,
square:hb3p_test:500025,square:hb3p_test:500025,500025,S_STAR,S_STAR,False,genuine_rescue,20.0,80,80,80,0.95,True,True,True,False,False,True,164.0,168.0,100.0,64.0,0,[],,False,[],False,0.0,
square:hb3p_test:500025,square:hb3p_test:500025,500025,M0_GRID,S_STAR,False,genuine_rescue,20.0,80,80,80,0.95,True,True,True,False,False,True,164.0,168.0,100.0,64.0,0,[],,False,[],False,0.0,
square:hb3p_test:500025,square:hb3p_test:500025,500025,RISK_GRID,S_STAR,False,genuine_rescue,20.0,80,80,80,0.95,True,True,True,False,False,True,164.0,168.0,100.0,64.0,0,[],,False,[],False,0.0,
square:hb3p_test:500025,square:hb3p_test:500025,500025,M1_GRID,M1_GRID,False,genuine_rescue,20.0,80,80,80,0.95,True,True,True,False,False,True,178.0,182.0,100.0,78.0,1,[20],t20:L80,True,"[{""absolute_t"":20,""backbone_seconds"":0.0,""client_selected_length"":null,""history_sha256"":""4c4474213e990e2473732f81f5ebec317b68a89d273dd276951daf74c9a585e9"",""inference_seconds"":0.0012968700611963868,""ipc_roundtrip_seconds"":0.0,""method_id"":""M1_GRID"",""model"":""M1_proprio"",""prediction_head_seconds"":0.0006607759278267622,""probabilities"":{""p0"":0.15419641465876016,""p_full"":0.3137469699445716,""p_genuine_20"":0.08628708640668811,""p_genuine_5"":0.05375732153381827,""p_genuine_80"":0.2677382001436339,""p_helper_20"":0.008730266689163827,""p_helper_5"":0.0036717974600702277,""p_helper_80"":0.011573108212441568,""p_sys_20"":0.09967985456989847,""p_sys_5"":0.07101036228697921,""p_sys_80"":0.2922044999481872,""prediction_head_seconds"":0.0006607759278267622},""reported_selected_length"":80}]",False,0.0,m1_genuine_rescue
square:hb3p_test:500025,square:hb3p_test:500025,500025,M4_GRID,M4_GRID,False,genuine_rescue,20.0,80,80,80,0.95,True,True,True,False,False,True,148.0,152.0,100.0,48.0,1,[20],t20:L80,True,"[{""absolute_t"":20,""backbone_seconds"":0.013124448014423251,""client_selected_length"":80,""history_sha256"":""4c4474213e990e2473732f81f5ebec317b68a89d273dd276951daf74c9a585e9"",""inference_seconds"":0.13402366102673113,""ipc_roundtrip_seconds"":0.08037692797370255,""method_id"":""M4_GRID"",""model"":""M4_paired"",""prediction_head_seconds"":0.0009053120156750083,""probabilities"":{""p0"":0.04376335948615233,""p_full"":0.21391021831718018,""p_genuine_20"":0.01781611486469449,""p_genuine_5"":0.013404613128681868,""p_genuine_80"":0.11478284421814229,""p_helper_20"":0.001984558951599529,""p_helper_5"":0.0012460333609724558,""p_helper_80"":0.01143227150450775,""p_sys_20"":0.020211941297117897,""p_sys_5"":0.017594600597210852,""p_sys_80"":0.131540346166644,""payload_sha256"":""727abb4e0f74ee46ee232d2e392e1840166acae1f91ee18624be724dd9a46ab6"",""prediction_head_seconds"":0.0009053120156750083,""protocol_hash"":""07ed1213f636ea1db2500798b4468add685249faa7626d6bf39628f0fb5cccc3""},""reported_selected_length"":80}]",False,0.0,
square:hb3p_test:500026,square:hb3p_test:500026,500026,NONE,NONE,False,baseline,nan,0,0,0,0.0,False,False,False,False,False,False,nan,nan,nan,nan,0,[],,False,[],False,0.05,
square:hb3p_test:500026,square:hb3p_test:500026,500026,S_STAR,S_STAR,False,no_rescue_or_change,20.0,80,80,80,-0.05,False,False,False,False,False,True,nan,nan,100.0,nan,0,[],,False,[],False,0.0,
square:hb3p_test:500026,square:hb3p_test:500026,500026,M0_GRID,S_STAR,False,no_rescue_or_change,20.0,80,80,80,-0.05,False,False,False,False,False,True,nan,nan,100.0,nan,0,[],,False,[],False,0.0,
square:hb3p_test:500026,square:hb3p_test:500026,500026,RISK_GRID,S_STAR,False,no_rescue_or_change,20.0,80,80,80,-0.05,False,False,False,False,False,True,nan,nan,100.0,nan,0,[],,False,[],False,0.0,
square:hb3p_test:500026,square:hb3p_test:500026,500026,M1_GRID,M1_GRID,False,no_rescue_or_change,nan,0,0,0,0.0,False,False,False,False,False,False,nan,nan,nan,nan,3,"[20, 80, 160]",t20:L0;t80:L0;t160:L0,True,"[{""absolute_t"":20,""backbone_seconds"":0.0,""client_selected_length"":null,""history_sha256"":""ef336959adb20ca6d40425e5a3b80239bd475b355553516140c8084b9b8f01aa"",""inference_seconds"":0.0013884850777685642,""ipc_roundtrip_seconds"":0.0,""method_id"":""M1_GRID"",""model"":""M1_proprio"",""prediction_head_seconds"":0.0007846370572224259,""probabilities"":{""p0"":0.03747227062253523,""p_full"":0.17802619934453612,""p_genuine_20"":0.014874169045572047,""p_genuine_5"":0.008014537810264816,""p_genuine_80"":0.05451945429273281,""p_helper_20"":0.0009721738795119954,""p_helper_5"":0.00012460483350519526,""p_helper_80"":0.002923844588266265,""p_sys_20"":0.016207567565352354,""p_sys_5"":0.009098410481400143,""p_sys_80"":0.05937566833575525,""prediction_head_seconds"":0.0007846370572224259},""reported_selected_length"":0},{""absolute_t"":80,""backbone_seconds"":0.0,""client_selected_length"":null,""history_sha256"":""4d04d3721514a0d8c1a2fdb4f7c7ef8294ea59a84f0d2263c42630c35841215d"",""inference_seconds"":0.0012725070118904114,""ipc_roundtrip_seconds"":0.0,""method_id"":""M1_GRID"",""model"":""M1_proprio"",""prediction_head_seconds"":0.0006543589988723397,""probabilities"":{""p0"":0.03637078023990189,""p_full"":0.08663532424822228,""p_genuine_20"":0.015550465214967618,""p_genuine_5"":0.011630472034369852,""p_genuine_80"":0.01102085896195694,""p_helper_20"":0.0017801128846951623,""p_helper_5"":0.00027543362133709907,""p_helper_80"":0.008346890302350878,""p_sys_20"":0.018105095214780764,""p_sys_5"":0.013665164266974283,""p_sys_80"":0.022881119085249813,""prediction_head_seconds"":0.0006543589988723397},""reported_selected_length"":0},{""absolute_t"":160,""backbone_seconds"":0.0,""client_selected_length"":null,""history_sha256"":""a1551046ac00a71e32da04ecf1e2bb3cdccaa1a4217aa2ced15320ce96a70886"",""inference_seconds"":0.00133666698820889,""ipc_roundtrip_seconds"":0.0,""method_id"":""M1_GRID"",""model"":""M1_proprio"",""prediction_head_seconds"":0.0006664880784228444,""probabilities"":{""p0"":0.03526772406642787,""p_full"":0.0522120561480608,""p_genuine_20"":0.00893864475382478,""p_genuine_5"":0.006620003608934213,""p_genuine_80"":0.010030641645036966,""p_helper_20"":0.0013141505527665162,""p_helper_5"":0.00016307961972812312,""p_helper_80"":0.004089528624950836,""p_sys_20"":0.010813092654856082,""p_sys_5"":0.008085841447011077,""p_sys_80"":0.01617472061004932,""prediction_head_seconds"":0.0006664880784228444},""reported_selected_length"":0}]",False,0.05,m1_no_takeover
square:hb3p_test:500026,square:hb3p_test:500026,500026,M4_GRID,M4_GRID,False,no_rescue_or_change,20.0,80,80,80,-0.05,False,False,False,False,False,True,nan,nan,100.0,nan,1,[20],t20:L80,True,"[{""absolute_t"":20,""backbone_seconds"":0.013312558992765844,""client_selected_length"":80,""history_sha256"":""ef336959adb20ca6d40425e5a3b80239bd475b355553516140c8084b9b8f01aa"",""inference_seconds"":0.13905970694031566,""ipc_roundtrip_seconds"":0.0804682649904862,""method_id"":""M4_GRID"",""model"":""M4_paired"",""prediction_head_seconds"":0.0011722489725798368,""probabilities"":{""p0"":0.037580720805074824,""p_full"":0.2005623434397948,""p_genuine_20"":0.014205539485806827,""p_genuine_5"":0.010571090559963298,""p_genuine_80"":0.09555712355288398,""p_helper_20"":0.0016233062287069713,""p_helper_5"":0.0009355138704756039,""p_helper_80"":0.009154109008767309,""p_sys_20"":0.016122170134980185,""p_sys_5"":0.013809993908664886,""p_sys_80"":0.10845406843779637,""payload_sha256"":""c28f58db6162a1f094c1643d55e668e519ed163f7406c6f5539398ae22a1e826"",""prediction_head_seconds"":0.0011722489725798368,""protocol_hash"":""07ed1213f636ea1db2500798b4468add685249faa7626d6bf39628f0fb5cccc3""},""reported_selected_length"":80}]",False,0.0,
square:hb3p_test:500027,square:hb3p_test:500027,500027,NONE,NONE,False,baseline,nan,0,0,0,0.0,False,False,False,False,False,False,nan,nan,nan,nan,0,[],,False,[],True,-0.95,
square:hb3p_test:500027,square:hb3p_test:500027,500027,S_STAR,S_STAR,False,genuine_rescue,20.0,80,80,80,0.95,True,True,True,False,False,True,258.0,262.0,100.0,158.0,0,[],,False,[],False,0.0,
square:hb3p_test:500027,square:hb3p_test:500027,500027,M0_GRID,S_STAR,False,genuine_rescue,20.0,80,80,80,0.95,True,True,True,False,False,True,258.0,262.0,100.0,158.0,0,[],,False,[],False,0.0,
square:hb3p_test:500027,square:hb3p_test:500027,500027,RISK_GRID,S_STAR,False,genuine_rescue,20.0,80,80,80,0.95,True,True,True,False,False,True,258.0,262.0,100.0,158.0,0,[],,False,[],False,0.0,
square:hb3p_test:500027,square:hb3p_test:500027,500027,M1_GRID,M1_GRID,False,no_rescue_or_change,80.0,20,20,20,-0.0125,False,False,False,False,False,True,nan,nan,100.0,nan,2,"[20, 80]",t20:L0;t80:L20,True,"[{""absolute_t"":20,""backbone_seconds"":0.0,""client_selected_length"":null,""history_sha256"":""3374d026d089408fcc126cc15ac86e68d9c932a1f0187fac50f54d899da5ec2d"",""inference_seconds"":0.0013959490461274981,""ipc_roundtrip_seconds"":0.0,""method_id"":""M1_GRID"",""model"":""M1_proprio"",""prediction_head_seconds"":0.0007911049760878086,""probabilities"":{""p0"":0.02496030954751161,""p_full"":0.21145713952414671,""p_genuine_20"":0.006207002232161003,""p_genuine_5"":0.003071529816449175,""p_genuine_80"":0.06118787718552192,""p_helper_20"":0.0005731912997403037,""p_helper_5"":3.4157152008592445e-05,""p_helper_80"":0.002254650300249502,""p_sys_20"":0.006957359979698374,""p_sys_5"":0.0033483327180825473,""p_sys_80"":0.06473222828507186,""prediction_head_seconds"":0.0007911049760878086},""reported_selected_length"":0},{""absolute_t"":80,""backbone_seconds"":0.0,""client_selected_length"":null,""history_sha256"":""aeb6df0107a6fbf0592a227bb1b16704b4f51dc14ed1bb16746e43b7a8ce5fc1"",""inference_seconds"":0.0012666420079767704,""ipc_roundtrip_seconds"":0.0,""method_id"":""M1_GRID"",""model"":""M1_proprio"",""prediction_head_seconds"":0.0006532929837703705,""probabilities"":{""p0"":0.1036152130202996,""p_full"":0.3453350096364034,""p_genuine_20"":0.14867806739030695,""p_genuine_5"":0.05549792096326785,""p_genuine_80"":0.04777083697776635,""p_helper_20"":0.021302238202888416,""p_helper_5"":0.007061419404623666,""p_helper_80"":0.1571979681084714,""p_sys_20"":0.18116491015735636,""p_sys_5"":0.07478289867855759,""p_sys_80"":0.24570561352023446,""prediction_head_seconds"":0.0006532929837703705},""reported_selected_length"":20}]",True,-0.9624999999999999,m1_vs_s_star_outcome_difference
square:hb3p_test:500027,square:hb3p_test:500027,500027,M4_GRID,M4_GRID,False,no_rescue_or_change,20.0,80,80,80,-0.05,False,False,False,False,False,True,nan,nan,100.0,nan,1,[20],t20:L80,True,"[{""absolute_t"":20,""backbone_seconds"":0.013546357047744095,""client_selected_length"":80,""history_sha256"":""3374d026d089408fcc126cc15ac86e68d9c932a1f0187fac50f54d899da5ec2d"",""inference_seconds"":0.16857047495432198,""ipc_roundtrip_seconds"":0.08040019101463258,""method_id"":""M4_GRID"",""model"":""M4_paired"",""prediction_head_seconds"":0.0010321160079911351,""probabilities"":{""p0"":0.03378121467364005,""p_full"":0.20121603709948324,""p_genuine_20"":0.010928907051459382,""p_genuine_5"":0.00894279322588567,""p_genuine_80"":0.08541734011485301,""p_helper_20"":0.0011929590046793556,""p_helper_5"":0.0007283900560979278,""p_helper_80"":0.007076177663578136,""p_sys_20"":0.012324081737060788,""p_sys_5"":0.011551334212589692,""p_sys_80"":0.0954310055720361,""payload_sha256"":""513872e909d8525e7c19c08c4641cb5d766b0ec013dcf81fae803327cc6e1ac0"",""prediction_head_seconds"":0.0010321160079911351,""protocol_hash"":""07ed1213f636ea1db2500798b4468add685249faa7626d6bf39628f0fb5cccc3""},""reported_selected_length"":80}]",True,-1.0,
square:hb3p_test:500028,square:hb3p_test:500028,500028,NONE,NONE,False,baseline,nan,0,0,0,0.0,False,False,False,False,False,False,nan,nan,nan,nan,0,[],,False,[],True,-0.95,
square:hb3p_test:500028,square:hb3p_test:500028,500028,S_STAR,S_STAR,False,genuine_rescue,20.0,80,80,80,0.95,True,True,True,False,False,True,274.0,278.0,100.0,174.0,0,[],,False,[],False,0.0,
square:hb3p_test:500028,square:hb3p_test:500028,500028,M0_GRID,S_STAR,False,genuine_rescue,20.0,80,80,80,0.95,True,True,True,False,False,True,274.0,278.0,100.0,174.0,0,[],,False,[],False,0.0,
square:hb3p_test:500028,square:hb3p_test:500028,500028,RISK_GRID,S_STAR,False,genuine_rescue,20.0,80,80,80,0.95,True,True,True,False,False,True,274.0,278.0,100.0,174.0,0,[],,False,[],False,0.0,
square:hb3p_test:500028,square:hb3p_test:500028,500028,M1_GRID,M1_GRID,False,no_rescue_or_change,nan,0,0,0,0.0,False,False,False,False,False,False,nan,nan,nan,nan,3,"[20, 80, 160]",t20:L0;t80:L0;t160:L0,True,"[{""absolute_t"":20,""backbone_seconds"":0.0,""client_selected_length"":null,""history_sha256"":""c1bb342c27612923ded40a8322246c56a504553335c62c46c111dc2a2b4c95a8"",""inference_seconds"":0.0013311200309544802,""ipc_roundtrip_seconds"":0.0,""method_id"":""M1_GRID"",""model"":""M1_proprio"",""prediction_head_seconds"":0.0007213760400190949,""probabilities"":{""p0"":0.021866102798633016,""p_full"":0.13138290466057698,""p_genuine_20"":0.004836822806740573,""p_genuine_5"":0.0027501805113520454,""p_genuine_80"":0.0322107180400145,""p_helper_20"":0.0003896850287670135,""p_helper_5"":2.4045074846116834e-05,""p_helper_80"":0.001539363354525706,""p_sys_20"":0.005349896138143295,""p_sys_5"":0.0029840656814417166,""p_sys_80"":0.034579040230581115,""prediction_head_seconds"":0.0007213760400190949},""reported_selected_length"":0},{""absolute_t"":80,""backbone_seconds"":0.0,""client_selected_length"":null,""history_sha256"":""fdcf1648fcf87bf6d028f8767604214b255125e72952ebaa0de1c31ed184de5b"",""inference_seconds"":0.001281630015000701,""ipc_roundtrip_seconds"":0.0,""method_id"":""M1_GRID"",""model"":""M1_proprio"",""prediction_head_seconds"":0.0006571520352736115,""probabilities"":{""p0"":0.02155799787756867,""p_full"":0.04793014879040388,""p_genuine_20"":0.003013368963141844,""p_genuine_5"":0.002033278597433157,""p_genuine_80"":0.009174219600983472,""p_helper_20"":0.0003612750631446155,""p_helper_5"":2.103858325608736e-05,""p_helper_80"":0.0012918338252940757,""p_sys_20"":0.003494091571876412,""p_sys_5"":0.002267930097082149,""p_sys_80"":0.011109340597127537,""prediction_head_seconds"":0.0006571520352736115},""reported_selected_length"":0},{""absolute_t"":160,""backbone_seconds"":0.0,""client_selected_length"":null,""history_sha256"":""1dcc7d2b7240dbe0932f8742e2e076afcfa7e00af6fe3fb9faf01cb3ef504aa4"",""inference_seconds"":0.0013477689353749156,""ipc_roundtrip_seconds"":0.0,""method_id"":""M1_GRID"",""model"":""M1_proprio"",""prediction_head_seconds"":0.0006837249966338277,""probabilities"":{""p0"":0.024235268006029938,""p_full"":0.04006800020996855,""p_genuine_20"":0.0032995762603671495,""p_genuine_5"":0.0024486182512881037,""p_genuine_80"":0.008208108930475706,""p_helper_20"":0.00047599410658916044,""p_helper_5"":2.941371706920662e-05,""p_helper_80"":0.001615936875288924,""p_sys_20"":0.003943125042375817,""p_sys_5"":0.002805579460434471,""p_sys_80"":0.010632361058719342,""prediction_head_seconds"":0.0006837249966338277},""reported_selected_length"":0}]",True,-0.95,m1_no_takeover;m1_vs_s_star_outcome_difference
square:hb3p_test:500028,square:hb3p_test:500028,500028,M4_GRID,M4_GRID,False,no_rescue_or_change,nan,0,0,0,0.0,False,False,False,False,False,False,nan,nan,nan,nan,3,"[20, 80, 160]",t20:L0;t80:L0;t160:L0,True,"[{""absolute_t"":20,""backbone_seconds"":0.013206591014750302,""client_selected_length"":0,""history_sha256"":""c1bb342c27612923ded40a8322246c56a504553335c62c46c111dc2a2b4c95a8"",""inference_seconds"":0.21246406191494316,""ipc_roundtrip_seconds"":0.08042926294729114,""method_id"":""M4_GRID"",""model"":""M4_paired"",""prediction_head_seconds"":0.0009381539421156049,""probabilities"":{""p0"":0.03102299708649584,""p_full"":0.1714780583973025,""p_genuine_20"":0.011688844995514633,""p_genuine_5"":0.006962133717869069,""p_genuine_80"":0.06386995247061744,""p_helper_20"":0.001229940799539156,""p_helper_5"":0.0005828215701829863,""p_helper_80"":0.006781578952076838,""p_sys_20"":0.0131117651616387,""p_sys_5"":0.009128789721452257,""p_sys_80"":0.07290680436124919,""payload_sha256"":""f4ee04cfea3a9875f79429371ff03baee298a67067503d1b4eb97221e7e146db"",""prediction_head_seconds"":0.0009381539421156049,""protocol_hash"":""07ed1213f636ea1db2500798b4468add685249faa7626d6bf39628f0fb5cccc3""},""reported_selected_length"":0},{""absolute_t"":80,""backbone_seconds"":0.013319183955900371,""client_selected_length"":0,""history_sha256"":""fdcf1648fcf87bf6d028f8767604214b255125e72952ebaa0de1c31ed184de5b"",""inference_seconds"":0.13893176801502705,""ipc_roundtrip_seconds"":0.08040521491784602,""method_id"":""M4_GRID"",""model"":""M4_paired"",""prediction_head_seconds"":0.0011631090892478824,""probabilities"":{""p0"":0.029264917390775594,""p_full"":0.16430249387592777,""p_genuine_20"":0.011828072415936215,""p_genuine_5"":0.006689340300868107,""p_genuine_80"":0.05878558878429693,""p_helper_20"":0.0013578289101752925,""p_helper_5"":0.0005439150530131894,""p_helper_80"":0.007127163234610664,""p_sys_20"":0.013389826187777065,""p_sys_5"":0.008787617850384066,""p_sys_80"":0.06793200197966842,""payload_sha256"":""b25a7247a18313d31b7d7fa7f8b95d536a948c1363ab717877d8bc1eee900f5e"",""prediction_head_seconds"":0.0011631090892478824,""protocol_hash"":""07ed1213f636ea1db2500798b4468add685249faa7626d6bf39628f0fb5cccc3""},""reported_selected_length"":0},{""absolute_t"":160,""backbone_seconds"":0.013272789074108005,""client_selected_length"":0,""history_sha256"":""1dcc7d2b7240dbe0932f8742e2e076afcfa7e00af6fe3fb9faf01cb3ef504aa4"",""inference_seconds"":0.1912398199783638,""ipc_roundtrip_seconds"":0.10048268595710397,""method_id"":""M4_GRID"",""model"":""M4_paired"",""prediction_head_seconds"":0.0009821540443226695,""probabilities"":{""p0"":0.029285659263484934,""p_full"":0.16212371631512656,""p_genuine_20"":0.012109973071377995,""p_genuine_5"":0.006482489698847564,""p_genuine_80"":0.056934688439328855,""p_helper_20"":0.001411918271592184,""p_helper_5"":0.0005302367182442165,""p_helper_80"":0.007264130223030178,""p_sys_20"":0.013730492841008468,""p_sys_5"":0.00852581124916385,""p_sys_80"":0.06617254944070006,""payload_sha256"":""81805d4f1c59a472894bf120b4e66f992f98271765d0a895521a953266e8951a"",""prediction_head_seconds"":0.0009821540443226695,""protocol_hash"":""07ed1213f636ea1db2500798b4468add685249faa7626d6bf39628f0fb5cccc3""},""reported_selected_length"":0}]",True,-0.95,
square:hb3p_test:500029,square:hb3p_test:500029,500029,NONE,NONE,False,baseline,nan,0,0,0,0.0,False,False,False,False,False,False,nan,nan,nan,nan,0,[],,False,[],False,0.05,
square:hb3p_test:500029,square:hb3p_test:500029,500029,S_STAR,S_STAR,False,no_rescue_or_change,20.0,80,80,80,-0.05,False,False,False,False,False,True,nan,nan,100.0,nan,0,[],,False,[],False,0.0,
square:hb3p_test:500029,square:hb3p_test:500029,500029,M0_GRID,S_STAR,False,no_rescue_or_change,20.0,80,80,80,-0.05,False,False,False,False,False,True,nan,nan,100.0,nan,0,[],,False,[],False,0.0,
square:hb3p_test:500029,square:hb3p_test:500029,500029,RISK_GRID,S_STAR,False,no_rescue_or_change,20.0,80,80,80,-0.05,False,False,False,False,False,True,nan,nan,100.0,nan,0,[],,False,[],False,0.0,
square:hb3p_test:500029,square:hb3p_test:500029,500029,M1_GRID,M1_GRID,False,no_rescue_or_change,20.0,80,80,80,-0.05,False,False,False,False,False,True,nan,nan,100.0,nan,1,[20],t20:L80,True,"[{""absolute_t"":20,""backbone_seconds"":0.0,""client_selected_length"":null,""history_sha256"":""dabcb0898a21739a4e5283f61c365fcc316b94c05b7d68949d929e6537106e4e"",""inference_seconds"":0.0014699059538543224,""ipc_roundtrip_seconds"":0.0,""method_id"":""M1_GRID"",""model"":""M1_proprio"",""prediction_head_seconds"":0.0008177639683708549,""probabilities"":{""p0"":0.05366627710924463,""p_full"":0.3548200227438633,""p_genuine_20"":0.015972674986868045,""p_genuine_5"":0.006831306469412679,""p_genuine_80"":0.19778977559814245,""p_helper_20"":0.0013449284835494093,""p_helper_5"":0.00013163340029972954,""p_helper_80"":0.003556928791571666,""p_sys_20"":0.017781491677221983,""p_sys_5"":0.007669388010581923,""p_sys_80"":0.20423915189911424,""prediction_head_seconds"":0.0008177639683708549},""reported_selected_length"":80}]",False,0.0,
square:hb3p_test:500029,square:hb3p_test:500029,500029,M4_GRID,M4_GRID,False,no_rescue_or_change,nan,0,0,0,0.0,False,False,False,False,False,False,nan,nan,nan,nan,3,"[20, 80, 160]",t20:L0;t80:L0;t160:L0,True,"[{""absolute_t"":20,""backbone_seconds"":0.01312587398570031,""client_selected_length"":0,""history_sha256"":""dabcb0898a21739a4e5283f61c365fcc316b94c05b7d68949d929e6537106e4e"",""inference_seconds"":0.3381445580162108,""ipc_roundtrip_seconds"":0.24090930703096092,""method_id"":""M4_GRID"",""model"":""M4_paired"",""prediction_head_seconds"":0.0008808369748294353,""probabilities"":{""p0"":0.03429562109447953,""p_full"":0.19479239781720914,""p_genuine_20"":0.011635138764957881,""p_genuine_5"":0.008809296524344973,""p_genuine_80"":0.08128703022966302,""p_helper_20"":0.0012746692748197453,""p_helper_5"":0.0007189887763270642,""p_helper_80"":0.007386001833865457,""p_sys_20"":0.01312928550539516,""p_sys_5"":0.011436948811873848,""p_sys_80"":0.09160583020067325,""payload_sha256"":""33b3faea8735fd32b92be8ff01a7e631a7953a5c5a7e22012ee6440f905f4679"",""prediction_head_seconds"":0.0008808369748294353,""protocol_hash"":""07ed1213f636ea1db2500798b4468add685249faa7626d6bf39628f0fb5cccc3""},""reported_selected_length"":0},{""absolute_t"":80,""backbone_seconds"":0.013092223089188337,""client_selected_length"":0,""history_sha256"":""8c03cc4d856830e657aeef78513954fbd6fd07b95d4be145966b18a7c3398d8a"",""inference_seconds"":0.370252352906391,""ipc_roundtrip_seconds"":0.10045950498897582,""method_id"":""M4_GRID"",""model"":""M4_paired"",""prediction_head_seconds"":0.0008724759100005031,""probabilities"":{""p0"":0.032189668998725565,""p_full"":0.17951187310440592,""p_genuine_20"":0.012066097081345737,""p_genuine_5"":0.007871923332515773,""p_genuine_80"":0.07099085998733351,""p_helper_20"":0.0013548567178844422,""p_helper_5"":0.0006556856620073758,""p_helper_80"":0.007379492123237062,""p_sys_20"":0.013640961008945518,""p_sys_5"":0.010281589542045055,""p_sys_80"":0.08084960648426942,""payload_sha256"":""752f3fd67754301cb091261f0269b7bf5d127342a9f9fe0664fe5d99342093f6"",""prediction_head_seconds"":0.0008724759100005031,""protocol_hash"":""07ed1213f636ea1db2500798b4468add685249faa7626d6bf39628f0fb5cccc3""},""reported_selected_length"":0},{""absolute_t"":160,""backbone_seconds"":0.01310937199741602,""client_selected_length"":0,""history_sha256"":""35a821c7cc69a8d348644d824a66961069b8c2130f6092e58e7d1cadbe915e0e"",""inference_seconds"":0.30227928806561977,""ipc_roundtrip_seconds"":0.14059306308627129,""method_id"":""M4_GRID"",""model"":""M4_paired"",""prediction_head_seconds"":0.0008767490508034825,""probabilities"":{""p0"":0.03247819026692893,""p_full"":0.1745213529986001,""p_genuine_20"":0.013518543258110282,""p_genuine_5"":0.007856203139609589,""p_genuine_80"":0.06743675694088501,""p_helper_20"":0.0015445216282467694,""p_helper_5"":0.0006675365301632591,""p_helper_80"":0.007963544291060103,""p_sys_20"":0.015309648284808963,""p_sys_5"":0.010302286663134597,""p_sys_80"":0.07782902147035586,""payload_sha256"":""0702996664d16f8d3221679fedde24329353274c1a439b8034704018936c595b"",""prediction_head_seconds"":0.0008767490508034825,""protocol_hash"":""07ed1213f636ea1db2500798b4468add685249faa7626d6bf39628f0fb5cccc3""},""reported_selected_length"":0}]",False,0.05,
square:hb3p_test:500030,square:hb3p_test:500030,500030,NONE,NONE,False,baseline,nan,0,0,0,0.0,False,False,False,False,False,False,nan,nan,nan,nan,0,[],,False,[],False,0.05,
square:hb3p_test:500030,square:hb3p_test:500030,500030,S_STAR,S_STAR,False,no_rescue_or_change,20.0,80,80,80,-0.05,False,False,False,False,False,True,nan,nan,100.0,nan,0,[],,False,[],False,0.0,
square:hb3p_test:500030,square:hb3p_test:500030,500030,M0_GRID,S_STAR,False,no_rescue_or_change,20.0,80,80,80,-0.05,False,False,False,False,False,True,nan,nan,100.0,nan,0,[],,False,[],False,0.0,
square:hb3p_test:500030,square:hb3p_test:500030,500030,RISK_GRID,S_STAR,False,no_rescue_or_change,20.0,80,80,80,-0.05,False,False,False,False,False,True,nan,nan,100.0,nan,0,[],,False,[],False,0.0,
square:hb3p_test:500030,square:hb3p_test:500030,500030,M1_GRID,M1_GRID,False,no_rescue_or_change,20.0,80,80,80,-0.05,False,False,False,False,False,True,nan,nan,100.0,nan,1,[20],t20:L80,True,"[{""absolute_t"":20,""backbone_seconds"":0.0,""client_selected_length"":null,""history_sha256"":""8ec177e8aea509ab9359138a2d3abe4a97c0dd30bd2ef71202b2bbea4ee23b29"",""inference_seconds"":0.0014091910561546683,""ipc_roundtrip_seconds"":0.0,""method_id"":""M1_GRID"",""model"":""M1_proprio"",""prediction_head_seconds"":0.0007726310286670923,""probabilities"":{""p0"":0.027727482739377668,""p_full"":0.24389752134772127,""p_genuine_20"":0.007244836005949933,""p_genuine_5"":0.0034279990613694656,""p_genuine_80"":0.07924441941565677,""p_helper_20"":0.0006806554221185118,""p_helper_5"":4.2647948077263865e-05,""p_helper_80"":0.00259312897493026,""p_sys_20"":0.0081377358607857,""p_sys_5"":0.003747916642191207,""p_sys_80"":0.08334331505048032,""prediction_head_seconds"":0.0007726310286670923},""reported_selected_length"":80}]",False,0.0,
square:hb3p_test:500030,square:hb3p_test:500030,500030,M4_GRID,M4_GRID,False,no_rescue_or_change,nan,0,0,0,0.0,False,False,False,False,False,False,nan,nan,nan,nan,3,"[20, 80, 160]",t20:L0;t80:L0;t160:L0,True,"[{""absolute_t"":20,""backbone_seconds"":0.013229925069026649,""client_selected_length"":0,""history_sha256"":""8ec177e8aea509ab9359138a2d3abe4a97c0dd30bd2ef71202b2bbea4ee23b29"",""inference_seconds"":0.2418591680470854,""ipc_roundtrip_seconds"":0.18078797892667353,""method_id"":""M4_GRID"",""model"":""M4_paired"",""prediction_head_seconds"":0.0010012219427153468,""probabilities"":{""p0"":0.032730863491869495,""p_full"":0.18973559252782754,""p_genuine_20"":0.01141908529612991,""p_genuine_5"":0.00821459350462124,""p_genuine_80"":0.07550406399527593,""p_helper_20"":0.0012482817446450019,""p_helper_5"":0.0006699918388365863,""p_helper_80"":0.007120068925274244,""p_sys_20"":0.012874106372069871,""p_sys_5"":0.010675264724065214,""p_sys_80"":0.08529362073396651,""payload_sha256"":""90ee581002dfac4095f40b8ffdf51018a29279818f70c3aee58781691285e77b"",""prediction_head_seconds"":0.0010012219427153468,""protocol_hash"":""07ed1213f636ea1db2500798b4468add685249faa7626d6bf39628f0fb5cccc3""},""reported_selected_length"":0},{""absolute_t"":80,""backbone_seconds"":0.013260640087537467,""client_selected_length"":0,""history_sha256"":""e2dd5f03e4ed124ee0012f0f6d7e74de6d1ea2082b0d8f16882ad5c879cd3b89"",""inference_seconds"":0.08968755800742656,""ipc_roundtrip_seconds"":0.060370291932486,""method_id"":""M4_GRID"",""model"":""M4_paired"",""prediction_head_seconds"":0.0010229089530184865,""probabilities"":{""p0"":0.031610699172684255,""p_full"":0.17782095453267288,""p_genuine_20"":0.012298237470065415,""p_genuine_5"":0.007741083216836681,""p_genuine_80"":0.06988036933021684,""p_helper_20"":0.0014415647149767527,""p_helper_5"":0.0006452052553232629,""p_helper_80"":0.007640421964954812,""p_sys_20"":0.013965818159622945,""p_sys_5"":0.010123051876816724,""p_sys_80"":0.07992675744040834,""payload_sha256"":""6e7cb4f6b42ad8ad8fae3e4f26b7dd4e56a10220df0b8f5b9be49de474124c97"",""prediction_head_seconds"":0.0010229089530184865,""protocol_hash"":""07ed1213f636ea1db2500798b4468add685249faa7626d6bf39628f0fb5cccc3""},""reported_selected_length"":0},{""absolute_t"":160,""backbone_seconds"":0.013170968042686582,""client_selected_length"":0,""history_sha256"":""f73d7c0bc06445cd46ca8f73eef52beece2436b1094fb044305d244e7ba815a6"",""inference_seconds"":0.38760797400027514,""ipc_roundtrip_seconds"":0.26096228195820004,""method_id"":""M4_GRID"",""model"":""M4_paired"",""prediction_head_seconds"":0.0009229769930243492,""probabilities"":{""p0"":0.02845913139673429,""p_full"":0.1540240704606125,""p_genuine_20"":0.012348966473101436,""p_genuine_5"":0.006051690065775998,""p_genuine_80"":0.04952249643956166,""p_helper_20"":0.001485082047186577,""p_helper_5"":0.0004879267124123053,""p_helper_80"":0.00722473944107101,""p_sys_20"":0.014043315868573658,""p_sys_5"":0.00795563812091038,""p_sys_80"":0.058424433667454534,""payload_sha256"":""17ccf69c4f4da118f2128e281c46cd1568ff08bbbfbe69ad6445ca5d507b89f2"",""prediction_head_seconds"":0.0009229769930243492,""protocol_hash"":""07ed1213f636ea1db2500798b4468add685249faa7626d6bf39628f0fb5cccc3""},""reported_selected_length"":0}]",False,0.05,
square:hb3p_test:500031,square:hb3p_test:500031,500031,NONE,NONE,False,baseline,nan,0,0,0,0.0,False,False,False,False,False,False,nan,nan,nan,nan,0,[],,False,[],True,-0.95,
square:hb3p_test:500031,square:hb3p_test:500031,500031,S_STAR,S_STAR,False,genuine_rescue,20.0,80,80,80,0.95,True,True,True,False,False,True,169.0,173.0,100.0,69.0,0,[],,False,[],False,0.0,
square:hb3p_test:500031,square:hb3p_test:500031,500031,M0_GRID,S_STAR,False,genuine_rescue,20.0,80,80,80,0.95,True,True,True,False,False,True,169.0,173.0,100.0,69.0,0,[],,False,[],False,0.0,
square:hb3p_test:500031,square:hb3p_test:500031,500031,RISK_GRID,S_STAR,False,genuine_rescue,20.0,80,80,80,0.95,True,True,True,False,False,True,169.0,173.0,100.0,69.0,0,[],,False,[],False,0.0,
square:hb3p_test:500031,square:hb3p_test:500031,500031,M1_GRID,M1_GRID,False,genuine_rescue,20.0,80,80,80,0.95,True,True,True,False,False,True,169.0,173.0,100.0,69.0,1,[20],t20:L80,True,"[{""absolute_t"":20,""backbone_seconds"":0.0,""client_selected_length"":null,""history_sha256"":""e08d611174398f5e461b42e09ed16df2499382dc4e95ff04153d8c4784214c7d"",""inference_seconds"":0.0013411840191110969,""ipc_roundtrip_seconds"":0.0,""method_id"":""M1_GRID"",""model"":""M1_proprio"",""prediction_head_seconds"":0.0007309969514608383,""probabilities"":{""p0"":0.03900053631322444,""p_full"":0.3179333184723914,""p_genuine_20"":0.010265471189969155,""p_genuine_5"":0.00470035001437488,""p_genuine_80"":0.14049638522026528,""p_helper_20"":0.0011070755690965597,""p_helper_5"":8.252446570528858e-05,""p_helper_80"":0.0038184976502949487,""p_sys_20"":0.01172686436998982,""p_sys_5"":0.005241558542985358,""p_sys_80"":0.1468367972036151,""prediction_head_seconds"":0.0007309969514608383},""reported_selected_length"":80}]",False,0.0,m1_genuine_rescue
square:hb3p_test:500031,square:hb3p_test:500031,500031,M4_GRID,M4_GRID,False,no_rescue_or_change,nan,0,0,0,0.0,False,False,False,False,False,False,nan,nan,nan,nan,3,"[20, 80, 160]",t20:L0;t80:L0;t160:L0,True,"[{""absolute_t"":20,""backbone_seconds"":0.013484016992151737,""client_selected_length"":0,""history_sha256"":""e08d611174398f5e461b42e09ed16df2499382dc4e95ff04153d8c4784214c7d"",""inference_seconds"":0.18107308400794864,""ipc_roundtrip_seconds"":0.14062656997703016,""method_id"":""M4_GRID"",""model"":""M4_paired"",""prediction_head_seconds"":0.0012437509139999747,""probabilities"":{""p0"":0.03366035675073907,""p_full"":0.19394867277687192,""p_genuine_20"":0.011668802647023073,""p_genuine_5"":0.00872844056167254,""p_genuine_80"":0.08064465782118439,""p_helper_20"":0.0013071375039682672,""p_helper_5"":0.0007143881072617625,""p_helper_80"":0.0075024219392116195,""p_sys_20"":0.013197634102833589,""p_sys_5"":0.011337820340019067,""p_sys_80"":0.09103863024128278,""payload_sha256"":""e5e1d237c70fa9093a25e130007e5d9f9e17d3087d7922976caf8a8bf2c4006c"",""prediction_head_seconds"":0.0012437509139999747,""protocol_hash"":""07ed1213f636ea1db2500798b4468add685249faa7626d6bf39628f0fb5cccc3""},""reported_selected_length"":0},{""absolute_t"":80,""backbone_seconds"":0.01304659794550389,""client_selected_length"":0,""history_sha256"":""a6526dd2afb4dc9d20ad3592fbe66375f51ba7fa293ecdede28ce31d0ffd9ed6"",""inference_seconds"":0.8768859140109271,""ipc_roundtrip_seconds"":0.48183175607118756,""method_id"":""M4_GRID"",""model"":""M4_paired"",""prediction_head_seconds"":0.0008715380681678653,""probabilities"":{""p0"":0.032495516032568415,""p_full"":0.1868418514116978,""p_genuine_20"":0.01123167233764276,""p_genuine_5"":0.008097985539684667,""p_genuine_80"":0.07404865723509328,""p_helper_20"":0.0012831935396444255,""p_helper_5"":0.0006543041863658934,""p_helper_80"":0.0070648073531533444,""p_sys_20"":0.012726447853478984,""p_sys_5"":0.010517774496987542,""p_sys_80"":0.08361602524078116,""payload_sha256"":""8c6c4101b8fe29211936d2df3c124dfea278f440cde6e0deb7e7f699d1762245"",""prediction_head_seconds"":0.0008715380681678653,""protocol_hash"":""07ed1213f636ea1db2500798b4468add685249faa7626d6bf39628f0fb5cccc3""},""reported_selected_length"":0},{""absolute_t"":160,""backbone_seconds"":0.013122098986059427,""client_selected_length"":0,""history_sha256"":""176351ab2e384400c38621871ce0e1fd5cc07e8b7459fa0a12966846b0ef0ef1"",""inference_seconds"":0.9704507879214361,""ipc_roundtrip_seconds"":0.42151992092840374,""method_id"":""M4_GRID"",""model"":""M4_paired"",""prediction_head_seconds"":0.0008820510702207685,""probabilities"":{""p0"":0.03217208515325689,""p_full"":0.18335821666901556,""p_genuine_20"":0.011326366018621161,""p_genuine_5"":0.007758003479627416,""p_genuine_80"":0.0694369518915879,""p_helper_20"":0.0012974721358599015,""p_helper_5"":0.0006156263938363005,""p_helper_80"":0.007059571469940453,""p_sys_20"":0.012835839672533766,""p_sys_5"":0.010073143841971777,""p_sys_80"":0.07884003331495326,""payload_sha256"":""47d9a62138cc756af5a53bf53ba15f378d4024a5895b49391bab9157f7c9acdc"",""prediction_head_seconds"":0.0008820510702207685,""protocol_hash"":""07ed1213f636ea1db2500798b4468add685249faa7626d6bf39628f0fb5cccc3""},""reported_selected_length"":0}]",True,-0.95,
square:hb3p_test:500032,square:hb3p_test:500032,500032,NONE,NONE,False,baseline,nan,0,0,0,0.0,False,False,False,False,False,False,nan,nan,nan,nan,0,[],,False,[],False,0.05,
square:hb3p_test:500032,square:hb3p_test:500032,500032,S_STAR,S_STAR,False,no_rescue_or_change,20.0,80,80,80,-0.05,False,False,False,False,False,True,nan,nan,100.0,nan,0,[],,False,[],False,0.0,
square:hb3p_test:500032,square:hb3p_test:500032,500032,M0_GRID,S_STAR,False,no_rescue_or_change,20.0,80,80,80,-0.05,False,False,False,False,False,True,nan,nan,100.0,nan,0,[],,False,[],False,0.0,
square:hb3p_test:500032,square:hb3p_test:500032,500032,RISK_GRID,S_STAR,False,no_rescue_or_change,20.0,80,80,80,-0.05,False,False,False,False,False,True,nan,nan,100.0,nan,0,[],,False,[],False,0.0,
square:hb3p_test:500032,square:hb3p_test:500032,500032,M1_GRID,M1_GRID,False,no_rescue_or_change,20.0,80,80,80,-0.05,False,False,False,False,False,True,nan,nan,100.0,nan,1,[20],t20:L80,True,"[{""absolute_t"":20,""backbone_seconds"":0.0,""client_selected_length"":null,""history_sha256"":""4adda1c7e07770502a39ce373eb03b91fb1052388d10e91016ae6a201efa8fff"",""inference_seconds"":0.0021920609287917614,""ipc_roundtrip_seconds"":0.0,""method_id"":""M1_GRID"",""model"":""M1_proprio"",""prediction_head_seconds"":0.0007885049562901258,""probabilities"":{""p0"":0.03673592783321795,""p_full"":0.32224512399189065,""p_genuine_20"":0.01156097920696504,""p_genuine_5"":0.0052679363852361225,""p_genuine_80"":0.11482942125751666,""p_helper_20"":0.0013435101336436368,""p_helper_5"":9.728751130267974e-05,""p_helper_80"":0.004460098686861772,""p_sys_20"":0.013326402366130141,""p_sys_5"":0.005898941453498674,""p_sys_80"":0.12208743583739434,""prediction_head_seconds"":0.0007885049562901258},""reported_selected_length"":80}]",False,0.0,
square:hb3p_test:500032,square:hb3p_test:500032,500032,M4_GRID,M4_GRID,False,no_rescue_or_change,nan,0,0,0,0.0,False,False,False,False,False,False,nan,nan,nan,nan,3,"[20, 80, 160]",t20:L0;t80:L0;t160:L0,True,"[{""absolute_t"":20,""backbone_seconds"":0.013894926058128476,""client_selected_length"":0,""history_sha256"":""4adda1c7e07770502a39ce373eb03b91fb1052388d10e91016ae6a201efa8fff"",""inference_seconds"":0.3254929850809276,""ipc_roundtrip_seconds"":0.10051545791793615,""method_id"":""M4_GRID"",""model"":""M4_paired"",""prediction_head_seconds"":0.0015428989427164197,""probabilities"":{""p0"":0.03285151731158807,""p_full"":0.18936896246369073,""p_genuine_20"":0.01162631042038325,""p_genuine_5"":0.008345163766222262,""p_genuine_80"":0.07631550474182909,""p_helper_20"":0.0013097691306602549,""p_helper_5"":0.0006871099371967086,""p_helper_80"":0.007378801865343829,""p_sys_20"":0.013154234097021655,""p_sys_5"":0.010864933545149613,""p_sys_80"":0.08639799214980914,""payload_sha256"":""bbd00e71d3aca838caa27310e14093feb9e96dec3770afbadaac9d0e605a8e32"",""prediction_head_seconds"":0.0015428989427164197,""protocol_hash"":""07ed1213f636ea1db2500798b4468add685249faa7626d6bf39628f0fb5cccc3""},""reported_selected_length"":0},{""absolute_t"":80,""backbone_seconds"":0.01329150702804327,""client_selected_length"":0,""history_sha256"":""60508a17fc8167ac2b53136153c935fc4f8ce0ed8d5f391f2d29f1994f0fb40f"",""inference_seconds"":0.21664460003376007,""ipc_roundtrip_seconds"":0.06048904499039054,""method_id"":""M4_GRID"",""model"":""M4_paired"",""prediction_head_seconds"":0.001062581897713244,""probabilities"":{""p0"":0.03385249757396493,""p_full"":0.19311302589274115,""p_genuine_20"":0.011794235451996697,""p_genuine_5"":0.008770095789715769,""p_genuine_80"":0.08078673773496549,""p_helper_20"":0.0013665330814803035,""p_helper_5"":0.00072010066690353,""p_helper_80"":0.0076757731421349725,""p_sys_20"":0.013392526995415932,""p_sys_5"":0.011393266683015435,""p_sys_80"":0.09129293707751784,""payload_sha256"":""ce0f0c808dcbb31811ceb52433040a8d8f66946c868f5544b6219e763b4e1916"",""prediction_head_seconds"":0.001062581897713244,""protocol_hash"":""07ed1213f636ea1db2500798b4468add685249faa7626d6bf39628f0fb5cccc3""},""reported_selected_length"":0},{""absolute_t"":160,""backbone_seconds"":0.013206491013988853,""client_selected_length"":0,""history_sha256"":""ec3acbca4c3cc8fc89f12c36cb5da69fd73a5f71cb8c0121e7c5cceed8f39533"",""inference_seconds"":0.7333090439205989,""ipc_roundtrip_seconds"":0.1205693039810285,""method_id"":""M4_GRID"",""model"":""M4_paired"",""prediction_head_seconds"":0.0020200390135869384,""probabilities"":{""p0"":0.034495969930867995,""p_full"":0.19766957052407108,""p_genuine_20"":0.011909599401421722,""p_genuine_5"":0.009045470587533353,""p_genuine_80"":0.08313566503447715,""p_helper_20"":0.001411302076441118,""p_helper_5"":0.0007385201082414488,""p_helper_80"":0.007924947746531684,""p_sys_20"":0.01356248191837739,""p_sys_5"":0.011732419866918753,""p_sys_80"":0.09398420761211801,""payload_sha256"":""35af8c705ba3032a21d36edc2736a982af3043d898e6956e711c450d44d333c7"",""prediction_head_seconds"":0.0020200390135869384,""protocol_hash"":""07ed1213f636ea1db2500798b4468add685249faa7626d6bf39628f0fb5cccc3""},""reported_selected_length"":0}]",False,0.05,
square:hb3p_test:500033,square:hb3p_test:500033,500033,NONE,NONE,False,baseline,nan,0,0,0,0.0,False,False,False,False,False,False,nan,nan,nan,nan,0,[],,False,[],False,0.05,
square:hb3p_test:500033,square:hb3p_test:500033,500033,S_STAR,S_STAR,False,no_rescue_or_change,20.0,80,80,80,-0.05,False,False,False,False,False,True,nan,nan,100.0,nan,0,[],,False,[],False,0.0,
square:hb3p_test:500033,square:hb3p_test:500033,500033,M0_GRID,S_STAR,False,no_rescue_or_change,20.0,80,80,80,-0.05,False,False,False,False,False,True,nan,nan,100.0,nan,0,[],,False,[],False,0.0,
square:hb3p_test:500033,square:hb3p_test:500033,500033,RISK_GRID,S_STAR,False,no_rescue_or_change,20.0,80,80,80,-0.05,False,False,False,False,False,True,nan,nan,100.0,nan,0,[],,False,[],False,0.0,
square:hb3p_test:500033,square:hb3p_test:500033,500033,M1_GRID,M1_GRID,False,no_rescue_or_change,nan,0,0,0,0.0,False,False,False,False,False,False,nan,nan,nan,nan,3,"[20, 80, 160]",t20:L0;t80:L0;t160:L0,True,"[{""absolute_t"":20,""backbone_seconds"":0.0,""client_selected_length"":null,""history_sha256"":""f57c1cab598c88112ff7ffad7cb51c10f8a4cd490010cb0ce568dfaefecb096d"",""inference_seconds"":0.0014243869809433818,""ipc_roundtrip_seconds"":0.0,""method_id"":""M1_GRID"",""model"":""M1_proprio"",""prediction_head_seconds"":0.0007962239906191826,""probabilities"":{""p0"":0.038534357911992466,""p_full"":0.16851762335821838,""p_genuine_20"":0.010576152493609901,""p_genuine_5"":0.005144228276785356,""p_genuine_80"":0.06842848123875361,""p_helper_20"":0.0007003159021289597,""p_helper_5"":6.729050639299394e-05,""p_helper_80"":0.0021495586319194887,""p_sys_20"":0.01153266125904695,""p_sys_5"":0.005711700199519942,""p_sys_80"":0.0720057798220528,""prediction_head_seconds"":0.0007962239906191826},""reported_selected_length"":0},{""absolute_t"":80,""backbone_seconds"":0.0,""client_selected_length"":null,""history_sha256"":""eb81d54a921ae0d04bebd2c92b2426c550f27433fab4805dad5178bfd3d0dc0a"",""inference_seconds"":0.0012934840051457286,""ipc_roundtrip_seconds"":0.0,""method_id"":""M1_GRID"",""model"":""M1_proprio"",""prediction_head_seconds"":0.0006747150328010321,""probabilities"":{""p0"":0.02762466853275108,""p_full"":0.05372168475379189,""p_genuine_20"":0.006063117167793634,""p_genuine_5"":0.00404258564032407,""p_genuine_80"":0.009525932777193583,""p_helper_20"":0.0005904825330639869,""p_helper_5"":4.7423345530690875e-05,""p_helper_80"":0.0018349687328621288,""p_sys_20"":0.006867216501595719,""p_sys_5"":0.0045250530544291845,""p_sys_80"":0.012304857149641135,""prediction_head_seconds"":0.0006747150328010321},""reported_selected_length"":0},{""absolute_t"":160,""backbone_seconds"":0.0,""client_selected_length"":null,""history_sha256"":""fdc5cb04b7ac9c878b64276089994e97345d5336a7190645092d303804b93d18"",""inference_seconds"":0.0012878900161013007,""ipc_roundtrip_seconds"":0.0,""method_id"":""M1_GRID"",""model"":""M1_proprio"",""prediction_head_seconds"":0.000671938993036747,""probabilities"":{""p0"":0.0847237912517403,""p_full"":0.05845084309390379,""p_genuine_20"":0.02923754060735016,""p_genuine_5"":0.025403076719002902,""p_genuine_80"":0.014125154558201632,""p_helper_20"":0.007232533365051143,""p_helper_5"":0.0013585243917554777,""p_helper_80"":0.014584583736658826,""p_sys_20"":0.0413334094259169,""p_sys_5"":0.03601257448527817,""p_sys_80"":0.03786518049617371,""prediction_head_seconds"":0.000671938993036747},""reported_selected_length"":0}]",False,0.05,m1_no_takeover
square:hb3p_test:500033,square:hb3p_test:500033,500033,M4_GRID,M4_GRID,False,no_rescue_or_change,nan,0,0,0,0.0,False,False,False,False,False,False,nan,nan,nan,nan,3,"[20, 80, 160]",t20:L0;t80:L0;t160:L0,True,"[{""absolute_t"":20,""backbone_seconds"":0.01311727799475193,""client_selected_length"":0,""history_sha256"":""f57c1cab598c88112ff7ffad7cb51c10f8a4cd490010cb0ce568dfaefecb096d"",""inference_seconds"":0.2922756979241967,""ipc_roundtrip_seconds"":0.24109313206281513,""method_id"":""M4_GRID"",""model"":""M4_paired"",""prediction_head_seconds"":0.0009077399736270308,""probabilities"":{""p0"":0.036992975714989176,""p_full"":0.19733194772716436,""p_genuine_20"":0.013378151539933922,""p_genuine_5"":0.009556490755147744,""p_genuine_80"":0.08542230322616025,""p_helper_20"":0.00138432053380636,""p_helper_5"":0.0008163712152026341,""p_helper_80"":0.007862543348985474,""p_sys_20"":0.015009204190299719,""p_sys_5"":0.012437929608963283,""p_sys_80"":0.09661135872714299,""payload_sha256"":""2b76eedd014578a95ac40c624a0d496469a71611e089f1f7e3b150d4247c2e08"",""prediction_head_seconds"":0.0009077399736270308,""protocol_hash"":""07ed1213f636ea1db2500798b4468add685249faa7626d6bf39628f0fb5cccc3""},""reported_selected_length"":0},{""absolute_t"":80,""backbone_seconds"":0.014085834962315857,""client_selected_length"":0,""history_sha256"":""eb81d54a921ae0d04bebd2c92b2426c550f27433fab4805dad5178bfd3d0dc0a"",""inference_seconds"":0.18964450107887387,""ipc_roundtrip_seconds"":0.16074020497035235,""method_id"":""M4_GRID"",""model"":""M4_paired"",""prediction_head_seconds"":0.001098085893318057,""probabilities"":{""p0"":0.03250191303533318,""p_full"":0.16050926938195792,""p_genuine_20"":0.014890896188388817,""p_genuine_5"":0.007177873592768517,""p_genuine_80"":0.059810886308450224,""p_helper_20"":0.0016702558269036207,""p_helper_5"":0.0006485089245780036,""p_helper_80"":0.008199953584634639,""p_sys_20"":0.016815005485953938,""p_sys_5"":0.009545427810954243,""p_sys_80"":0.07034446479923917,""payload_sha256"":""5650c02a4272d3d22e77b1ca369a09bbe3212704593c246cc8033b96c81d1e26"",""prediction_head_seconds"":0.001098085893318057,""protocol_hash"":""07ed1213f636ea1db2500798b4468add685249faa7626d6bf39628f0fb5cccc3""},""reported_selected_length"":0},{""absolute_t"":160,""backbone_seconds"":0.013365173013880849,""client_selected_length"":0,""history_sha256"":""fdc5cb04b7ac9c878b64276089994e97345d5336a7190645092d303804b93d18"",""inference_seconds"":0.1336058439919725,""ipc_roundtrip_seconds"":0.10045786702539772,""method_id"":""M4_GRID"",""model"":""M4_paired"",""prediction_head_seconds"":0.0009815539233386517,""probabilities"":{""p0"":0.028120476759675564,""p_full"":0.14579407936550584,""p_genuine_20"":0.012855185785202469,""p_genuine_5"":0.005755113273163982,""p_genuine_80"":0.044682042081071946,""p_helper_20"":0.0016188466757464473,""p_helper_5"":0.0004807981617232798,""p_helper_80"":0.007114818665145944,""p_sys_20"":0.014684067707324,""p_sys_5"":0.007642036401543373,""p_sys_80"":0.05332569833704415,""payload_sha256"":""b19ca50b4e80fc7753077b7eeeb570a12d9e1dcb9ed2c7a76414d32b59d711c5"",""prediction_head_seconds"":0.0009815539233386517,""protocol_hash"":""07ed1213f636ea1db2500798b4468add685249faa7626d6bf39628f0fb5cccc3""},""reported_selected_length"":0}]",False,0.05,
square:hb3p_test:500034,square:hb3p_test:500034,500034,NONE,NONE,False,baseline,nan,0,0,0,0.0,False,False,False,False,False,False,nan,nan,nan,nan,0,[],,False,[],False,0.05,
square:hb3p_test:500034,square:hb3p_test:500034,500034,S_STAR,S_STAR,False,no_rescue_or_change,20.0,80,80,80,-0.05,False,False,False,False,False,True,nan,nan,100.0,nan,0,[],,False,[],False,0.0,
square:hb3p_test:500034,square:hb3p_test:500034,500034,M0_GRID,S_STAR,False,no_rescue_or_change,20.0,80,80,80,-0.05,False,False,False,False,False,True,nan,nan,100.0,nan,0,[],,False,[],False,0.0,
square:hb3p_test:500034,square:hb3p_test:500034,500034,RISK_GRID,S_STAR,False,no_rescue_or_change,20.0,80,80,80,-0.05,False,False,False,False,False,True,nan,nan,100.0,nan,0,[],,False,[],False,0.0,
square:hb3p_test:500034,square:hb3p_test:500034,500034,M1_GRID,M1_GRID,False,no_rescue_or_change,20.0,80,80,80,-0.05,False,False,False,False,False,True,nan,nan,100.0,nan,1,[20],t20:L80,True,"[{""absolute_t"":20,""backbone_seconds"":0.0,""client_selected_length"":null,""history_sha256"":""dba9a4ac3b7f3b296c3bc0f8cdaca7008f78ad856439a1347b4a86771a0df850"",""inference_seconds"":0.002816366031765938,""ipc_roundtrip_seconds"":0.0,""method_id"":""M1_GRID"",""model"":""M1_proprio"",""prediction_head_seconds"":0.0007557659409940243,""probabilities"":{""p0"":0.02977711468542896,""p_full"":0.2697339039811064,""p_genuine_20"":0.00816953571149126,""p_genuine_5"":0.0037795357180863054,""p_genuine_80"":0.09106227991855281,""p_helper_20"":0.0008158981044104878,""p_helper_5"":5.301140854536087e-05,""p_helper_80"":0.0030473010421131785,""p_sys_20"":0.009238524417321647,""p_sys_5"":0.004155249767763491,""p_sys_80"":0.09588160786698408,""prediction_head_seconds"":0.0007557659409940243},""reported_selected_length"":80}]",False,0.0,
square:hb3p_test:500034,square:hb3p_test:500034,500034,M4_GRID,M4_GRID,False,no_rescue_or_change,nan,0,0,0,0.0,False,False,False,False,False,False,nan,nan,nan,nan,3,"[20, 80, 160]",t20:L0;t80:L0;t160:L0,True,"[{""absolute_t"":20,""backbone_seconds"":0.013434370048344135,""client_selected_length"":0,""history_sha256"":""dba9a4ac3b7f3b296c3bc0f8cdaca7008f78ad856439a1347b4a86771a0df850"",""inference_seconds"":0.21005706896539778,""ipc_roundtrip_seconds"":0.12062663794495165,""method_id"":""M4_GRID"",""model"":""M4_paired"",""prediction_head_seconds"":0.001109014032408595,""probabilities"":{""p0"":0.0327395198966562,""p_full"":0.18953803558342686,""p_genuine_20"":0.011394336044916556,""p_genuine_5"":0.008255247584622425,""p_genuine_80"":0.07638211119420749,""p_helper_20"":0.00123978517857375,""p_helper_5"":0.0006730191171875476,""p_helper_80"":0.0071307875074919334,""p_sys_20"":0.012839570429378666,""p_sys_5"":0.010728544700451703,""p_sys_80"":0.08620518015551737,""payload_sha256"":""5b6291f1bc5be6bb48ac9036c66d69e623a403b5a915bbc47c1a15dc87e7b6b4"",""prediction_head_seconds"":0.001109014032408595,""protocol_hash"":""07ed1213f636ea1db2500798b4468add685249faa7626d6bf39628f0fb5cccc3""},""reported_selected_length"":0},{""absolute_t"":80,""backbone_seconds"":0.013271062052808702,""client_selected_length"":0,""history_sha256"":""bd516418b48662da91458d8aa89374c2f39dce7a10fbbc05374c10fb57d62074"",""inference_seconds"":0.17930926999542862,""ipc_roundtrip_seconds"":0.12057334301061928,""method_id"":""M4_GRID"",""model"":""M4_paired"",""prediction_head_seconds"":0.001094851060770452,""probabilities"":{""p0"":0.030351786813852803,""p_full"":0.16771253411488218,""p_genuine_20"":0.01260671079124331,""p_genuine_5"":0.007040734937677432,""p_genuine_80"":0.06384291121584411,""p_helper_20"":0.0014666932594147785,""p_helper_5"":0.0006018052144788756,""p_helper_80"":0.007494112528336634,""p_sys_20"":0.014290933511051263,""p_sys_5"":0.009269512497582566,""p_sys_80"":0.07349615599768289,""payload_sha256"":""ca70b5ad09602d11738f9fec86834890a2814bf140b1992e5c7ebbd0f83ddcfa"",""prediction_head_seconds"":0.001094851060770452,""protocol_hash"":""07ed1213f636ea1db2500798b4468add685249faa7626d6bf39628f0fb5cccc3""},""reported_selected_length"":0},{""absolute_t"":160,""backbone_seconds"":0.013340577948838472,""client_selected_length"":0,""history_sha256"":""b7ed85ba0f9ac08f732b378a92e1dbff1856f706cbe41db20535eac8c307d912"",""inference_seconds"":0.1194724750239402,""ipc_roundtrip_seconds"":0.0804881660733372,""method_id"":""M4_GRID"",""model"":""M4_paired"",""prediction_head_seconds"":0.0011526909656822681,""probabilities"":{""p0"":0.029495137584355843,""p_full"":0.16291416168255163,""p_genuine_20"":0.011997865300438951,""p_genuine_5"":0.0065717277040309545,""p_genuine_80"":0.05681551321529794,""p_helper_20"":0.00140334391280013,""p_helper_5"":0.0005428993201849102,""p_helper_80"":0.006953483126794987,""p_sys_20"":0.01360186212466119,""p_sys_5"":0.008624060339451955,""p_sys_80"":0.06560345596454453,""payload_sha256"":""ebb92ef64d0b6ebdd7e6eb2fbab6da92c24f4ccf791b90bdbba02a60fcbf64e2"",""prediction_head_seconds"":0.0011526909656822681,""protocol_hash"":""07ed1213f636ea1db2500798b4468add685249faa7626d6bf39628f0fb5cccc3""},""reported_selected_length"":0}]",False,0.05,
square:hb3p_test:500035,square:hb3p_test:500035,500035,NONE,NONE,False,baseline,nan,0,0,0,0.0,False,False,False,False,False,False,nan,nan,nan,nan,0,[],,False,[],False,0.05,
square:hb3p_test:500035,square:hb3p_test:500035,500035,S_STAR,S_STAR,False,no_rescue_or_change,20.0,80,80,80,-0.05,False,False,False,False,False,True,nan,nan,100.0,nan,0,[],,False,[],False,0.0,
square:hb3p_test:500035,square:hb3p_test:500035,500035,M0_GRID,S_STAR,False,no_rescue_or_change,20.0,80,80,80,-0.05,False,False,False,False,False,True,nan,nan,100.0,nan,0,[],,False,[],False,0.0,
square:hb3p_test:500035,square:hb3p_test:500035,500035,RISK_GRID,S_STAR,False,no_rescue_or_change,20.0,80,80,80,-0.05,False,False,False,False,False,True,nan,nan,100.0,nan,0,[],,False,[],False,0.0,
square:hb3p_test:500035,square:hb3p_test:500035,500035,M1_GRID,M1_GRID,False,no_rescue_or_change,nan,0,0,0,0.0,False,False,False,False,False,False,nan,nan,nan,nan,3,"[20, 80, 160]",t20:L0;t80:L0;t160:L0,True,"[{""absolute_t"":20,""backbone_seconds"":0.0,""client_selected_length"":null,""history_sha256"":""bce853b3d6a8b4b689623ee79c85c02f35b0f3be4fc860a4dff56bfa12cc72a5"",""inference_seconds"":0.0013701309217140079,""ipc_roundtrip_seconds"":0.0,""method_id"":""M1_GRID"",""model"":""M1_proprio"",""prediction_head_seconds"":0.0007517589256167412,""probabilities"":{""p0"":0.02724165403989821,""p_full"":0.2044406727671297,""p_genuine_20"":0.006362439339843616,""p_genuine_5"":0.0032100183503516897,""p_genuine_80"":0.06809057500794659,""p_helper_20"":0.0005562906471335749,""p_helper_5"":3.538258221207404e-05,""p_helper_80"":0.002137758732260854,""p_sys_20"":0.0071002228289791525,""p_sys_5"":0.003496958806758488,""p_sys_80"":0.07150154664775454,""prediction_head_seconds"":0.0007517589256167412},""reported_selected_length"":0},{""absolute_t"":80,""backbone_seconds"":0.0,""client_selected_length"":null,""history_sha256"":""5585f9085c36c66b8e625e29c1a2a7c0c92905555e2e78930660f21b870c04a3"",""inference_seconds"":0.0013494719751179218,""ipc_roundtrip_seconds"":0.0,""method_id"":""M1_GRID"",""model"":""M1_proprio"",""prediction_head_seconds"":0.0007323879981413484,""probabilities"":{""p0"":0.030759297997684402,""p_full"":0.13115952977917258,""p_genuine_20"":0.007720002376668534,""p_genuine_5"":0.004149470851480494,""p_genuine_80"":0.031092958846225434,""p_helper_20"":0.0009172742060141267,""p_helper_5"":8.4831594722247e-05,""p_helper_80"":0.0037725522082197992,""p_sys_20"":0.008966878454260141,""p_sys_5"":0.004715357507654616,""p_sys_80"":0.0366602572166409,""prediction_head_seconds"":0.0007323879981413484},""reported_selected_length"":0},{""absolute_t"":160,""backbone_seconds"":0.0,""client_selected_length"":null,""history_sha256"":""24f8ab1d0cd502a476c9e39aafb126b709b0c8cb30775ed92952cf3cb2834c75"",""inference_seconds"":0.0013266010209918022,""ipc_roundtrip_seconds"":0.0,""method_id"":""M1_GRID"",""model"":""M1_proprio"",""prediction_head_seconds"":0.000669994973577559,""probabilities"":{""p0"":0.04710042570013012,""p_full"":0.15110681859753206,""p_genuine_20"":0.015200269479058079,""p_genuine_5"":0.009661498587599578,""p_genuine_80"":0.04843592656335456,""p_helper_20"":0.0017586408226753078,""p_helper_5"":0.0002512703726094751,""p_helper_80"":0.0044620196910160935,""p_sys_20"":0.01767632604793057,""p_sys_5"":0.011485210173784566,""p_sys_80"":0.05590753504729851,""prediction_head_seconds"":0.000669994973577559},""reported_selected_length"":0}]",False,0.05,m1_no_takeover
square:hb3p_test:500035,square:hb3p_test:500035,500035,M4_GRID,M4_GRID,False,no_rescue_or_change,20.0,80,80,80,-0.05,False,False,False,False,False,True,nan,nan,100.0,nan,1,[20],t20:L80,True,"[{""absolute_t"":20,""backbone_seconds"":0.013114502071402967,""client_selected_length"":80,""history_sha256"":""bce853b3d6a8b4b689623ee79c85c02f35b0f3be4fc860a4dff56bfa12cc72a5"",""inference_seconds"":0.20340087392833084,""ipc_roundtrip_seconds"":0.10046222701203078,""method_id"":""M4_GRID"",""model"":""M4_paired"",""prediction_head_seconds"":0.0008915149373933673,""probabilities"":{""p0"":0.0347490703088266,""p_full"":0.20333373073466704,""p_genuine_20"":0.011132981762931099,""p_genuine_5"":0.009227354680433326,""p_genuine_80"":0.08915047545185313,""p_helper_20"":0.0012017143495565196,""p_helper_5"":0.0007552981701322006,""p_helper_80"":0.007195237411617655,""p_sys_20"":0.012539203551284683,""p_sys_5"":0.011925460198484839,""p_sys_80"":0.09947304888115494,""payload_sha256"":""782c7ce78c6707f9599dc3a698c684cb0a6476e32c9318b26a17a5e21cd5777d"",""prediction_head_seconds"":0.0008915149373933673,""protocol_hash"":""07ed1213f636ea1db2500798b4468add685249faa7626d6bf39628f0fb5cccc3""},""reported_selected_length"":80}]",False,0.0,
square:hb3p_test:500036,square:hb3p_test:500036,500036,NONE,NONE,False,baseline,nan,0,0,0,0.0,False,False,False,False,False,False,nan,nan,nan,nan,0,[],,False,[],True,-0.95,
square:hb3p_test:500036,square:hb3p_test:500036,500036,S_STAR,S_STAR,False,genuine_rescue,20.0,80,80,80,0.95,True,True,True,False,False,True,358.0,362.0,100.0,258.0,0,[],,False,[],False,0.0,
square:hb3p_test:500036,square:hb3p_test:500036,500036,M0_GRID,S_STAR,False,genuine_rescue,20.0,80,80,80,0.95,True,True,True,False,False,True,358.0,362.0,100.0,258.0,0,[],,False,[],False,0.0,
square:hb3p_test:500036,square:hb3p_test:500036,500036,RISK_GRID,S_STAR,False,genuine_rescue,20.0,80,80,80,0.95,True,True,True,False,False,True,358.0,362.0,100.0,258.0,0,[],,False,[],False,0.0,
square:hb3p_test:500036,square:hb3p_test:500036,500036,M1_GRID,M1_GRID,False,genuine_rescue,20.0,80,80,80,0.95,True,True,True,False,False,True,369.0,373.0,100.0,269.0,1,[20],t20:L80,True,"[{""absolute_t"":20,""backbone_seconds"":0.0,""client_selected_length"":null,""history_sha256"":""493ef15855b9e01393473aa34fd75fbffbae2e276c4d9cf1d3b5ee47e86c56ef"",""inference_seconds"":0.0015365229919552803,""ipc_roundtrip_seconds"":0.0,""method_id"":""M1_GRID"",""model"":""M1_proprio"",""prediction_head_seconds"":0.0006887250347062945,""probabilities"":{""p0"":0.22980342049372018,""p_full"":0.4648551525287268,""p_genuine_20"":0.1647138396087197,""p_genuine_5"":0.09464137079313484,""p_genuine_80"":0.4638036552617322,""p_helper_20"":0.01968213555772143,""p_helper_5"":0.00989647684537874,""p_helper_80"":0.018536461616321383,""p_sys_20"":0.19623910161865588,""p_sys_5"":0.12749959408764233,""p_sys_80"":0.5054119611771795,""prediction_head_seconds"":0.0006887250347062945},""reported_selected_length"":80}]",False,0.0,m1_genuine_rescue
square:hb3p_test:500036,square:hb3p_test:500036,500036,M4_GRID,M4_GRID,False,genuine_rescue,20.0,80,80,80,0.95,True,True,True,False,False,True,359.0,363.0,100.0,259.0,1,[20],t20:L80,True,"[{""absolute_t"":20,""backbone_seconds"":0.021831108024343848,""client_selected_length"":80,""history_sha256"":""493ef15855b9e01393473aa34fd75fbffbae2e276c4d9cf1d3b5ee47e86c56ef"",""inference_seconds"":0.3895648029865697,""ipc_roundtrip_seconds"":0.3413510909304023,""method_id"":""M4_GRID"",""model"":""M4_paired"",""prediction_head_seconds"":0.001297352951951325,""probabilities"":{""p0"":0.05134605828704617,""p_full"":0.22915048214423642,""p_genuine_20"":0.021374716141208075,""p_genuine_5"":0.016518598570070996,""p_genuine_80"":0.12973631016702983,""p_helper_20"":0.002324728126215476,""p_helper_5"":0.0016334577295261672,""p_helper_80"":0.013301552411987244,""p_sys_20"":0.02424278433495408,""p_sys_5"":0.02184694705406265,""p_sys_80"":0.15005806882434758,""payload_sha256"":""75274bd30c2ca043cc225d91b7e1dd4ebd33ce4386b8f2e6c3e18e05b4adb650"",""prediction_head_seconds"":0.001297352951951325,""protocol_hash"":""07ed1213f636ea1db2500798b4468add685249faa7626d6bf39628f0fb5cccc3""},""reported_selected_length"":80}]",False,0.0,
square:hb3p_test:500037,square:hb3p_test:500037,500037,NONE,NONE,False,baseline,nan,0,0,0,0.0,False,False,False,False,False,False,nan,nan,nan,nan,0,[],,False,[],False,0.05,
square:hb3p_test:500037,square:hb3p_test:500037,500037,S_STAR,S_STAR,False,no_rescue_or_change,20.0,80,80,80,-0.05,False,False,False,False,False,True,nan,nan,100.0,nan,0,[],,False,[],False,0.0,
square:hb3p_test:500037,square:hb3p_test:500037,500037,M0_GRID,S_STAR,False,no_rescue_or_change,20.0,80,80,80,-0.05,False,False,False,False,False,True,nan,nan,100.0,nan,0,[],,False,[],False,0.0,
square:hb3p_test:500037,square:hb3p_test:500037,500037,RISK_GRID,S_STAR,False,no_rescue_or_change,20.0,80,80,80,-0.05,False,False,False,False,False,True,nan,nan,100.0,nan,0,[],,False,[],False,0.0,
square:hb3p_test:500037,square:hb3p_test:500037,500037,M1_GRID,M1_GRID,False,no_rescue_or_change,20.0,80,80,80,-0.05,False,False,False,False,False,True,nan,nan,100.0,nan,1,[20],t20:L80,True,"[{""absolute_t"":20,""backbone_seconds"":0.0,""client_selected_length"":null,""history_sha256"":""ffaa82db59a9ad2d7cbf13a9d2a22fe2537aac7e7f777fd5190aefd81cf3b3d7"",""inference_seconds"":0.0021488580387085676,""ipc_roundtrip_seconds"":0.0,""method_id"":""M1_GRID"",""model"":""M1_proprio"",""prediction_head_seconds"":0.0010392640251666307,""probabilities"":{""p0"":0.07982771507256647,""p_full"":0.2751660167909233,""p_genuine_20"":0.03487363144994302,""p_genuine_5"":0.019664827623243314,""p_genuine_80"":0.15694136700185687,""p_helper_20"":0.0028010691769816244,""p_helper_5"":0.0005519647944860624,""p_helper_80"":0.0053009558813878165,""p_sys_20"":0.03892081523521829,""p_sys_5"":0.023365508778404376,""p_sys_80"":0.16759975706554864,""prediction_head_seconds"":0.0010392640251666307},""reported_selected_length"":80}]",False,0.0,
square:hb3p_test:500037,square:hb3p_test:500037,500037,M4_GRID,M4_GRID,False,no_rescue_or_change,20.0,80,80,80,-0.05,False,False,False,False,False,True,nan,nan,100.0,nan,1,[20],t20:L80,True,"[{""absolute_t"":20,""backbone_seconds"":0.013123354990966618,""client_selected_length"":80,""history_sha256"":""ffaa82db59a9ad2d7cbf13a9d2a22fe2537aac7e7f777fd5190aefd81cf3b3d7"",""inference_seconds"":0.31439587101340294,""ipc_roundtrip_seconds"":0.10058878397103399,""method_id"":""M4_GRID"",""model"":""M4_paired"",""prediction_head_seconds"":0.0009438199922442436,""probabilities"":{""p0"":0.03789793190181511,""p_full"":0.21374559852901612,""p_genuine_20"":0.012544363001209275,""p_genuine_5"":0.010842959392907638,""p_genuine_80"":0.10622962314367557,""p_helper_20"":0.0014157753163437632,""p_helper_5"":0.0009250603453456588,""p_helper_80"":0.008264802172352832,""p_sys_20"":0.01421047664210362,""p_sys_5"":0.014053724197607531,""p_sys_80"":0.11832327110064156,""payload_sha256"":""5535e8a6ad54f44cc600eac513fe3eb00c8710a90c2119f9bb6fa44b701492c0"",""prediction_head_seconds"":0.0009438199922442436,""protocol_hash"":""07ed1213f636ea1db2500798b4468add685249faa7626d6bf39628f0fb5cccc3""},""reported_selected_length"":80}]",False,0.0,
square:hb3p_test:500038,square:hb3p_test:500038,500038,NONE,NONE,False,baseline,nan,0,0,0,0.0,False,False,False,False,False,False,nan,nan,nan,nan,0,[],,False,[],True,-0.95,
square:hb3p_test:500038,square:hb3p_test:500038,500038,S_STAR,S_STAR,False,genuine_rescue,20.0,80,80,80,0.95,True,True,True,False,False,True,215.0,219.0,100.0,115.0,0,[],,False,[],False,0.0,
square:hb3p_test:500038,square:hb3p_test:500038,500038,M0_GRID,S_STAR,False,genuine_rescue,20.0,80,80,80,0.95,True,True,True,False,False,True,215.0,219.0,100.0,115.0,0,[],,False,[],False,0.0,
square:hb3p_test:500038,square:hb3p_test:500038,500038,RISK_GRID,S_STAR,False,genuine_rescue,20.0,80,80,80,0.95,True,True,True,False,False,True,215.0,219.0,100.0,115.0,0,[],,False,[],False,0.0,
square:hb3p_test:500038,square:hb3p_test:500038,500038,M1_GRID,M1_GRID,False,genuine_rescue,20.0,80,80,80,0.95,True,True,True,False,False,True,215.0,219.0,100.0,115.0,1,[20],t20:L80,True,"[{""absolute_t"":20,""backbone_seconds"":0.0,""client_selected_length"":null,""history_sha256"":""8e2bdb477bc97e582afda78ec7801f55b21b3eae39cb7df6c7ba352743879cf2"",""inference_seconds"":0.001508431974798441,""ipc_roundtrip_seconds"":0.0,""method_id"":""M1_GRID"",""model"":""M1_proprio"",""prediction_head_seconds"":0.0007278940174728632,""probabilities"":{""p0"":0.04832219066037558,""p_full"":0.31954171589542213,""p_genuine_20"":0.014731709800862601,""p_genuine_5"":0.006327985430068646,""p_genuine_80"":0.1598825853905839,""p_helper_20"":0.0011387476720601205,""p_helper_5"":0.00010829392910039664,""p_helper_80"":0.00317534473892347,""p_sys_20"":0.01626197462191048,""p_sys_5"":0.007075525368735125,""p_sys_80"":0.16555862532425858,""prediction_head_seconds"":0.0007278940174728632},""reported_selected_length"":80}]",False,0.0,m1_genuine_rescue
square:hb3p_test:500038,square:hb3p_test:500038,500038,M4_GRID,M4_GRID,False,genuine_rescue,20.0,80,80,80,0.95,True,True,True,False,False,True,215.0,219.0,100.0,115.0,1,[20],t20:L80,True,"[{""absolute_t"":20,""backbone_seconds"":0.013283461099490523,""client_selected_length"":80,""history_sha256"":""8e2bdb477bc97e582afda78ec7801f55b21b3eae39cb7df6c7ba352743879cf2"",""inference_seconds"":0.24254971707705408,""ipc_roundtrip_seconds"":0.10049279197119176,""method_id"":""M4_GRID"",""model"":""M4_paired"",""prediction_head_seconds"":0.0009832869982346892,""probabilities"":{""p0"":0.03547867799483707,""p_full"":0.20287766099558108,""p_genuine_20"":0.011933993435967528,""p_genuine_5"":0.009676896855491668,""p_genuine_80"":0.09107488592183535,""p_helper_20"":0.0012986008696640034,""p_helper_5"":0.0007957319346142054,""p_helper_80"":0.007671642338387552,""p_sys_20"":0.013462029348900506,""p_sys_5"":0.012512661062894836,""p_sys_80"":0.10201897190456599,""payload_sha256"":""56f9210e496cbf532196ff16419276ad0a7afd70f55fa21010ab9b8735d1741f"",""prediction_head_seconds"":0.0009832869982346892,""protocol_hash"":""07ed1213f636ea1db2500798b4468add685249faa7626d6bf39628f0fb5cccc3""},""reported_selected_length"":80}]",False,0.0,
square:hb3p_test:500039,square:hb3p_test:500039,500039,NONE,NONE,False,baseline,nan,0,0,0,0.0,False,False,False,False,False,False,nan,nan,nan,nan,0,[],,False,[],False,0.05,
square:hb3p_test:500039,square:hb3p_test:500039,500039,S_STAR,S_STAR,False,no_rescue_or_change,20.0,80,80,80,-0.05,False,False,False,False,False,True,nan,nan,100.0,nan,0,[],,False,[],False,0.0,
square:hb3p_test:500039,square:hb3p_test:500039,500039,M0_GRID,S_STAR,False,no_rescue_or_change,20.0,80,80,80,-0.05,False,False,False,False,False,True,nan,nan,100.0,nan,0,[],,False,[],False,0.0,
square:hb3p_test:500039,square:hb3p_test:500039,500039,RISK_GRID,S_STAR,False,no_rescue_or_change,20.0,80,80,80,-0.05,False,False,False,False,False,True,nan,nan,100.0,nan,0,[],,False,[],False,0.0,
square:hb3p_test:500039,square:hb3p_test:500039,500039,M1_GRID,M1_GRID,False,genuine_rescue,80.0,20,20,20,0.9875,True,True,True,False,False,True,185.0,189.0,100.0,85.0,2,"[20, 80]",t20:L0;t80:L20,True,"[{""absolute_t"":20,""backbone_seconds"":0.0,""client_selected_length"":null,""history_sha256"":""c08038531cde6a6a2f4505969d3669669593d8f1830bf7c4c6e25d3e258e3793"",""inference_seconds"":0.0013326579937711358,""ipc_roundtrip_seconds"":0.0,""method_id"":""M1_GRID"",""model"":""M1_proprio"",""prediction_head_seconds"":0.0006868129130452871,""probabilities"":{""p0"":0.05394552838402964,""p_full"":0.21016560331066625,""p_genuine_20"":0.019915019759056275,""p_genuine_5"":0.010151430011203532,""p_genuine_80"":0.09781243854317097,""p_helper_20"":0.0012065541676695964,""p_helper_5"":0.00017296364684503762,""p_helper_80"":0.002946047960897936,""p_sys_20"":0.02161083171138023,""p_sys_5"":0.011554408250136095,""p_sys_80"":0.10323873675911943,""prediction_head_seconds"":0.0006868129130452871},""reported_selected_length"":0},{""absolute_t"":80,""backbone_seconds"":0.0,""client_selected_length"":null,""history_sha256"":""3ef3acc3ac1f4b341f2d5f0cae14bf6393c8f2ed48c051035af4df8d0a2877c5"",""inference_seconds"":0.0022099469788372517,""ipc_roundtrip_seconds"":0.0,""method_id"":""M1_GRID"",""model"":""M1_proprio"",""prediction_head_seconds"":0.0007045059464871883,""probabilities"":{""p0"":0.16684419020263577,""p_full"":0.26192767025197,""p_genuine_20"":0.2939178420629093,""p_genuine_5"":0.149963867899208,""p_genuine_80"":0.034773643155914684,""p_helper_20"":0.023509696174257955,""p_helper_5"":0.015654677384554585,""p_helper_80"":0.13208276896008847,""p_sys_20"":0.3364385465268296,""p_sys_5"":0.198535086174907,""p_sys_80"":0.21923106517343427,""prediction_head_seconds"":0.0007045059464871883},""reported_selected_length"":20}]",True,1.0375,m1_vs_s_star_outcome_difference;m1_genuine_rescue
square:hb3p_test:500039,square:hb3p_test:500039,500039,M4_GRID,M4_GRID,False,no_rescue_or_change,20.0,80,80,80,-0.05,False,False,False,False,False,True,nan,nan,100.0,nan,1,[20],t20:L80,True,"[{""absolute_t"":20,""backbone_seconds"":0.013157829991541803,""client_selected_length"":80,""history_sha256"":""c08038531cde6a6a2f4505969d3669669593d8f1830bf7c4c6e25d3e258e3793"",""inference_seconds"":0.19215101492591202,""ipc_roundtrip_seconds"":0.08049243898130953,""method_id"":""M4_GRID"",""model"":""M4_paired"",""prediction_head_seconds"":0.0009383209981024265,""probabilities"":{""p0"":0.037170878110126086,""p_full"":0.20876170833165292,""p_genuine_20"":0.012475807828494107,""p_genuine_5"":0.010362204372860262,""p_genuine_80"":0.0980469374126983,""p_helper_20"":0.0013539558583506956,""p_helper_5"":0.0008788397835812138,""p_helper_80"":0.007955765801658281,""p_sys_20"":0.014070540058718772,""p_sys_5"":0.013410863698324893,""p_sys_80"":0.10958340734030825,""payload_sha256"":""aadadf5bb5e3d07215656bd7a4b4ba0bb85817b8054a504ba5b1de8a2cf8da29"",""prediction_head_seconds"":0.0009383209981024265,""protocol_hash"":""07ed1213f636ea1db2500798b4468add685249faa7626d6bf39628f0fb5cccc3""},""reported_selected_length"":80}]",False,0.0,
square:hb3p_test:500040,square:hb3p_test:500040,500040,NONE,NONE,False,baseline,nan,0,0,0,0.0,False,False,False,False,False,False,nan,nan,nan,nan,0,[],,False,[],False,0.05,
square:hb3p_test:500040,square:hb3p_test:500040,500040,S_STAR,S_STAR,False,no_rescue_or_change,20.0,80,80,80,-0.05,False,False,False,False,False,True,nan,nan,100.0,nan,0,[],,False,[],False,0.0,
square:hb3p_test:500040,square:hb3p_test:500040,500040,M0_GRID,S_STAR,False,no_rescue_or_change,20.0,80,80,80,-0.05,False,False,False,False,False,True,nan,nan,100.0,nan,0,[],,False,[],False,0.0,
square:hb3p_test:500040,square:hb3p_test:500040,500040,RISK_GRID,S_STAR,False,no_rescue_or_change,20.0,80,80,80,-0.05,False,False,False,False,False,True,nan,nan,100.0,nan,0,[],,False,[],False,0.0,
square:hb3p_test:500040,square:hb3p_test:500040,500040,M1_GRID,M1_GRID,False,no_rescue_or_change,20.0,80,80,80,-0.05,False,False,False,False,False,True,nan,nan,100.0,nan,1,[20],t20:L80,True,"[{""absolute_t"":20,""backbone_seconds"":0.0,""client_selected_length"":null,""history_sha256"":""29f85e625148af964f740ea6a5912fd0be6e1b0dfc3d7e2ea880c335894bea6e"",""inference_seconds"":0.0012898059794679284,""ipc_roundtrip_seconds"":0.0,""method_id"":""M1_GRID"",""model"":""M1_proprio"",""prediction_head_seconds"":0.0006685639964416623,""probabilities"":{""p0"":0.06239310496030623,""p_full"":0.23595784067112455,""p_genuine_20"":0.02576948217657033,""p_genuine_5"":0.014524755353245423,""p_genuine_80"":0.12539955035899814,""p_helper_20"":0.0017128942612423537,""p_helper_5"":0.00030205838373188206,""p_helper_80"":0.0038911816267580405,""p_sys_20"":0.0281955615849937,""p_sys_5"":0.016866656319277418,""p_sys_80"":0.13270543282981695,""prediction_head_seconds"":0.0006685639964416623},""reported_selected_length"":80}]",False,0.0,
square:hb3p_test:500040,square:hb3p_test:500040,500040,M4_GRID,M4_GRID,False,no_rescue_or_change,20.0,80,80,80,-0.05,False,False,False,False,False,True,nan,nan,100.0,nan,1,[20],t20:L80,True,"[{""absolute_t"":20,""backbone_seconds"":0.013254120014607906,""client_selected_length"":80,""history_sha256"":""29f85e625148af964f740ea6a5912fd0be6e1b0dfc3d7e2ea880c335894bea6e"",""inference_seconds"":0.16711646795738488,""ipc_roundtrip_seconds"":0.08050430403091013,""method_id"":""M4_GRID"",""model"":""M4_paired"",""prediction_head_seconds"":0.000963354017585516,""probabilities"":{""p0"":0.038606412256513484,""p_full"":0.21284211859692104,""p_genuine_20"":0.012880225537652985,""p_genuine_5"":0.01087528830021712,""p_genuine_80"":0.10547054064069773,""p_helper_20"":0.0014026001550081241,""p_helper_5"":0.0009347285423758093,""p_helper_80"":0.00844834704514854,""p_sys_20"":0.014538715843026684,""p_sys_5"":0.014103646814803805,""p_sys_80"":0.11787893344703493,""payload_sha256"":""a2d281c02ab963c8694b0a772eb34aba2b1c674d22254d026d369fbeee72273c"",""prediction_head_seconds"":0.000963354017585516,""protocol_hash"":""07ed1213f636ea1db2500798b4468add685249faa7626d6bf39628f0fb5cccc3""},""reported_selected_length"":80}]",False,0.0,
square:hb3p_test:500041,square:hb3p_test:500041,500041,NONE,NONE,False,baseline,nan,0,0,0,0.0,False,False,False,False,False,False,nan,nan,nan,nan,0,[],,False,[],False,0.05,
square:hb3p_test:500041,square:hb3p_test:500041,500041,S_STAR,S_STAR,False,no_rescue_or_change,20.0,80,80,80,-0.05,False,False,False,False,False,True,nan,nan,100.0,nan,0,[],,False,[],False,0.0,
square:hb3p_test:500041,square:hb3p_test:500041,500041,M0_GRID,S_STAR,False,no_rescue_or_change,20.0,80,80,80,-0.05,False,False,False,False,False,True,nan,nan,100.0,nan,0,[],,False,[],False,0.0,
square:hb3p_test:500041,square:hb3p_test:500041,500041,RISK_GRID,S_STAR,False,no_rescue_or_change,20.0,80,80,80,-0.05,False,False,False,False,False,True,nan,nan,100.0,nan,0,[],,False,[],False,0.0,
square:hb3p_test:500041,square:hb3p_test:500041,500041,M1_GRID,M1_GRID,False,no_rescue_or_change,20.0,80,80,80,-0.05,False,False,False,False,False,True,nan,nan,100.0,nan,1,[20],t20:L80,True,"[{""absolute_t"":20,""backbone_seconds"":0.0,""client_selected_length"":null,""history_sha256"":""0c4cbf2373e389fb9b155cde1a17b9076d018e6b3efaba5f9ba6b3f7ecb29185"",""inference_seconds"":0.0016229141037911177,""ipc_roundtrip_seconds"":0.0,""method_id"":""M1_GRID"",""model"":""M1_proprio"",""prediction_head_seconds"":0.0009945150231942534,""probabilities"":{""p0"":0.051806566907202645,""p_full"":0.383122101302877,""p_genuine_20"":0.017744994375265864,""p_genuine_5"":0.006765551676939418,""p_genuine_80"":0.22865846372938878,""p_helper_20"":0.0013374270328220805,""p_helper_5"":0.0001258592079891216,""p_helper_80"":0.0035030188696700683,""p_sys_20"":0.01954288479525179,""p_sys_5"":0.007527361824766543,""p_sys_80"":0.23487671584385184,""prediction_head_seconds"":0.0009945150231942534},""reported_selected_length"":80}]",False,0.0,
square:hb3p_test:500041,square:hb3p_test:500041,500041,M4_GRID,M4_GRID,False,no_rescue_or_change,20.0,80,80,80,-0.05,False,False,False,False,False,True,nan,nan,100.0,nan,1,[20],t20:L80,True,"[{""absolute_t"":20,""backbone_seconds"":0.01312042900826782,""client_selected_length"":80,""history_sha256"":""0c4cbf2373e389fb9b155cde1a17b9076d018e6b3efaba5f9ba6b3f7ecb29185"",""inference_seconds"":0.10539282998070121,""ipc_roundtrip_seconds"":0.0603706679539755,""method_id"":""M4_GRID"",""model"":""M4_paired"",""prediction_head_seconds"":0.0008892370387911797,""probabilities"":{""p0"":0.03761396306978861,""p_full"":0.21362539169178926,""p_genuine_20"":0.011889092812997402,""p_genuine_5"":0.010321186997246861,""p_genuine_80"":0.10034844764711368,""p_helper_20"":0.0012875812829015317,""p_helper_5"":0.0008624705071791233,""p_helper_80"":0.007853374195772143,""p_sys_20"":0.01340941228919268,""p_sys_5"":0.013344966949886738,""p_sys_80"":0.11182003525421891,""payload_sha256"":""0f128a971f48e788d144a7cf037880bb4eb3741a93f660570a558a1cb78bfb31"",""prediction_head_seconds"":0.0008892370387911797,""protocol_hash"":""07ed1213f636ea1db2500798b4468add685249faa7626d6bf39628f0fb5cccc3""},""reported_selected_length"":80}]",False,0.0,
square:hb3p_test:500042,square:hb3p_test:500042,500042,NONE,NONE,False,baseline,nan,0,0,0,0.0,False,False,False,False,False,False,nan,nan,nan,nan,0,[],,False,[],False,0.05,
square:hb3p_test:500042,square:hb3p_test:500042,500042,S_STAR,S_STAR,False,no_rescue_or_change,20.0,80,80,80,-0.05,False,False,False,False,False,True,nan,nan,100.0,nan,0,[],,False,[],False,0.0,
square:hb3p_test:500042,square:hb3p_test:500042,500042,M0_GRID,S_STAR,False,no_rescue_or_change,20.0,80,80,80,-0.05,False,False,False,False,False,True,nan,nan,100.0,nan,0,[],,False,[],False,0.0,
square:hb3p_test:500042,square:hb3p_test:500042,500042,RISK_GRID,S_STAR,False,no_rescue_or_change,20.0,80,80,80,-0.05,False,False,False,False,False,True,nan,nan,100.0,nan,0,[],,False,[],False,0.0,
square:hb3p_test:500042,square:hb3p_test:500042,500042,M1_GRID,M1_GRID,False,no_rescue_or_change,nan,0,0,0,0.0,False,False,False,False,False,False,nan,nan,nan,nan,3,"[20, 80, 160]",t20:L0;t80:L0;t160:L0,True,"[{""absolute_t"":20,""backbone_seconds"":0.0,""client_selected_length"":null,""history_sha256"":""0aa523d7fdbf4a61f94aed1a3b796cb482e9d5d00ba7a6872219105553eed1d0"",""inference_seconds"":0.0013143729884177446,""ipc_roundtrip_seconds"":0.0,""method_id"":""M1_GRID"",""model"":""M1_proprio"",""prediction_head_seconds"":0.0006746510043740273,""probabilities"":{""p0"":0.022624829018898698,""p_full"":0.19628070996068678,""p_genuine_20"":0.006156722243477327,""p_genuine_5"":0.0030239351511471553,""p_genuine_80"":0.04637959790375606,""p_helper_20"":0.0005277118689150516,""p_helper_5"":3.07326076656155e-05,""p_helper_80"":0.0019765902878157056,""p_sys_20"":0.006844721256608954,""p_sys_5"":0.0032984518577645616,""p_sys_80"":0.04945551126173087,""prediction_head_seconds"":0.0006746510043740273},""reported_selected_length"":0},{""absolute_t"":80,""backbone_seconds"":0.0,""client_selected_length"":null,""history_sha256"":""4757ac965384608f5f2a3e4b9851d77ab26f5e15a4ba166349b1756ce2aad2cc"",""inference_seconds"":0.0020768590038642287,""ipc_roundtrip_seconds"":0.0,""method_id"":""M1_GRID"",""model"":""M1_proprio"",""prediction_head_seconds"":0.0007382880430668592,""probabilities"":{""p0"":0.05191785354482428,""p_full"":0.10866242812348961,""p_genuine_20"":0.029954280966903134,""p_genuine_5"":0.016485871227151193,""p_genuine_80"":0.012017822887554422,""p_helper_20"":0.0036002206206247026,""p_helper_5"":0.0006659354619197137,""p_helper_80"":0.021364641479593657,""p_sys_20"":0.03529218379427823,""p_sys_5"":0.02007385253472027,""p_sys_80"":0.04111258747354518,""prediction_head_seconds"":0.0007382880430668592},""reported_selected_length"":0},{""absolute_t"":160,""backbone_seconds"":0.0,""client_selected_length"":null,""history_sha256"":""b5dd92dc34fb6403eb8081be15f910433c84ea96c19db25ffba090c61771a2e3"",""inference_seconds"":0.0013751790393143892,""ipc_roundtrip_seconds"":0.0,""method_id"":""M1_GRID"",""model"":""M1_proprio"",""prediction_head_seconds"":0.0006903830217197537,""probabilities"":{""p0"":0.032740298829893766,""p_full"":0.06805266715100823,""p_genuine_20"":0.008231996923184407,""p_genuine_5"":0.004718589590843624,""p_genuine_80"":0.008966555409781411,""p_helper_20"":0.001032895718990363,""p_helper_5"":0.00010850031789542805,""p_helper_80"":0.004309625382856485,""p_sys_20"":0.009661699804482615,""p_sys_5"":0.005502149241264576,""p_sys_80"":0.015096583098331062,""prediction_head_seconds"":0.0006903830217197537},""reported_selected_length"":0}]",False,0.05,m1_no_takeover
square:hb3p_test:500042,square:hb3p_test:500042,500042,M4_GRID,M4_GRID,False,no_rescue_or_change,nan,0,0,0,0.0,False,False,False,False,False,False,nan,nan,nan,nan,3,"[20, 80, 160]",t20:L0;t80:L0;t160:L0,True,"[{""absolute_t"":20,""backbone_seconds"":0.013235392048954964,""client_selected_length"":0,""history_sha256"":""0aa523d7fdbf4a61f94aed1a3b796cb482e9d5d00ba7a6872219105553eed1d0"",""inference_seconds"":0.09833990409970284,""ipc_roundtrip_seconds"":0.06036916503217071,""method_id"":""M4_GRID"",""model"":""M4_paired"",""prediction_head_seconds"":0.0009741890244185925,""probabilities"":{""p0"":0.03315427528789214,""p_full"":0.1942008095414323,""p_genuine_20"":0.011204834453166834,""p_genuine_5"":0.00857885895520132,""p_genuine_80"":0.07914626142372776,""p_helper_20"":0.0012240374379784578,""p_helper_5"":0.0007040814113732301,""p_helper_80"":0.007074238416326319,""p_sys_20"":0.012631946490966661,""p_sys_5"":0.011123752233038742,""p_sys_80"":0.08896917053623565,""payload_sha256"":""b19e34ecc91f295d5af4ada3376bb0b826c3d27926d4ddfc10a8bbac539f74a3"",""prediction_head_seconds"":0.0009741890244185925,""protocol_hash"":""07ed1213f636ea1db2500798b4468add685249faa7626d6bf39628f0fb5cccc3""},""reported_selected_length"":0},{""absolute_t"":80,""backbone_seconds"":0.013247251976281404,""client_selected_length"":0,""history_sha256"":""4757ac965384608f5f2a3e4b9851d77ab26f5e15a4ba166349b1756ce2aad2cc"",""inference_seconds"":0.19620812800712883,""ipc_roundtrip_seconds"":0.10058950702659786,""method_id"":""M4_GRID"",""model"":""M4_paired"",""prediction_head_seconds"":0.001130856922827661,""probabilities"":{""p0"":0.028019301092180423,""p_full"":0.1469597194647501,""p_genuine_20"":0.01316442279854296,""p_genuine_5"":0.0058735076403123795,""p_genuine_80"":0.04642963450223083,""p_helper_20"":0.0015874715161260438,""p_helper_5"":0.0004917032921359014,""p_helper_80"":0.007270283913931274,""p_sys_20"":0.01496561033560273,""p_sys_5"":0.007791205838220128,""p_sys_80"":0.05532061578417935,""payload_sha256"":""ecc3c6f5dcb50dcfa5bc1363f0d7cf24c11216eb10290ddbb3edbbaee715ca50"",""prediction_head_seconds"":0.001130856922827661,""protocol_hash"":""07ed1213f636ea1db2500798b4468add685249faa7626d6bf39628f0fb5cccc3""},""reported_selected_length"":0},{""absolute_t"":160,""backbone_seconds"":0.013307997025549412,""client_selected_length"":0,""history_sha256"":""b5dd92dc34fb6403eb8081be15f910433c84ea96c19db25ffba090c61771a2e3"",""inference_seconds"":0.09916942403651774,""ipc_roundtrip_seconds"":0.08063131896778941,""method_id"":""M4_GRID"",""model"":""M4_paired"",""prediction_head_seconds"":0.0010384430643171072,""probabilities"":{""p0"":0.028406284194357503,""p_full"":0.1520040890809003,""p_genuine_20"":0.012431417120174086,""p_genuine_5"":0.005772952850311272,""p_genuine_80"":0.0496356915732742,""p_helper_20"":0.001452826007406686,""p_helper_5"":0.00047978626692983837,""p_helper_80"":0.00722384857777102,""p_sys_20"":0.01408869011261582,""p_sys_5"":0.007625165808643142,""p_sys_80"":0.058529837443723975,""payload_sha256"":""0747129aed6bccbf19d28824114abd9e452d655f3c58f298936acc85a30d3a50"",""prediction_head_seconds"":0.0010384430643171072,""protocol_hash"":""07ed1213f636ea1db2500798b4468add685249faa7626d6bf39628f0fb5cccc3""},""reported_selected_length"":0}]",False,0.05,
square:hb3p_test:500043,square:hb3p_test:500043,500043,NONE,NONE,False,baseline,nan,0,0,0,0.0,False,False,False,False,False,False,nan,nan,nan,nan,0,[],,False,[],False,0.05,
square:hb3p_test:500043,square:hb3p_test:500043,500043,S_STAR,S_STAR,False,no_rescue_or_change,20.0,80,80,80,-0.05,False,False,False,False,False,True,nan,nan,100.0,nan,0,[],,False,[],False,0.0,
square:hb3p_test:500043,square:hb3p_test:500043,500043,M0_GRID,S_STAR,False,no_rescue_or_change,20.0,80,80,80,-0.05,False,False,False,False,False,True,nan,nan,100.0,nan,0,[],,False,[],False,0.0,
square:hb3p_test:500043,square:hb3p_test:500043,500043,RISK_GRID,S_STAR,False,no_rescue_or_change,20.0,80,80,80,-0.05,False,False,False,False,False,True,nan,nan,100.0,nan,0,[],,False,[],False,0.0,
square:hb3p_test:500043,square:hb3p_test:500043,500043,M1_GRID,M1_GRID,False,no_rescue_or_change,nan,0,0,0,0.0,False,False,False,False,False,False,nan,nan,nan,nan,3,"[20, 80, 160]",t20:L0;t80:L0;t160:L0,True,"[{""absolute_t"":20,""backbone_seconds"":0.0,""client_selected_length"":null,""history_sha256"":""2b50bc36593e6785c31b836b7dec796b22a8aecab3db09a30f9741a11b9c19f8"",""inference_seconds"":0.0013886711094528437,""ipc_roundtrip_seconds"":0.0,""method_id"":""M1_GRID"",""model"":""M1_proprio"",""prediction_head_seconds"":0.0007290639914572239,""probabilities"":{""p0"":0.04544757771782927,""p_full"":0.17453899397992576,""p_genuine_20"":0.016245528766919957,""p_genuine_5"":0.008316767840441707,""p_genuine_80"":0.06731364037872847,""p_helper_20"":0.0009558687681434439,""p_helper_5"":0.00012582928974969789,""p_helper_80"":0.002563578648640141,""p_sys_20"":0.017575275271834556,""p_sys_5"":0.009404001763709924,""p_sys_80"":0.07177251599222745,""prediction_head_seconds"":0.0007290639914572239},""reported_selected_length"":0},{""absolute_t"":80,""backbone_seconds"":0.0,""client_selected_length"":null,""history_sha256"":""c47f5b50d55862bc0f6659c302a59e32f7f07f798ca373166a4a20a25ad42894"",""inference_seconds"":0.0017544629517942667,""ipc_roundtrip_seconds"":0.0,""method_id"":""M1_GRID"",""model"":""M1_proprio"",""prediction_head_seconds"":0.0006745739374309778,""probabilities"":{""p0"":0.03000750009653112,""p_full"":0.09064685117549483,""p_genuine_20"":0.0063671688453717235,""p_genuine_5"":0.00393837840529364,""p_genuine_80"":0.01971591492232541,""p_helper_20"":0.0005764478559721079,""p_helper_5"":4.8913197658851306e-05,""p_helper_80"":0.0017941567440489343,""p_sys_20"":0.00714265949479953,""p_sys_5"":0.004381554546833977,""p_sys_80"":0.022505904896536477,""prediction_head_seconds"":0.0006745739374309778},""reported_selected_length"":0},{""absolute_t"":160,""backbone_seconds"":0.0,""client_selected_length"":null,""history_sha256"":""0061912992b3a1abe761fbf53a952da66862d4d965f9d0289533d237231a9ff9"",""inference_seconds"":0.001322575961239636,""ipc_roundtrip_seconds"":0.0,""method_id"":""M1_GRID"",""model"":""M1_proprio"",""prediction_head_seconds"":0.0006864130264148116,""probabilities"":{""p0"":0.019926194858520083,""p_full"":0.038969619011998226,""p_genuine_20"":0.0032766342187603927,""p_genuine_5"":0.002357981662215073,""p_genuine_80"":0.005457413824473133,""p_helper_20"":0.0003362050341933363,""p_helper_5"":2.3287577673098825e-05,""p_helper_80"":0.001082450523180864,""p_sys_20"":0.003719231192854222,""p_sys_5"":0.002653635650910924,""p_sys_80"":0.007075311216885871,""prediction_head_seconds"":0.0006864130264148116},""reported_selected_length"":0}]",False,0.05,m1_no_takeover
square:hb3p_test:500043,square:hb3p_test:500043,500043,M4_GRID,M4_GRID,False,no_rescue_or_change,20.0,80,80,80,-0.05,False,False,False,False,False,True,nan,nan,100.0,nan,1,[20],t20:L80,True,"[{""absolute_t"":20,""backbone_seconds"":0.013140517054125667,""client_selected_length"":80,""history_sha256"":""2b50bc36593e6785c31b836b7dec796b22a8aecab3db09a30f9741a11b9c19f8"",""inference_seconds"":0.09163807996083051,""ipc_roundtrip_seconds"":0.060360131901688874,""method_id"":""M4_GRID"",""model"":""M4_paired"",""prediction_head_seconds"":0.0009136010194197297,""probabilities"":{""p0"":0.03660201983838215,""p_full"":0.20416276716263654,""p_genuine_20"":0.012383158250290757,""p_genuine_5"":0.009884042148040952,""p_genuine_80"":0.09314628512869957,""p_helper_20"":0.001347946956430507,""p_helper_5"":0.0008375096245170819,""p_helper_80"":0.007839199001162278,""p_sys_20"":0.013966454112653626,""p_sys_5"":0.01280922266611595,""p_sys_80"":0.10436526347276376,""payload_sha256"":""8758b105eb006fbb46f42e2284f6ae40006ca29cfc0f5ccd5a1abb9ece092d19"",""prediction_head_seconds"":0.0009136010194197297,""protocol_hash"":""07ed1213f636ea1db2500798b4468add685249faa7626d6bf39628f0fb5cccc3""},""reported_selected_length"":80}]",False,0.0,
square:hb3p_test:500044,square:hb3p_test:500044,500044,NONE,NONE,True,baseline,nan,0,0,0,1.0,True,True,False,False,False,False,272.0,276.0,nan,nan,0,[],,False,[],False,0.050000000000000044,
square:hb3p_test:500044,square:hb3p_test:500044,500044,S_STAR,S_STAR,True,no_rescue_or_change,20.0,80,80,80,0.95,True,True,True,False,False,True,178.0,182.0,100.0,78.0,0,[],,False,[],False,0.0,
square:hb3p_test:500044,square:hb3p_test:500044,500044,M0_GRID,S_STAR,True,no_rescue_or_change,20.0,80,80,80,0.95,True,True,True,False,False,True,178.0,182.0,100.0,78.0,0,[],,False,[],False,0.0,
square:hb3p_test:500044,square:hb3p_test:500044,500044,RISK_GRID,S_STAR,True,no_rescue_or_change,20.0,80,80,80,0.95,True,True,True,False,False,True,178.0,182.0,100.0,78.0,0,[],,False,[],False,0.0,
square:hb3p_test:500044,square:hb3p_test:500044,500044,M1_GRID,M1_GRID,True,no_rescue_or_change,20.0,80,80,80,0.95,True,True,True,False,False,True,268.0,272.0,100.0,168.0,1,[20],t20:L80,True,"[{""absolute_t"":20,""backbone_seconds"":0.0,""client_selected_length"":null,""history_sha256"":""5b73c077d77f8eb17912721c891d1ab4aed6d7a4e59036a71f1084806add7be1"",""inference_seconds"":0.0012935159029439092,""ipc_roundtrip_seconds"":0.0,""method_id"":""M1_GRID"",""model"":""M1_proprio"",""prediction_head_seconds"":0.0006678990321233869,""probabilities"":{""p0"":0.17114347812193606,""p_full"":0.34755456248650496,""p_genuine_20"":0.10437272048103609,""p_genuine_5"":0.06054826541882454,""p_genuine_80"":0.30786861791379944,""p_helper_20"":0.01040094429748739,""p_helper_5"":0.004453943496748048,""p_helper_80"":0.01259374739307675,""p_sys_20"":0.12060950234264256,""p_sys_5"":0.07995109048628413,""p_sys_80"":0.3354714142269707,""prediction_head_seconds"":0.0006678990321233869},""reported_selected_length"":80}]",False,0.0,
square:hb3p_test:500044,square:hb3p_test:500044,500044,M4_GRID,M4_GRID,True,no_rescue_or_change,20.0,80,80,80,0.95,True,True,True,False,False,True,268.0,272.0,100.0,168.0,1,[20],t20:L80,True,"[{""absolute_t"":20,""backbone_seconds"":0.013261448941193521,""client_selected_length"":80,""history_sha256"":""5b73c077d77f8eb17912721c891d1ab4aed6d7a4e59036a71f1084806add7be1"",""inference_seconds"":0.18767659889999777,""ipc_roundtrip_seconds"":0.12066971592139453,""method_id"":""M4_GRID"",""model"":""M4_paired"",""prediction_head_seconds"":0.001010879990644753,""probabilities"":{""p0"":0.04327839515377432,""p_full"":0.21878799169114604,""p_genuine_20"":0.015677829571001903,""p_genuine_5"":0.012590053204834301,""p_genuine_80"":0.11426390321850355,""p_helper_20"":0.0017210883326280208,""p_helper_5"":0.0011574195634061976,""p_helper_80"":0.009871880488747348,""p_sys_20"":0.017737975570880304,""p_sys_5"":0.01645411825515386,""p_sys_80"":0.12899203585757868,""payload_sha256"":""ef13b1181ddf69d09d1832652e9a75f2e697efb121b1cdc1922290702332bfce"",""prediction_head_seconds"":0.001010879990644753,""protocol_hash"":""07ed1213f636ea1db2500798b4468add685249faa7626d6bf39628f0fb5cccc3""},""reported_selected_length"":80}]",False,0.0,
square:hb3p_test:500045,square:hb3p_test:500045,500045,NONE,NONE,False,baseline,nan,0,0,0,0.0,False,False,False,False,False,False,nan,nan,nan,nan,0,[],,False,[],True,-0.95,
square:hb3p_test:500045,square:hb3p_test:500045,500045,S_STAR,S_STAR,False,genuine_rescue,20.0,80,80,80,0.95,True,True,True,False,False,True,141.0,145.0,100.0,41.0,0,[],,False,[],False,0.0,
square:hb3p_test:500045,square:hb3p_test:500045,500045,M0_GRID,S_STAR,False,genuine_rescue,20.0,80,80,80,0.95,True,True,True,False,False,True,141.0,145.0,100.0,41.0,0,[],,False,[],False,0.0,
square:hb3p_test:500045,square:hb3p_test:500045,500045,RISK_GRID,S_STAR,False,genuine_rescue,20.0,80,80,80,0.95,True,True,True,False,False,True,141.0,145.0,100.0,41.0,0,[],,False,[],False,0.0,
square:hb3p_test:500045,square:hb3p_test:500045,500045,M1_GRID,M1_GRID,False,genuine_rescue,20.0,80,80,80,0.95,True,True,True,False,False,True,141.0,145.0,100.0,41.0,1,[20],t20:L80,True,"[{""absolute_t"":20,""backbone_seconds"":0.0,""client_selected_length"":null,""history_sha256"":""15b200cfed025cb5e8c4207260ff747983e44f311ea036bd81c7c60b99055342"",""inference_seconds"":0.0013295479584485292,""ipc_roundtrip_seconds"":0.0,""method_id"":""M1_GRID"",""model"":""M1_proprio"",""prediction_head_seconds"":0.0007044359808787704,""probabilities"":{""p0"":0.08524235552591605,""p_full"":0.35062622603792815,""p_genuine_20"":0.03370758363651747,""p_genuine_5"":0.017258993108167114,""p_genuine_80"":0.24612842032498847,""p_helper_20"":0.0026975361771742106,""p_helper_5"":0.0004897316374352538,""p_helper_80"":0.00502595486809597,""p_sys_20"":0.03755859888125401,""p_sys_5"":0.020230024975490535,""p_sys_80"":0.2561529031225608,""prediction_head_seconds"":0.0007044359808787704},""reported_selected_length"":80}]",False,0.0,m1_genuine_rescue
square:hb3p_test:500045,square:hb3p_test:500045,500045,M4_GRID,M4_GRID,False,genuine_rescue,20.0,80,80,80,0.95,True,True,True,False,False,True,141.0,145.0,100.0,41.0,1,[20],t20:L80,True,"[{""absolute_t"":20,""backbone_seconds"":0.01314867998007685,""client_selected_length"":80,""history_sha256"":""15b200cfed025cb5e8c4207260ff747983e44f311ea036bd81c7c60b99055342"",""inference_seconds"":0.3108416059985757,""ipc_roundtrip_seconds"":0.1006223059957847,""method_id"":""M4_GRID"",""model"":""M4_paired"",""prediction_head_seconds"":0.0009452309459447861,""probabilities"":{""p0"":0.03975607358352818,""p_full"":0.2157649643475878,""p_genuine_20"":0.012810734172534944,""p_genuine_5"":0.010913009406618332,""p_genuine_80"":0.10733721204237194,""p_helper_20"":0.0013944056483706415,""p_helper_5"":0.0009616610252615643,""p_helper_80"":0.008528197365593819,""p_sys_20"":0.014465532839692541,""p_sys_5"":0.014201698662332451,""p_sys_80"":0.11995159175526182,""payload_sha256"":""b0267f118bc15d0d6e2c6e77564e0f168c5ac1d4c556da0e3eee25a27f3caf3a"",""prediction_head_seconds"":0.0009452309459447861,""protocol_hash"":""07ed1213f636ea1db2500798b4468add685249faa7626d6bf39628f0fb5cccc3""},""reported_selected_length"":80}]",False,0.0,
square:hb3p_test:500046,square:hb3p_test:500046,500046,NONE,NONE,False,baseline,nan,0,0,0,0.0,False,False,False,False,False,False,nan,nan,nan,nan,0,[],,False,[],True,-0.95,
square:hb3p_test:500046,square:hb3p_test:500046,500046,S_STAR,S_STAR,False,genuine_rescue,20.0,80,80,80,0.95,True,True,True,False,False,True,192.0,196.0,100.0,92.0,0,[],,False,[],False,0.0,
square:hb3p_test:500046,square:hb3p_test:500046,500046,M0_GRID,S_STAR,False,genuine_rescue,20.0,80,80,80,0.95,True,True,True,False,False,True,192.0,196.0,100.0,92.0,0,[],,False,[],False,0.0,
square:hb3p_test:500046,square:hb3p_test:500046,500046,RISK_GRID,S_STAR,False,genuine_rescue,20.0,80,80,80,0.95,True,True,True,False,False,True,192.0,196.0,100.0,92.0,0,[],,False,[],False,0.0,
square:hb3p_test:500046,square:hb3p_test:500046,500046,M1_GRID,M1_GRID,False,no_rescue_or_change,20.0,80,80,80,-0.05,False,False,False,False,False,True,nan,nan,100.0,nan,1,[20],t20:L80,True,"[{""absolute_t"":20,""backbone_seconds"":0.0,""client_selected_length"":null,""history_sha256"":""17c9af0a8966ae0b11b8aa38e6865d1e7395a26f7be0daa061d5f74de88524cb"",""inference_seconds"":0.0023769369581714272,""ipc_roundtrip_seconds"":0.0,""method_id"":""M1_GRID"",""model"":""M1_proprio"",""prediction_head_seconds"":0.0010250720661133528,""probabilities"":{""p0"":0.03205494372815998,""p_full"":0.26075356658836685,""p_genuine_20"":0.00903323435671933,""p_genuine_5"":0.004196391598674886,""p_genuine_80"":0.10258063764292873,""p_helper_20"":0.0006933127484614486,""p_helper_5"":5.081508779338207e-05,""p_helper_80"":0.0024542996607459355,""p_sys_20"":0.009955752966211984,""p_sys_5"":0.00460586271083141,""p_sys_80"":0.10665485013498777,""prediction_head_seconds"":0.0010250720661133528},""reported_selected_length"":80}]",True,-1.0,m1_vs_s_star_outcome_difference
square:hb3p_test:500046,square:hb3p_test:500046,500046,M4_GRID,M4_GRID,False,genuine_rescue,20.0,80,80,80,0.95,True,True,True,False,False,True,174.0,178.0,100.0,74.0,1,[20],t20:L80,True,"[{""absolute_t"":20,""backbone_seconds"":0.016118737985379994,""client_selected_length"":80,""history_sha256"":""17c9af0a8966ae0b11b8aa38e6865d1e7395a26f7be0daa061d5f74de88524cb"",""inference_seconds"":0.17100499395746738,""ipc_roundtrip_seconds"":0.1205410580150783,""method_id"":""M4_GRID"",""model"":""M4_paired"",""prediction_head_seconds"":0.0009691629093140364,""probabilities"":{""p0"":0.03500950159093079,""p_full"":0.20386789452353193,""p_genuine_20"":0.011050462089994122,""p_genuine_5"":0.009218104396121892,""p_genuine_80"":0.08911432037831694,""p_helper_20"":0.0011936030068975074,""p_helper_5"":0.0007533243169961341,""p_helper_80"":0.007133515969630425,""p_sys_20"":0.01244975144946514,""p_sys_5"":0.011910894237510461,""p_sys_80"":0.09937478490622265,""payload_sha256"":""4c2594b9bc85fbdc48018f07fb9b06e8456b611c0a112b2403834a7c970a512f"",""prediction_head_seconds"":0.0009691629093140364,""protocol_hash"":""07ed1213f636ea1db2500798b4468add685249faa7626d6bf39628f0fb5cccc3""},""reported_selected_length"":80}]",False,0.0,
square:hb3p_test:500047,square:hb3p_test:500047,500047,NONE,NONE,True,baseline,nan,0,0,0,1.0,True,True,False,False,False,False,367.0,371.0,nan,nan,0,[],,False,[],True,1.05,
square:hb3p_test:500047,square:hb3p_test:500047,500047,S_STAR,S_STAR,True,baseline_interference,20.0,80,80,80,-0.05,False,False,False,False,False,True,nan,nan,100.0,nan,0,[],,False,[],False,0.0,
square:hb3p_test:500047,square:hb3p_test:500047,500047,M0_GRID,S_STAR,True,baseline_interference,20.0,80,80,80,-0.05,False,False,False,False,False,True,nan,nan,100.0,nan,0,[],,False,[],False,0.0,
square:hb3p_test:500047,square:hb3p_test:500047,500047,RISK_GRID,S_STAR,True,baseline_interference,20.0,80,80,80,-0.05,False,False,False,False,False,True,nan,nan,100.0,nan,0,[],,False,[],False,0.0,
square:hb3p_test:500047,square:hb3p_test:500047,500047,M1_GRID,M1_GRID,True,baseline_interference,80.0,20,20,20,-0.0125,False,False,False,False,False,True,nan,nan,100.0,nan,2,"[20, 80]",t20:L0;t80:L20,True,"[{""absolute_t"":20,""backbone_seconds"":0.0,""client_selected_length"":null,""history_sha256"":""b9bab47721aba7b8887114e5086378ffdca70374d897f1c5e6efc11470018770"",""inference_seconds"":0.0025811800733208656,""ipc_roundtrip_seconds"":0.0,""method_id"":""M1_GRID"",""model"":""M1_proprio"",""prediction_head_seconds"":0.0011084970319643617,""probabilities"":{""p0"":0.036021511620589856,""p_full"":0.15779376901243825,""p_genuine_20"":0.013102860556833964,""p_genuine_5"":0.007646394990125574,""p_genuine_80"":0.04658230081187786,""p_helper_20"":0.0009052912820038537,""p_helper_5"":0.00010952163848466383,""p_helper_80"":0.0026464613956293705,""p_sys_20"":0.014349620291540854,""p_sys_5"":0.00866713765036442,""p_sys_80"":0.05105229616236073,""prediction_head_seconds"":0.0011084970319643617},""reported_selected_length"":0},{""absolute_t"":80,""backbone_seconds"":0.0,""client_selected_length"":null,""history_sha256"":""41a4138900090f6cb4bc93a3263fc5e71f48e1ff8f4d73c2fd2c9bbfae0d4965"",""inference_seconds"":0.0019201040267944336,""ipc_roundtrip_seconds"":0.0,""method_id"":""M1_GRID"",""model"":""M1_proprio"",""prediction_head_seconds"":0.0006982740014791489,""probabilities"":{""p0"":0.15785435547992244,""p_full"":0.3838931788130874,""p_genuine_20"":0.29259623452061867,""p_genuine_5"":0.13010871735359913,""p_genuine_80"":0.061189903107679564,""p_helper_20"":0.0334418268759733,""p_helper_5"":0.02017702503926405,""p_helper_80"":0.21836316043194884,""p_sys_20"":0.3483621005042903,""p_sys_5"":0.18060191324092656,""p_sys_80"":0.3445887449738537,""prediction_head_seconds"":0.0006982740014791489},""reported_selected_length"":20}]",False,0.037500000000000006,m1_interference
square:hb3p_test:500047,square:hb3p_test:500047,500047,M4_GRID,M4_GRID,True,baseline_interference,20.0,80,80,80,-0.05,False,False,False,False,False,True,nan,nan,100.0,nan,1,[20],t20:L80,True,"[{""absolute_t"":20,""backbone_seconds"":0.013177001965232193,""client_selected_length"":80,""history_sha256"":""b9bab47721aba7b8887114e5086378ffdca70374d897f1c5e6efc11470018770"",""inference_seconds"":0.49020709900651127,""ipc_roundtrip_seconds"":0.14064900192897767,""method_id"":""M4_GRID"",""model"":""M4_paired"",""prediction_head_seconds"":0.0009600130142644048,""probabilities"":{""p0"":0.03787041322214479,""p_full"":0.21083336507963493,""p_genuine_20"":0.0126119006301615,""p_genuine_5"":0.01062287252456957,""p_genuine_80"":0.10311086255305929,""p_helper_20"":0.0014432725709973013,""p_helper_5"":0.0009090804128039559,""p_helper_80"":0.008460142142611518,""p_sys_20"":0.014309266133247789,""p_sys_5"":0.01377336832771825,""p_sys_80"":0.11531236981346271,""payload_sha256"":""78b6a46b5d2e78bfd3575df2a3d615237724f2c7a059c0412c4b20e24d764237"",""prediction_head_seconds"":0.0009600130142644048,""protocol_hash"":""07ed1213f636ea1db2500798b4468add685249faa7626d6bf39628f0fb5cccc3""},""reported_selected_length"":80}]",False,0.0,
square:hb3p_test:500048,square:hb3p_test:500048,500048,NONE,NONE,False,baseline,nan,0,0,0,0.0,False,False,False,False,False,False,nan,nan,nan,nan,0,[],,False,[],False,0.05,
square:hb3p_test:500048,square:hb3p_test:500048,500048,S_STAR,S_STAR,False,no_rescue_or_change,20.0,80,80,80,-0.05,False,False,False,False,False,True,nan,nan,100.0,nan,0,[],,False,[],False,0.0,
square:hb3p_test:500048,square:hb3p_test:500048,500048,M0_GRID,S_STAR,False,no_rescue_or_change,20.0,80,80,80,-0.05,False,False,False,False,False,True,nan,nan,100.0,nan,0,[],,False,[],False,0.0,
square:hb3p_test:500048,square:hb3p_test:500048,500048,RISK_GRID,S_STAR,False,no_rescue_or_change,20.0,80,80,80,-0.05,False,False,False,False,False,True,nan,nan,100.0,nan,0,[],,False,[],False,0.0,
square:hb3p_test:500048,square:hb3p_test:500048,500048,M1_GRID,M1_GRID,False,no_rescue_or_change,20.0,80,80,80,-0.05,False,False,False,False,False,True,nan,nan,100.0,nan,1,[20],t20:L80,True,"[{""absolute_t"":20,""backbone_seconds"":0.0,""client_selected_length"":null,""history_sha256"":""3cc184fd5f80eed0ef446072347b3e69a58327085e9607ee55c705d43c93648f"",""inference_seconds"":0.0015960249584168196,""ipc_roundtrip_seconds"":0.0,""method_id"":""M1_GRID"",""model"":""M1_proprio"",""prediction_head_seconds"":0.0009007509797811508,""probabilities"":{""p0"":0.1557968098180382,""p_full"":0.3877534217543657,""p_genuine_20"":0.0958888476865014,""p_genuine_5"":0.05290675422897713,""p_genuine_80"":0.3395092088371834,""p_helper_20"":0.00808013074457533,""p_helper_5"":0.0031638775086115295,""p_helper_80"":0.01075451255676655,""p_sys_20"":0.10823408989593752,""p_sys_5"":0.06604030893520485,""p_sys_80"":0.3624005315698662,""prediction_head_seconds"":0.0009007509797811508},""reported_selected_length"":80}]",False,0.0,
square:hb3p_test:500048,square:hb3p_test:500048,500048,M4_GRID,M4_GRID,False,no_rescue_or_change,20.0,80,80,80,-0.05,False,False,False,False,False,True,nan,nan,100.0,nan,1,[20],t20:L80,True,"[{""absolute_t"":20,""backbone_seconds"":0.01694955595303327,""client_selected_length"":80,""history_sha256"":""3cc184fd5f80eed0ef446072347b3e69a58327085e9607ee55c705d43c93648f"",""inference_seconds"":0.26931232295464724,""ipc_roundtrip_seconds"":0.12059378798585385,""method_id"":""M4_GRID"",""model"":""M4_paired"",""prediction_head_seconds"":0.0012917189160361886,""probabilities"":{""p0"":0.04773698463987951,""p_full"":0.21867046294047593,""p_genuine_20"":0.019820644520706213,""p_genuine_5"":0.014461750034756025,""p_genuine_80"":0.11856932274001548,""p_helper_20"":0.002151965326993037,""p_helper_5"":0.001426221989750917,""p_helper_80"":0.012278584465994542,""p_sys_20"":0.02245061255338232,""p_sys_5"":0.01912743099928227,""p_sys_80"":0.13691705430280843,""payload_sha256"":""69b8dcd2f4a4c06430ac705d6c384dad28f8f7540e6f7745f74748a488c6745a"",""prediction_head_seconds"":0.0012917189160361886,""protocol_hash"":""07ed1213f636ea1db2500798b4468add685249faa7626d6bf39628f0fb5cccc3""},""reported_selected_length"":80}]",False,0.0,
square:hb3p_test:500049,square:hb3p_test:500049,500049,NONE,NONE,False,baseline,nan,0,0,0,0.0,False,False,False,False,False,False,nan,nan,nan,nan,0,[],,False,[],True,-0.95,
square:hb3p_test:500049,square:hb3p_test:500049,500049,S_STAR,S_STAR,False,genuine_rescue,20.0,80,80,80,0.95,True,True,True,False,False,True,126.0,130.0,100.0,26.0,0,[],,False,[],False,0.0,
square:hb3p_test:500049,square:hb3p_test:500049,500049,M0_GRID,S_STAR,False,genuine_rescue,20.0,80,80,80,0.95,True,True,True,False,False,True,126.0,130.0,100.0,26.0,0,[],,False,[],False,0.0,
square:hb3p_test:500049,square:hb3p_test:500049,500049,RISK_GRID,S_STAR,False,genuine_rescue,20.0,80,80,80,0.95,True,True,True,False,False,True,126.0,130.0,100.0,26.0,0,[],,False,[],False,0.0,
square:hb3p_test:500049,square:hb3p_test:500049,500049,M1_GRID,M1_GRID,False,genuine_rescue,20.0,80,80,80,0.95,True,True,True,False,False,True,126.0,130.0,100.0,26.0,1,[20],t20:L80,True,"[{""absolute_t"":20,""backbone_seconds"":0.0,""client_selected_length"":null,""history_sha256"":""4d856c94d758eaecda30ca4bfe99f50c230de55bf261162dc271e0415c13960b"",""inference_seconds"":0.0016288809711113572,""ipc_roundtrip_seconds"":0.0,""method_id"":""M1_GRID"",""model"":""M1_proprio"",""prediction_head_seconds"":0.0008349020499736071,""probabilities"":{""p0"":0.04161540382231044,""p_full"":0.3500637198492687,""p_genuine_20"":0.015044415341686932,""p_genuine_5"":0.00632248017436719,""p_genuine_80"":0.1567111025445328,""p_helper_20"":0.0010674563321222963,""p_helper_5"":9.717953414099387e-05,""p_helper_80"":0.0031450097033288178,""p_sys_20"":0.01647430092681934,""p_sys_5"":0.006991617490030633,""p_sys_80"":0.16227221000861103,""prediction_head_seconds"":0.0008349020499736071},""reported_selected_length"":80}]",False,0.0,m1_genuine_rescue
square:hb3p_test:500049,square:hb3p_test:500049,500049,M4_GRID,M4_GRID,False,genuine_rescue,20.0,80,80,80,0.95,True,True,True,False,False,True,123.0,127.0,100.0,23.0,1,[20],t20:L80,True,"[{""absolute_t"":20,""backbone_seconds"":0.018510761903598905,""client_selected_length"":80,""history_sha256"":""4d856c94d758eaecda30ca4bfe99f50c230de55bf261162dc271e0415c13960b"",""inference_seconds"":0.48536831699311733,""ipc_roundtrip_seconds"":0.22096496494486928,""method_id"":""M4_GRID"",""model"":""M4_paired"",""prediction_head_seconds"":0.000951993977651,""probabilities"":{""p0"":0.03633958246131701,""p_full"":0.2099545156136232,""p_genuine_20"":0.011273804449962215,""p_genuine_5"":0.009862005856616793,""p_genuine_80"":0.09711544968398181,""p_helper_20"":0.0012441809443006196,""p_helper_5"":0.0008210613760513507,""p_helper_80"":0.007502883383617831,""p_sys_20"":0.012737349448670554,""p_sys_5"":0.012747452525550984,""p_sys_80"":0.10798557663918484,""payload_sha256"":""30833bd9dc98bcc7f8e3898502211e266e68ce03649c47412ca45b50de5c650a"",""prediction_head_seconds"":0.000951993977651,""protocol_hash"":""07ed1213f636ea1db2500798b4468add685249faa7626d6bf39628f0fb5cccc3""},""reported_selected_length"":80}]",False,0.0,
square:hb3p_test:500050,square:hb3p_test:500050,500050,NONE,NONE,False,baseline,nan,0,0,0,0.0,False,False,False,False,False,False,nan,nan,nan,nan,0,[],,False,[],False,0.05,
square:hb3p_test:500050,square:hb3p_test:500050,500050,S_STAR,S_STAR,False,no_rescue_or_change,20.0,80,80,80,-0.05,False,False,False,False,False,True,nan,nan,100.0,nan,0,[],,False,[],False,0.0,
square:hb3p_test:500050,square:hb3p_test:500050,500050,M0_GRID,S_STAR,False,no_rescue_or_change,20.0,80,80,80,-0.05,False,False,False,False,False,True,nan,nan,100.0,nan,0,[],,False,[],False,0.0,
square:hb3p_test:500050,square:hb3p_test:500050,500050,RISK_GRID,S_STAR,False,no_rescue_or_change,20.0,80,80,80,-0.05,False,False,False,False,False,True,nan,nan,100.0,nan,0,[],,False,[],False,0.0,
square:hb3p_test:500050,square:hb3p_test:500050,500050,M1_GRID,M1_GRID,False,no_rescue_or_change,20.0,80,80,80,-0.05,False,False,False,False,False,True,nan,nan,100.0,nan,1,[20],t20:L80,True,"[{""absolute_t"":20,""backbone_seconds"":0.0,""client_selected_length"":null,""history_sha256"":""e25b2670524f9fff353ae6cde92c672f0623e8bdf197e969f0a205591b8f5279"",""inference_seconds"":0.0015352710615843534,""ipc_roundtrip_seconds"":0.0,""method_id"":""M1_GRID"",""model"":""M1_proprio"",""prediction_head_seconds"":0.0007662309799343348,""probabilities"":{""p0"":0.044020864677495976,""p_full"":0.3760036302719988,""p_genuine_20"":0.013606285519413466,""p_genuine_5"":0.005887773549116041,""p_genuine_80"":0.1857142966606074,""p_helper_20"":0.0014360777863872542,""p_helper_5"":0.00011629953527234939,""p_helper_80"":0.004343460258467701,""p_sys_20"":0.015508055504665053,""p_sys_5"":0.006548332095535847,""p_sys_80"":0.19314313032212038,""prediction_head_seconds"":0.0007662309799343348},""reported_selected_length"":80}]",False,0.0,
square:hb3p_test:500050,square:hb3p_test:500050,500050,M4_GRID,M4_GRID,False,no_rescue_or_change,80.0,80,80,80,-0.05,False,False,False,False,False,True,nan,nan,160.0,nan,2,"[20, 80]",t20:L0;t80:L80,True,"[{""absolute_t"":20,""backbone_seconds"":0.014059813925996423,""client_selected_length"":0,""history_sha256"":""e25b2670524f9fff353ae6cde92c672f0623e8bdf197e969f0a205591b8f5279"",""inference_seconds"":0.13432629697490484,""ipc_roundtrip_seconds"":0.08045769308228046,""method_id"":""M4_GRID"",""model"":""M4_paired"",""prediction_head_seconds"":0.0011142940493300557,""probabilities"":{""p0"":0.03385649029456285,""p_full"":0.19419215391315633,""p_genuine_20"":0.011702914351207535,""p_genuine_5"":0.008745338333893326,""p_genuine_80"":0.08024523425835606,""p_helper_20"":0.00129186538765181,""p_helper_5"":0.0007256607622986305,""p_helper_80"":0.007388549067262255,""p_sys_20"":0.013214865127393893,""p_sys_5"":0.01137260630630721,""p_sys_80"":0.09050922905857461,""payload_sha256"":""dec3433f99ce0520e31fb3226ab6cf54926aec0c988bcef22d56f762fced1129"",""prediction_head_seconds"":0.0011142940493300557,""protocol_hash"":""07ed1213f636ea1db2500798b4468add685249faa7626d6bf39628f0fb5cccc3""},""reported_selected_length"":0},{""absolute_t"":80,""backbone_seconds"":0.013277875958010554,""client_selected_length"":80,""history_sha256"":""905bbb5dc9dfa0bf6bb1b0d55572762639167bae8e7e80c0798849f38a3c04bc"",""inference_seconds"":0.3632303070044145,""ipc_roundtrip_seconds"":0.22103400400374085,""method_id"":""M4_GRID"",""model"":""M4_paired"",""prediction_head_seconds"":0.0009595329174771905,""probabilities"":{""p0"":0.03461737275006366,""p_full"":0.19789840951854257,""p_genuine_20"":0.012039420122937908,""p_genuine_5"":0.009351514491311535,""p_genuine_80"":0.08576991949161825,""p_helper_20"":0.0014214253963457013,""p_helper_5"":0.0007756279049614145,""p_helper_80"":0.008010013645192639,""p_sys_20"":0.013710676277643552,""p_sys_5"":0.012149863321728516,""p_sys_80"":0.09681639504701989,""payload_sha256"":""9f33e60b6cc794aa73050dc8a10ae1ac9f22eef096ad0b2e40a229a166c9616a"",""prediction_head_seconds"":0.0009595329174771905,""protocol_hash"":""07ed1213f636ea1db2500798b4468add685249faa7626d6bf39628f0fb5cccc3""},""reported_selected_length"":80}]",False,0.0,
square:hb3p_test:500051,square:hb3p_test:500051,500051,NONE,NONE,False,baseline,nan,0,0,0,0.0,False,False,False,False,False,False,nan,nan,nan,nan,0,[],,False,[],False,0.05,
square:hb3p_test:500051,square:hb3p_test:500051,500051,S_STAR,S_STAR,False,no_rescue_or_change,20.0,80,80,80,-0.05,False,False,False,False,False,True,nan,nan,100.0,nan,0,[],,False,[],False,0.0,
square:hb3p_test:500051,square:hb3p_test:500051,500051,M0_GRID,S_STAR,False,no_rescue_or_change,20.0,80,80,80,-0.05,False,False,False,False,False,True,nan,nan,100.0,nan,0,[],,False,[],False,0.0,
square:hb3p_test:500051,square:hb3p_test:500051,500051,RISK_GRID,S_STAR,False,no_rescue_or_change,20.0,80,80,80,-0.05,False,False,False,False,False,True,nan,nan,100.0,nan,0,[],,False,[],False,0.0,
square:hb3p_test:500051,square:hb3p_test:500051,500051,M1_GRID,M1_GRID,False,no_rescue_or_change,nan,0,0,0,0.0,False,False,False,False,False,False,nan,nan,nan,nan,3,"[20, 80, 160]",t20:L0;t80:L0;t160:L0,True,"[{""absolute_t"":20,""backbone_seconds"":0.0,""client_selected_length"":null,""history_sha256"":""32f77ef2c550a445adddce9ec62050d7040b132f34fdd4df97445b036e2c8301"",""inference_seconds"":0.0015017460100352764,""ipc_roundtrip_seconds"":0.0,""method_id"":""M1_GRID"",""model"":""M1_proprio"",""prediction_head_seconds"":0.0008560559945181012,""probabilities"":{""p0"":0.026473217860611555,""p_full"":0.18991790390671143,""p_genuine_20"":0.005758290869504311,""p_genuine_5"":0.003006371831073428,""p_genuine_80"":0.05832456856448398,""p_helper_20"":0.0005269763780589145,""p_helper_5"":3.371955639077043e-05,""p_helper_80"":0.002124056414020041,""p_sys_20"":0.006456274588307664,""p_sys_5"":0.0032904521315614277,""p_sys_80"":0.061661141533630004,""prediction_head_seconds"":0.0008560559945181012},""reported_selected_length"":0},{""absolute_t"":80,""backbone_seconds"":0.0,""client_selected_length"":null,""history_sha256"":""ca55ff09c3f51161897c87504aa7b3d4c69e347bbe4c4d07ecf53479c30f5ee4"",""inference_seconds"":0.0015215979656204581,""ipc_roundtrip_seconds"":0.0,""method_id"":""M1_GRID"",""model"":""M1_proprio"",""prediction_head_seconds"":0.0007408099481835961,""probabilities"":{""p0"":0.020222209818978838,""p_full"":0.08775396609331582,""p_genuine_20"":0.003518988714904498,""p_genuine_5"":0.002085129762873389,""p_genuine_80"":0.015389566957226883,""p_helper_20"":0.0003511104470594195,""p_helper_5"":2.094525167755339e-05,""p_helper_80"":0.001338772205217778,""p_sys_20"":0.00398228403152745,""p_sys_5"":0.002297832966843605,""p_sys_80"":0.017385494771759658,""prediction_head_seconds"":0.0007408099481835961},""reported_selected_length"":0},{""absolute_t"":160,""backbone_seconds"":0.0,""client_selected_length"":null,""history_sha256"":""1b1300425968de863d20afc4bf47eac665797bfb2a8b9fcbc6f0e5c2aca4ba98"",""inference_seconds"":0.0018146618967875838,""ipc_roundtrip_seconds"":0.0,""method_id"":""M1_GRID"",""model"":""M1_proprio"",""prediction_head_seconds"":0.0010069399140775204,""probabilities"":{""p0"":0.01971187647438264,""p_full"":0.042263632598820496,""p_genuine_20"":0.0029110736727914316,""p_genuine_5"":0.0019529306777078881,""p_genuine_80"":0.00655353156687212,""p_helper_20"":0.00034562216079676465,""p_helper_5"":2.0476768197651607e-05,""p_helper_80"":0.001204183927352081,""p_sys_20"":0.0033717821224230615,""p_sys_5"":0.0021983481526873794,""p_sys_80"":0.008320891833357269,""prediction_head_seconds"":0.0010069399140775204},""reported_selected_length"":0}]",False,0.05,m1_no_takeover
square:hb3p_test:500051,square:hb3p_test:500051,500051,M4_GRID,M4_GRID,False,no_rescue_or_change,nan,0,0,0,0.0,False,False,False,False,False,False,nan,nan,nan,nan,3,"[20, 80, 160]",t20:L0;t80:L0;t160:L0,True,"[{""absolute_t"":20,""backbone_seconds"":0.016020729090087116,""client_selected_length"":0,""history_sha256"":""32f77ef2c550a445adddce9ec62050d7040b132f34fdd4df97445b036e2c8301"",""inference_seconds"":0.17467686894815415,""ipc_roundtrip_seconds"":0.10051871102768928,""method_id"":""M4_GRID"",""model"":""M4_paired"",""prediction_head_seconds"":0.0017455880297347903,""probabilities"":{""p0"":0.031381366792145836,""p_full"":0.18213421339196653,""p_genuine_20"":0.011082516453436754,""p_genuine_5"":0.0075871170245752,""p_genuine_80"":0.06915838560032088,""p_helper_20"":0.0012288190935844919,""p_helper_5"":0.0006127142345306077,""p_helper_80"":0.006896012834382527,""p_sys_20"":0.012508514543448368,""p_sys_5"":0.009874196078764497,""p_sys_80"":0.07845382071666229,""payload_sha256"":""9aae7a61afef91d0c8635bd8535c85c2fc1dc00ef4792423aee917a7e61e53a9"",""prediction_head_seconds"":0.0017455880297347903,""protocol_hash"":""07ed1213f636ea1db2500798b4468add685249faa7626d6bf39628f0fb5cccc3""},""reported_selected_length"":0},{""absolute_t"":80,""backbone_seconds"":0.013456775108352304,""client_selected_length"":0,""history_sha256"":""ca55ff09c3f51161897c87504aa7b3d4c69e347bbe4c4d07ecf53479c30f5ee4"",""inference_seconds"":0.12117052497342229,""ipc_roundtrip_seconds"":0.06038917403202504,""method_id"":""M4_GRID"",""model"":""M4_paired"",""prediction_head_seconds"":0.0012633770238608122,""probabilities"":{""p0"":0.029944139396858416,""p_full"":0.16914283207136022,""p_genuine_20"":0.011468196142219488,""p_genuine_5"":0.006822202718419055,""p_genuine_80"":0.06280062323207578,""p_helper_20"":0.0013002547424215533,""p_helper_5"":0.0005542017552517063,""p_helper_80"":0.006950310173327598,""p_sys_20"":0.012965052261668109,""p_sys_5"":0.008926102818227477,""p_sys_80"":0.07185187738550369,""payload_sha256"":""6f42e8c3d6fb56de40281257bba352bd8ddcf40e4d2dc539ef6547ea31cfe8bb"",""prediction_head_seconds"":0.0012633770238608122,""protocol_hash"":""07ed1213f636ea1db2500798b4468add685249faa7626d6bf39628f0fb5cccc3""},""reported_selected_length"":0},{""absolute_t"":160,""backbone_seconds"":0.01313926000148058,""client_selected_length"":0,""history_sha256"":""1b1300425968de863d20afc4bf47eac665797bfb2a8b9fcbc6f0e5c2aca4ba98"",""inference_seconds"":0.13910695095546544,""ipc_roundtrip_seconds"":0.10049921798054129,""method_id"":""M4_GRID"",""model"":""M4_paired"",""prediction_head_seconds"":0.000939292018301785,""probabilities"":{""p0"":0.027973020492535458,""p_full"":0.15197401525671844,""p_genuine_20"":0.01180640056875738,""p_genuine_5"":0.0055343183397034675,""p_genuine_80"":0.04978437081079041,""p_helper_20"":0.001357409360526283,""p_helper_5"":0.0004560909492586547,""p_helper_80"":0.006758829008043101,""p_sys_20"":0.01335034974031235,""p_sys_5"":0.007322070784710255,""p_sys_80"":0.05819146150642385,""payload_sha256"":""63af7933a0d3b37ad172652f846872c1bda4fcd21b55c529c972a459c8b927b6"",""prediction_head_seconds"":0.000939292018301785,""protocol_hash"":""07ed1213f636ea1db2500798b4468add685249faa7626d6bf39628f0fb5cccc3""},""reported_selected_length"":0}]",False,0.05,
square:hb3p_test:500052,square:hb3p_test:500052,500052,NONE,NONE,False,baseline,nan,0,0,0,0.0,False,False,False,False,False,False,nan,nan,nan,nan,0,[],,False,[],False,0.05,
square:hb3p_test:500052,square:hb3p_test:500052,500052,S_STAR,S_STAR,False,no_rescue_or_change,20.0,80,80,80,-0.05,False,False,False,False,False,True,nan,nan,100.0,nan,0,[],,False,[],False,0.0,
square:hb3p_test:500052,square:hb3p_test:500052,500052,M0_GRID,S_STAR,False,no_rescue_or_change,20.0,80,80,80,-0.05,False,False,False,False,False,True,nan,nan,100.0,nan,0,[],,False,[],False,0.0,
square:hb3p_test:500052,square:hb3p_test:500052,500052,RISK_GRID,S_STAR,False,no_rescue_or_change,20.0,80,80,80,-0.05,False,False,False,False,False,True,nan,nan,100.0,nan,0,[],,False,[],False,0.0,
square:hb3p_test:500052,square:hb3p_test:500052,500052,M1_GRID,M1_GRID,False,no_rescue_or_change,20.0,80,80,80,-0.05,False,False,False,False,False,True,nan,nan,100.0,nan,1,[20],t20:L80,True,"[{""absolute_t"":20,""backbone_seconds"":0.0,""client_selected_length"":null,""history_sha256"":""9bc0a682d6233e0f803df7cf5a4b592f2f6782899d24fe810043debdffe78e3f"",""inference_seconds"":0.0013009540271013975,""ipc_roundtrip_seconds"":0.0,""method_id"":""M1_GRID"",""model"":""M1_proprio"",""prediction_head_seconds"":0.0006670900620520115,""probabilities"":{""p0"":0.030046959843113175,""p_full"":0.2629217510420913,""p_genuine_20"":0.008191338024036808,""p_genuine_5"":0.004114765580658908,""p_genuine_80"":0.08942101781050651,""p_helper_20"":0.0007932181357883683,""p_helper_5"":5.279842767040498e-05,""p_helper_80"":0.002856221101297285,""p_sys_20"":0.009234101121923355,""p_sys_5"":0.004529165279322123,""p_sys_80"":0.0940809501093759,""prediction_head_seconds"":0.0006670900620520115},""reported_selected_length"":80}]",False,0.0,
square:hb3p_test:500052,square:hb3p_test:500052,500052,M4_GRID,M4_GRID,False,no_rescue_or_change,nan,0,0,0,0.0,False,False,False,False,False,False,nan,nan,nan,nan,3,"[20, 80, 160]",t20:L0;t80:L0;t160:L0,True,"[{""absolute_t"":20,""backbone_seconds"":0.013351842993870378,""client_selected_length"":0,""history_sha256"":""9bc0a682d6233e0f803df7cf5a4b592f2f6782899d24fe810043debdffe78e3f"",""inference_seconds"":0.3892607589950785,""ipc_roundtrip_seconds"":0.22101381898391992,""method_id"":""M4_GRID"",""model"":""M4_paired"",""prediction_head_seconds"":0.0009777650702744722,""probabilities"":{""p0"":0.033321819644605885,""p_full"":0.19719412170127804,""p_genuine_20"":0.0107833893462054,""p_genuine_5"":0.008590571194270442,""p_genuine_80"":0.08227500543013128,""p_helper_20"":0.0011821916340046046,""p_helper_5"":0.0006950757970000093,""p_helper_80"":0.007029953523751856,""p_sys_20"":0.012164104984333513,""p_sys_5"":0.011121942008909591,""p_sys_80"":0.092166974038152,""payload_sha256"":""676e8a229bf3dbdef685799eb69922d20d26ef36a9fba469530b0e41f05960b2"",""prediction_head_seconds"":0.0009777650702744722,""protocol_hash"":""07ed1213f636ea1db2500798b4468add685249faa7626d6bf39628f0fb5cccc3""},""reported_selected_length"":0},{""absolute_t"":80,""backbone_seconds"":0.014607996912673116,""client_selected_length"":0,""history_sha256"":""a9a6a3c976a50b26be828ce3c68211105d1ad1f673e8168c221f2c3b034a3825"",""inference_seconds"":0.2644126469967887,""ipc_roundtrip_seconds"":0.1205741009907797,""method_id"":""M4_GRID"",""model"":""M4_paired"",""prediction_head_seconds"":0.0010886839590966702,""probabilities"":{""p0"":0.02792947223187083,""p_full"":0.14582321973821674,""p_genuine_20"":0.013488593446561916,""p_genuine_5"":0.005905611354153513,""p_genuine_80"":0.04620528836656397,""p_helper_20"":0.0016576337424488493,""p_helper_5"":0.0005011657471961099,""p_helper_80"":0.007352323570366194,""p_sys_20"":0.015365747149556963,""p_sys_5"":0.007863114967798679,""p_sys_80"":0.05518137593916328,""payload_sha256"":""4975a049889313091cde03b87439f66d7b12f203bdb947282b0b43bdb402d385"",""prediction_head_seconds"":0.0010886839590966702,""protocol_hash"":""07ed1213f636ea1db2500798b4468add685249faa7626d6bf39628f0fb5cccc3""},""reported_selected_length"":0},{""absolute_t"":160,""backbone_seconds"":0.013283342006616294,""client_selected_length"":0,""history_sha256"":""c45b547d1367e75cf3ca72d0a26d9941519377e2b10cc14bd0d47128532e274e"",""inference_seconds"":0.19312186702154577,""ipc_roundtrip_seconds"":0.12064300000201911,""method_id"":""M4_GRID"",""model"":""M4_paired"",""prediction_head_seconds"":0.0012163660721853375,""probabilities"":{""p0"":0.027984951181796454,""p_full"":0.1465693239882825,""p_genuine_20"":0.01303365260635154,""p_genuine_5"":0.005761385907911712,""p_genuine_80"":0.0449184271818851,""p_helper_20"":0.0016176664977652969,""p_helper_5"":0.0004797069262215516,""p_helper_80"":0.007185326012140866,""p_sys_20"":0.014864044326830972,""p_sys_5"":0.007646693679021488,""p_sys_80"":0.05366434895273642,""payload_sha256"":""a9b11a19adab925fcabac5c6eb0e5719e15436a0a666ea592443d14b656650dd"",""prediction_head_seconds"":0.0012163660721853375,""protocol_hash"":""07ed1213f636ea1db2500798b4468add685249faa7626d6bf39628f0fb5cccc3""},""reported_selected_length"":0}]",False,0.05,
square:hb3p_test:500053,square:hb3p_test:500053,500053,NONE,NONE,False,baseline,nan,0,0,0,0.0,False,False,False,False,False,False,nan,nan,nan,nan,0,[],,False,[],False,0.05,
square:hb3p_test:500053,square:hb3p_test:500053,500053,S_STAR,S_STAR,False,no_rescue_or_change,20.0,80,80,80,-0.05,False,False,False,False,False,True,nan,nan,100.0,nan,0,[],,False,[],False,0.0,
square:hb3p_test:500053,square:hb3p_test:500053,500053,M0_GRID,S_STAR,False,no_rescue_or_change,20.0,80,80,80,-0.05,False,False,False,False,False,True,nan,nan,100.0,nan,0,[],,False,[],False,0.0,
square:hb3p_test:500053,square:hb3p_test:500053,500053,RISK_GRID,S_STAR,False,no_rescue_or_change,20.0,80,80,80,-0.05,False,False,False,False,False,True,nan,nan,100.0,nan,0,[],,False,[],False,0.0,
square:hb3p_test:500053,square:hb3p_test:500053,500053,M1_GRID,M1_GRID,False,no_rescue_or_change,20.0,80,80,80,-0.05,False,False,False,False,False,True,nan,nan,100.0,nan,1,[20],t20:L80,True,"[{""absolute_t"":20,""backbone_seconds"":0.0,""client_selected_length"":null,""history_sha256"":""36ebd29681cbf85bc82d03ed33807ad5d34e5881a0c7c0bf845574a6abb68919"",""inference_seconds"":0.0016008539823815227,""ipc_roundtrip_seconds"":0.0,""method_id"":""M1_GRID"",""model"":""M1_proprio"",""prediction_head_seconds"":0.0007977590430527925,""probabilities"":{""p0"":0.05738427502950488,""p_full"":0.34966317712814937,""p_genuine_20"":0.018836810816160426,""p_genuine_5"":0.008484370195162919,""p_genuine_80"":0.1846886600356842,""p_helper_20"":0.001559112228715405,""p_helper_5"":0.0001764987590083474,""p_helper_80"":0.0038938684991708257,""p_sys_20"":0.020946847640255006,""p_sys_5"":0.009635809171255838,""p_sys_80"":0.19188650809376384,""prediction_head_seconds"":0.0007977590430527925},""reported_selected_length"":80}]",False,0.0,
square:hb3p_test:500053,square:hb3p_test:500053,500053,M4_GRID,M4_GRID,False,no_rescue_or_change,20.0,80,80,80,-0.05,False,False,False,False,False,True,nan,nan,100.0,nan,1,[20],t20:L80,True,"[{""absolute_t"":20,""backbone_seconds"":0.013144674012437463,""client_selected_length"":80,""history_sha256"":""36ebd29681cbf85bc82d03ed33807ad5d34e5881a0c7c0bf845574a6abb68919"",""inference_seconds"":0.15145107405260205,""ipc_roundtrip_seconds"":0.06039564695674926,""method_id"":""M4_GRID"",""model"":""M4_paired"",""prediction_head_seconds"":0.0009340699762105942,""probabilities"":{""p0"":0.03569931558179213,""p_full"":0.20227191759504057,""p_genuine_20"":0.012079869332888538,""p_genuine_5"":0.009583232466644711,""p_genuine_80"":0.08940053777595194,""p_helper_20"":0.0013369687691420012,""p_helper_5"":0.0007972112386475683,""p_helper_80"":0.007885826546831006,""p_sys_20"":0.013654173019099103,""p_sys_5"":0.01243115600310496,""p_sys_80"":0.10058545059875768,""payload_sha256"":""4aef512411d042e1d216e32617a3dde6edbe6a0f6bb0f787f7f0c591bceb329f"",""prediction_head_seconds"":0.0009340699762105942,""protocol_hash"":""07ed1213f636ea1db2500798b4468add685249faa7626d6bf39628f0fb5cccc3""},""reported_selected_length"":80}]",False,0.0,
square:hb3p_test:500054,square:hb3p_test:500054,500054,NONE,NONE,False,baseline,nan,0,0,0,0.0,False,False,False,False,False,False,nan,nan,nan,nan,0,[],,False,[],False,0.05,
square:hb3p_test:500054,square:hb3p_test:500054,500054,S_STAR,S_STAR,False,no_rescue_or_change,20.0,80,80,80,-0.05,False,False,False,False,False,True,nan,nan,100.0,nan,0,[],,False,[],False,0.0,
square:hb3p_test:500054,square:hb3p_test:500054,500054,M0_GRID,S_STAR,False,no_rescue_or_change,20.0,80,80,80,-0.05,False,False,False,False,False,True,nan,nan,100.0,nan,0,[],,False,[],False,0.0,
square:hb3p_test:500054,square:hb3p_test:500054,500054,RISK_GRID,S_STAR,False,no_rescue_or_change,20.0,80,80,80,-0.05,False,False,False,False,False,True,nan,nan,100.0,nan,0,[],,False,[],False,0.0,
square:hb3p_test:500054,square:hb3p_test:500054,500054,M1_GRID,M1_GRID,False,no_rescue_or_change,20.0,80,80,80,-0.05,False,False,False,False,False,True,nan,nan,100.0,nan,1,[20],t20:L80,True,"[{""absolute_t"":20,""backbone_seconds"":0.0,""client_selected_length"":null,""history_sha256"":""273e4602cec252473a0a0b4bc14085d65e9e01eeb28dae243f73a704e5c5a725"",""inference_seconds"":0.0014967190800234675,""ipc_roundtrip_seconds"":0.0,""method_id"":""M1_GRID"",""model"":""M1_proprio"",""prediction_head_seconds"":0.0007648079190403223,""probabilities"":{""p0"":0.04110591334337386,""p_full"":0.3150133306073872,""p_genuine_20"":0.014242949416146814,""p_genuine_5"":0.005911565024803757,""p_genuine_80"":0.15409455422717744,""p_helper_20"":0.0009650513029446238,""p_helper_5"":8.649500786320633e-05,""p_helper_80"":0.002909545109530865,""p_sys_20"":0.01553415449653095,""p_sys_5"":0.00651592785134103,""p_sys_80"":0.15912264315323965,""prediction_head_seconds"":0.0007648079190403223},""reported_selected_length"":80}]",False,0.0,
square:hb3p_test:500054,square:hb3p_test:500054,500054,M4_GRID,M4_GRID,False,no_rescue_or_change,20.0,80,80,80,-0.05,False,False,False,False,False,True,nan,nan,100.0,nan,1,[20],t20:L80,True,"[{""absolute_t"":20,""backbone_seconds"":0.01321318990085274,""client_selected_length"":80,""history_sha256"":""273e4602cec252473a0a0b4bc14085d65e9e01eeb28dae243f73a704e5c5a725"",""inference_seconds"":0.22828478401061147,""ipc_roundtrip_seconds"":0.18081074301153421,""method_id"":""M4_GRID"",""model"":""M4_paired"",""prediction_head_seconds"":0.001072871033102274,""probabilities"":{""p0"":0.03737576274127243,""p_full"":0.20696116386095195,""p_genuine_20"":0.012422919670884483,""p_genuine_5"":0.010021682022251835,""p_genuine_80"":0.0950250283599008,""p_helper_20"":0.0013121037865719296,""p_helper_5"":0.0008469601905928619,""p_helper_80"":0.007916773193529963,""p_sys_20"":0.013973382260591416,""p_sys_5"":0.012991215800358669,""p_sys_80"":0.10652148402629646,""payload_sha256"":""04a9d7955762d0f1deef107d19f9b4288666b0f9d6be5466c7148bb89b4bced9"",""prediction_head_seconds"":0.001072871033102274,""protocol_hash"":""07ed1213f636ea1db2500798b4468add685249faa7626d6bf39628f0fb5cccc3""},""reported_selected_length"":80}]",False,0.0,
square:hb3p_test:500055,square:hb3p_test:500055,500055,NONE,NONE,False,baseline,nan,0,0,0,0.0,False,False,False,False,False,False,nan,nan,nan,nan,0,[],,False,[],False,0.05,
square:hb3p_test:500055,square:hb3p_test:500055,500055,S_STAR,S_STAR,False,no_rescue_or_change,20.0,80,80,80,-0.05,False,False,False,False,False,True,nan,nan,100.0,nan,0,[],,False,[],False,0.0,
square:hb3p_test:500055,square:hb3p_test:500055,500055,M0_GRID,S_STAR,False,no_rescue_or_change,20.0,80,80,80,-0.05,False,False,False,False,False,True,nan,nan,100.0,nan,0,[],,False,[],False,0.0,
square:hb3p_test:500055,square:hb3p_test:500055,500055,RISK_GRID,S_STAR,False,no_rescue_or_change,20.0,80,80,80,-0.05,False,False,False,False,False,True,nan,nan,100.0,nan,0,[],,False,[],False,0.0,
square:hb3p_test:500055,square:hb3p_test:500055,500055,M1_GRID,M1_GRID,False,no_rescue_or_change,20.0,80,80,80,-0.05,False,False,False,False,False,True,nan,nan,100.0,nan,1,[20],t20:L80,True,"[{""absolute_t"":20,""backbone_seconds"":0.0,""client_selected_length"":null,""history_sha256"":""149dc93bf76d2617364b49c627a66fc69771a3fc532e750e83bf4de0c440618f"",""inference_seconds"":0.001307827071286738,""ipc_roundtrip_seconds"":0.0,""method_id"":""M1_GRID"",""model"":""M1_proprio"",""prediction_head_seconds"":0.0006900939624756575,""probabilities"":{""p0"":0.23619921903645372,""p_full"":0.4386177424308257,""p_genuine_20"":0.1414140294496963,""p_genuine_5"":0.08630842482243097,""p_genuine_80"":0.42265926928362096,""p_helper_20"":0.026975436683380136,""p_helper_5"":0.011406743592096213,""p_helper_80"":0.02363495797721168,""p_sys_20"":0.18342202434378374,""p_sys_5"":0.12958475023547433,""p_sys_80"":0.47693887889775965,""prediction_head_seconds"":0.0006900939624756575},""reported_selected_length"":80}]",False,0.0,
square:hb3p_test:500055,square:hb3p_test:500055,500055,M4_GRID,M4_GRID,False,no_rescue_or_change,20.0,80,80,80,-0.05,False,False,False,False,False,True,nan,nan,100.0,nan,1,[20],t20:L80,True,"[{""absolute_t"":20,""backbone_seconds"":0.026280079036951065,""client_selected_length"":80,""history_sha256"":""149dc93bf76d2617364b49c627a66fc69771a3fc532e750e83bf4de0c440618f"",""inference_seconds"":0.13523557502776384,""ipc_roundtrip_seconds"":0.08048642403446138,""method_id"":""M4_GRID"",""model"":""M4_paired"",""prediction_head_seconds"":0.0017466651042923331,""probabilities"":{""p0"":0.040046277094773715,""p_full"":0.21560256120975227,""p_genuine_20"":0.013925629770155087,""p_genuine_5"":0.01162804233804068,""p_genuine_80"":0.11271738211709012,""p_helper_20"":0.001605866317898083,""p_helper_5"":0.0010216099921365209,""p_helper_80"":0.00950637842496083,""p_sys_20"":0.015832139180571247,""p_sys_5"":0.015185898799628839,""p_sys_80"":0.1266317294620517,""payload_sha256"":""b8b3105377681bc76b2bf81e61844a5ceb90a97f64604cd3a582178172edb572"",""prediction_head_seconds"":0.0017466651042923331,""protocol_hash"":""07ed1213f636ea1db2500798b4468add685249faa7626d6bf39628f0fb5cccc3""},""reported_selected_length"":80}]",False,0.0,
square:hb3p_test:500056,square:hb3p_test:500056,500056,NONE,NONE,False,baseline,nan,0,0,0,0.0,False,False,False,False,False,False,nan,nan,nan,nan,0,[],,False,[],False,0.05,
square:hb3p_test:500056,square:hb3p_test:500056,500056,S_STAR,S_STAR,False,no_rescue_or_change,20.0,80,80,80,-0.05,False,False,False,False,False,True,nan,nan,100.0,nan,0,[],,False,[],False,0.0,
square:hb3p_test:500056,square:hb3p_test:500056,500056,M0_GRID,S_STAR,False,no_rescue_or_change,20.0,80,80,80,-0.05,False,False,False,False,False,True,nan,nan,100.0,nan,0,[],,False,[],False,0.0,
square:hb3p_test:500056,square:hb3p_test:500056,500056,RISK_GRID,S_STAR,False,no_rescue_or_change,20.0,80,80,80,-0.05,False,False,False,False,False,True,nan,nan,100.0,nan,0,[],,False,[],False,0.0,
square:hb3p_test:500056,square:hb3p_test:500056,500056,M1_GRID,M1_GRID,False,no_rescue_or_change,20.0,80,80,80,-0.05,False,False,False,False,False,True,nan,nan,100.0,nan,1,[20],t20:L80,True,"[{""absolute_t"":20,""backbone_seconds"":0.0,""client_selected_length"":null,""history_sha256"":""d6eb0ebbf1c8c7ab321bdda7c3ef30319db9da86fc031629ec1c0b6123cb3979"",""inference_seconds"":0.001245377934537828,""ipc_roundtrip_seconds"":0.0,""method_id"":""M1_GRID"",""model"":""M1_proprio"",""prediction_head_seconds"":0.0006533419946208596,""probabilities"":{""p0"":0.030957945640731815,""p_full"":0.24997560294259383,""p_genuine_20"":0.008378863754492889,""p_genuine_5"":0.0038969275854123346,""p_genuine_80"":0.09713558770498254,""p_helper_20"":0.0007050377023763711,""p_helper_5"":4.8496555591915286e-05,""p_helper_80"":0.0025436330912951394,""p_sys_20"":0.009311709973990112,""p_sys_5"":0.004251005780929185,""p_sys_80"":0.1012658072501682,""prediction_head_seconds"":0.0006533419946208596},""reported_selected_length"":80}]",False,0.0,
square:hb3p_test:500056,square:hb3p_test:500056,500056,M4_GRID,M4_GRID,False,genuine_rescue,20.0,80,80,80,0.95,True,True,True,False,False,True,199.0,203.0,100.0,99.0,1,[20],t20:L80,True,"[{""absolute_t"":20,""backbone_seconds"":0.013256459031254053,""client_selected_length"":80,""history_sha256"":""d6eb0ebbf1c8c7ab321bdda7c3ef30319db9da86fc031629ec1c0b6123cb3979"",""inference_seconds"":0.23271083703730255,""ipc_roundtrip_seconds"":0.20107167796231806,""method_id"":""M4_GRID"",""model"":""M4_paired"",""prediction_head_seconds"":0.0009765590075403452,""probabilities"":{""p0"":0.03536185745264405,""p_full"":0.20562495715322596,""p_genuine_20"":0.01139126324562322,""p_genuine_5"":0.009487322585350011,""p_genuine_80"":0.09154755336473337,""p_helper_20"":0.0012218066078886873,""p_helper_5"":0.0007801827236815697,""p_helper_80"":0.007398952017213632,""p_sys_20"":0.012826491490241954,""p_sys_5"":0.012264153721490034,""p_sys_80"":0.10217889484655751,""payload_sha256"":""a4b814d78e5936828aa68ae5600d8dc60780282615755ecd07fee937d69b683b"",""prediction_head_seconds"":0.0009765590075403452,""protocol_hash"":""07ed1213f636ea1db2500798b4468add685249faa7626d6bf39628f0fb5cccc3""},""reported_selected_length"":80}]",True,1.0,
square:hb3p_test:500057,square:hb3p_test:500057,500057,NONE,NONE,False,baseline,nan,0,0,0,0.0,False,False,False,False,False,False,nan,nan,nan,nan,0,[],,False,[],False,0.05,
square:hb3p_test:500057,square:hb3p_test:500057,500057,S_STAR,S_STAR,False,no_rescue_or_change,20.0,80,80,80,-0.05,False,False,False,False,False,True,nan,nan,100.0,nan,0,[],,False,[],False,0.0,
square:hb3p_test:500057,square:hb3p_test:500057,500057,M0_GRID,S_STAR,False,no_rescue_or_change,20.0,80,80,80,-0.05,False,False,False,False,False,True,nan,nan,100.0,nan,0,[],,False,[],False,0.0,
square:hb3p_test:500057,square:hb3p_test:500057,500057,RISK_GRID,S_STAR,False,no_rescue_or_change,20.0,80,80,80,-0.05,False,False,False,False,False,True,nan,nan,100.0,nan,0,[],,False,[],False,0.0,
square:hb3p_test:500057,square:hb3p_test:500057,500057,M1_GRID,M1_GRID,False,no_rescue_or_change,80.0,20,20,20,-0.0125,False,False,False,False,False,True,nan,nan,100.0,nan,2,"[20, 80]",t20:L0;t80:L20,True,"[{""absolute_t"":20,""backbone_seconds"":0.0,""client_selected_length"":null,""history_sha256"":""c57467a67a4e577e2c0467ae0924760814622695f738583415ed65c18e173434"",""inference_seconds"":0.0016214479692280293,""ipc_roundtrip_seconds"":0.0,""method_id"":""M1_GRID"",""model"":""M1_proprio"",""prediction_head_seconds"":0.000884770997799933,""probabilities"":{""p0"":0.04296261125899103,""p_full"":0.17950287040518975,""p_genuine_20"":0.015024898016588812,""p_genuine_5"":0.008671644648920515,""p_genuine_80"":0.05856124759387642,""p_helper_20"":0.0010882883928618916,""p_helper_5"":0.0001453072081081268,""p_helper_80"":0.002868047330281739,""p_sys_20"":0.016534611075777694,""p_sys_5"":0.009981604559627488,""p_sys_80"":0.06361294016234575,""prediction_head_seconds"":0.000884770997799933},""reported_selected_length"":0},{""absolute_t"":80,""backbone_seconds"":0.0,""client_selected_length"":null,""history_sha256"":""bbe469b37f0ec53dfdf51992e249a771a4533b879015c9c44161a9d5643c1665"",""inference_seconds"":0.0014358441112563014,""ipc_roundtrip_seconds"":0.0,""method_id"":""M1_GRID"",""model"":""M1_proprio"",""prediction_head_seconds"":0.000761799979954958,""probabilities"":{""p0"":0.11018499822229656,""p_full"":0.21817753430224773,""p_genuine_20"":0.14471554777690965,""p_genuine_5"":0.0821848608403919,""p_genuine_80"":0.034934322608493336,""p_helper_20"":0.012934378767261837,""p_helper_5"":0.006012437543761002,""p_helper_80"":0.06974309982568884,""p_sys_20"":0.16621601479410264,""p_sys_5"":0.10334258135845054,""p_sys_80"":0.13207447097102798,""prediction_head_seconds"":0.000761799979954958},""reported_selected_length"":20}]",False,0.037500000000000006,
square:hb3p_test:500057,square:hb3p_test:500057,500057,M4_GRID,M4_GRID,False,no_rescue_or_change,20.0,80,80,80,-0.05,False,False,False,False,False,True,nan,nan,100.0,nan,1,[20],t20:L80,True,"[{""absolute_t"":20,""backbone_seconds"":0.02235695591662079,""client_selected_length"":80,""history_sha256"":""c57467a67a4e577e2c0467ae0924760814622695f738583415ed65c18e173434"",""inference_seconds"":0.21643110795412213,""ipc_roundtrip_seconds"":0.16109727905131876,""method_id"":""M4_GRID"",""model"":""M4_paired"",""prediction_head_seconds"":0.0018244299571961164,""probabilities"":{""p0"":0.036739641600927506,""p_full"":0.20467282981657042,""p_genuine_20"":0.012444869624930974,""p_genuine_5"":0.009972551783751444,""p_genuine_80"":0.09429032740443913,""p_helper_20"":0.0014100402803051135,""p_helper_5"":0.0008491121324926729,""p_helper_80"":0.008194917248017592,""p_sys_20"":0.014102238778837206,""p_sys_5"":0.012953728393119479,""p_sys_80"":0.10595927081930345,""payload_sha256"":""7fceb299c3760c2f137e60195cd6c9a44b8b1eb975ccdbda44eaeadbcb7cbee6"",""prediction_head_seconds"":0.0018244299571961164,""protocol_hash"":""07ed1213f636ea1db2500798b4468add685249faa7626d6bf39628f0fb5cccc3""},""reported_selected_length"":80}]",False,0.0,
square:hb3p_test:500058,square:hb3p_test:500058,500058,NONE,NONE,False,baseline,nan,0,0,0,0.0,False,False,False,False,False,False,nan,nan,nan,nan,0,[],,False,[],True,-0.95,
square:hb3p_test:500058,square:hb3p_test:500058,500058,S_STAR,S_STAR,False,genuine_rescue,20.0,80,80,80,0.95,True,True,True,False,False,True,190.0,194.0,100.0,90.0,0,[],,False,[],False,0.0,
square:hb3p_test:500058,square:hb3p_test:500058,500058,M0_GRID,S_STAR,False,genuine_rescue,20.0,80,80,80,0.95,True,True,True,False,False,True,190.0,194.0,100.0,90.0,0,[],,False,[],False,0.0,
square:hb3p_test:500058,square:hb3p_test:500058,500058,RISK_GRID,S_STAR,False,genuine_rescue,20.0,80,80,80,0.95,True,True,True,False,False,True,190.0,194.0,100.0,90.0,0,[],,False,[],False,0.0,
square:hb3p_test:500058,square:hb3p_test:500058,500058,M1_GRID,M1_GRID,False,no_rescue_or_change,nan,0,0,0,0.0,False,False,False,False,False,False,nan,nan,nan,nan,3,"[20, 80, 160]",t20:L0;t80:L0;t160:L0,True,"[{""absolute_t"":20,""backbone_seconds"":0.0,""client_selected_length"":null,""history_sha256"":""cd3e68c8fad4639b2e904e4368e76470b1f42cf5422f3bb4f7fdccebfa141d73"",""inference_seconds"":0.0015351279871538281,""ipc_roundtrip_seconds"":0.0,""method_id"":""M1_GRID"",""model"":""M1_proprio"",""prediction_head_seconds"":0.0007979589281603694,""probabilities"":{""p0"":0.14730232315202776,""p_full"":0.27425907996354376,""p_genuine_20"":0.10364540544637876,""p_genuine_5"":0.06788912313960101,""p_genuine_80"":0.18598461581549008,""p_helper_20"":0.01032255302215129,""p_helper_5"":0.005302323030859712,""p_helper_80"":0.015546591821376615,""p_sys_20"":0.11990358607478657,""p_sys_5"":0.09247741900209883,""p_sys_80"":0.21651440615770423,""prediction_head_seconds"":0.0007979589281603694},""reported_selected_length"":0},{""absolute_t"":80,""backbone_seconds"":0.0,""client_selected_length"":null,""history_sha256"":""e66832603bc6de1601ee72cac45f64a0e34df5c3382ed72f28482e934ecee5b2"",""inference_seconds"":0.0029442230006679893,""ipc_roundtrip_seconds"":0.0,""method_id"":""M1_GRID"",""model"":""M1_proprio"",""prediction_head_seconds"":0.0010594299528747797,""probabilities"":{""p0"":0.03199478261522363,""p_full"":0.036900121900511514,""p_genuine_20"":0.006732922394574105,""p_genuine_5"":0.005274158539577928,""p_genuine_80"":0.007738839259794826,""p_helper_20"":0.0007230966134361555,""p_helper_5"":7.455424312347162e-05,""p_helper_80"":0.00163998838949865,""p_sys_20"":0.00776402242341645,""p_sys_5"":0.006180346376728707,""p_sys_80"":0.010409069719879094,""prediction_head_seconds"":0.0010594299528747797},""reported_selected_length"":0},{""absolute_t"":160,""backbone_seconds"":0.0,""client_selected_length"":null,""history_sha256"":""c5ce97f2d136b7d59b76a936b64d92249c352b585b5d4e6384f0a9a6fe2f049c"",""inference_seconds"":0.0016397059662267566,""ipc_roundtrip_seconds"":0.0,""method_id"":""M1_GRID"",""model"":""M1_proprio"",""prediction_head_seconds"":0.0009806680027395487,""probabilities"":{""p0"":0.03665635713993181,""p_full"":0.03902918566803487,""p_genuine_20"":0.009365667081883449,""p_genuine_5"":0.007646541198393157,""p_genuine_80"":0.00766341356440256,""p_helper_20"":0.001102968429677428,""p_helper_5"":0.00012690997116999807,""p_helper_80"":0.0021996958957257017,""p_sys_20"":0.010950774009672481,""p_sys_5"":0.009222990049758129,""p_sys_80"":0.011248456932718476,""prediction_head_seconds"":0.0009806680027395487},""reported_selected_length"":0}]",True,-0.95,m1_no_takeover;m1_vs_s_star_outcome_difference
square:hb3p_test:500058,square:hb3p_test:500058,500058,M4_GRID,M4_GRID,False,genuine_rescue,20.0,80,80,80,0.95,True,True,True,False,False,True,175.0,179.0,100.0,75.0,1,[20],t20:L80,True,"[{""absolute_t"":20,""backbone_seconds"":0.013527216971851885,""client_selected_length"":80,""history_sha256"":""cd3e68c8fad4639b2e904e4368e76470b1f42cf5422f3bb4f7fdccebfa141d73"",""inference_seconds"":0.1981586340116337,""ipc_roundtrip_seconds"":0.08065984188579023,""method_id"":""M4_GRID"",""model"":""M4_paired"",""prediction_head_seconds"":0.001157538965344429,""probabilities"":{""p0"":0.041217312121896665,""p_full"":0.2081944140872673,""p_genuine_20"":0.016488096562355607,""p_genuine_5"":0.012302609880451723,""p_genuine_80"":0.10640834603359946,""p_helper_20"":0.0018411027006345758,""p_helper_5"":0.0011191082499105419,""p_helper_80"":0.010362534358199008,""p_sys_20"":0.01868559811204351,""p_sys_5"":0.016080066947680605,""p_sys_80"":0.12129005331844667,""payload_sha256"":""825f60abfa72d3746095389a59423174f095120e41682283dfa64301a12d795d"",""prediction_head_seconds"":0.001157538965344429,""protocol_hash"":""07ed1213f636ea1db2500798b4468add685249faa7626d6bf39628f0fb5cccc3""},""reported_selected_length"":80}]",False,0.0,
square:hb3p_test:500059,square:hb3p_test:500059,500059,NONE,NONE,False,baseline,nan,0,0,0,0.0,False,False,False,False,False,False,nan,nan,nan,nan,0,[],,False,[],False,0.05,
square:hb3p_test:500059,square:hb3p_test:500059,500059,S_STAR,S_STAR,False,no_rescue_or_change,20.0,80,80,80,-0.05,False,False,False,False,False,True,nan,nan,100.0,nan,0,[],,False,[],False,0.0,
square:hb3p_test:500059,square:hb3p_test:500059,500059,M0_GRID,S_STAR,False,no_rescue_or_change,20.0,80,80,80,-0.05,False,False,False,False,False,True,nan,nan,100.0,nan,0,[],,False,[],False,0.0,
square:hb3p_test:500059,square:hb3p_test:500059,500059,RISK_GRID,S_STAR,False,no_rescue_or_change,20.0,80,80,80,-0.05,False,False,False,False,False,True,nan,nan,100.0,nan,0,[],,False,[],False,0.0,
square:hb3p_test:500059,square:hb3p_test:500059,500059,M1_GRID,M1_GRID,False,no_rescue_or_change,20.0,80,80,80,-0.05,False,False,False,False,False,True,nan,nan,100.0,nan,1,[20],t20:L80,True,"[{""absolute_t"":20,""backbone_seconds"":0.0,""client_selected_length"":null,""history_sha256"":""0f9ea7980cfb179aa795422b7893285daa479108dec9d832af55d8c4cc8da8aa"",""inference_seconds"":0.0021698600612580776,""ipc_roundtrip_seconds"":0.0,""method_id"":""M1_GRID"",""model"":""M1_proprio"",""prediction_head_seconds"":0.0007835429860278964,""probabilities"":{""p0"":0.088274199928065,""p_full"":0.24521530972243172,""p_genuine_20"":0.04430738774998936,""p_genuine_5"":0.025334523193672544,""p_genuine_80"":0.14244237318847455,""p_helper_20"":0.0030162102290698474,""p_helper_5"":0.0008233260183531068,""p_helper_80"":0.005857377669412412,""p_sys_20"":0.048738302284373924,""p_sys_5"":0.030563731468998823,""p_sys_80"":0.15353146037337684,""prediction_head_seconds"":0.0007835429860278964},""reported_selected_length"":80}]",False,0.0,
square:hb3p_test:500059,square:hb3p_test:500059,500059,M4_GRID,M4_GRID,False,no_rescue_or_change,20.0,80,80,80,-0.05,False,False,False,False,False,True,nan,nan,100.0,nan,1,[20],t20:L80,True,"[{""absolute_t"":20,""backbone_seconds"":0.013415146037004888,""client_selected_length"":80,""history_sha256"":""0f9ea7980cfb179aa795422b7893285daa479108dec9d832af55d8c4cc8da8aa"",""inference_seconds"":0.38301962800323963,""ipc_roundtrip_seconds"":0.2615272509865463,""method_id"":""M4_GRID"",""model"":""M4_paired"",""prediction_head_seconds"":0.0011696420842781663,""probabilities"":{""p0"":0.04077140457160711,""p_full"":0.2078022313322727,""p_genuine_20"":0.015176246958115999,""p_genuine_5"":0.011352914692439152,""p_genuine_80"":0.10242334483559114,""p_helper_20"":0.0016280996918189249,""p_helper_5"":0.001036188589158418,""p_helper_80"":0.009422769529796392,""p_sys_20"":0.017113972242148834,""p_sys_5"":0.014848689424196482,""p_sys_80"":0.11612256632609608,""payload_sha256"":""a2c601f01fa6b6ebd3ce6af9f03c7e2220ec0303d564c8d2a8b7b2dc07478287"",""prediction_head_seconds"":0.0011696420842781663,""protocol_hash"":""07ed1213f636ea1db2500798b4468add685249faa7626d6bf39628f0fb5cccc3""},""reported_selected_length"":80}]",False,0.0,
square:hb3p_test:500060,square:hb3p_test:500060,500060,NONE,NONE,False,baseline,nan,0,0,0,0.0,False,False,False,False,False,False,nan,nan,nan,nan,0,[],,False,[],False,0.05,
square:hb3p_test:500060,square:hb3p_test:500060,500060,S_STAR,S_STAR,False,no_rescue_or_change,20.0,80,80,80,-0.05,False,False,False,False,False,True,nan,nan,100.0,nan,0,[],,False,[],False,0.0,
square:hb3p_test:500060,square:hb3p_test:500060,500060,M0_GRID,S_STAR,False,no_rescue_or_change,20.0,80,80,80,-0.05,False,False,False,False,False,True,nan,nan,100.0,nan,0,[],,False,[],False,0.0,
square:hb3p_test:500060,square:hb3p_test:500060,500060,RISK_GRID,S_STAR,False,no_rescue_or_change,20.0,80,80,80,-0.05,False,False,False,False,False,True,nan,nan,100.0,nan,0,[],,False,[],False,0.0,
square:hb3p_test:500060,square:hb3p_test:500060,500060,M1_GRID,M1_GRID,False,genuine_rescue,20.0,80,80,80,0.95,True,True,True,False,False,True,154.0,158.0,100.0,54.0,1,[20],t20:L80,True,"[{""absolute_t"":20,""backbone_seconds"":0.0,""client_selected_length"":null,""history_sha256"":""df25e352d9c1e3d70efcda0fc6912581c38218770d390a01a7f542d3ac222ce0"",""inference_seconds"":0.002788922982290387,""ipc_roundtrip_seconds"":0.0,""method_id"":""M1_GRID"",""model"":""M1_proprio"",""prediction_head_seconds"":0.0010508870473131537,""probabilities"":{""p0"":0.06649327007386927,""p_full"":0.2722978489359729,""p_genuine_20"":0.03833439548713301,""p_genuine_5"":0.0189457991127405,""p_genuine_80"":0.13190725233041056,""p_helper_20"":0.002566401801620831,""p_helper_5"":0.0005808272037057352,""p_helper_80"":0.0071793842624686115,""p_sys_20"":0.042046918079196915,""p_sys_5"":0.02222514064525738,""p_sys_80"":0.1446187634509909,""prediction_head_seconds"":0.0010508870473131537},""reported_selected_length"":80}]",True,1.0,m1_vs_s_star_outcome_difference;m1_genuine_rescue
square:hb3p_test:500060,square:hb3p_test:500060,500060,M4_GRID,M4_GRID,False,no_rescue_or_change,20.0,80,80,80,-0.05,False,False,False,False,False,True,nan,nan,100.0,nan,1,[20],t20:L80,True,"[{""absolute_t"":20,""backbone_seconds"":0.024819697020575404,""client_selected_length"":80,""history_sha256"":""df25e352d9c1e3d70efcda0fc6912581c38218770d390a01a7f542d3ac222ce0"",""inference_seconds"":0.12588755006436259,""ipc_roundtrip_seconds"":0.08045999892055988,""method_id"":""M4_GRID"",""model"":""M4_paired"",""prediction_head_seconds"":0.0014860710361972451,""probabilities"":{""p0"":0.038983966001917295,""p_full"":0.20998760547924,""p_genuine_20"":0.013505673916256157,""p_genuine_5"":0.010960812198703816,""p_genuine_80"":0.10550757622065708,""p_helper_20"":0.001488768087781531,""p_helper_5"":0.0009644626844065129,""p_helper_80"":0.008927997971378237,""p_sys_20"":0.015267220619400113,""p_sys_5"":0.014256132056559623,""p_sys_80"":0.11837571890596743,""payload_sha256"":""29bcb583cd000a4c191fadb6b7a1fe24e3243a3e7e15fe0cadda06aca289d6c3"",""prediction_head_seconds"":0.0014860710361972451,""protocol_hash"":""07ed1213f636ea1db2500798b4468add685249faa7626d6bf39628f0fb5cccc3""},""reported_selected_length"":80}]",False,0.0,
square:hb3p_test:500061,square:hb3p_test:500061,500061,NONE,NONE,False,baseline,nan,0,0,0,0.0,False,False,False,False,False,False,nan,nan,nan,nan,0,[],,False,[],True,-0.95,
square:hb3p_test:500061,square:hb3p_test:500061,500061,S_STAR,S_STAR,False,genuine_rescue,20.0,80,80,80,0.95,True,True,True,False,False,True,280.0,284.0,100.0,180.0,0,[],,False,[],False,0.0,
square:hb3p_test:500061,square:hb3p_test:500061,500061,M0_GRID,S_STAR,False,genuine_rescue,20.0,80,80,80,0.95,True,True,True,False,False,True,280.0,284.0,100.0,180.0,0,[],,False,[],False,0.0,
square:hb3p_test:500061,square:hb3p_test:500061,500061,RISK_GRID,S_STAR,False,genuine_rescue,20.0,80,80,80,0.95,True,True,True,False,False,True,280.0,284.0,100.0,180.0,0,[],,False,[],False,0.0,
square:hb3p_test:500061,square:hb3p_test:500061,500061,M1_GRID,M1_GRID,False,genuine_rescue,20.0,80,80,80,0.95,True,True,True,False,False,True,205.0,209.0,100.0,105.0,1,[20],t20:L80,True,"[{""absolute_t"":20,""backbone_seconds"":0.0,""client_selected_length"":null,""history_sha256"":""f8085a40aa488f8e3684797b89c4b41d1a6c44a006c206ad697084c7c94fba36"",""inference_seconds"":0.0013896860182285309,""ipc_roundtrip_seconds"":0.0,""method_id"":""M1_GRID"",""model"":""M1_proprio"",""prediction_head_seconds"":0.0007604579441249371,""probabilities"":{""p0"":0.032682550331264326,""p_full"":0.272838733695841,""p_genuine_20"":0.009374899346760147,""p_genuine_5"":0.004233029247239772,""p_genuine_80"":0.09884904146585698,""p_helper_20"":0.0007518274613851346,""p_helper_5"":5.4587918421637025e-05,""p_helper_80"":0.002526561218231806,""p_sys_20"":0.010365497154015135,""p_sys_5"":0.0046632951815192,""p_sys_80"":0.10309581540843615,""prediction_head_seconds"":0.0007604579441249371},""reported_selected_length"":80}]",False,0.0,m1_genuine_rescue
square:hb3p_test:500061,square:hb3p_test:500061,500061,M4_GRID,M4_GRID,False,no_rescue_or_change,20.0,80,80,80,-0.05,False,False,False,False,False,True,nan,nan,100.0,nan,1,[20],t20:L80,True,"[{""absolute_t"":20,""backbone_seconds"":0.013480533962137997,""client_selected_length"":80,""history_sha256"":""f8085a40aa488f8e3684797b89c4b41d1a6c44a006c206ad697084c7c94fba36"",""inference_seconds"":0.1227640580618754,""ipc_roundtrip_seconds"":0.08043327205814421,""method_id"":""M4_GRID"",""model"":""M4_paired"",""prediction_head_seconds"":0.0013128099963068962,""probabilities"":{""p0"":0.03460848188340246,""p_full"":0.20473058547507222,""p_genuine_20"":0.01122186179640164,""p_genuine_5"":0.009352883783256615,""p_genuine_80"":0.08998422851933977,""p_helper_20"":0.001245045872053819,""p_helper_5"":0.0007612429951599031,""p_helper_80"":0.007328163651012845,""p_sys_20"":0.012680045673440055,""p_sys_5"":0.012064105065022424,""p_sys_80"":0.10039136030897078,""payload_sha256"":""e8af4a524b6d3c46117a40c565d5287313bdb278c60ad7e239b2a6e2409654df"",""prediction_head_seconds"":0.0013128099963068962,""protocol_hash"":""07ed1213f636ea1db2500798b4468add685249faa7626d6bf39628f0fb5cccc3""},""reported_selected_length"":80}]",True,-1.0,
square:hb3p_test:500062,square:hb3p_test:500062,500062,NONE,NONE,False,baseline,nan,0,0,0,0.0,False,False,False,False,False,False,nan,nan,nan,nan,0,[],,False,[],False,0.05,
square:hb3p_test:500062,square:hb3p_test:500062,500062,S_STAR,S_STAR,False,no_rescue_or_change,20.0,80,80,80,-0.05,False,False,False,False,False,True,nan,nan,100.0,nan,0,[],,False,[],False,0.0,
square:hb3p_test:500062,square:hb3p_test:500062,500062,M0_GRID,S_STAR,False,no_rescue_or_change,20.0,80,80,80,-0.05,False,False,False,False,False,True,nan,nan,100.0,nan,0,[],,False,[],False,0.0,
square:hb3p_test:500062,square:hb3p_test:500062,500062,RISK_GRID,S_STAR,False,no_rescue_or_change,20.0,80,80,80,-0.05,False,False,False,False,False,True,nan,nan,100.0,nan,0,[],,False,[],False,0.0,
square:hb3p_test:500062,square:hb3p_test:500062,500062,M1_GRID,M1_GRID,False,no_rescue_or_change,nan,0,0,0,0.0,False,False,False,False,False,False,nan,nan,nan,nan,3,"[20, 80, 160]",t20:L0;t80:L0;t160:L0,True,"[{""absolute_t"":20,""backbone_seconds"":0.0,""client_selected_length"":null,""history_sha256"":""6db52cc42eb834b2df0aadf6b6246f19dd07a787fcea40c1236013824a5a06bd"",""inference_seconds"":0.001417052000761032,""ipc_roundtrip_seconds"":0.0,""method_id"":""M1_GRID"",""model"":""M1_proprio"",""prediction_head_seconds"":0.0007726760813966393,""probabilities"":{""p0"":0.07608335253333567,""p_full"":0.1837118886619442,""p_genuine_20"":0.038889394387272534,""p_genuine_5"":0.025973620550699062,""p_genuine_80"":0.08387779769309991,""p_helper_20"":0.0030646554853677463,""p_helper_5"":0.0008346853085112833,""p_helper_80"":0.005909584812874919,""p_sys_20"":0.04346238137081959,""p_sys_5"":0.031872198880711244,""p_sys_80"":0.09484694565661966,""prediction_head_seconds"":0.0007726760813966393},""reported_selected_length"":0},{""absolute_t"":80,""backbone_seconds"":0.0,""client_selected_length"":null,""history_sha256"":""d183242779763517963b5581da8affa0499cf63678696726b4f474a89c1987f9"",""inference_seconds"":0.0021367570152506232,""ipc_roundtrip_seconds"":0.0,""method_id"":""M1_GRID"",""model"":""M1_proprio"",""prediction_head_seconds"":0.0007350509986281395,""probabilities"":{""p0"":0.022934656776947015,""p_full"":0.04023782062506102,""p_genuine_20"":0.00360897388174705,""p_genuine_5"":0.002531268241070307,""p_genuine_80"":0.007513563490066904,""p_helper_20"":0.00036051283841552674,""p_helper_5"":2.3236843321248533e-05,""p_helper_80"":0.0011030514340010385,""p_sys_20"":0.004094661552788037,""p_sys_5"":0.002819224381863328,""p_sys_80"":0.009217247270766449,""prediction_head_seconds"":0.0007350509986281395},""reported_selected_length"":0},{""absolute_t"":160,""backbone_seconds"":0.0,""client_selected_length"":null,""history_sha256"":""8e9f02efee266a7de130956dbff8da6f4c1d009a08818eecc1ac88e745ba39cd"",""inference_seconds"":0.0013328840723261237,""ipc_roundtrip_seconds"":0.0,""method_id"":""M1_GRID"",""model"":""M1_proprio"",""prediction_head_seconds"":0.0006882239831611514,""probabilities"":{""p0"":0.03313868362221834,""p_full"":0.035945268867166716,""p_genuine_20"":0.008415432522608993,""p_genuine_5"":0.006462575471910287,""p_genuine_80"":0.0056860243563045055,""p_helper_20"":0.000899095661752662,""p_helper_5"":9.883547375185541e-05,""p_helper_80"":0.00238329855770748,""p_sys_20"":0.00972695472697116,""p_sys_5"":0.007622335899956423,""p_sys_80"":0.009485299392824609,""prediction_head_seconds"":0.0006882239831611514},""reported_selected_length"":0}]",False,0.05,m1_no_takeover
square:hb3p_test:500062,square:hb3p_test:500062,500062,M4_GRID,M4_GRID,False,no_rescue_or_change,20.0,80,80,80,-0.05,False,False,False,False,False,True,nan,nan,100.0,nan,1,[20],t20:L80,True,"[{""absolute_t"":20,""backbone_seconds"":0.013233536970801651,""client_selected_length"":80,""history_sha256"":""6db52cc42eb834b2df0aadf6b6246f19dd07a787fcea40c1236013824a5a06bd"",""inference_seconds"":0.279206975013949,""ipc_roundtrip_seconds"":0.1205587669974193,""method_id"":""M4_GRID"",""model"":""M4_paired"",""prediction_head_seconds"":0.0009420290589332581,""probabilities"":{""p0"":0.0410092399976061,""p_full"":0.21467863669909365,""p_genuine_20"":0.014681522786829184,""p_genuine_5"":0.011923475898933014,""p_genuine_80"":0.11218706379350311,""p_helper_20"":0.0016535072624964252,""p_helper_5"":0.001071715324601981,""p_helper_80"":0.009640123932591201,""p_sys_20"":0.01664548038294489,""p_sys_5"":0.015557263556609136,""p_sys_80"":0.12632547149324302,""payload_sha256"":""db34a107f18ecc8ca360c5e924717467ee1e2e8c2161f02119983d9985711964"",""prediction_head_seconds"":0.0009420290589332581,""protocol_hash"":""07ed1213f636ea1db2500798b4468add685249faa7626d6bf39628f0fb5cccc3""},""reported_selected_length"":80}]",False,0.0,
square:hb3p_test:500063,square:hb3p_test:500063,500063,NONE,NONE,False,baseline,nan,0,0,0,0.0,False,False,False,False,False,False,nan,nan,nan,nan,0,[],,False,[],False,0.05,
square:hb3p_test:500063,square:hb3p_test:500063,500063,S_STAR,S_STAR,False,no_rescue_or_change,20.0,80,80,80,-0.05,False,False,False,False,False,True,nan,nan,100.0,nan,0,[],,False,[],False,0.0,
square:hb3p_test:500063,square:hb3p_test:500063,500063,M0_GRID,S_STAR,False,no_rescue_or_change,20.0,80,80,80,-0.05,False,False,False,False,False,True,nan,nan,100.0,nan,0,[],,False,[],False,0.0,
square:hb3p_test:500063,square:hb3p_test:500063,500063,RISK_GRID,S_STAR,False,no_rescue_or_change,20.0,80,80,80,-0.05,False,False,False,False,False,True,nan,nan,100.0,nan,0,[],,False,[],False,0.0,
square:hb3p_test:500063,square:hb3p_test:500063,500063,M1_GRID,M1_GRID,False,genuine_rescue,20.0,80,80,80,0.95,True,True,True,False,False,True,211.0,215.0,100.0,111.0,1,[20],t20:L80,True,"[{""absolute_t"":20,""backbone_seconds"":0.0,""client_selected_length"":null,""history_sha256"":""3f809db7d94cb3823b6a8f530606519fc3327f727ecab0d5f71dbbff2c348811"",""inference_seconds"":0.0025538239860907197,""ipc_roundtrip_seconds"":0.0,""method_id"":""M1_GRID"",""model"":""M1_proprio"",""prediction_head_seconds"":0.000970273045822978,""probabilities"":{""p0"":0.14307666340051017,""p_full"":0.3611733807700142,""p_genuine_20"":0.08221132080580511,""p_genuine_5"":0.043064277284443855,""p_genuine_80"":0.31138324716568044,""p_helper_20"":0.007177052817672101,""p_helper_5"":0.0024244537154954906,""p_helper_80"":0.009608440507175313,""p_sys_20"":0.09299166378630241,""p_sys_5"":0.05450292536897006,""p_sys_80"":0.33174812471136284,""prediction_head_seconds"":0.000970273045822978},""reported_selected_length"":80}]",True,1.0,m1_vs_s_star_outcome_difference;m1_genuine_rescue
square:hb3p_test:500063,square:hb3p_test:500063,500063,M4_GRID,M4_GRID,False,genuine_rescue,20.0,80,80,80,0.95,True,True,True,False,False,True,212.0,216.0,100.0,112.0,1,[20],t20:L80,True,"[{""absolute_t"":20,""backbone_seconds"":0.013150405953638256,""client_selected_length"":80,""history_sha256"":""3f809db7d94cb3823b6a8f530606519fc3327f727ecab0d5f71dbbff2c348811"",""inference_seconds"":0.15983533603139222,""ipc_roundtrip_seconds"":0.12058557197451591,""method_id"":""M4_GRID"",""model"":""M4_paired"",""prediction_head_seconds"":0.0009289260488003492,""probabilities"":{""p0"":0.043347616438818716,""p_full"":0.2191600263020031,""p_genuine_20"":0.015636040137992614,""p_genuine_5"":0.012602080104552785,""p_genuine_80"":0.11598294662215607,""p_helper_20"":0.0017229109750111918,""p_helper_5"":0.0011610712910500758,""p_helper_80"":0.01005490897750963,""p_sys_20"":0.017700010773387453,""p_sys_5"":0.016496847087319466,""p_sys_80"":0.13094191241451192,""payload_sha256"":""eace99e023ce913806f41a77e1a1a8c3ad1b414cd8d0157dc4807a197b73d1e8"",""prediction_head_seconds"":0.0009289260488003492,""protocol_hash"":""07ed1213f636ea1db2500798b4468add685249faa7626d6bf39628f0fb5cccc3""},""reported_selected_length"":80}]",True,1.0,
square:hb3p_test:500064,square:hb3p_test:500064,500064,NONE,NONE,True,baseline,nan,0,0,0,1.0,True,True,False,False,False,False,119.0,123.0,nan,nan,0,[],,False,[],False,0.050000000000000044,
square:hb3p_test:500064,square:hb3p_test:500064,500064,S_STAR,S_STAR,True,no_rescue_or_change,20.0,80,80,80,0.95,True,True,True,False,False,True,124.0,128.0,100.0,24.0,0,[],,False,[],False,0.0,
square:hb3p_test:500064,square:hb3p_test:500064,500064,M0_GRID,S_STAR,True,no_rescue_or_change,20.0,80,80,80,0.95,True,True,True,False,False,True,124.0,128.0,100.0,24.0,0,[],,False,[],False,0.0,
square:hb3p_test:500064,square:hb3p_test:500064,500064,RISK_GRID,S_STAR,True,no_rescue_or_change,20.0,80,80,80,0.95,True,True,True,False,False,True,124.0,128.0,100.0,24.0,0,[],,False,[],False,0.0,
square:hb3p_test:500064,square:hb3p_test:500064,500064,M1_GRID,M1_GRID,True,no_rescue_or_change,80.0,20,20,20,0.9875,True,True,True,False,False,True,126.0,130.0,100.0,26.0,2,"[20, 80]",t20:L0;t80:L20,True,"[{""absolute_t"":20,""backbone_seconds"":0.0,""client_selected_length"":null,""history_sha256"":""f36711cc7c6465bb0a3a0d1ce721d38d87715522406e9b56816753f8d5775289"",""inference_seconds"":0.00235101708676666,""ipc_roundtrip_seconds"":0.0,""method_id"":""M1_GRID"",""model"":""M1_proprio"",""prediction_head_seconds"":0.0010204629506915808,""probabilities"":{""p0"":0.09657609165117671,""p_full"":0.22376199451017695,""p_genuine_20"":0.05003813663654858,""p_genuine_5"":0.030851090338339777,""p_genuine_80"":0.13443587784602987,""p_helper_20"":0.003863135663668739,""p_helper_5"":0.0011457172009645279,""p_helper_80"":0.006634160735125454,""p_sys_20"":0.05586890777651832,""p_sys_5"":0.0382170486666904,""p_sys_80"":0.14739235663358152,""prediction_head_seconds"":0.0010204629506915808},""reported_selected_length"":0},{""absolute_t"":80,""backbone_seconds"":0.0,""client_selected_length"":null,""history_sha256"":""8e422c42a0f2efaea14a58e9e89620023d9c89c61ddcbbd9634043d3d117310a"",""inference_seconds"":0.0014863450778648257,""ipc_roundtrip_seconds"":0.0,""method_id"":""M1_GRID"",""model"":""M1_proprio"",""prediction_head_seconds"":0.0007585149724036455,""probabilities"":{""p0"":0.1380476632353956,""p_full"":0.15218677641427933,""p_genuine_20"":0.17519084457920128,""p_genuine_5"":0.1366407765648408,""p_genuine_80"":0.026598075257707587,""p_helper_20"":0.01806051271022235,""p_helper_5"":0.010228796135887905,""p_helper_80"":0.04387271670405669,""p_sys_20"":0.208094032118193,""p_sys_5"":0.17939358551444406,""p_sys_80"":0.09892562481161049,""prediction_head_seconds"":0.0007585149724036455},""reported_selected_length"":20}]",False,0.03750000000000009,
square:hb3p_test:500064,square:hb3p_test:500064,500064,M4_GRID,M4_GRID,True,no_rescue_or_change,20.0,80,80,80,0.95,True,True,True,False,False,True,124.0,128.0,100.0,24.0,1,[20],t20:L80,True,"[{""absolute_t"":20,""backbone_seconds"":0.013438103953376412,""client_selected_length"":80,""history_sha256"":""f36711cc7c6465bb0a3a0d1ce721d38d87715522406e9b56816753f8d5775289"",""inference_seconds"":0.3244294869946316,""ipc_roundtrip_seconds"":0.2008152479538694,""method_id"":""M4_GRID"",""model"":""M4_paired"",""prediction_head_seconds"":0.0013484979281201959,""probabilities"":{""p0"":0.040780294699232535,""p_full"":0.21302925307706452,""p_genuine_20"":0.014842345319474506,""p_genuine_5"":0.011623854598346405,""p_genuine_80"":0.10791679642858648,""p_helper_20"":0.0016213066363134825,""p_helper_5"":0.0010499491354372637,""p_helper_80"":0.00934382246358087,""p_sys_20"":0.016770884904720118,""p_sys_5"":0.015165818986483726,""p_sys_80"":0.12156497856805037,""payload_sha256"":""966786a1d2da3da1266463ffb64e37c42250aa6957d45d79d1a1c082e0c99472"",""prediction_head_seconds"":0.0013484979281201959,""protocol_hash"":""07ed1213f636ea1db2500798b4468add685249faa7626d6bf39628f0fb5cccc3""},""reported_selected_length"":80}]",False,0.0,
square:hb3p_test:500065,square:hb3p_test:500065,500065,NONE,NONE,False,baseline,nan,0,0,0,0.0,False,False,False,False,False,False,nan,nan,nan,nan,0,[],,False,[],False,0.05,
square:hb3p_test:500065,square:hb3p_test:500065,500065,S_STAR,S_STAR,False,no_rescue_or_change,20.0,80,80,80,-0.05,False,False,False,False,False,True,nan,nan,100.0,nan,0,[],,False,[],False,0.0,
square:hb3p_test:500065,square:hb3p_test:500065,500065,M0_GRID,S_STAR,False,no_rescue_or_change,20.0,80,80,80,-0.05,False,False,False,False,False,True,nan,nan,100.0,nan,0,[],,False,[],False,0.0,
square:hb3p_test:500065,square:hb3p_test:500065,500065,RISK_GRID,S_STAR,False,no_rescue_or_change,20.0,80,80,80,-0.05,False,False,False,False,False,True,nan,nan,100.0,nan,0,[],,False,[],False,0.0,
square:hb3p_test:500065,square:hb3p_test:500065,500065,M1_GRID,M1_GRID,False,no_rescue_or_change,nan,0,0,0,0.0,False,False,False,False,False,False,nan,nan,nan,nan,3,"[20, 80, 160]",t20:L0;t80:L0;t160:L0,True,"[{""absolute_t"":20,""backbone_seconds"":0.0,""client_selected_length"":null,""history_sha256"":""77f3de5931db0a3daf41d242598cf351493bfeedc42174d433ff09f7148fc1a6"",""inference_seconds"":0.0017373759765177965,""ipc_roundtrip_seconds"":0.0,""method_id"":""M1_GRID"",""model"":""M1_proprio"",""prediction_head_seconds"":0.0009759339736774564,""probabilities"":{""p0"":0.04103160777311719,""p_full"":0.19563042179267248,""p_genuine_20"":0.01421454483837035,""p_genuine_5"":0.007498174482846737,""p_genuine_80"":0.07277410142887797,""p_helper_20"":0.0008257230087632526,""p_helper_5"":0.00010052411064366308,""p_helper_80"":0.00233083269008473,""p_sys_20"":0.015351950365100508,""p_sys_5"":0.00843838465239477,""p_sys_80"":0.07690185174076147,""prediction_head_seconds"":0.0009759339736774564},""reported_selected_length"":0},{""absolute_t"":80,""backbone_seconds"":0.0,""client_selected_length"":null,""history_sha256"":""9b0d2cd06558570908e6443106bfc55c44485e836c8f134c3758af88897e3e38"",""inference_seconds"":0.0025835849810391665,""ipc_roundtrip_seconds"":0.0,""method_id"":""M1_GRID"",""model"":""M1_proprio"",""prediction_head_seconds"":0.0009369179606437683,""probabilities"":{""p0"":0.05812568169914038,""p_full"":0.11260217534949761,""p_genuine_20"":0.044551711407563206,""p_genuine_5"":0.02578853330073434,""p_genuine_80"":0.012231504641407499,""p_helper_20"":0.0032519499064032906,""p_helper_5"":0.0007374854998400025,""p_helper_80"":0.01565298795126461,""p_sys_20"":0.049563689156690294,""p_sys_5"":0.03006142662673883,""p_sys_80"":0.034830161875478716,""prediction_head_seconds"":0.0009369179606437683},""reported_selected_length"":0},{""absolute_t"":160,""backbone_seconds"":0.0,""client_selected_length"":null,""history_sha256"":""53914cded6a4b707a5dc20d196b489cac5cf26aef0df595e7b2f2127689811f5"",""inference_seconds"":0.0019801309099420905,""ipc_roundtrip_seconds"":0.0,""method_id"":""M1_GRID"",""model"":""M1_proprio"",""prediction_head_seconds"":0.0008001060923561454,""probabilities"":{""p0"":0.07732921522252822,""p_full"":0.0924685695142639,""p_genuine_20"":0.03762962756300669,""p_genuine_5"":0.02276457363212348,""p_genuine_80"":0.01536761761306872,""p_helper_20"":0.006404560274974359,""p_helper_5"":0.001418108962733133,""p_helper_80"":0.026247204546432618,""p_sys_20"":0.047739480710463855,""p_sys_5"":0.030310020025783868,""p_sys_80"":0.052871455850170945,""prediction_head_seconds"":0.0008001060923561454},""reported_selected_length"":0}]",False,0.05,m1_no_takeover
square:hb3p_test:500065,square:hb3p_test:500065,500065,M4_GRID,M4_GRID,False,no_rescue_or_change,20.0,80,80,80,-0.05,False,False,False,False,False,True,nan,nan,100.0,nan,1,[20],t20:L80,True,"[{""absolute_t"":20,""backbone_seconds"":0.013162805000320077,""client_selected_length"":80,""history_sha256"":""77f3de5931db0a3daf41d242598cf351493bfeedc42174d433ff09f7148fc1a6"",""inference_seconds"":0.14943949098233134,""ipc_roundtrip_seconds"":0.10057550494093448,""method_id"":""M4_GRID"",""model"":""M4_paired"",""prediction_head_seconds"":0.0009717709617689252,""probabilities"":{""p0"":0.0359092214114165,""p_full"":0.20330401976192558,""p_genuine_20"":0.012075203850407558,""p_genuine_5"":0.009737775845694123,""p_genuine_80"":0.09151553155925905,""p_helper_20"":0.001320847517405147,""p_helper_5"":0.0008172420380959757,""p_helper_80"":0.007727709945794123,""p_sys_20"":0.013627341017414474,""p_sys_5"":0.012622897284771839,""p_sys_80"":0.10256397700845099,""payload_sha256"":""349ecd760868300308736bbaf3f4658d27d33c72d48e3cd5cadec3fa05e42efa"",""prediction_head_seconds"":0.0009717709617689252,""protocol_hash"":""07ed1213f636ea1db2500798b4468add685249faa7626d6bf39628f0fb5cccc3""},""reported_selected_length"":80}]",False,0.0,
square:hb3p_test:500066,square:hb3p_test:500066,500066,NONE,NONE,False,baseline,nan,0,0,0,0.0,False,False,False,False,False,False,nan,nan,nan,nan,0,[],,False,[],False,0.05,
square:hb3p_test:500066,square:hb3p_test:500066,500066,S_STAR,S_STAR,False,no_rescue_or_change,20.0,80,80,80,-0.05,False,False,False,False,False,True,nan,nan,100.0,nan,0,[],,False,[],False,0.0,
square:hb3p_test:500066,square:hb3p_test:500066,500066,M0_GRID,S_STAR,False,no_rescue_or_change,20.0,80,80,80,-0.05,False,False,False,False,False,True,nan,nan,100.0,nan,0,[],,False,[],False,0.0,
square:hb3p_test:500066,square:hb3p_test:500066,500066,RISK_GRID,S_STAR,False,no_rescue_or_change,20.0,80,80,80,-0.05,False,False,False,False,False,True,nan,nan,100.0,nan,0,[],,False,[],False,0.0,
square:hb3p_test:500066,square:hb3p_test:500066,500066,M1_GRID,M1_GRID,False,no_rescue_or_change,80.0,80,80,80,-0.05,False,False,False,False,False,True,nan,nan,160.0,nan,2,"[20, 80]",t20:L0;t80:L80,True,"[{""absolute_t"":20,""backbone_seconds"":0.0,""client_selected_length"":null,""history_sha256"":""f66351bb4904e9f84e7074593ad9bebfba707f19d5b2b7c591649af874489fae"",""inference_seconds"":0.0014754619915038347,""ipc_roundtrip_seconds"":0.0,""method_id"":""M1_GRID"",""model"":""M1_proprio"",""prediction_head_seconds"":0.0008215309353545308,""probabilities"":{""p0"":0.031472528616276356,""p_full"":0.21500793490597464,""p_genuine_20"":0.009785985220226544,""p_genuine_5"":0.004587827188315854,""p_genuine_80"":0.07131617846780747,""p_helper_20"":0.0006294980431208321,""p_helper_5"":5.2606132990395264e-05,""p_helper_80"":0.0021075372120108074,""p_sys_20"":0.010626303885512,""p_sys_5"":0.005066002610370379,""p_sys_80"":0.07482457701378376,""prediction_head_seconds"":0.0008215309353545308},""reported_selected_length"":0},{""absolute_t"":80,""backbone_seconds"":0.0,""client_selected_length"":null,""history_sha256"":""775098c7aad0dcd1da1f49c6612af927c14ab58e64c53a153c8f6d8bedcf2130"",""inference_seconds"":0.001307338010519743,""ipc_roundtrip_seconds"":0.0,""method_id"":""M1_GRID"",""model"":""M1_proprio"",""prediction_head_seconds"":0.0006461030570790172,""probabilities"":{""p0"":0.06901902895202505,""p_full"":0.4605035462704388,""p_genuine_20"":0.021907944243073633,""p_genuine_5"":0.007855368807111502,""p_genuine_80"":0.2870641104574626,""p_helper_20"":0.0021639517980439837,""p_helper_5"":0.0002227045144290016,""p_helper_80"":0.004895873233084806,""p_sys_20"":0.02483212754320374,""p_sys_5"":0.008940507340269965,""p_sys_80"":0.2960302165462546,""prediction_head_seconds"":0.0006461030570790172},""reported_selected_length"":80}]",False,0.0,
square:hb3p_test:500066,square:hb3p_test:500066,500066,M4_GRID,M4_GRID,False,no_rescue_or_change,20.0,80,80,80,-0.05,False,False,False,False,False,True,nan,nan,100.0,nan,1,[20],t20:L80,True,"[{""absolute_t"":20,""backbone_seconds"":0.013523000059649348,""client_selected_length"":80,""history_sha256"":""f66351bb4904e9f84e7074593ad9bebfba707f19d5b2b7c591649af874489fae"",""inference_seconds"":0.1699215630069375,""ipc_roundtrip_seconds"":0.12058260501362383,""method_id"":""M4_GRID"",""model"":""M4_paired"",""prediction_head_seconds"":0.0009379129623994231,""probabilities"":{""p0"":0.035879881763773644,""p_full"":0.2055808240335645,""p_genuine_20"":0.011630771995498253,""p_genuine_5"":0.009715126460168687,""p_genuine_80"":0.09327860517433113,""p_helper_20"":0.001262955488517991,""p_helper_5"":0.0007917300921489763,""p_helper_80"":0.007713951875279939,""p_sys_20"":0.013115118182129737,""p_sys_5"":0.01253501223889708,""p_sys_80"":0.104296707348981,""payload_sha256"":""f8874e6641f7d96c6b99b9f31197ba7e08dd51978a09e4f5e272240221c53425"",""prediction_head_seconds"":0.0009379129623994231,""protocol_hash"":""07ed1213f636ea1db2500798b4468add685249faa7626d6bf39628f0fb5cccc3""},""reported_selected_length"":80}]",False,0.0,
square:hb3p_test:500067,square:hb3p_test:500067,500067,NONE,NONE,False,baseline,nan,0,0,0,0.0,False,False,False,False,False,False,nan,nan,nan,nan,0,[],,False,[],False,0.05,
square:hb3p_test:500067,square:hb3p_test:500067,500067,S_STAR,S_STAR,False,no_rescue_or_change,20.0,80,80,80,-0.05,False,False,False,False,False,True,nan,nan,100.0,nan,0,[],,False,[],False,0.0,
square:hb3p_test:500067,square:hb3p_test:500067,500067,M0_GRID,S_STAR,False,no_rescue_or_change,20.0,80,80,80,-0.05,False,False,False,False,False,True,nan,nan,100.0,nan,0,[],,False,[],False,0.0,
square:hb3p_test:500067,square:hb3p_test:500067,500067,RISK_GRID,S_STAR,False,no_rescue_or_change,20.0,80,80,80,-0.05,False,False,False,False,False,True,nan,nan,100.0,nan,0,[],,False,[],False,0.0,
square:hb3p_test:500067,square:hb3p_test:500067,500067,M1_GRID,M1_GRID,False,no_rescue_or_change,20.0,80,80,80,-0.05,False,False,False,False,False,True,nan,nan,100.0,nan,1,[20],t20:L80,True,"[{""absolute_t"":20,""backbone_seconds"":0.0,""client_selected_length"":null,""history_sha256"":""c94604c9b2ed76fa21ccee093a6effc795185be374aa3295183d2de4d0fa2914"",""inference_seconds"":0.0015455859247595072,""ipc_roundtrip_seconds"":0.0,""method_id"":""M1_GRID"",""model"":""M1_proprio"",""prediction_head_seconds"":0.0007368529913946986,""probabilities"":{""p0"":0.031104530261439004,""p_full"":0.27239845874247676,""p_genuine_20"":0.00828017447225314,""p_genuine_5"":0.003825176401918066,""p_genuine_80"":0.10075326342770215,""p_helper_20"":0.000741210664135896,""p_helper_5"":4.9776891926476896e-05,""p_helper_80"":0.002701671396974702,""p_sys_20"":0.009252980507452269,""p_sys_5"":0.004188265245222422,""p_sys_80"":0.10517163073359592,""prediction_head_seconds"":0.0007368529913946986},""reported_selected_length"":80}]",False,0.0,
square:hb3p_test:500067,square:hb3p_test:500067,500067,M4_GRID,M4_GRID,False,no_rescue_or_change,20.0,80,80,80,-0.05,False,False,False,False,False,True,nan,nan,100.0,nan,1,[20],t20:L80,True,"[{""absolute_t"":20,""backbone_seconds"":0.01573065493721515,""client_selected_length"":80,""history_sha256"":""c94604c9b2ed76fa21ccee093a6effc795185be374aa3295183d2de4d0fa2914"",""inference_seconds"":0.553468546946533,""ipc_roundtrip_seconds"":0.06036552297882736,""method_id"":""M4_GRID"",""model"":""M4_paired"",""prediction_head_seconds"":0.001451921067200601,""probabilities"":{""p0"":0.03429477883375713,""p_full"":0.20212046215943044,""p_genuine_20"":0.011183722637929156,""p_genuine_5"":0.00919169382544123,""p_genuine_80"":0.08742817482290305,""p_helper_20"":0.001235793301429819,""p_helper_5"":0.0007436774041815511,""p_helper_80"":0.00734822966148441,""p_sys_20"":0.012630707564878163,""p_sys_5"":0.011876557547465638,""p_sys_80"":0.09781405322978487,""payload_sha256"":""addac78865b1878a33298f7601adc6221eafcaace55c3630273c85ed0b563e61"",""prediction_head_seconds"":0.001451921067200601,""protocol_hash"":""07ed1213f636ea1db2500798b4468add685249faa7626d6bf39628f0fb5cccc3""},""reported_selected_length"":80}]",False,0.0,
square:hb3p_test:500068,square:hb3p_test:500068,500068,NONE,NONE,False,baseline,nan,0,0,0,0.0,False,False,False,False,False,False,nan,nan,nan,nan,0,[],,False,[],False,0.05,
square:hb3p_test:500068,square:hb3p_test:500068,500068,S_STAR,S_STAR,False,no_rescue_or_change,20.0,80,80,80,-0.05,False,False,False,False,False,True,nan,nan,100.0,nan,0,[],,False,[],False,0.0,
square:hb3p_test:500068,square:hb3p_test:500068,500068,M0_GRID,S_STAR,False,no_rescue_or_change,20.0,80,80,80,-0.05,False,False,False,False,False,True,nan,nan,100.0,nan,0,[],,False,[],False,0.0,
square:hb3p_test:500068,square:hb3p_test:500068,500068,RISK_GRID,S_STAR,False,no_rescue_or_change,20.0,80,80,80,-0.05,False,False,False,False,False,True,nan,nan,100.0,nan,0,[],,False,[],False,0.0,
square:hb3p_test:500068,square:hb3p_test:500068,500068,M1_GRID,M1_GRID,False,no_rescue_or_change,20.0,80,80,80,-0.05,False,False,False,False,False,True,nan,nan,100.0,nan,1,[20],t20:L80,True,"[{""absolute_t"":20,""backbone_seconds"":0.0,""client_selected_length"":null,""history_sha256"":""6a2aa0e304d9a0b85f22a1c5ffe541c6011bda349a33c00e4b2644ad17998af7"",""inference_seconds"":0.0014905859716236591,""ipc_roundtrip_seconds"":0.0,""method_id"":""M1_GRID"",""model"":""M1_proprio"",""prediction_head_seconds"":0.0008793339366093278,""probabilities"":{""p0"":0.1701845879723432,""p_full"":0.37726473643454617,""p_genuine_20"":0.10034875960492419,""p_genuine_5"":0.05701117006387724,""p_genuine_80"":0.3496059752936887,""p_helper_20"":0.0098116959846422,""p_helper_5"":0.0038604093877847184,""p_helper_80"":0.011252491563089238,""p_sys_20"":0.1154140547613105,""p_sys_5"":0.07378958476183584,""p_sys_80"":0.3744875928735425,""prediction_head_seconds"":0.0008793339366093278},""reported_selected_length"":80}]",False,0.0,
square:hb3p_test:500068,square:hb3p_test:500068,500068,M4_GRID,M4_GRID,False,no_rescue_or_change,20.0,80,80,80,-0.05,False,False,False,False,False,True,nan,nan,100.0,nan,1,[20],t20:L80,True,"[{""absolute_t"":20,""backbone_seconds"":0.013278889935463667,""client_selected_length"":80,""history_sha256"":""6a2aa0e304d9a0b85f22a1c5ffe541c6011bda349a33c00e4b2644ad17998af7"",""inference_seconds"":0.16374521609395742,""ipc_roundtrip_seconds"":0.1005983860231936,""method_id"":""M4_GRID"",""model"":""M4_paired"",""prediction_head_seconds"":0.001130476943217218,""probabilities"":{""p0"":0.04187813220069262,""p_full"":0.21548433697494254,""p_genuine_20"":0.015293275643771378,""p_genuine_5"":0.012117484056173453,""p_genuine_80"":0.10979428448736453,""p_helper_20"":0.001685664735747719,""p_helper_5"":0.0010915773036943852,""p_helper_80"":0.009692936531821161,""p_sys_20"":0.017309548581526557,""p_sys_5"":0.015828307268289543,""p_sys_80"":0.12408655490732623,""payload_sha256"":""f124df69c6d5abfe49aca96025bfa4b90f41418715f17b3818dc11fc85d95cb1"",""prediction_head_seconds"":0.001130476943217218,""protocol_hash"":""07ed1213f636ea1db2500798b4468add685249faa7626d6bf39628f0fb5cccc3""},""reported_selected_length"":80}]",False,0.0,
square:hb3p_test:500069,square:hb3p_test:500069,500069,NONE,NONE,False,baseline,nan,0,0,0,0.0,False,False,False,False,False,False,nan,nan,nan,nan,0,[],,False,[],False,0.05,
square:hb3p_test:500069,square:hb3p_test:500069,500069,S_STAR,S_STAR,False,no_rescue_or_change,20.0,80,80,80,-0.05,False,False,False,False,False,True,nan,nan,100.0,nan,0,[],,False,[],False,0.0,
square:hb3p_test:500069,square:hb3p_test:500069,500069,M0_GRID,S_STAR,False,no_rescue_or_change,20.0,80,80,80,-0.05,False,False,False,False,False,True,nan,nan,100.0,nan,0,[],,False,[],False,0.0,
square:hb3p_test:500069,square:hb3p_test:500069,500069,RISK_GRID,S_STAR,False,no_rescue_or_change,20.0,80,80,80,-0.05,False,False,False,False,False,True,nan,nan,100.0,nan,0,[],,False,[],False,0.0,
square:hb3p_test:500069,square:hb3p_test:500069,500069,M1_GRID,M1_GRID,False,no_rescue_or_change,nan,0,0,0,0.0,False,False,False,False,False,False,nan,nan,nan,nan,3,"[20, 80, 160]",t20:L0;t80:L0;t160:L0,True,"[{""absolute_t"":20,""backbone_seconds"":0.0,""client_selected_length"":null,""history_sha256"":""6b65e9f9809fab5f0c7d803763a9baf98f8bad77c2a83855e6942f1a8a7c67b2"",""inference_seconds"":0.002366832923144102,""ipc_roundtrip_seconds"":0.0,""method_id"":""M1_GRID"",""model"":""M1_proprio"",""prediction_head_seconds"":0.0010445290245115757,""probabilities"":{""p0"":0.025340406339876904,""p_full"":0.21679652194862134,""p_genuine_20"":0.006478393008339268,""p_genuine_5"":0.0032212951290024557,""p_genuine_80"":0.06144987738216281,""p_helper_20"":0.0005681891507120863,""p_helper_5"":3.451481574718934e-05,""p_helper_80"":0.0021471282537358504,""p_sys_20"":0.007222772875417394,""p_sys_5"":0.0035222022304686185,""p_sys_80"":0.06487412955680893,""prediction_head_seconds"":0.0010445290245115757},""reported_selected_length"":0},{""absolute_t"":80,""backbone_seconds"":0.0,""client_selected_length"":null,""history_sha256"":""c45d2c560b9cd2481c8fa64c5050efcf063e420e05b10edd8bc7e161806aa08d"",""inference_seconds"":0.0026832950534299016,""ipc_roundtrip_seconds"":0.0,""method_id"":""M1_GRID"",""model"":""M1_proprio"",""prediction_head_seconds"":0.0010150999296456575,""probabilities"":{""p0"":0.019759384976963668,""p_full"":0.10234539234106924,""p_genuine_20"":0.00437217911346077,""p_genuine_5"":0.002420461075351435,""p_genuine_80"":0.015033058913410145,""p_helper_20"":0.00046212634916828645,""p_helper_5"":2.8172444610143868e-05,""p_helper_80"":0.0018841372304749585,""p_sys_20"":0.004978244183203695,""p_sys_5"":0.0026774495193238046,""p_sys_80"":0.017740569753054714,""prediction_head_seconds"":0.0010150999296456575},""reported_selected_length"":0},{""absolute_t"":160,""backbone_seconds"":0.0,""client_selected_length"":null,""history_sha256"":""4918a91b8c8d0a96e258aad71a55f8fee803d667d453562fb2ae69d752fc738f"",""inference_seconds"":0.001418468076735735,""ipc_roundtrip_seconds"":0.0,""method_id"":""M1_GRID"",""model"":""M1_proprio"",""prediction_head_seconds"":0.0007610090542584658,""probabilities"":{""p0"":0.02646751164703484,""p_full"":0.08767151307580956,""p_genuine_20"":0.0064434077473944475,""p_genuine_5"":0.004485908106790778,""p_genuine_80"":0.018415057130822726,""p_helper_20"":0.0006445607075186949,""p_helper_5"":6.70799019447303e-05,""p_helper_80"":0.002187813887428847,""p_sys_20"":0.0073232164982145465,""p_sys_5"":0.005071816130979623,""p_sys_80"":0.02180663820472073,""prediction_head_seconds"":0.0007610090542584658},""reported_selected_length"":0}]",False,0.05,m1_no_takeover
square:hb3p_test:500069,square:hb3p_test:500069,500069,M4_GRID,M4_GRID,False,no_rescue_or_change,160.0,80,80,80,-0.05,False,False,False,False,False,True,nan,nan,240.0,nan,3,"[20, 80, 160]",t20:L0;t80:L0;t160:L80,True,"[{""absolute_t"":20,""backbone_seconds"":0.01330407103523612,""client_selected_length"":0,""history_sha256"":""6b65e9f9809fab5f0c7d803763a9baf98f8bad77c2a83855e6942f1a8a7c67b2"",""inference_seconds"":0.084514593007043,""ipc_roundtrip_seconds"":0.04031232092529535,""method_id"":""M4_GRID"",""model"":""M4_paired"",""prediction_head_seconds"":0.0009489100193604827,""probabilities"":{""p0"":0.03262720913702117,""p_full"":0.19396338345046302,""p_genuine_20"":0.010755601677992855,""p_genuine_5"":0.00837730178213634,""p_genuine_80"":0.07862854491337887,""p_helper_20"":0.0011790880878807218,""p_helper_5"":0.0006719498054641615,""p_helper_80"":0.006938552436810546,""p_sys_20"":0.012130244688631553,""p_sys_5"":0.010830115544708141,""p_sys_80"":0.08825649137567193,""payload_sha256"":""11caa8d1e75bf06629bd3eb92706e8e7ac094cff3f2d79ed63f84e96ef16b67b"",""prediction_head_seconds"":0.0009489100193604827,""protocol_hash"":""07ed1213f636ea1db2500798b4468add685249faa7626d6bf39628f0fb5cccc3""},""reported_selected_length"":0},{""absolute_t"":80,""backbone_seconds"":0.013206109055317938,""client_selected_length"":0,""history_sha256"":""c45d2c560b9cd2481c8fa64c5050efcf063e420e05b10edd8bc7e161806aa08d"",""inference_seconds"":0.0797230830648914,""ipc_roundtrip_seconds"":0.06265114806592464,""method_id"":""M4_GRID"",""model"":""M4_paired"",""prediction_head_seconds"":0.001163116074167192,""probabilities"":{""p0"":0.030182570093176216,""p_full"":0.16847631119478304,""p_genuine_20"":0.012244817494899606,""p_genuine_5"":0.006937793097830879,""p_genuine_80"":0.06119820310096853,""p_helper_20"":0.0014623318123488567,""p_helper_5"":0.0005817832596815444,""p_helper_80"":0.007386267043322937,""p_sys_20"":0.013927307470778971,""p_sys_5"":0.009116879032156078,""p_sys_80"":0.0706686844957537,""payload_sha256"":""d776cdfcb54ee6c887d28800b28e5eb3e688ad0981d65043094643594f266887"",""prediction_head_seconds"":0.001163116074167192,""protocol_hash"":""07ed1213f636ea1db2500798b4468add685249faa7626d6bf39628f0fb5cccc3""},""reported_selected_length"":0},{""absolute_t"":160,""backbone_seconds"":0.01471383695024997,""client_selected_length"":80,""history_sha256"":""4918a91b8c8d0a96e258aad71a55f8fee803d667d453562fb2ae69d752fc738f"",""inference_seconds"":0.12973506096750498,""ipc_roundtrip_seconds"":0.060387092060409486,""method_id"":""M4_GRID"",""model"":""M4_paired"",""prediction_head_seconds"":0.0009771859040483832,""probabilities"":{""p0"":0.038751208086393624,""p_full"":0.21236466444043456,""p_genuine_20"":0.01311004699890351,""p_genuine_5"":0.010644272986876624,""p_genuine_80"":0.10420408309837736,""p_helper_20"":0.0016051878890128886,""p_helper_5"":0.000929889167342005,""p_helper_80"":0.00917368015559747,""p_sys_20"":0.014998880137381487,""p_sys_5"":0.013842449369457999,""p_sys_80"":0.11712485724806343,""payload_sha256"":""e13447c8c19ee32eef008423ea8ef04b11d17843bead1f0c5f6da3cc76ea7fee"",""prediction_head_seconds"":0.0009771859040483832,""protocol_hash"":""07ed1213f636ea1db2500798b4468add685249faa7626d6bf39628f0fb5cccc3""},""reported_selected_length"":80}]",False,0.0,
square:hb3p_test:500070,square:hb3p_test:500070,500070,NONE,NONE,False,baseline,nan,0,0,0,0.0,False,False,False,False,False,False,nan,nan,nan,nan,0,[],,False,[],False,0.05,
square:hb3p_test:500070,square:hb3p_test:500070,500070,S_STAR,S_STAR,False,no_rescue_or_change,20.0,80,80,80,-0.05,False,False,False,False,False,True,nan,nan,100.0,nan,0,[],,False,[],False,0.0,
square:hb3p_test:500070,square:hb3p_test:500070,500070,M0_GRID,S_STAR,False,no_rescue_or_change,20.0,80,80,80,-0.05,False,False,False,False,False,True,nan,nan,100.0,nan,0,[],,False,[],False,0.0,
square:hb3p_test:500070,square:hb3p_test:500070,500070,RISK_GRID,S_STAR,False,no_rescue_or_change,20.0,80,80,80,-0.05,False,False,False,False,False,True,nan,nan,100.0,nan,0,[],,False,[],False,0.0,
square:hb3p_test:500070,square:hb3p_test:500070,500070,M1_GRID,M1_GRID,False,no_rescue_or_change,nan,0,0,0,0.0,False,False,False,False,False,False,nan,nan,nan,nan,3,"[20, 80, 160]",t20:L0;t80:L0;t160:L0,True,"[{""absolute_t"":20,""backbone_seconds"":0.0,""client_selected_length"":null,""history_sha256"":""5353453befc8c1df08e0ec7f97bfa96fdbadda37f9f22b0de0b87bcb76ff3dbc"",""inference_seconds"":0.002052990021184087,""ipc_roundtrip_seconds"":0.0,""method_id"":""M1_GRID"",""model"":""M1_proprio"",""prediction_head_seconds"":0.0007183259585872293,""probabilities"":{""p0"":0.02564450854497175,""p_full"":0.2215706831308659,""p_genuine_20"":0.007479169709131398,""p_genuine_5"":0.0035288362071716614,""p_genuine_80"":0.06073178491027473,""p_helper_20"":0.0005908645134882065,""p_helper_5"":3.902808410648093e-05,""p_helper_80"":0.0021920986961167436,""p_sys_20"":0.008253810084962399,""p_sys_5"":0.0038648887332055626,""p_sys_80"":0.06423735950257126,""prediction_head_seconds"":0.0007183259585872293},""reported_selected_length"":0},{""absolute_t"":80,""backbone_seconds"":0.0,""client_selected_length"":null,""history_sha256"":""7abbe952ecb6eeaf41212e9969eb8d791f2f9d80274bb39c24115931bec5bab2"",""inference_seconds"":0.002614794997498393,""ipc_roundtrip_seconds"":0.0,""method_id"":""M1_GRID"",""model"":""M1_proprio"",""prediction_head_seconds"":0.0010070300195366144,""probabilities"":{""p0"":0.02351482917373776,""p_full"":0.13318553819875156,""p_genuine_20"":0.005028659809102387,""p_genuine_5"":0.002738162897812385,""p_genuine_80"":0.028202340671599397,""p_helper_20"":0.0005601072200081388,""p_helper_5"":3.771402026217748e-05,""p_helper_80"":0.0023548338179843207,""p_sys_20"":0.005771522966996789,""p_sys_5"":0.0030447436835722153,""p_sys_80"":0.03166754401762584,""prediction_head_seconds"":0.0010070300195366144},""reported_selected_length"":0},{""absolute_t"":160,""backbone_seconds"":0.0,""client_selected_length"":null,""history_sha256"":""0ab373c75ac2aa994811135430f34c121f37b931d14d5ff87a4b978157bf392e"",""inference_seconds"":0.001334426924586296,""ipc_roundtrip_seconds"":0.0,""method_id"":""M1_GRID"",""model"":""M1_proprio"",""prediction_head_seconds"":0.0006639389321208,""probabilities"":{""p0"":0.044584986226087246,""p_full"":0.10884128938697447,""p_genuine_20"":0.014401161614594987,""p_genuine_5"":0.011146735702696923,""p_genuine_80"":0.027600680799004407,""p_helper_20"":0.0019326576813333259,""p_helper_5"":0.0002936542883366219,""p_helper_80"":0.004511697023162793,""p_sys_20"":0.017115887631116378,""p_sys_5"":0.013540512367981372,""p_sys_80"":0.03499097452373101,""prediction_head_seconds"":0.0006639389321208},""reported_selected_length"":0}]",False,0.05,m1_no_takeover
square:hb3p_test:500070,square:hb3p_test:500070,500070,M4_GRID,M4_GRID,False,no_rescue_or_change,20.0,80,80,80,-0.05,False,False,False,False,False,True,nan,nan,100.0,nan,1,[20],t20:L80,True,"[{""absolute_t"":20,""backbone_seconds"":0.01464404002763331,""client_selected_length"":80,""history_sha256"":""5353453befc8c1df08e0ec7f97bfa96fdbadda37f9f22b0de0b87bcb76ff3dbc"",""inference_seconds"":0.15761245298199356,""ipc_roundtrip_seconds"":0.12066819600295275,""method_id"":""M4_GRID"",""model"":""M4_paired"",""prediction_head_seconds"":0.0010777210118249059,""probabilities"":{""p0"":0.034267900143061525,""p_full"":0.20175185712807364,""p_genuine_20"":0.011249102450540964,""p_genuine_5"":0.009138452719388287,""p_genuine_80"":0.08639677092333262,""p_helper_20"":0.0012433436619737224,""p_helper_5"":0.0007481042791006738,""p_helper_80"":0.007342292272522483,""p_sys_20"":0.012704131028874577,""p_sys_5"":0.011811532031061223,""p_sys_80"":0.09672795408009682,""payload_sha256"":""44aa0d33cc665bbcae326a5d27a2b51c9bb41fbb0b5c0b2045719b21815e0ba5"",""prediction_head_seconds"":0.0010777210118249059,""protocol_hash"":""07ed1213f636ea1db2500798b4468add685249faa7626d6bf39628f0fb5cccc3""},""reported_selected_length"":80}]",False,0.0,
square:hb3p_test:500071,square:hb3p_test:500071,500071,NONE,NONE,False,baseline,nan,0,0,0,0.0,False,False,False,False,False,False,nan,nan,nan,nan,0,[],,False,[],False,0.05,
square:hb3p_test:500071,square:hb3p_test:500071,500071,S_STAR,S_STAR,False,no_rescue_or_change,20.0,80,80,80,-0.05,False,False,False,False,False,True,nan,nan,100.0,nan,0,[],,False,[],False,0.0,
square:hb3p_test:500071,square:hb3p_test:500071,500071,M0_GRID,S_STAR,False,no_rescue_or_change,20.0,80,80,80,-0.05,False,False,False,False,False,True,nan,nan,100.0,nan,0,[],,False,[],False,0.0,
square:hb3p_test:500071,square:hb3p_test:500071,500071,RISK_GRID,S_STAR,False,no_rescue_or_change,20.0,80,80,80,-0.05,False,False,False,False,False,True,nan,nan,100.0,nan,0,[],,False,[],False,0.0,
square:hb3p_test:500071,square:hb3p_test:500071,500071,M1_GRID,M1_GRID,False,no_rescue_or_change,20.0,80,80,80,-0.05,False,False,False,False,False,True,nan,nan,100.0,nan,1,[20],t20:L80,True,"[{""absolute_t"":20,""backbone_seconds"":0.0,""client_selected_length"":null,""history_sha256"":""d6f6a8d9e3e0c22e34ca4674fc32a8a28eb1574d6471c7139629337e9854fc69"",""inference_seconds"":0.0021274620667099953,""ipc_roundtrip_seconds"":0.0,""method_id"":""M1_GRID"",""model"":""M1_proprio"",""prediction_head_seconds"":0.0007670919876545668,""probabilities"":{""p0"":0.06282122951235723,""p_full"":0.23022241704972296,""p_genuine_20"":0.025896512799989693,""p_genuine_5"":0.014306099865284557,""p_genuine_80"":0.12342965524465012,""p_helper_20"":0.0018299294648381054,""p_helper_5"":0.0002851146769499083,""p_helper_80"":0.003960810947965397,""p_sys_20"":0.02849814461816047,""p_sys_5"":0.01638715879718944,""p_sys_80"":0.13066111844769035,""prediction_head_seconds"":0.0007670919876545668},""reported_selected_length"":80}]",False,0.0,
square:hb3p_test:500071,square:hb3p_test:500071,500071,M4_GRID,M4_GRID,False,no_rescue_or_change,20.0,80,80,80,-0.05,False,False,False,False,False,True,nan,nan,100.0,nan,1,[20],t20:L80,True,"[{""absolute_t"":20,""backbone_seconds"":0.013146138982847333,""client_selected_length"":80,""history_sha256"":""d6f6a8d9e3e0c22e34ca4674fc32a8a28eb1574d6471c7139629337e9854fc69"",""inference_seconds"":0.18002935405820608,""ipc_roundtrip_seconds"":0.12067738396581262,""method_id"":""M4_GRID"",""model"":""M4_paired"",""prediction_head_seconds"":0.0009323259582743049,""probabilities"":{""p0"":0.03910299734271758,""p_full"":0.20887016095171068,""p_genuine_20"":0.013146334857389176,""p_genuine_5"":0.010434857329906603,""p_genuine_80"":0.10059650384942888,""p_helper_20"":0.001349076618111065,""p_helper_5"":0.0009185473311114181,""p_helper_80"":0.008005013349551796,""p_sys_20"":0.01473937108572676,""p_sys_5"":0.01355220156483139,""p_sys_80"":0.11237756667770937,""payload_sha256"":""36043033f59ad05d143bc9aeff67bf49f5ac4d4702b81545cdb948bff448dfa3"",""prediction_head_seconds"":0.0009323259582743049,""protocol_hash"":""07ed1213f636ea1db2500798b4468add685249faa7626d6bf39628f0fb5cccc3""},""reported_selected_length"":80}]",False,0.0,
square:hb3p_test:500072,square:hb3p_test:500072,500072,NONE,NONE,False,baseline,nan,0,0,0,0.0,False,False,False,False,False,False,nan,nan,nan,nan,0,[],,False,[],False,0.05,
square:hb3p_test:500072,square:hb3p_test:500072,500072,S_STAR,S_STAR,False,no_rescue_or_change,20.0,80,80,80,-0.05,False,False,False,False,False,True,nan,nan,100.0,nan,0,[],,False,[],False,0.0,
square:hb3p_test:500072,square:hb3p_test:500072,500072,M0_GRID,S_STAR,False,no_rescue_or_change,20.0,80,80,80,-0.05,False,False,False,False,False,True,nan,nan,100.0,nan,0,[],,False,[],False,0.0,
square:hb3p_test:500072,square:hb3p_test:500072,500072,RISK_GRID,S_STAR,False,no_rescue_or_change,20.0,80,80,80,-0.05,False,False,False,False,False,True,nan,nan,100.0,nan,0,[],,False,[],False,0.0,
square:hb3p_test:500072,square:hb3p_test:500072,500072,M1_GRID,M1_GRID,False,no_rescue_or_change,20.0,80,80,80,-0.05,False,False,False,False,False,True,nan,nan,100.0,nan,1,[20],t20:L80,True,"[{""absolute_t"":20,""backbone_seconds"":0.0,""client_selected_length"":null,""history_sha256"":""e778a099d83a13404ce3e1261ec206e4efb86564c55d5130e8080d3bb74312b3"",""inference_seconds"":0.001284171943552792,""ipc_roundtrip_seconds"":0.0,""method_id"":""M1_GRID"",""model"":""M1_proprio"",""prediction_head_seconds"":0.0006739170057699084,""probabilities"":{""p0"":0.10754080134420084,""p_full"":0.3251748814452848,""p_genuine_20"":0.03831650757178101,""p_genuine_5"":0.0188121089415818,""p_genuine_80"":0.27390724780330244,""p_helper_20"":0.0032173704080219467,""p_helper_5"":0.0006472429461825935,""p_helper_80"":0.005283586149288031,""p_sys_20"":0.04296178279897889,""p_sys_5"":0.02256440712072738,""p_sys_80"":0.2847685568924654,""prediction_head_seconds"":0.0006739170057699084},""reported_selected_length"":80}]",False,0.0,
square:hb3p_test:500072,square:hb3p_test:500072,500072,M4_GRID,M4_GRID,False,no_rescue_or_change,20.0,80,80,80,-0.05,False,False,False,False,False,True,nan,nan,100.0,nan,1,[20],t20:L80,True,"[{""absolute_t"":20,""backbone_seconds"":0.01364647806622088,""client_selected_length"":80,""history_sha256"":""e778a099d83a13404ce3e1261ec206e4efb86564c55d5130e8080d3bb74312b3"",""inference_seconds"":0.21078599395696074,""ipc_roundtrip_seconds"":0.16090852895285934,""method_id"":""M4_GRID"",""model"":""M4_paired"",""prediction_head_seconds"":0.0012260479852557182,""probabilities"":{""p0"":0.040160622190362254,""p_full"":0.21572370985372388,""p_genuine_20"":0.013154359380304617,""p_genuine_5"":0.01105376879101568,""p_genuine_80"":0.10655740267575084,""p_helper_20"":0.0014083017327263354,""p_helper_5"":0.0009648803066605065,""p_helper_80"":0.008486007748597058,""p_sys_20"":0.014825947856418442,""p_sys_5"":0.014355826196775445,""p_sys_80"":0.11917163053117608,""payload_sha256"":""c604302ddfad3c54710822d76d462afe377f3b954d352fec28fe3f3abc68c73f"",""prediction_head_seconds"":0.0012260479852557182,""protocol_hash"":""07ed1213f636ea1db2500798b4468add685249faa7626d6bf39628f0fb5cccc3""},""reported_selected_length"":80}]",False,0.0,
square:hb3p_test:500073,square:hb3p_test:500073,500073,NONE,NONE,False,baseline,nan,0,0,0,0.0,False,False,False,False,False,False,nan,nan,nan,nan,0,[],,False,[],False,0.05,
square:hb3p_test:500073,square:hb3p_test:500073,500073,S_STAR,S_STAR,False,no_rescue_or_change,20.0,80,80,80,-0.05,False,False,False,False,False,True,nan,nan,100.0,nan,0,[],,False,[],False,0.0,
square:hb3p_test:500073,square:hb3p_test:500073,500073,M0_GRID,S_STAR,False,no_rescue_or_change,20.0,80,80,80,-0.05,False,False,False,False,False,True,nan,nan,100.0,nan,0,[],,False,[],False,0.0,
square:hb3p_test:500073,square:hb3p_test:500073,500073,RISK_GRID,S_STAR,False,no_rescue_or_change,20.0,80,80,80,-0.05,False,False,False,False,False,True,nan,nan,100.0,nan,0,[],,False,[],False,0.0,
square:hb3p_test:500073,square:hb3p_test:500073,500073,M1_GRID,M1_GRID,False,no_rescue_or_change,nan,0,0,0,0.0,False,False,False,False,False,False,nan,nan,nan,nan,3,"[20, 80, 160]",t20:L0;t80:L0;t160:L0,True,"[{""absolute_t"":20,""backbone_seconds"":0.0,""client_selected_length"":null,""history_sha256"":""cf0f2ceab6bde4160f1819924b9180279d15b8885e62919f1e1fd6e3d36e8f6d"",""inference_seconds"":0.0015153239946812391,""ipc_roundtrip_seconds"":0.0,""method_id"":""M1_GRID"",""model"":""M1_proprio"",""prediction_head_seconds"":0.0008227420039474964,""probabilities"":{""p0"":0.03809169739547184,""p_full"":0.16698019915953613,""p_genuine_20"":0.012919625595102905,""p_genuine_5"":0.006808987988363959,""p_genuine_80"":0.05578023595262233,""p_helper_20"":0.000767459167580298,""p_helper_5"":9.084754296082992e-05,""p_helper_80"":0.0022254757334517978,""p_sys_20"":0.013976344507286687,""p_sys_5"":0.007670563833691357,""p_sys_80"":0.05954516695195056,""prediction_head_seconds"":0.0008227420039474964},""reported_selected_length"":0},{""absolute_t"":80,""backbone_seconds"":0.0,""client_selected_length"":null,""history_sha256"":""eba9df4a48d073aa6ee6431c9cff8f3dc348ab02f9e75d0e5d7e29c065d0d009"",""inference_seconds"":0.0018695209873840213,""ipc_roundtrip_seconds"":0.0,""method_id"":""M1_GRID"",""model"":""M1_proprio"",""prediction_head_seconds"":0.0006813390646129847,""probabilities"":{""p0"":0.025573778444556765,""p_full"":0.08957304367712167,""p_genuine_20"":0.004614813620755863,""p_genuine_5"":0.002655503790582193,""p_genuine_80"":0.019103401708028638,""p_helper_20"":0.00039642147831906387,""p_helper_5"":2.8268249129356357e-05,""p_helper_80"":0.0013593547033481786,""p_sys_20"":0.005146353483545862,""p_sys_5"":0.0029097582590942306,""p_sys_80"":0.021230993423646427,""prediction_head_seconds"":0.0006813390646129847},""reported_selected_length"":0},{""absolute_t"":160,""backbone_seconds"":0.0,""client_selected_length"":null,""history_sha256"":""6172422e13b433cdb3da1c85736558f2241f6b1323409b8a3a856b603c534919"",""inference_seconds"":0.0013880369951948524,""ipc_roundtrip_seconds"":0.0,""method_id"":""M1_GRID"",""model"":""M1_proprio"",""prediction_head_seconds"":0.0007286979816854,""probabilities"":{""p0"":0.02363216642146439,""p_full"":0.046712288449053646,""p_genuine_20"":0.0049570146464534915,""p_genuine_5"":0.0035755571349598645,""p_genuine_80"":0.005749282844818273,""p_helper_20"":0.0005020370546297914,""p_helper_5"":3.9557812100170146e-05,""p_helper_80"":0.0017116872656714537,""p_sys_20"":0.00563274928734836,""p_sys_5"":0.004001112993374134,""p_sys_80"":0.008351083066086118,""prediction_head_seconds"":0.0007286979816854},""reported_selected_length"":0}]",False,0.05,m1_no_takeover
square:hb3p_test:500073,square:hb3p_test:500073,500073,M4_GRID,M4_GRID,False,no_rescue_or_change,20.0,80,80,80,-0.05,False,False,False,False,False,True,nan,nan,100.0,nan,1,[20],t20:L80,True,"[{""absolute_t"":20,""backbone_seconds"":0.013138119946233928,""client_selected_length"":80,""history_sha256"":""cf0f2ceab6bde4160f1819924b9180279d15b8885e62919f1e1fd6e3d36e8f6d"",""inference_seconds"":0.1394687939900905,""ipc_roundtrip_seconds"":0.10051536094397306,""method_id"":""M4_GRID"",""model"":""M4_paired"",""prediction_head_seconds"":0.0009370580082759261,""probabilities"":{""p0"":0.03638285601010777,""p_full"":0.2055789031042977,""p_genuine_20"":0.011935343554708159,""p_genuine_5"":0.009797739023443237,""p_genuine_80"":0.09396806774089192,""p_helper_20"":0.0012776895737750841,""p_helper_5"":0.0008140246234786398,""p_helper_80"":0.007651660003883136,""p_sys_20"":0.013435924585843972,""p_sys_5"":0.012664615479323071,""p_sys_80"":0.10499249551996981,""payload_sha256"":""ee3dba45ee9c8269a72ae33ca675294434d64b9315a1c1e99e06ee12aa89a9de"",""prediction_head_seconds"":0.0009370580082759261,""protocol_hash"":""07ed1213f636ea1db2500798b4468add685249faa7626d6bf39628f0fb5cccc3""},""reported_selected_length"":80}]",False,0.0,
square:hb3p_test:500074,square:hb3p_test:500074,500074,NONE,NONE,False,baseline,nan,0,0,0,0.0,False,False,False,False,False,False,nan,nan,nan,nan,0,[],,False,[],False,0.05,
square:hb3p_test:500074,square:hb3p_test:500074,500074,S_STAR,S_STAR,False,no_rescue_or_change,20.0,80,80,80,-0.05,False,False,False,False,False,True,nan,nan,100.0,nan,0,[],,False,[],False,0.0,
square:hb3p_test:500074,square:hb3p_test:500074,500074,M0_GRID,S_STAR,False,no_rescue_or_change,20.0,80,80,80,-0.05,False,False,False,False,False,True,nan,nan,100.0,nan,0,[],,False,[],False,0.0,
square:hb3p_test:500074,square:hb3p_test:500074,500074,RISK_GRID,S_STAR,False,no_rescue_or_change,20.0,80,80,80,-0.05,False,False,False,False,False,True,nan,nan,100.0,nan,0,[],,False,[],False,0.0,
square:hb3p_test:500074,square:hb3p_test:500074,500074,M1_GRID,M1_GRID,False,no_rescue_or_change,20.0,80,80,80,-0.05,False,False,False,False,False,True,nan,nan,100.0,nan,1,[20],t20:L80,True,"[{""absolute_t"":20,""backbone_seconds"":0.0,""client_selected_length"":null,""history_sha256"":""d58e0ad282c5b81f74943b34828944865c346e523583969a308b532736d8df4c"",""inference_seconds"":0.0013405079953372478,""ipc_roundtrip_seconds"":0.0,""method_id"":""M1_GRID"",""model"":""M1_proprio"",""prediction_head_seconds"":0.0006756189977750182,""probabilities"":{""p0"":0.047134679764363745,""p_full"":0.2124013590362522,""p_genuine_20"":0.013304987018163919,""p_genuine_5"":0.006888789794811771,""p_genuine_80"":0.09996213300709546,""p_helper_20"":0.0009116814179846164,""p_helper_5"":0.00010592706550793816,""p_helper_80"":0.0026055457771213646,""p_sys_20"":0.014564118730688969,""p_sys_5"":0.00775311318947447,""p_sys_80"":0.10455712742474776,""prediction_head_seconds"":0.0006756189977750182},""reported_selected_length"":80}]",False,0.0,
square:hb3p_test:500074,square:hb3p_test:500074,500074,M4_GRID,M4_GRID,False,no_rescue_or_change,nan,0,0,0,0.0,False,False,False,False,False,False,nan,nan,nan,nan,3,"[20, 80, 160]",t20:L0;t80:L0;t160:L0,True,"[{""absolute_t"":20,""backbone_seconds"":0.013212695019319654,""client_selected_length"":0,""history_sha256"":""d58e0ad282c5b81f74943b34828944865c346e523583969a308b532736d8df4c"",""inference_seconds"":0.13124423997942358,""ipc_roundtrip_seconds"":0.10051358595956117,""method_id"":""M4_GRID"",""model"":""M4_paired"",""prediction_head_seconds"":0.0009540499886497855,""probabilities"":{""p0"":0.03542868299320368,""p_full"":0.19858956391074636,""p_genuine_20"":0.01182369409344713,""p_genuine_5"":0.009154215357938868,""p_genuine_80"":0.08520350377863996,""p_helper_20"":0.0012513052149991661,""p_helper_5"":0.0007603286121888185,""p_helper_80"":0.007379612638289902,""p_sys_20"":0.013293229659502415,""p_sys_5"":0.011863034595712585,""p_sys_80"":0.09571937236811678,""payload_sha256"":""cd4e40fe1ed944380a6466b44fcd91350fa6394225cde21c15b2a83a482a33a2"",""prediction_head_seconds"":0.0009540499886497855,""protocol_hash"":""07ed1213f636ea1db2500798b4468add685249faa7626d6bf39628f0fb5cccc3""},""reported_selected_length"":0},{""absolute_t"":80,""backbone_seconds"":0.01651383296120912,""client_selected_length"":0,""history_sha256"":""e989817586be353d2b3c18bd9cbb5204e7b1df7764dc84c738349bd367b51167"",""inference_seconds"":0.16929254902061075,""ipc_roundtrip_seconds"":0.1205724939936772,""method_id"":""M4_GRID"",""model"":""M4_paired"",""prediction_head_seconds"":0.001089380937628448,""probabilities"":{""p0"":0.029297789381107452,""p_full"":0.15016704905960293,""p_genuine_20"":0.013838376090572957,""p_genuine_5"":0.006231809271958749,""p_genuine_80"":0.05036926702701748,""p_helper_20"":0.0016565398017690002,""p_helper_5"":0.0005463124684217174,""p_helper_80"":0.00757368912276522,""p_sys_20"":0.015722879653907174,""p_sys_5"":0.008293432673603607,""p_sys_80"":0.05974523810984489,""payload_sha256"":""f4985555dbbb42bf52927e55ba5fe418f92b761ec1ad45833c8e43192696da55"",""prediction_head_seconds"":0.001089380937628448,""protocol_hash"":""07ed1213f636ea1db2500798b4468add685249faa7626d6bf39628f0fb5cccc3""},""reported_selected_length"":0},{""absolute_t"":160,""backbone_seconds"":0.013260193984024227,""client_selected_length"":0,""history_sha256"":""4b2271f245b94da7950db060cee1bad96e1b6bddd15a729a93cd207e41011128"",""inference_seconds"":0.31280806800350547,""ipc_roundtrip_seconds"":0.06039799400605261,""method_id"":""M4_GRID"",""model"":""M4_paired"",""prediction_head_seconds"":0.0009812440257519484,""probabilities"":{""p0"":0.02821478055224706,""p_full"":0.14547249057605283,""p_genuine_20"":0.013051441941089545,""p_genuine_5"":0.00579538197114032,""p_genuine_80"":0.04469343137720662,""p_helper_20"":0.0016229909537817935,""p_helper_5"":0.00048360317712293994,""p_helper_80"":0.007077552058413222,""p_sys_20"":0.014884249644029679,""p_sys_5"":0.007684589955511578,""p_sys_80"":0.053304411768647975,""payload_sha256"":""22792b736fb655e5d1f3767c67e412e59a252c130fa23f9bbd8ac8e729f6fac5"",""prediction_head_seconds"":0.0009812440257519484,""protocol_hash"":""07ed1213f636ea1db2500798b4468add685249faa7626d6bf39628f0fb5cccc3""},""reported_selected_length"":0}]",False,0.05,
square:hb3p_test:500075,square:hb3p_test:500075,500075,NONE,NONE,False,baseline,nan,0,0,0,0.0,False,False,False,False,False,False,nan,nan,nan,nan,0,[],,False,[],False,0.05,
square:hb3p_test:500075,square:hb3p_test:500075,500075,S_STAR,S_STAR,False,no_rescue_or_change,20.0,80,80,80,-0.05,False,False,False,False,False,True,nan,nan,100.0,nan,0,[],,False,[],False,0.0,
square:hb3p_test:500075,square:hb3p_test:500075,500075,M0_GRID,S_STAR,False,no_rescue_or_change,20.0,80,80,80,-0.05,False,False,False,False,False,True,nan,nan,100.0,nan,0,[],,False,[],False,0.0,
square:hb3p_test:500075,square:hb3p_test:500075,500075,RISK_GRID,S_STAR,False,no_rescue_or_change,20.0,80,80,80,-0.05,False,False,False,False,False,True,nan,nan,100.0,nan,0,[],,False,[],False,0.0,
square:hb3p_test:500075,square:hb3p_test:500075,500075,M1_GRID,M1_GRID,False,no_rescue_or_change,nan,0,0,0,0.0,False,False,False,False,False,False,nan,nan,nan,nan,3,"[20, 80, 160]",t20:L0;t80:L0;t160:L0,True,"[{""absolute_t"":20,""backbone_seconds"":0.0,""client_selected_length"":null,""history_sha256"":""0b912c497c7873236ca89c7c29b6a6f40955e1a98ed6b4460028ed9b3a211219"",""inference_seconds"":0.0026186080649495125,""ipc_roundtrip_seconds"":0.0,""method_id"":""M1_GRID"",""model"":""M1_proprio"",""prediction_head_seconds"":0.0010267379693686962,""probabilities"":{""p0"":0.023210454247549698,""p_full"":0.16668777767726312,""p_genuine_20"":0.006279781906395295,""p_genuine_5"":0.003077861160638169,""p_genuine_80"":0.04160319446128044,""p_helper_20"":0.00041693509166975464,""p_helper_5"":2.7997613162721602e-05,""p_helper_80"":0.001598777780441443,""p_sys_20"":0.006830548440330153,""p_sys_5"":0.0033691373323616602,""p_sys_80"":0.04414046481083134,""prediction_head_seconds"":0.0010267379693686962},""reported_selected_length"":0},{""absolute_t"":80,""backbone_seconds"":0.0,""client_selected_length"":null,""history_sha256"":""3c9941be82502072fddd347fc2e694c35504cc89ee90779bf6fb65bef9a8db6f"",""inference_seconds"":0.0013865299988538027,""ipc_roundtrip_seconds"":0.0,""method_id"":""M1_GRID"",""model"":""M1_proprio"",""prediction_head_seconds"":0.0007338769501075149,""probabilities"":{""p0"":0.022547477833635986,""p_full"":0.09731030142609845,""p_genuine_20"":0.004503597839223261,""p_genuine_5"":0.002525360895433648,""p_genuine_80"":0.01843621071177278,""p_helper_20"":0.0004255329830368003,""p_helper_5"":2.999225440440823e-05,""p_helper_80"":0.0016615433682498312,""p_sys_20"":0.005071716608937016,""p_sys_5"":0.0027897033222151757,""p_sys_80"":0.02091329940784148,""prediction_head_seconds"":0.0007338769501075149},""reported_selected_length"":0},{""absolute_t"":160,""backbone_seconds"":0.0,""client_selected_length"":null,""history_sha256"":""3faf84ea59c27c912c1b33c8d03ba1e96444e93987494f2ddb5c2aa66ff41843"",""inference_seconds"":0.0013229569885879755,""ipc_roundtrip_seconds"":0.0,""method_id"":""M1_GRID"",""model"":""M1_proprio"",""prediction_head_seconds"":0.0006692830938845873,""probabilities"":{""p0"":0.018408221309263055,""p_full"":0.05432432793238595,""p_genuine_20"":0.002610589374012673,""p_genuine_5"":0.0016543104008261058,""p_genuine_80"":0.00820581875475118,""p_helper_20"":0.0002849793625545612,""p_helper_5"":1.6177136672972118e-05,""p_helper_80"":0.0010831844486470614,""p_sys_20"":0.002984875218584593,""p_sys_5"":0.001829932255123068,""p_sys_80"":0.009785942312396045,""prediction_head_seconds"":0.0006692830938845873},""reported_selected_length"":0}]",False,0.05,m1_no_takeover
square:hb3p_test:500075,square:hb3p_test:500075,500075,M4_GRID,M4_GRID,False,no_rescue_or_change,nan,0,0,0,0.0,False,False,False,False,False,False,nan,nan,nan,nan,3,"[20, 80, 160]",t20:L0;t80:L0;t160:L0,True,"[{""absolute_t"":20,""backbone_seconds"":0.013447823002934456,""client_selected_length"":0,""history_sha256"":""0b912c497c7873236ca89c7c29b6a6f40955e1a98ed6b4460028ed9b3a211219"",""inference_seconds"":0.1243527369806543,""ipc_roundtrip_seconds"":0.08046597300563008,""method_id"":""M4_GRID"",""model"":""M4_paired"",""prediction_head_seconds"":0.0014169709756970406,""probabilities"":{""p0"":0.03298384351317236,""p_full"":0.1935688993234821,""p_genuine_20"":0.011051802970821667,""p_genuine_5"":0.008497129773909488,""p_genuine_80"":0.0794595216105813,""p_helper_20"":0.0012300956053513093,""p_helper_5"":0.0006785689008252971,""p_helper_80"":0.0071812620264687975,""p_sys_20"":0.012486030685443295,""p_sys_5"":0.010987761461701662,""p_sys_80"":0.08938461017191435,""payload_sha256"":""8401ffb6299cb717040537394de004c39e1edc7948c58bbe81378bd7c34acc5a"",""prediction_head_seconds"":0.0014169709756970406,""protocol_hash"":""07ed1213f636ea1db2500798b4468add685249faa7626d6bf39628f0fb5cccc3""},""reported_selected_length"":0},{""absolute_t"":80,""backbone_seconds"":0.013147920952178538,""client_selected_length"":0,""history_sha256"":""3c9941be82502072fddd347fc2e694c35504cc89ee90779bf6fb65bef9a8db6f"",""inference_seconds"":0.14110854000318795,""ipc_roundtrip_seconds"":0.10052236402407289,""method_id"":""M4_GRID"",""model"":""M4_paired"",""prediction_head_seconds"":0.0009653150336816907,""probabilities"":{""p0"":0.0316200131835374,""p_full"":0.1731476206122588,""p_genuine_20"":0.012391840210911774,""p_genuine_5"":0.0074146038886429505,""p_genuine_80"":0.06786654499230331,""p_helper_20"":0.001401550040021585,""p_helper_5"":0.000636715910247298,""p_helper_80"":0.00756858739790264,""p_sys_20"":0.014016219657941753,""p_sys_5"":0.009733064395562208,""p_sys_80"":0.07781832349076556,""payload_sha256"":""99005416c12e484c7d7b6c13ade8a8ca7541aa47fffb46ca85eb2f0d65ef26b2"",""prediction_head_seconds"":0.0009653150336816907,""protocol_hash"":""07ed1213f636ea1db2500798b4468add685249faa7626d6bf39628f0fb5cccc3""},""reported_selected_length"":0},{""absolute_t"":160,""backbone_seconds"":0.01663219288457185,""client_selected_length"":0,""history_sha256"":""3faf84ea59c27c912c1b33c8d03ba1e96444e93987494f2ddb5c2aa66ff41843"",""inference_seconds"":0.277400364051573,""ipc_roundtrip_seconds"":0.14064906095154583,""method_id"":""M4_GRID"",""model"":""M4_paired"",""prediction_head_seconds"":0.0009684939868748188,""probabilities"":{""p0"":0.027902160834497224,""p_full"":0.1561355753882075,""p_genuine_20"":0.011385788526732383,""p_genuine_5"":0.005811592156847174,""p_genuine_80"":0.051350824728797935,""p_helper_20"":0.0013300123412105023,""p_helper_5"":0.0004684713455864226,""p_helper_80"":0.0067400537028478825,""p_sys_20"":0.012903991650479951,""p_sys_5"":0.007645444799523893,""p_sys_80"":0.05977433917785546,""payload_sha256"":""79f8e7a11e914e8ac67dde588006934b447ae817165606cae9227af5fe82d074"",""prediction_head_seconds"":0.0009684939868748188,""protocol_hash"":""07ed1213f636ea1db2500798b4468add685249faa7626d6bf39628f0fb5cccc3""},""reported_selected_length"":0}]",False,0.05,
square:hb3p_test:500076,square:hb3p_test:500076,500076,NONE,NONE,False,baseline,nan,0,0,0,0.0,False,False,False,False,False,False,nan,nan,nan,nan,0,[],,False,[],True,-0.95,
square:hb3p_test:500076,square:hb3p_test:500076,500076,S_STAR,S_STAR,False,genuine_rescue,20.0,80,80,80,0.95,True,True,True,False,False,True,217.0,221.0,100.0,117.0,0,[],,False,[],False,0.0,
square:hb3p_test:500076,square:hb3p_test:500076,500076,M0_GRID,S_STAR,False,genuine_rescue,20.0,80,80,80,0.95,True,True,True,False,False,True,217.0,221.0,100.0,117.0,0,[],,False,[],False,0.0,
square:hb3p_test:500076,square:hb3p_test:500076,500076,RISK_GRID,S_STAR,False,genuine_rescue,20.0,80,80,80,0.95,True,True,True,False,False,True,217.0,221.0,100.0,117.0,0,[],,False,[],False,0.0,
square:hb3p_test:500076,square:hb3p_test:500076,500076,M1_GRID,M1_GRID,False,genuine_rescue,20.0,80,80,80,0.95,True,True,True,False,False,True,234.0,238.0,100.0,134.0,1,[20],t20:L80,True,"[{""absolute_t"":20,""backbone_seconds"":0.0,""client_selected_length"":null,""history_sha256"":""2fc7dbc1b63fd435a2d0f1c90c0139d80e896ff160f0aba8024cb4d5e1c0990b"",""inference_seconds"":0.0020374259911477566,""ipc_roundtrip_seconds"":0.0,""method_id"":""M1_GRID"",""model"":""M1_proprio"",""prediction_head_seconds"":0.0007128569995984435,""probabilities"":{""p0"":0.09790195351852582,""p_full"":0.2548278390308497,""p_genuine_20"":0.0498436726122585,""p_genuine_5"":0.03166127585754721,""p_genuine_80"":0.1580003275208366,""p_helper_20"":0.004062193940957503,""p_helper_5"":0.0010944956795574429,""p_helper_80"":0.0065272889083810475,""p_sys_20"":0.05590607464999375,""p_sys_5"":0.03890997396519236,""p_sys_80"":0.17144767477931144,""prediction_head_seconds"":0.0007128569995984435},""reported_selected_length"":80}]",False,0.0,m1_genuine_rescue
square:hb3p_test:500076,square:hb3p_test:500076,500076,M4_GRID,M4_GRID,False,genuine_rescue,20.0,80,80,80,0.95,True,True,True,False,False,True,240.0,244.0,100.0,140.0,1,[20],t20:L80,True,"[{""absolute_t"":20,""backbone_seconds"":0.013245576992630959,""client_selected_length"":80,""history_sha256"":""2fc7dbc1b63fd435a2d0f1c90c0139d80e896ff160f0aba8024cb4d5e1c0990b"",""inference_seconds"":0.05852981295902282,""ipc_roundtrip_seconds"":0.040282823028974235,""method_id"":""M4_GRID"",""model"":""M4_paired"",""prediction_head_seconds"":0.0009547679219394922,""probabilities"":{""p0"":0.03907927065272567,""p_full"":0.2153440285993085,""p_genuine_20"":0.01333939981811139,""p_genuine_5"":0.011280867510413297,""p_genuine_80"":0.10982303734630154,""p_helper_20"":0.0014871403392134068,""p_helper_5"":0.0009872584955584462,""p_helper_80"":0.008710517546539943,""p_sys_20"":0.015095119675446633,""p_sys_5"":0.014651009473669596,""p_sys_80"":0.1226063587151196,""payload_sha256"":""bba1ef2ddf5e3661b595131155d63c8bfde24918fdfe8dcefa9c348df87aa410"",""prediction_head_seconds"":0.0009547679219394922,""protocol_hash"":""07ed1213f636ea1db2500798b4468add685249faa7626d6bf39628f0fb5cccc3""},""reported_selected_length"":80}]",False,0.0,
square:hb3p_test:500077,square:hb3p_test:500077,500077,NONE,NONE,False,baseline,nan,0,0,0,0.0,False,False,False,False,False,False,nan,nan,nan,nan,0,[],,False,[],False,0.05,
square:hb3p_test:500077,square:hb3p_test:500077,500077,S_STAR,S_STAR,False,no_rescue_or_change,20.0,80,80,80,-0.05,False,False,False,False,False,True,nan,nan,100.0,nan,0,[],,False,[],False,0.0,
square:hb3p_test:500077,square:hb3p_test:500077,500077,M0_GRID,S_STAR,False,no_rescue_or_change,20.0,80,80,80,-0.05,False,False,False,False,False,True,nan,nan,100.0,nan,0,[],,False,[],False,0.0,
square:hb3p_test:500077,square:hb3p_test:500077,500077,RISK_GRID,S_STAR,False,no_rescue_or_change,20.0,80,80,80,-0.05,False,False,False,False,False,True,nan,nan,100.0,nan,0,[],,False,[],False,0.0,
square:hb3p_test:500077,square:hb3p_test:500077,500077,M1_GRID,M1_GRID,False,no_rescue_or_change,20.0,80,80,80,-0.05,False,False,False,False,False,True,nan,nan,100.0,nan,1,[20],t20:L80,True,"[{""absolute_t"":20,""backbone_seconds"":0.0,""client_selected_length"":null,""history_sha256"":""efd391d9859ae2bcf778338498d4812cd8379de0e5c68b2b825e58d05a9918f0"",""inference_seconds"":0.0013261609710752964,""ipc_roundtrip_seconds"":0.0,""method_id"":""M1_GRID"",""model"":""M1_proprio"",""prediction_head_seconds"":0.0006933780387043953,""probabilities"":{""p0"":0.03310841768076009,""p_full"":0.2490088202696077,""p_genuine_20"":0.009166799041989809,""p_genuine_5"":0.0038567333038163907,""p_genuine_80"":0.09689570037281688,""p_helper_20"":0.000628919288764014,""p_helper_5"":4.727325738081391e-05,""p_helper_80"":0.002217200158312686,""p_sys_20"":0.010001713355358488,""p_sys_5"":0.004227248354615187,""p_sys_80"":0.10055308306998112,""prediction_head_seconds"":0.0006933780387043953},""reported_selected_length"":80}]",False,0.0,
square:hb3p_test:500077,square:hb3p_test:500077,500077,M4_GRID,M4_GRID,False,no_rescue_or_change,nan,0,0,0,0.0,False,False,False,False,False,False,nan,nan,nan,nan,3,"[20, 80, 160]",t20:L0;t80:L0;t160:L0,True,"[{""absolute_t"":20,""backbone_seconds"":0.023410081048496068,""client_selected_length"":0,""history_sha256"":""efd391d9859ae2bcf778338498d4812cd8379de0e5c68b2b825e58d05a9918f0"",""inference_seconds"":0.09351360995788127,""ipc_roundtrip_seconds"":0.06039802392479032,""method_id"":""M4_GRID"",""model"":""M4_paired"",""prediction_head_seconds"":0.0009630200220271945,""probabilities"":{""p0"":0.034331667481287284,""p_full"":0.19403764552400482,""p_genuine_20"":0.011772733325166505,""p_genuine_5"":0.00883413415224968,""p_genuine_80"":0.08191434901285767,""p_helper_20"":0.0012618670965053348,""p_helper_5"":0.0007235519666974052,""p_helper_80"":0.007389120971368144,""p_sys_20"":0.013251766079188099,""p_sys_5"":0.011462769439304576,""p_sys_80"":0.09227158589767082,""payload_sha256"":""4d866f0e6c30afa8c0b155fc274d804cc4467fc5987ff8388cf2e87882b1cf0a"",""prediction_head_seconds"":0.0009630200220271945,""protocol_hash"":""07ed1213f636ea1db2500798b4468add685249faa7626d6bf39628f0fb5cccc3""},""reported_selected_length"":0},{""absolute_t"":80,""backbone_seconds"":0.013141336967237294,""client_selected_length"":0,""history_sha256"":""d912ebbcd9484904ac4389ec2ed7e8c5f1097d1fe831173b99cf93475679ce2a"",""inference_seconds"":0.11680503294337541,""ipc_roundtrip_seconds"":0.06040018203202635,""method_id"":""M4_GRID"",""model"":""M4_paired"",""prediction_head_seconds"":0.0009465160546824336,""probabilities"":{""p0"":0.03222273314677076,""p_full"":0.17438000115949664,""p_genuine_20"":0.013048077022543472,""p_genuine_5"":0.00793315178934681,""p_genuine_80"":0.06802336477325022,""p_helper_20"":0.001470542502831656,""p_helper_5"":0.000668498580992951,""p_helper_80"":0.007848510005477198,""p_sys_20"":0.0147577281121265,""p_sys_5"":0.010396243613699285,""p_sys_80"":0.07836416812516889,""payload_sha256"":""63597444f84cba16e6649e1b22c8e0ee0a5da339e86b404f7e5d2ad077f51c53"",""prediction_head_seconds"":0.0009465160546824336,""protocol_hash"":""07ed1213f636ea1db2500798b4468add685249faa7626d6bf39628f0fb5cccc3""},""reported_selected_length"":0},{""absolute_t"":160,""backbone_seconds"":0.013103672070428729,""client_selected_length"":0,""history_sha256"":""ceffce3479464ee8f0a800a19bca8838605380904bb1d1a98c7049dd85e212a6"",""inference_seconds"":0.29028719605412334,""ipc_roundtrip_seconds"":0.16085159999784082,""method_id"":""M4_GRID"",""model"":""M4_paired"",""prediction_head_seconds"":0.0009039021097123623,""probabilities"":{""p0"":0.03295781536459695,""p_full"":0.183932879342475,""p_genuine_20"":0.012535251020274902,""p_genuine_5"":0.008240969475679953,""p_genuine_80"":0.07210513048979586,""p_helper_20"":0.0014208085972441204,""p_helper_5"":0.0006750049560470722,""p_helper_80"":0.007711295616374491,""p_sys_20"":0.014192089509686201,""p_sys_5"":0.010743874890193017,""p_sys_80"":0.08248090990843793,""payload_sha256"":""4446473ced54f2803359296c63fb9a2cf285195f418dafdac3d9b05333927abe"",""prediction_head_seconds"":0.0009039021097123623,""protocol_hash"":""07ed1213f636ea1db2500798b4468add685249faa7626d6bf39628f0fb5cccc3""},""reported_selected_length"":0}]",False,0.05,
square:hb3p_test:500078,square:hb3p_test:500078,500078,NONE,NONE,False,baseline,nan,0,0,0,0.0,False,False,False,False,False,False,nan,nan,nan,nan,0,[],,False,[],False,0.05,
square:hb3p_test:500078,square:hb3p_test:500078,500078,S_STAR,S_STAR,False,no_rescue_or_change,20.0,80,80,80,-0.05,False,False,False,False,False,True,nan,nan,100.0,nan,0,[],,False,[],False,0.0,
square:hb3p_test:500078,square:hb3p_test:500078,500078,M0_GRID,S_STAR,False,no_rescue_or_change,20.0,80,80,80,-0.05,False,False,False,False,False,True,nan,nan,100.0,nan,0,[],,False,[],False,0.0,
square:hb3p_test:500078,square:hb3p_test:500078,500078,RISK_GRID,S_STAR,False,no_rescue_or_change,20.0,80,80,80,-0.05,False,False,False,False,False,True,nan,nan,100.0,nan,0,[],,False,[],False,0.0,
square:hb3p_test:500078,square:hb3p_test:500078,500078,M1_GRID,M1_GRID,False,no_rescue_or_change,20.0,80,80,80,-0.05,False,False,False,False,False,True,nan,nan,100.0,nan,1,[20],t20:L80,True,"[{""absolute_t"":20,""backbone_seconds"":0.0,""client_selected_length"":null,""history_sha256"":""06eb6a04562c1cc97a853d2b61dea59dd37bba0168d7b952790850c12ad3057e"",""inference_seconds"":0.0013797940919175744,""ipc_roundtrip_seconds"":0.0,""method_id"":""M1_GRID"",""model"":""M1_proprio"",""prediction_head_seconds"":0.0006997609743848443,""probabilities"":{""p0"":0.07140637406917331,""p_full"":0.2517768125751458,""p_genuine_20"":0.03296423567650874,""p_genuine_5"":0.018797779155183967,""p_genuine_80"":0.13227460654127174,""p_helper_20"":0.0022214357851250807,""p_helper_5"":0.00044837536209384643,""p_helper_80"":0.004375879557684235,""p_sys_20"":0.03616432760015409,""p_sys_5"":0.02207633776436979,""p_sys_80"":0.14080384886187414,""prediction_head_seconds"":0.0006997609743848443},""reported_selected_length"":80}]",False,0.0,
square:hb3p_test:500078,square:hb3p_test:500078,500078,M4_GRID,M4_GRID,False,no_rescue_or_change,20.0,80,80,80,-0.05,False,False,False,False,False,True,nan,nan,100.0,nan,1,[20],t20:L80,True,"[{""absolute_t"":20,""backbone_seconds"":0.013203818933106959,""client_selected_length"":80,""history_sha256"":""06eb6a04562c1cc97a853d2b61dea59dd37bba0168d7b952790850c12ad3057e"",""inference_seconds"":0.15634788596071303,""ipc_roundtrip_seconds"":0.10053080599755049,""method_id"":""M4_GRID"",""model"":""M4_paired"",""prediction_head_seconds"":0.000936264987103641,""probabilities"":{""p0"":0.03933128316046032,""p_full"":0.21630144287015993,""p_genuine_20"":0.013080993087859148,""p_genuine_5"":0.011276425504677508,""p_genuine_80"":0.1095095483522329,""p_helper_20"":0.0014403936929818218,""p_helper_5"":0.0009809196755595226,""p_helper_80"":0.008641842880037862,""p_sys_20"":0.014784339272927438,""p_sys_5"":0.014625533857685835,""p_sys_80"":0.12224300836372137,""payload_sha256"":""465fcc263c90f5dc0f2925f99637176400b430c242e42b8e32c6992672086ab6"",""prediction_head_seconds"":0.000936264987103641,""protocol_hash"":""07ed1213f636ea1db2500798b4468add685249faa7626d6bf39628f0fb5cccc3""},""reported_selected_length"":80}]",False,0.0,
square:hb3p_test:500079,square:hb3p_test:500079,500079,NONE,NONE,False,baseline,nan,0,0,0,0.0,False,False,False,False,False,False,nan,nan,nan,nan,0,[],,False,[],False,0.05,
square:hb3p_test:500079,square:hb3p_test:500079,500079,S_STAR,S_STAR,False,no_rescue_or_change,20.0,80,80,80,-0.05,False,False,False,False,False,True,nan,nan,100.0,nan,0,[],,False,[],False,0.0,
square:hb3p_test:500079,square:hb3p_test:500079,500079,M0_GRID,S_STAR,False,no_rescue_or_change,20.0,80,80,80,-0.05,False,False,False,False,False,True,nan,nan,100.0,nan,0,[],,False,[],False,0.0,
square:hb3p_test:500079,square:hb3p_test:500079,500079,RISK_GRID,S_STAR,False,no_rescue_or_change,20.0,80,80,80,-0.05,False,False,False,False,False,True,nan,nan,100.0,nan,0,[],,False,[],False,0.0,
square:hb3p_test:500079,square:hb3p_test:500079,500079,M1_GRID,M1_GRID,False,genuine_rescue,80.0,80,80,80,0.95,True,True,True,False,False,True,253.0,257.0,160.0,93.0,2,"[20, 80]",t20:L0;t80:L80,True,"[{""absolute_t"":20,""backbone_seconds"":0.0,""client_selected_length"":null,""history_sha256"":""0e0b744a040d1ea2fddb7cafef7cce9c439591d2bcfea7f3aa9f890b79ad6885"",""inference_seconds"":0.0014746629167348146,""ipc_roundtrip_seconds"":0.0,""method_id"":""M1_GRID"",""model"":""M1_proprio"",""prediction_head_seconds"":0.0007841259939596057,""probabilities"":{""p0"":0.03426461011046365,""p_full"":0.184438037745921,""p_genuine_20"":0.012819842699620766,""p_genuine_5"":0.006629967779525796,""p_genuine_80"":0.061411067658254846,""p_helper_20"":0.0007631217734229377,""p_helper_5"":8.340939601420671e-05,""p_helper_80"":0.002406549066983402,""p_sys_20"":0.013856886767542598,""p_sys_5"":0.007385120290136604,""p_sys_80"":0.0653791472339158,""prediction_head_seconds"":0.0007841259939596057},""reported_selected_length"":0},{""absolute_t"":80,""backbone_seconds"":0.0,""client_selected_length"":null,""history_sha256"":""14de010ed54a602eebdaa7ed1bba4ee3cfc4e16dbee82bca3c1a32dab7debde8"",""inference_seconds"":0.0024515599943697453,""ipc_roundtrip_seconds"":0.0,""method_id"":""M1_GRID"",""model"":""M1_proprio"",""prediction_head_seconds"":0.0008909249445423484,""probabilities"":{""p0"":0.07682573000723296,""p_full"":0.3555954397473113,""p_genuine_20"":0.02079795382798829,""p_genuine_5"":0.009405449256716587,""p_genuine_80"":0.23108104272885943,""p_helper_20"":0.002319190922471204,""p_helper_5"":0.00028427215774978835,""p_helper_80"":0.005098808760681188,""p_sys_20"":0.024040639578499223,""p_sys_5"":0.010786697555244307,""p_sys_80"":0.24083440829687974,""prediction_head_seconds"":0.0008909249445423484},""reported_selected_length"":80}]",True,1.0,m1_vs_s_star_outcome_difference;m1_genuine_rescue
square:hb3p_test:500079,square:hb3p_test:500079,500079,M4_GRID,M4_GRID,False,no_rescue_or_change,20.0,80,80,80,-0.05,False,False,False,False,False,True,nan,nan,100.0,nan,1,[20],t20:L80,True,"[{""absolute_t"":20,""backbone_seconds"":0.017843302921392024,""client_selected_length"":80,""history_sha256"":""0e0b744a040d1ea2fddb7cafef7cce9c439591d2bcfea7f3aa9f890b79ad6885"",""inference_seconds"":0.25375955109484494,""ipc_roundtrip_seconds"":0.2208946100436151,""method_id"":""M4_GRID"",""model"":""M4_paired"",""prediction_head_seconds"":0.0009560829494148493,""probabilities"":{""p0"":0.038008733499388526,""p_full"":0.20979831989185155,""p_genuine_20"":0.01271399342928761,""p_genuine_5"":0.010479713649801931,""p_genuine_80"":0.10007685558079339,""p_helper_20"":0.0013578192380314397,""p_helper_5"":0.0008950173473335794,""p_helper_80"":0.00814950853590364,""p_sys_20"":0.014317720066114425,""p_sys_5"":0.013567783737211125,""p_sys_80"":0.11193562631812282,""payload_sha256"":""a1048f8751f4ac838e2e67241dcd34653d2499c429b53b3be1679abf81565656"",""prediction_head_seconds"":0.0009560829494148493,""protocol_hash"":""07ed1213f636ea1db2500798b4468add685249faa7626d6bf39628f0fb5cccc3""},""reported_selected_length"":80}]",False,0.0,
